order_id,user_id,order_timestamp,order_amount,model,touch_id,campaign_id,placement_id,creative_id,source_type,touch_timestamp,weight,attributed_revenue
so_00000,su_00000,2026-09-07 08:24:40.050140554,19990.0,last_touch,st_000000,cmp_005,pl_013,cr_013,click,2026-09-01 08:18:50.301833987,0.0,0.0
so_00000,su_00000,2026-09-07 08:24:40.050140554,19990.0,last_touch,st_000001,cmp_005,pl_013,cr_013,bot_start,2026-09-01 08:41:14.069581612,0.0,0.0
so_00000,su_00000,2026-09-07 08:24:40.050140554,19990.0,last_touch,st_000002,cmp_005,pl_013,cr_013,lead,2026-09-02 02:52:01.095742690,1.0,19990.0
so_00001,su_00014,2026-08-15 11:04:25.129217907,19990.0,last_touch,st_000011,cmp_001,pl_025,cr_010,click,2026-08-13 19:35:50.466075827,0.0,0.0
so_00001,su_00014,2026-08-15 11:04:25.129217907,19990.0,last_touch,st_000012,cmp_001,pl_025,cr_010,bot_start,2026-08-13 20:03:58.309058113,0.0,0.0
so_00001,su_00014,2026-08-15 11:04:25.129217907,19990.0,last_touch,st_000013,cmp_001,pl_025,cr_010,lead,2026-08-14 01:37:22.391091702,1.0,19990.0
so_00002,su_00032,2026-09-13 13:07:11.013625416,9990.0,last_touch,st_000029,cmp_007,pl_007,cr_007,click,2026-09-08 16:46:08.281499167,0.0,0.0
so_00002,su_00032,2026-09-13 13:07:11.013625416,9990.0,last_touch,st_000030,cmp_007,pl_007,cr_007,bot_start,2026-09-08 17:09:57.051998905,0.0,0.0
so_00002,su_00032,2026-09-13 13:07:11.013625416,9990.0,last_touch,st_000031,cmp_007,pl_007,cr_007,lead,2026-09-09 14:19:00.454232507,1.0,9990.0
so_00003,su_00043,2026-09-17 07:54:58.083047185,5990.0,last_touch,st_000034,cmp_004,pl_020,cr_005,click,2026-09-10 08:59:22.492756744,0.0,0.0
so_00003,su_00043,2026-09-17 07:54:58.083047185,5990.0,last_touch,st_000035,cmp_004,pl_020,cr_005,bot_start,2026-09-10 09:04:25.437915015,0.0,0.0
so_00003,su_00043,2026-09-17 07:54:58.083047185,5990.0,last_touch,st_000036,cmp_004,pl_020,cr_005,lead,2026-09-10 17:39:39.773119174,1.0,5990.0
so_00004,su_00056,2026-08-28 07:21:26.895222237,9990.0,last_touch,st_000044,cmp_006,pl_022,cr_007,click,2026-08-22 18:05:54.370510437,0.0,0.0
so_00004,su_00056,2026-08-28 07:21:26.895222237,9990.0,last_touch,st_000045,cmp_006,pl_022,cr_007,bot_start,2026-08-22 18:17:23.552821893,0.0,0.0
so_00004,su_00056,2026-08-28 07:21:26.895222237,9990.0,last_touch,st_000046,cmp_006,pl_022,cr_007,lead,2026-08-22 20:53:56.676524144,1.0,9990.0
so_00005,su_00062,2026-09-11 21:26:23.089519975,3990.0,last_touch,st_000050,cmp_003,pl_003,cr_003,click,2026-09-09 19:00:23.647480160,0.0,0.0
so_00005,su_00062,2026-09-11 21:26:23.089519975,3990.0,last_touch,st_000051,cmp_003,pl_003,cr_003,bot_start,2026-09-09 19:28:49.154434334,0.0,0.0
so_00005,su_00062,2026-09-11 21:26:23.089519975,3990.0,last_touch,st_000052,cmp_003,pl_003,cr_003,lead,2026-09-10 14:05:36.568310424,1.0,3990.0
so_00006,su_00063,2026-09-01 07:49:26.294310982,9990.0,last_touch,st_000053,cmp_003,pl_019,cr_004,click,2026-08-30 14:07:58.052554127,0.0,0.0
so_00006,su_00063,2026-09-01 07:49:26.294310982,9990.0,last_touch,st_000054,cmp_003,pl_019,cr_004,bot_start,2026-08-30 14:29:54.170350479,0.0,0.0
so_00006,su_00063,2026-09-01 07:49:26.294310982,9990.0,last_touch,st_000055,cmp_003,pl_019,cr_004,lead,2026-08-31 13:00:36.426282268,1.0,9990.0
so_00007,su_00064,2026-08-20 06:10:17.659163252,9990.0,last_touch,st_000056,cmp_004,pl_028,cr_013,click,2026-08-18 13:00:39.032584449,0.0,0.0
so_00007,su_00064,2026-08-20 06:10:17.659163252,9990.0,last_touch,st_000057,cmp_004,pl_028,cr_013,bot_start,2026-08-18 13:15:30.659634936,0.0,0.0
so_00007,su_00064,2026-08-20 06:10:17.659163252,9990.0,last_touch,st_000058,cmp_004,pl_028,cr_013,lead,2026-08-18 15:19:44.118482679,1.0,9990.0
so_00008,su_00074,2026-08-27 21:20:45.629764405,5990.0,last_touch,st_000063,cmp_006,pl_022,cr_007,click,2026-08-22 19:40:17.445461212,0.0,0.0
so_00008,su_00074,2026-08-27 21:20:45.629764405,5990.0,last_touch,st_000064,cmp_006,pl_022,cr_007,bot_start,2026-08-22 19:49:13.213142912,0.0,0.0
so_00008,su_00074,2026-08-27 21:20:45.629764405,5990.0,last_touch,st_000065,cmp_006,pl_022,cr_007,lead,2026-08-22 23:18:40.779521548,1.0,5990.0
so_00009,su_00076,2026-09-07 10:30:24.016471102,19990.0,last_touch,st_000066,cmp_005,pl_013,cr_013,click,2026-09-01 18:53:44.728035475,0.0,0.0
so_00009,su_00076,2026-09-07 10:30:24.016471102,19990.0,last_touch,st_000067,cmp_005,pl_013,cr_013,bot_start,2026-09-01 18:59:51.586738441,0.0,0.0
so_00009,su_00076,2026-09-07 10:30:24.016471102,19990.0,last_touch,st_000068,cmp_005,pl_013,cr_013,lead,2026-09-02 04:42:39.864634787,1.0,19990.0
so_00010,su_00081,2026-09-11 22:00:16.661040231,14990.0,last_touch,st_000070,cmp_007,pl_015,cr_000,click,2026-09-07 10:32:53.340705019,0.0,0.0
so_00010,su_00081,2026-09-11 22:00:16.661040231,14990.0,last_touch,st_000071,cmp_007,pl_015,cr_000,bot_start,2026-09-07 10:34:20.842371484,0.0,0.0
so_00010,su_00081,2026-09-11 22:00:16.661040231,14990.0,last_touch,st_000072,cmp_007,pl_015,cr_000,lead,2026-09-07 22:41:19.851908512,1.0,14990.0
so_00011,su_00107,2026-08-27 00:22:47.212058870,19990.0,last_touch,st_000089,cmp_002,pl_026,cr_011,click,2026-08-22 10:16:10.680852390,0.0,0.0
so_00011,su_00107,2026-08-27 00:22:47.212058870,19990.0,last_touch,st_000090,cmp_002,pl_026,cr_011,bot_start,2026-08-22 10:20:35.729239966,0.0,0.0
so_00011,su_00107,2026-08-27 00:22:47.212058870,19990.0,last_touch,st_000091,cmp_002,pl_026,cr_011,lead,2026-08-22 22:39:38.948908503,1.0,19990.0
so_00012,su_00130,2026-08-23 10:37:40.284261943,14990.0,last_touch,st_000102,cmp_002,pl_026,cr_011,click,2026-08-21 12:40:46.148562354,0.0,0.0
so_00012,su_00130,2026-08-23 10:37:40.284261943,14990.0,last_touch,st_000103,cmp_002,pl_026,cr_011,bot_start,2026-08-21 12:55:19.863829617,0.0,0.0
so_00012,su_00130,2026-08-23 10:37:40.284261943,14990.0,last_touch,st_000104,cmp_002,pl_026,cr_011,lead,2026-08-22 08:08:29.832170924,1.0,14990.0
so_00013,su_00132,2026-09-14 16:31:18.206618211,5990.0,last_touch,st_000107,cmp_004,pl_020,cr_005,click,2026-09-09 16:44:33.056968252,0.0,0.0
so_00013,su_00132,2026-09-14 16:31:18.206618211,5990.0,last_touch,st_000108,cmp_004,pl_020,cr_005,bot_start,2026-09-09 16:53:57.368326350,0.0,0.0
so_00013,su_00132,2026-09-14 16:31:18.206618211,5990.0,last_touch,st_000109,cmp_004,pl_020,cr_005,lead,2026-09-10 08:00:46.896119707,1.0,5990.0
so_00014,su_00133,2026-08-16 20:53:51.640137130,14990.0,last_touch,st_000110,cmp_000,pl_016,cr_001,click,2026-08-11 10:38:06.781536112,0.0,0.0
so_00014,su_00133,2026-08-16 20:53:51.640137130,14990.0,last_touch,st_000111,cmp_000,pl_016,cr_001,bot_start,2026-08-11 10:50:58.502665871,0.0,0.0
so_00014,su_00133,2026-08-16 20:53:51.640137130,14990.0,last_touch,st_000112,cmp_000,pl_016,cr_001,lead,2026-08-11 16:34:30.829365941,1.0,14990.0
so_00015,su_00140,2026-08-22 21:47:00.303230140,3990.0,last_touch,st_000116,cmp_005,pl_021,cr_006,click,2026-08-17 18:35:12.104281148,0.0,0.0
so_00015,su_00140,2026-08-22 21:47:00.303230140,3990.0,last_touch,st_000117,cmp_005,pl_021,cr_006,bot_start,2026-08-17 19:03:29.577016638,0.0,0.0
so_00015,su_00140,2026-08-22 21:47:00.303230140,3990.0,last_touch,st_000118,cmp_005,pl_021,cr_006,lead,2026-08-18 10:17:03.254833844,1.0,3990.0
so_00016,su_00146,2026-09-11 05:32:40.465411243,19990.0,last_touch,st_000122,cmp_003,pl_027,cr_012,click,2026-09-06 05:00:26.261116437,0.0,0.0
so_00016,su_00146,2026-09-11 05:32:40.465411243,19990.0,last_touch,st_000123,cmp_003,pl_027,cr_012,bot_start,2026-09-06 05:10:44.540245313,0.0,0.0
so_00016,su_00146,2026-09-11 05:32:40.465411243,19990.0,last_touch,st_000124,cmp_003,pl_027,cr_012,lead,2026-09-06 18:51:26.306133259,1.0,19990.0
so_00017,su_00154,2026-08-30 07:06:27.191034665,19990.0,last_touch,st_000131,cmp_001,pl_017,cr_002,lead,2026-08-23 15:53:05.719198940,1.0,19990.0
so_00018,su_00155,2026-08-25 07:07:42.901162958,5990.0,last_touch,st_000132,cmp_001,pl_009,cr_009,click,2026-08-21 11:58:04.614800997,0.0,0.0
so_00018,su_00155,2026-08-25 07:07:42.901162958,5990.0,last_touch,st_000133,cmp_001,pl_009,cr_009,bot_start,2026-08-21 12:00:24.590854848,0.0,0.0
so_00018,su_00155,2026-08-25 07:07:42.901162958,5990.0,last_touch,st_000134,cmp_001,pl_009,cr_009,lead,2026-08-22 05:13:29.821671092,1.0,5990.0
so_00019,su_00156,2026-09-10 01:06:41.680638822,19990.0,last_touch,st_000135,cmp_007,pl_015,cr_000,click,2026-09-08 04:28:42.678947451,0.0,0.0
so_00019,su_00156,2026-09-10 01:06:41.680638822,19990.0,last_touch,st_000136,cmp_007,pl_015,cr_000,bot_start,2026-09-08 04:43:29.218000018,0.0,0.0
so_00019,su_00156,2026-09-10 01:06:41.680638822,19990.0,last_touch,st_000137,cmp_007,pl_015,cr_000,lead,2026-09-08 10:59:44.104883297,1.0,19990.0
so_00020,su_00174,2026-09-07 02:47:47.043167081,5990.0,last_touch,st_000146,cmp_004,pl_004,cr_004,click,2026-09-02 12:31:11.696896310,0.0,0.0
so_00020,su_00174,2026-09-07 02:47:47.043167081,5990.0,last_touch,st_000147,cmp_004,pl_004,cr_004,bot_start,2026-09-02 12:44:12.672459580,0.0,0.0
so_00020,su_00174,2026-09-07 02:47:47.043167081,5990.0,last_touch,st_000148,cmp_004,pl_004,cr_004,lead,2026-09-02 19:48:29.905901654,1.0,5990.0
so_00021,su_00192,2026-09-15 08:17:32.252386001,5990.0,last_touch,st_000161,cmp_007,pl_007,cr_007,click,2026-09-09 23:49:25.811345393,0.0,0.0
so_00021,su_00192,2026-09-15 08:17:32.252386001,5990.0,last_touch,st_000162,cmp_007,pl_007,cr_007,bot_start,2026-09-09 23:51:33.635462307,0.0,0.0
so_00021,su_00192,2026-09-15 08:17:32.252386001,5990.0,last_touch,st_000163,cmp_007,pl_007,cr_007,lead,2026-09-10 03:16:18.794868005,1.0,5990.0
so_00022,su_00195,2026-09-05 08:48:26.671595830,9990.0,last_touch,st_000167,cmp_005,pl_029,cr_014,click,2026-09-03 22:22:30.930739813,0.0,0.0
so_00022,su_00195,2026-09-05 08:48:26.671595830,9990.0,last_touch,st_000168,cmp_005,pl_029,cr_014,bot_start,2026-09-03 22:30:28.963909819,0.0,0.0
so_00022,su_00195,2026-09-05 08:48:26.671595830,9990.0,last_touch,st_000169,cmp_005,pl_029,cr_014,lead,2026-09-03 23:46:44.689867326,1.0,9990.0
so_00023,su_00205,2026-08-18 19:18:33.064727018,19990.0,last_touch,st_000172,cmp_007,pl_023,cr_008,click,2026-08-12 06:21:51.334778597,0.0,0.0
so_00023,su_00205,2026-08-18 19:18:33.064727018,19990.0,last_touch,st_000173,cmp_007,pl_023,cr_008,bot_start,2026-08-12 06:35:51.230770970,0.0,0.0
so_00023,su_00205,2026-08-18 19:18:33.064727018,19990.0,last_touch,st_000174,cmp_007,pl_023,cr_008,lead,2026-08-12 16:19:36.612794778,1.0,19990.0
so_00024,su_00206,2026-08-27 00:31:29.108526508,5990.0,last_touch,st_000175,cmp_006,pl_022,cr_007,click,2026-08-22 21:23:42.618985368,0.0,0.0
so_00024,su_00206,2026-08-27 00:31:29.108526508,5990.0,last_touch,st_000176,cmp_006,pl_022,cr_007,bot_start,2026-08-22 21:32:10.446810083,0.0,0.0
so_00024,su_00206,2026-08-27 00:31:29.108526508,5990.0,last_touch,st_000177,cmp_006,pl_022,cr_007,lead,2026-08-23 01:36:12.873428552,1.0,5990.0
so_00025,su_00214,2026-09-16 17:16:13.533117664,9990.0,last_touch,st_000182,cmp_006,pl_014,cr_014,lead,2026-09-10 07:09:32.608322573,1.0,9990.0
so_00026,su_00215,2026-09-18 15:11:48.637986139,9990.0,last_touch,st_000183,cmp_003,pl_003,cr_003,click,2026-09-11 22:35:54.243506908,0.0,0.0
so_00026,su_00215,2026-09-18 15:11:48.637986139,9990.0,last_touch,st_000184,cmp_003,pl_003,cr_003,bot_start,2026-09-11 22:47:12.230410277,0.0,0.0
so_00026,su_00215,2026-09-18 15:11:48.637986139,9990.0,last_touch,st_000185,cmp_003,pl_003,cr_003,lead,2026-09-12 09:03:59.508543969,1.0,9990.0
so_00027,su_00219,2026-08-27 20:38:01.880791635,14990.0,last_touch,st_000187,cmp_002,pl_010,cr_010,click,2026-08-24 22:43:44.167743277,0.0,0.0
so_00027,su_00219,2026-08-27 20:38:01.880791635,14990.0,last_touch,st_000188,cmp_002,pl_010,cr_010,bot_start,2026-08-24 22:55:25.086588996,0.0,0.0
so_00027,su_00219,2026-08-27 20:38:01.880791635,14990.0,last_touch,st_000189,cmp_002,pl_010,cr_010,lead,2026-08-25 06:24:00.160462923,1.0,14990.0
so_00028,su_00230,2026-08-26 01:17:36.780255520,14990.0,last_touch,st_000201,cmp_001,pl_009,cr_009,click,2026-08-22 16:20:30.395296221,0.0,0.0
so_00028,su_00230,2026-08-26 01:17:36.780255520,14990.0,last_touch,st_000202,cmp_001,pl_009,cr_009,bot_start,2026-08-22 16:35:36.114030456,0.0,0.0
so_00028,su_00230,2026-08-26 01:17:36.780255520,14990.0,last_touch,st_000203,cmp_001,pl_009,cr_009,lead,2026-08-23 00:43:20.968267990,1.0,14990.0
so_00029,su_00232,2026-08-17 04:58:19.336101571,3990.0,last_touch,st_000206,cmp_002,pl_002,cr_002,click,2026-08-10 05:51:19.958589951,0.0,0.0
so_00029,su_00232,2026-08-17 04:58:19.336101571,3990.0,last_touch,st_000207,cmp_002,pl_002,cr_002,bot_start,2026-08-10 05:54:16.500332800,0.0,0.0
so_00029,su_00232,2026-08-17 04:58:19.336101571,3990.0,last_touch,st_000208,cmp_002,pl_002,cr_002,lead,2026-08-10 08:17:27.961638981,1.0,3990.0
so_00030,su_00239,2026-08-25 02:10:45.763942643,19990.0,last_touch,st_000214,cmp_001,pl_017,cr_002,click,2026-08-21 10:38:54.089233021,0.0,0.0
so_00030,su_00239,2026-08-25 02:10:45.763942643,19990.0,last_touch,st_000215,cmp_001,pl_017,cr_002,bot_start,2026-08-21 11:05:36.311826664,0.0,0.0
so_00030,su_00239,2026-08-25 02:10:45.763942643,19990.0,last_touch,st_000216,cmp_001,pl_017,cr_002,lead,2026-08-22 03:41:45.468625038,1.0,19990.0
so_00031,su_00254,2026-09-12 16:03:17.894148343,14990.0,last_touch,st_000228,cmp_004,pl_020,cr_005,click,2026-09-11 18:58:54.699433646,0.0,0.0
so_00031,su_00254,2026-09-12 16:03:17.894148343,14990.0,last_touch,st_000229,cmp_004,pl_020,cr_005,bot_start,2026-09-11 19:05:46.884619982,0.0,0.0
so_00031,su_00254,2026-09-12 16:03:17.894148343,14990.0,last_touch,st_000230,cmp_004,pl_020,cr_005,lead,2026-09-12 06:54:31.243228318,1.0,14990.0
so_00032,su_00273,2026-08-12 02:44:38.308486001,14990.0,last_touch,st_000244,cmp_005,pl_005,cr_005,click,2026-08-09 21:14:26.006311579,0.0,0.0
so_00032,su_00273,2026-08-12 02:44:38.308486001,14990.0,last_touch,st_000245,cmp_005,pl_005,cr_005,bot_start,2026-08-09 21:30:12.944619764,0.0,0.0
so_00032,su_00273,2026-08-12 02:44:38.308486001,14990.0,last_touch,st_000246,cmp_005,pl_005,cr_005,lead,2026-08-10 08:16:22.238410912,1.0,14990.0
so_00033,su_00274,2026-08-14 00:37:34.152387601,9990.0,last_touch,st_000249,cmp_003,pl_011,cr_011,lead,2026-08-07 09:55:33.094292455,1.0,9990.0
so_00034,su_00288,2026-08-20 05:19:47.153781361,19990.0,last_touch,st_000254,cmp_004,pl_028,cr_013,click,2026-08-18 09:51:14.809364353,0.0,0.0
so_00034,su_00288,2026-08-20 05:19:47.153781361,19990.0,last_touch,st_000255,cmp_004,pl_028,cr_013,bot_start,2026-08-18 10:11:36.079949644,0.0,0.0
so_00034,su_00288,2026-08-20 05:19:47.153781361,19990.0,last_touch,st_000256,cmp_004,pl_028,cr_013,lead,2026-08-19 04:23:58.841585958,1.0,19990.0
so_00035,su_00292,2026-08-23 22:02:29.581636044,19990.0,last_touch,st_000259,cmp_001,pl_017,cr_002,click,2026-08-22 23:47:23.980168586,0.0,0.0
so_00035,su_00292,2026-08-23 22:02:29.581636044,19990.0,last_touch,st_000260,cmp_001,pl_017,cr_002,bot_start,2026-08-23 00:04:39.030747570,0.0,0.0
so_00035,su_00292,2026-08-23 22:02:29.581636044,19990.0,last_touch,st_000261,cmp_001,pl_017,cr_002,lead,2026-08-23 07:21:30.615136466,1.0,19990.0
so_00036,su_00299,2026-08-15 04:56:16.968589774,5990.0,last_touch,st_000268,cmp_000,pl_016,cr_001,click,2026-08-11 10:21:08.476069341,0.0,0.0
so_00036,su_00299,2026-08-15 04:56:16.968589774,5990.0,last_touch,st_000269,cmp_000,pl_016,cr_001,bot_start,2026-08-11 10:35:41.531729473,0.0,0.0
so_00036,su_00299,2026-08-15 04:56:16.968589774,5990.0,last_touch,st_000270,cmp_000,pl_016,cr_001,lead,2026-08-11 21:36:21.054841912,1.0,5990.0
so_00037,su_00311,2026-09-12 07:18:45.928737429,3990.0,last_touch,st_000280,cmp_007,pl_015,cr_000,click,2026-09-08 17:26:03.346449155,0.0,0.0
so_00037,su_00311,2026-09-12 07:18:45.928737429,3990.0,last_touch,st_000281,cmp_007,pl_015,cr_000,bot_start,2026-09-08 17:35:43.187232038,0.0,0.0
so_00037,su_00311,2026-09-12 07:18:45.928737429,3990.0,last_touch,st_000282,cmp_007,pl_015,cr_000,lead,2026-09-09 01:56:47.527759270,1.0,3990.0
so_00038,su_00313,2026-08-24 01:22:52.494773876,3990.0,last_touch,st_000283,cmp_001,pl_017,cr_002,click,2026-08-23 13:37:56.313671886,0.0,0.0
so_00038,su_00313,2026-08-24 01:22:52.494773876,3990.0,last_touch,st_000284,cmp_001,pl_017,cr_002,bot_start,2026-08-23 14:01:38.318417503,0.0,0.0
so_00038,su_00313,2026-08-24 01:22:52.494773876,3990.0,last_touch,st_000285,cmp_001,pl_017,cr_002,lead,2026-08-23 18:54:49.932390136,1.0,3990.0
so_00039,su_00318,2026-09-05 11:47:23.700738929,3990.0,last_touch,st_000289,cmp_004,pl_004,cr_004,click,2026-09-04 08:26:33.281301132,0.0,0.0
so_00039,su_00318,2026-09-05 11:47:23.700738929,3990.0,last_touch,st_000290,cmp_004,pl_004,cr_004,bot_start,2026-09-04 08:46:21.839718290,0.0,0.0
so_00039,su_00318,2026-09-05 11:47:23.700738929,3990.0,last_touch,st_000291,cmp_004,pl_004,cr_004,lead,2026-09-04 15:22:36.034244819,1.0,3990.0
so_00040,su_00333,2026-08-21 15:57:32.788562204,14990.0,last_touch,st_000296,cmp_006,pl_006,cr_006,click,2026-08-19 02:01:49.940582795,0.0,0.0
so_00040,su_00333,2026-08-21 15:57:32.788562204,14990.0,last_touch,st_000297,cmp_006,pl_006,cr_006,bot_start,2026-08-19 02:26:47.894939747,0.0,0.0
so_00040,su_00333,2026-08-21 15:57:32.788562204,14990.0,last_touch,st_000298,cmp_006,pl_006,cr_006,lead,2026-08-19 18:03:39.869123235,1.0,14990.0
so_00041,su_00334,2026-08-13 06:59:34.377774321,9990.0,last_touch,st_000299,cmp_003,pl_011,cr_011,click,2026-08-07 16:30:13.557428168,0.0,0.0
so_00041,su_00334,2026-08-13 06:59:34.377774321,9990.0,last_touch,st_000300,cmp_003,pl_011,cr_011,bot_start,2026-08-07 16:37:17.960897907,0.0,0.0
so_00041,su_00334,2026-08-13 06:59:34.377774321,9990.0,last_touch,st_000301,cmp_003,pl_011,cr_011,lead,2026-08-07 22:35:11.945984137,1.0,9990.0
so_00042,su_00336,2026-08-21 01:23:50.725387089,9990.0,last_touch,st_000303,cmp_004,pl_028,cr_013,click,2026-08-17 19:20:54.753908059,0.0,0.0
so_00042,su_00336,2026-08-21 01:23:50.725387089,9990.0,last_touch,st_000304,cmp_004,pl_028,cr_013,bot_start,2026-08-17 19:33:55.857359787,0.0,0.0
so_00042,su_00336,2026-08-21 01:23:50.725387089,9990.0,last_touch,st_000305,cmp_004,pl_028,cr_013,lead,2026-08-18 03:31:55.166884653,1.0,9990.0
so_00043,su_00337,2026-08-31 01:55:32.025036361,3990.0,last_touch,st_000306,cmp_004,pl_012,cr_012,click,2026-08-30 03:57:49.809155749,0.0,0.0
so_00043,su_00337,2026-08-31 01:55:32.025036361,3990.0,last_touch,st_000307,cmp_004,pl_012,cr_012,bot_start,2026-08-30 04:16:51.146783062,0.0,0.0
so_00043,su_00337,2026-08-31 01:55:32.025036361,3990.0,last_touch,st_000308,cmp_004,pl_012,cr_012,lead,2026-08-30 05:15:25.238229132,1.0,3990.0
so_00044,su_00338,2026-08-22 08:26:25.480174356,9990.0,last_touch,st_000309,cmp_001,pl_009,cr_009,click,2026-08-20 10:19:21.335247863,0.0,0.0
so_00044,su_00338,2026-08-22 08:26:25.480174356,9990.0,last_touch,st_000310,cmp_001,pl_009,cr_009,bot_start,2026-08-20 10:23:04.140758822,0.0,0.0
so_00044,su_00338,2026-08-22 08:26:25.480174356,9990.0,last_touch,st_000311,cmp_001,pl_009,cr_009,lead,2026-08-20 18:37:03.874794769,1.0,9990.0
so_00045,su_00350,2026-09-08 13:15:18.946258789,9990.0,last_touch,st_000316,cmp_005,pl_013,cr_013,click,2026-09-03 01:52:59.630554815,0.0,0.0
so_00045,su_00350,2026-09-08 13:15:18.946258789,9990.0,last_touch,st_000317,cmp_005,pl_013,cr_013,bot_start,2026-09-03 02:11:05.865126724,0.0,0.0
so_00045,su_00350,2026-09-08 13:15:18.946258789,9990.0,last_touch,st_000318,cmp_005,pl_013,cr_013,lead,2026-09-03 16:30:23.046177174,1.0,9990.0
so_00046,su_00351,2026-08-25 04:42:44.052716088,19990.0,last_touch,st_000321,cmp_005,pl_021,cr_006,lead,2026-08-18 07:55:56.404403170,1.0,19990.0
so_00047,su_00357,2026-09-10 04:21:48.684307896,5990.0,last_touch,st_000325,cmp_005,pl_029,cr_014,click,2026-09-05 10:22:01.328165995,0.0,0.0
so_00047,su_00357,2026-09-10 04:21:48.684307896,5990.0,last_touch,st_000326,cmp_005,pl_029,cr_014,bot_start,2026-09-05 10:31:14.558223418,0.0,0.0
so_00047,su_00357,2026-09-10 04:21:48.684307896,5990.0,last_touch,st_000327,cmp_005,pl_029,cr_014,lead,2026-09-05 15:19:43.274717581,1.0,5990.0
so_00048,su_00385,2026-08-24 18:52:20.347788087,9990.0,last_touch,st_000354,cmp_000,pl_000,cr_000,click,2026-08-22 03:26:38.257008769,0.0,0.0
so_00048,su_00385,2026-08-24 18:52:20.347788087,9990.0,last_touch,st_000355,cmp_000,pl_000,cr_000,bot_start,2026-08-22 03:47:09.848263648,0.0,0.0
so_00048,su_00385,2026-08-24 18:52:20.347788087,9990.0,last_touch,st_000356,cmp_000,pl_000,cr_000,lead,2026-08-22 10:41:51.771890476,1.0,9990.0
so_00049,su_00394,2026-08-09 10:05:46.320003864,19990.0,last_touch,st_000360,cmp_003,pl_011,cr_011,click,2026-08-06 22:18:39.083094789,0.0,0.0
so_00049,su_00394,2026-08-09 10:05:46.320003864,19990.0,last_touch,st_000361,cmp_003,pl_011,cr_011,bot_start,2026-08-06 22:37:00.522665724,0.0,0.0
so_00049,su_00394,2026-08-09 10:05:46.320003864,19990.0,last_touch,st_000362,cmp_003,pl_011,cr_011,lead,2026-08-07 02:01:32.930878233,1.0,19990.0
so_00050,su_00401,2026-08-31 12:05:31.222784651,3990.0,last_touch,st_000363,cmp_002,pl_010,cr_010,click,2026-08-27 02:57:43.888792708,0.0,0.0
so_00050,su_00401,2026-08-31 12:05:31.222784651,3990.0,last_touch,st_000364,cmp_002,pl_010,cr_010,bot_start,2026-08-27 02:58:51.481494143,0.0,0.0
so_00050,su_00401,2026-08-31 12:05:31.222784651,3990.0,last_touch,st_000365,cmp_002,pl_010,cr_010,lead,2026-08-28 01:30:02.950568274,1.0,3990.0
so_00051,su_00403,2026-09-12 07:11:25.761051959,14990.0,last_touch,st_000366,cmp_001,pl_001,cr_001,click,2026-09-07 08:42:58.599141736,0.0,0.0
so_00051,su_00403,2026-09-12 07:11:25.761051959,14990.0,last_touch,st_000367,cmp_001,pl_001,cr_001,bot_start,2026-09-07 08:52:20.273449726,0.0,0.0
so_00051,su_00403,2026-09-12 07:11:25.761051959,14990.0,last_touch,st_000368,cmp_001,pl_001,cr_001,lead,2026-09-07 10:00:12.272177701,1.0,14990.0
so_00052,su_00409,2026-08-25 22:42:17.144770586,5990.0,last_touch,st_000373,cmp_000,pl_000,cr_000,click,2026-08-22 07:57:21.688827574,0.0,0.0
so_00052,su_00409,2026-08-25 22:42:17.144770586,5990.0,last_touch,st_000374,cmp_000,pl_000,cr_000,bot_start,2026-08-22 08:21:47.319830462,0.0,0.0
so_00052,su_00409,2026-08-25 22:42:17.144770586,5990.0,last_touch,st_000375,cmp_000,pl_000,cr_000,lead,2026-08-22 13:26:30.588106787,1.0,5990.0
so_00053,su_00410,2026-08-31 16:09:00.369231729,3990.0,last_touch,st_000376,cmp_002,pl_010,cr_010,click,2026-08-25 00:42:55.469011468,0.0,0.0
so_00053,su_00410,2026-08-31 16:09:00.369231729,3990.0,last_touch,st_000377,cmp_002,pl_010,cr_010,bot_start,2026-08-25 01:11:35.617417049,0.0,0.0
so_00053,su_00410,2026-08-31 16:09:00.369231729,3990.0,last_touch,st_000378,cmp_002,pl_010,cr_010,lead,2026-08-25 10:02:25.903193271,1.0,3990.0
so_00054,su_00414,2026-08-25 18:48:40.851367893,9990.0,last_touch,st_000382,cmp_000,pl_024,cr_009,click,2026-08-23 07:20:45.987358137,0.0,0.0
so_00054,su_00414,2026-08-25 18:48:40.851367893,9990.0,last_touch,st_000383,cmp_000,pl_024,cr_009,bot_start,2026-08-23 07:24:03.998762712,0.0,0.0
so_00054,su_00414,2026-08-25 18:48:40.851367893,9990.0,last_touch,st_000384,cmp_000,pl_024,cr_009,lead,2026-08-23 09:35:16.340835653,1.0,9990.0
so_00055,su_00417,2026-08-15 06:57:17.377782130,19990.0,last_touch,st_000385,cmp_000,pl_016,cr_001,click,2026-08-12 15:54:25.852118066,0.0,0.0
so_00055,su_00417,2026-08-15 06:57:17.377782130,19990.0,last_touch,st_000386,cmp_000,pl_016,cr_001,bot_start,2026-08-12 16:04:49.311102352,0.0,0.0
so_00055,su_00417,2026-08-15 06:57:17.377782130,19990.0,last_touch,st_000387,cmp_000,pl_016,cr_001,lead,2026-08-13 08:11:57.871254710,1.0,19990.0
so_00056,su_00432,2026-09-14 01:53:15.809287866,3990.0,last_touch,st_000393,cmp_004,pl_020,cr_005,click,2026-09-09 12:59:59.411302305,0.0,0.0
so_00056,su_00432,2026-09-14 01:53:15.809287866,3990.0,last_touch,st_000394,cmp_004,pl_020,cr_005,bot_start,2026-09-09 13:11:10.759751228,0.0,0.0
so_00056,su_00432,2026-09-14 01:53:15.809287866,3990.0,last_touch,st_000395,cmp_004,pl_020,cr_005,lead,2026-09-10 10:26:23.293971467,1.0,3990.0
so_00057,su_00435,2026-08-15 13:20:22.370144376,9990.0,last_touch,st_000396,cmp_007,pl_023,cr_008,click,2026-08-11 03:06:02.179047233,0.0,0.0
so_00057,su_00435,2026-08-15 13:20:22.370144376,9990.0,last_touch,st_000397,cmp_007,pl_023,cr_008,bot_start,2026-08-11 03:08:09.556373371,0.0,0.0
so_00057,su_00435,2026-08-15 13:20:22.370144376,9990.0,last_touch,st_000398,cmp_007,pl_023,cr_008,lead,2026-08-11 15:16:48.123844701,1.0,9990.0
so_00058,su_00437,2026-08-27 17:58:04.357617709,19990.0,last_touch,st_000399,cmp_001,pl_009,cr_009,click,2026-08-21 08:45:10.268581410,0.0,0.0
so_00058,su_00437,2026-08-27 17:58:04.357617709,19990.0,last_touch,st_000400,cmp_001,pl_009,cr_009,bot_start,2026-08-21 09:06:17.906904353,0.0,0.0
so_00058,su_00437,2026-08-27 17:58:04.357617709,19990.0,last_touch,st_000401,cmp_001,pl_009,cr_009,lead,2026-08-21 12:46:43.204980261,1.0,19990.0
so_00059,su_00444,2026-08-28 17:09:23.622605958,9990.0,last_touch,st_000410,cmp_004,pl_012,cr_012,click,2026-08-28 03:24:55.070299719,0.0,0.0
so_00059,su_00444,2026-08-28 17:09:23.622605958,9990.0,last_touch,st_000411,cmp_004,pl_012,cr_012,bot_start,2026-08-28 03:28:50.482097094,0.0,0.0
so_00059,su_00444,2026-08-28 17:09:23.622605958,9990.0,last_touch,st_000412,cmp_004,pl_012,cr_012,lead,2026-08-28 07:07:44.954843868,1.0,9990.0
so_00060,su_00447,2026-09-02 09:37:26.353850249,9990.0,last_touch,st_000416,cmp_003,pl_019,cr_004,click,2026-08-30 23:16:05.632008067,0.0,0.0
so_00060,su_00447,2026-09-02 09:37:26.353850249,9990.0,last_touch,st_000417,cmp_003,pl_019,cr_004,bot_start,2026-08-30 23:45:38.848843352,0.0,0.0
so_00060,su_00447,2026-09-02 09:37:26.353850249,9990.0,last_touch,st_000418,cmp_003,pl_019,cr_004,lead,2026-08-31 02:02:44.080598932,1.0,9990.0
so_00061,su_00468,2026-08-16 00:42:24.970937973,19990.0,last_touch,st_000427,cmp_002,pl_018,cr_003,click,2026-08-10 01:20:58.076693479,0.0,0.0
so_00061,su_00468,2026-08-16 00:42:24.970937973,19990.0,last_touch,st_000428,cmp_002,pl_018,cr_003,bot_start,2026-08-10 01:36:38.454781831,0.0,0.0
so_00061,su_00468,2026-08-16 00:42:24.970937973,19990.0,last_touch,st_000429,cmp_002,pl_018,cr_003,lead,2026-08-10 04:39:44.876727534,1.0,19990.0
so_00062,su_00474,2026-09-09 23:28:19.444919392,19990.0,last_touch,st_000435,cmp_005,pl_013,cr_013,lead,2026-09-03 12:46:56.158822228,1.0,19990.0
so_00063,su_00477,2026-09-08 22:00:44.457383312,3990.0,last_touch,st_000436,cmp_005,pl_029,cr_014,click,2026-09-06 07:24:23.811899675,0.0,0.0
so_00063,su_00477,2026-09-08 22:00:44.457383312,3990.0,last_touch,st_000437,cmp_005,pl_029,cr_014,bot_start,2026-09-06 07:47:29.601730376,0.0,0.0
so_00063,su_00477,2026-09-08 22:00:44.457383312,3990.0,last_touch,st_000438,cmp_005,pl_029,cr_014,lead,2026-09-06 15:30:26.193820804,1.0,3990.0
so_00064,su_00480,2026-08-27 19:11:12.720018897,19990.0,last_touch,st_000439,cmp_002,pl_026,cr_011,click,2026-08-21 08:36:28.186027243,0.0,0.0
so_00064,su_00480,2026-08-27 19:11:12.720018897,19990.0,last_touch,st_000440,cmp_002,pl_026,cr_011,bot_start,2026-08-21 09:00:04.268155170,0.0,0.0
so_00064,su_00480,2026-08-27 19:11:12.720018897,19990.0,last_touch,st_000441,cmp_002,pl_026,cr_011,lead,2026-08-22 04:23:32.747985300,1.0,19990.0
so_00065,su_00482,2026-09-10 03:29:27.864973672,9990.0,last_touch,st_000442,cmp_007,pl_007,cr_007,click,2026-09-08 03:58:33.788125881,0.0,0.0
so_00065,su_00482,2026-09-10 03:29:27.864973672,9990.0,last_touch,st_000443,cmp_007,pl_007,cr_007,bot_start,2026-09-08 04:14:05.892018237,0.0,0.0
so_00065,su_00482,2026-09-10 03:29:27.864973672,9990.0,last_touch,st_000444,cmp_007,pl_007,cr_007,lead,2026-09-09 02:43:13.494498383,1.0,9990.0
so_00066,su_00492,2026-09-09 22:26:31.898726745,3990.0,last_touch,st_000458,cmp_003,pl_027,cr_012,click,2026-09-05 01:56:04.895573454,0.0,0.0
so_00066,su_00492,2026-09-09 22:26:31.898726745,3990.0,last_touch,st_000459,cmp_003,pl_027,cr_012,bot_start,2026-09-05 02:00:48.639579331,0.0,0.0
so_00066,su_00492,2026-09-09 22:26:31.898726745,3990.0,last_touch,st_000460,cmp_003,pl_027,cr_012,lead,2026-09-05 16:02:43.147368282,1.0,3990.0
so_00067,su_00495,2026-09-08 21:37:32.309678456,9990.0,last_touch,st_000461,cmp_005,pl_029,cr_014,click,2026-09-05 06:22:13.643095972,0.0,0.0
so_00067,su_00495,2026-09-08 21:37:32.309678456,9990.0,last_touch,st_000462,cmp_005,pl_029,cr_014,bot_start,2026-09-05 06:25:58.169406126,0.0,0.0
so_00067,su_00495,2026-09-08 21:37:32.309678456,9990.0,last_touch,st_000463,cmp_005,pl_029,cr_014,lead,2026-09-06 05:18:41.557184882,1.0,9990.0
so_00068,su_00497,2026-08-18 04:09:09.027082426,9990.0,last_touch,st_000464,cmp_002,pl_018,cr_003,click,2026-08-11 23:16:24.709070682,0.0,0.0
so_00068,su_00497,2026-08-18 04:09:09.027082426,9990.0,last_touch,st_000465,cmp_002,pl_018,cr_003,bot_start,2026-08-11 23:26:05.685071662,0.0,0.0
so_00068,su_00497,2026-08-18 04:09:09.027082426,9990.0,last_touch,st_000466,cmp_002,pl_018,cr_003,lead,2026-08-12 00:31:01.893310333,1.0,9990.0
so_00069,su_00510,2026-09-06 06:02:31.882044481,19990.0,last_touch,st_000474,cmp_004,pl_004,cr_004,click,2026-09-03 01:53:59.438875844,0.0,0.0
so_00069,su_00510,2026-09-06 06:02:31.882044481,19990.0,last_touch,st_000475,cmp_004,pl_004,cr_004,bot_start,2026-09-03 02:02:12.160138414,0.0,0.0
so_00069,su_00510,2026-09-06 06:02:31.882044481,19990.0,last_touch,st_000476,cmp_004,pl_004,cr_004,lead,2026-09-03 21:06:08.678609681,1.0,19990.0
so_00070,su_00517,2026-09-12 21:12:11.689999012,9990.0,last_touch,st_000478,cmp_007,pl_015,cr_000,click,2026-09-08 03:30:32.031275031,0.0,0.0
so_00070,su_00517,2026-09-12 21:12:11.689999012,9990.0,last_touch,st_000479,cmp_007,pl_015,cr_000,bot_start,2026-09-08 03:40:57.132168854,0.0,0.0
so_00070,su_00517,2026-09-12 21:12:11.689999012,9990.0,last_touch,st_000480,cmp_007,pl_015,cr_000,lead,2026-09-08 07:47:25.066375633,1.0,9990.0
so_00071,su_00518,2026-08-25 00:03:05.938684130,5990.0,last_touch,st_000481,cmp_000,pl_000,cr_000,click,2026-08-20 07:20:17.068390306,0.0,0.0
so_00071,su_00518,2026-08-25 00:03:05.938684130,5990.0,last_touch,st_000482,cmp_000,pl_000,cr_000,bot_start,2026-08-20 07:30:20.623183537,0.0,0.0
so_00071,su_00518,2026-08-25 00:03:05.938684130,5990.0,last_touch,st_000483,cmp_000,pl_000,cr_000,lead,2026-08-20 08:28:44.845472149,1.0,5990.0
so_00072,su_00519,2026-08-20 17:24:29.983406210,3990.0,last_touch,st_000484,cmp_004,pl_028,cr_013,click,2026-08-17 06:28:34.103645030,0.0,0.0
so_00072,su_00519,2026-08-20 17:24:29.983406210,3990.0,last_touch,st_000485,cmp_004,pl_028,cr_013,bot_start,2026-08-17 06:45:55.588609959,0.0,0.0
so_00072,su_00519,2026-08-20 17:24:29.983406210,3990.0,last_touch,st_000486,cmp_004,pl_028,cr_013,lead,2026-08-17 17:23:28.450930917,1.0,3990.0
so_00073,su_00521,2026-08-15 05:56:33.348353439,5990.0,last_touch,st_000488,cmp_007,pl_023,cr_008,click,2026-08-11 20:06:30.787161528,0.0,0.0
so_00073,su_00521,2026-08-15 05:56:33.348353439,5990.0,last_touch,st_000489,cmp_007,pl_023,cr_008,bot_start,2026-08-11 20:34:38.742969985,0.0,0.0
so_00073,su_00521,2026-08-15 05:56:33.348353439,5990.0,last_touch,st_000490,cmp_007,pl_023,cr_008,lead,2026-08-12 08:15:40.934942011,1.0,5990.0
so_00074,su_00525,2026-08-14 21:01:39.566062243,5990.0,last_touch,st_000491,cmp_002,pl_018,cr_003,click,2026-08-11 19:56:55.306101316,0.0,0.0
so_00074,su_00525,2026-08-14 21:01:39.566062243,5990.0,last_touch,st_000492,cmp_002,pl_018,cr_003,bot_start,2026-08-11 20:06:08.258261501,0.0,0.0
so_00074,su_00525,2026-08-14 21:01:39.566062243,5990.0,last_touch,st_000493,cmp_002,pl_018,cr_003,lead,2026-08-12 03:07:41.503178688,1.0,5990.0
so_00075,su_00526,2026-09-11 12:13:30.812259648,9990.0,last_touch,st_000496,cmp_004,pl_004,cr_004,lead,2026-09-04 21:38:57.330550005,1.0,9990.0
so_00076,su_00527,2026-08-20 03:50:03.925288536,5990.0,last_touch,st_000499,cmp_000,pl_016,cr_001,lead,2026-08-13 04:59:37.610827218,1.0,5990.0
so_00077,su_00536,2026-08-18 14:55:58.552529926,5990.0,last_touch,st_000504,cmp_000,pl_016,cr_001,click,2026-08-12 03:08:25.201537506,0.0,0.0
so_00077,su_00536,2026-08-18 14:55:58.552529926,5990.0,last_touch,st_000505,cmp_000,pl_016,cr_001,bot_start,2026-08-12 03:25:13.240596125,0.0,0.0
so_00077,su_00536,2026-08-18 14:55:58.552529926,5990.0,last_touch,st_000506,cmp_000,pl_016,cr_001,lead,2026-08-12 14:02:13.736031394,1.0,5990.0
so_00078,su_00539,2026-09-07 11:25:47.337389443,5990.0,last_touch,st_000507,cmp_004,pl_004,cr_004,click,2026-09-03 15:00:07.175004211,0.0,0.0
so_00078,su_00539,2026-09-07 11:25:47.337389443,5990.0,last_touch,st_000508,cmp_004,pl_004,cr_004,bot_start,2026-09-03 15:15:32.112755754,0.0,0.0
so_00078,su_00539,2026-09-07 11:25:47.337389443,5990.0,last_touch,st_000509,cmp_004,pl_004,cr_004,lead,2026-09-03 23:48:43.532815718,1.0,5990.0
so_00079,su_00545,2026-08-26 22:47:01.887941087,19990.0,last_touch,st_000514,cmp_002,pl_010,cr_010,click,2026-08-25 19:51:56.722161580,0.0,0.0
so_00079,su_00545,2026-08-26 22:47:01.887941087,19990.0,last_touch,st_000515,cmp_002,pl_010,cr_010,bot_start,2026-08-25 20:20:36.420970093,0.0,0.0
so_00079,su_00545,2026-08-26 22:47:01.887941087,19990.0,last_touch,st_000516,cmp_002,pl_010,cr_010,lead,2026-08-26 09:06:28.074185856,1.0,19990.0
so_00080,su_00547,2026-09-06 00:52:28.938480971,14990.0,last_touch,st_000517,cmp_005,pl_029,cr_014,click,2026-09-04 01:47:29.401499655,0.0,0.0
so_00080,su_00547,2026-09-06 00:52:28.938480971,14990.0,last_touch,st_000518,cmp_005,pl_029,cr_014,bot_start,2026-09-04 02:05:20.771319419,0.0,0.0
so_00080,su_00547,2026-09-06 00:52:28.938480971,14990.0,last_touch,st_000519,cmp_005,pl_029,cr_014,lead,2026-09-04 11:19:58.604933674,1.0,14990.0
so_00081,su_00548,2026-09-07 16:32:25.379344727,14990.0,last_touch,st_000520,cmp_005,pl_029,cr_014,click,2026-09-06 17:35:22.753821569,0.0,0.0
so_00081,su_00548,2026-09-07 16:32:25.379344727,14990.0,last_touch,st_000521,cmp_005,pl_029,cr_014,bot_start,2026-09-06 17:38:43.137680010,0.0,0.0
so_00081,su_00548,2026-09-07 16:32:25.379344727,14990.0,last_touch,st_000522,cmp_005,pl_029,cr_014,lead,2026-09-06 23:43:53.773836394,1.0,14990.0
so_00082,su_00550,2026-08-19 17:40:10.902742920,3990.0,last_touch,st_000523,cmp_005,pl_021,cr_006,click,2026-08-17 16:19:40.989244341,0.0,0.0
so_00082,su_00550,2026-08-19 17:40:10.902742920,3990.0,last_touch,st_000524,cmp_005,pl_021,cr_006,bot_start,2026-08-17 16:35:02.812316852,0.0,0.0
so_00082,su_00550,2026-08-19 17:40:10.902742920,3990.0,last_touch,st_000525,cmp_005,pl_021,cr_006,lead,2026-08-17 20:52:52.363938682,1.0,3990.0
so_00083,su_00557,2026-08-19 05:47:05.232933201,14990.0,last_touch,st_000527,cmp_007,pl_023,cr_008,click,2026-08-12 15:47:58.346322051,0.0,0.0
so_00083,su_00557,2026-08-19 05:47:05.232933201,14990.0,last_touch,st_000528,cmp_007,pl_023,cr_008,bot_start,2026-08-12 16:00:21.688542258,0.0,0.0
so_00083,su_00557,2026-08-19 05:47:05.232933201,14990.0,last_touch,st_000529,cmp_007,pl_023,cr_008,lead,2026-08-13 12:24:23.825908199,1.0,14990.0
so_00084,su_00564,2026-09-06 16:27:34.696375144,3990.0,last_touch,st_000536,cmp_005,pl_029,cr_014,click,2026-09-03 21:37:31.166587226,0.0,0.0
so_00084,su_00564,2026-09-06 16:27:34.696375144,3990.0,last_touch,st_000537,cmp_005,pl_029,cr_014,bot_start,2026-09-03 21:57:20.790293478,0.0,0.0
so_00084,su_00564,2026-09-06 16:27:34.696375144,3990.0,last_touch,st_000538,cmp_005,pl_029,cr_014,lead,2026-09-04 02:07:38.799177228,1.0,3990.0
so_00085,su_00575,2026-08-14 07:32:22.925316677,3990.0,last_touch,st_000549,cmp_002,pl_018,cr_003,click,2026-08-12 02:24:08.047576512,0.0,0.0
so_00085,su_00575,2026-08-14 07:32:22.925316677,3990.0,last_touch,st_000550,cmp_002,pl_018,cr_003,bot_start,2026-08-12 02:40:28.461008740,0.0,0.0
so_00085,su_00575,2026-08-14 07:32:22.925316677,3990.0,last_touch,st_000551,cmp_002,pl_018,cr_003,lead,2026-08-12 12:10:30.086916266,1.0,3990.0
so_00086,su_00579,2026-09-11 11:11:22.111517860,3990.0,last_touch,st_000552,cmp_001,pl_001,cr_001,click,2026-09-06 03:10:33.860331843,0.0,0.0
so_00086,su_00579,2026-09-11 11:11:22.111517860,3990.0,last_touch,st_000553,cmp_001,pl_001,cr_001,bot_start,2026-09-06 03:26:45.241654546,0.0,0.0
so_00086,su_00579,2026-09-11 11:11:22.111517860,3990.0,last_touch,st_000554,cmp_001,pl_001,cr_001,lead,2026-09-07 00:09:21.791390642,1.0,3990.0
so_00087,su_00591,2026-08-19 03:00:36.272422267,3990.0,last_touch,st_000560,cmp_006,pl_006,cr_006,click,2026-08-17 22:10:29.141049112,0.0,0.0
so_00087,su_00591,2026-08-19 03:00:36.272422267,3990.0,last_touch,st_000561,cmp_006,pl_006,cr_006,bot_start,2026-08-17 22:17:21.465549837,0.0,0.0
so_00087,su_00591,2026-08-19 03:00:36.272422267,3990.0,last_touch,st_000562,cmp_006,pl_006,cr_006,lead,2026-08-18 07:10:17.676400685,1.0,3990.0
so_00088,su_00593,2026-09-11 02:52:47.066520873,3990.0,last_touch,st_000563,cmp_006,pl_014,cr_014,click,2026-09-08 23:29:15.406127508,0.0,0.0
so_00088,su_00593,2026-09-11 02:52:47.066520873,3990.0,last_touch,st_000564,cmp_006,pl_014,cr_014,bot_start,2026-09-08 23:34:41.301206958,0.0,0.0
so_00088,su_00593,2026-09-11 02:52:47.066520873,3990.0,last_touch,st_000565,cmp_006,pl_014,cr_014,lead,2026-09-09 20:35:15.973070803,1.0,3990.0
so_00089,su_00605,2026-09-17 10:23:30.652557143,19990.0,last_touch,st_000570,cmp_003,pl_003,cr_003,click,2026-09-11 16:31:11.465373928,0.0,0.0
so_00089,su_00605,2026-09-17 10:23:30.652557143,19990.0,last_touch,st_000571,cmp_003,pl_003,cr_003,bot_start,2026-09-11 16:33:24.660983100,0.0,0.0
so_00089,su_00605,2026-09-17 10:23:30.652557143,19990.0,last_touch,st_000572,cmp_003,pl_003,cr_003,lead,2026-09-12 13:11:24.584486451,1.0,19990.0
so_00090,su_00608,2026-09-08 00:22:10.647001343,19990.0,last_touch,st_000573,cmp_003,pl_027,cr_012,click,2026-09-04 01:56:56.032986116,0.0,0.0
so_00090,su_00608,2026-09-08 00:22:10.647001343,19990.0,last_touch,st_000574,cmp_003,pl_027,cr_012,bot_start,2026-09-04 02:00:06.396737607,0.0,0.0
so_00090,su_00608,2026-09-08 00:22:10.647001343,19990.0,last_touch,st_000575,cmp_003,pl_027,cr_012,lead,2026-09-04 21:31:36.797254503,1.0,19990.0
so_00091,su_00626,2026-09-12 00:35:23.804154633,5990.0,last_touch,st_000587,cmp_006,pl_014,cr_014,click,2026-09-10 16:34:37.043927142,0.0,0.0
so_00091,su_00626,2026-09-12 00:35:23.804154633,5990.0,last_touch,st_000588,cmp_006,pl_014,cr_014,bot_start,2026-09-10 16:48:08.664866289,0.0,0.0
so_00091,su_00626,2026-09-12 00:35:23.804154633,5990.0,last_touch,st_000589,cmp_006,pl_014,cr_014,lead,2026-09-10 20:05:41.474941656,1.0,5990.0
so_00092,su_00629,2026-08-19 05:25:59.600953053,5990.0,last_touch,st_000593,cmp_000,pl_016,cr_001,click,2026-08-13 11:42:01.157114875,0.0,0.0
so_00092,su_00629,2026-08-19 05:25:59.600953053,5990.0,last_touch,st_000594,cmp_000,pl_016,cr_001,bot_start,2026-08-13 12:01:58.064762017,0.0,0.0
so_00092,su_00629,2026-08-19 05:25:59.600953053,5990.0,last_touch,st_000595,cmp_000,pl_016,cr_001,lead,2026-08-13 22:51:05.718448198,1.0,5990.0
so_00093,su_00642,2026-09-17 17:59:01.742773806,3990.0,last_touch,st_000606,cmp_004,pl_020,cr_005,lead,2026-09-11 00:04:15.858887531,1.0,3990.0
so_00094,su_00651,2026-09-16 15:50:44.265837709,14990.0,last_touch,st_000613,cmp_003,pl_003,cr_003,click,2026-09-10 23:02:41.739676409,0.0,0.0
so_00094,su_00651,2026-09-16 15:50:44.265837709,14990.0,last_touch,st_000614,cmp_003,pl_003,cr_003,bot_start,2026-09-10 23:07:29.062421893,0.0,0.0
so_00094,su_00651,2026-09-16 15:50:44.265837709,14990.0,last_touch,st_000615,cmp_003,pl_003,cr_003,lead,2026-09-11 09:17:55.134229868,1.0,14990.0
so_00095,su_00656,2026-08-14 14:36:44.272982156,14990.0,last_touch,st_000619,cmp_002,pl_018,cr_003,click,2026-08-11 03:56:05.710284874,0.0,0.0
so_00095,su_00656,2026-08-14 14:36:44.272982156,14990.0,last_touch,st_000620,cmp_002,pl_018,cr_003,bot_start,2026-08-11 03:59:42.406050614,0.0,0.0
so_00095,su_00656,2026-08-14 14:36:44.272982156,14990.0,last_touch,st_000621,cmp_002,pl_018,cr_003,lead,2026-08-12 00:50:19.529241606,1.0,14990.0
so_00096,su_00671,2026-09-01 16:41:50.040468501,5990.0,last_touch,st_000633,cmp_004,pl_012,cr_012,click,2026-08-29 09:41:33.693509898,0.0,0.0
so_00096,su_00671,2026-09-01 16:41:50.040468501,5990.0,last_touch,st_000634,cmp_004,pl_012,cr_012,bot_start,2026-08-29 09:51:55.936588591,0.0,0.0
so_00096,su_00671,2026-09-01 16:41:50.040468501,5990.0,last_touch,st_000635,cmp_004,pl_012,cr_012,lead,2026-08-29 13:33:43.858454279,1.0,5990.0
so_00097,su_00674,2026-09-06 19:57:30.889383359,19990.0,last_touch,st_000636,cmp_000,pl_008,cr_008,click,2026-09-04 10:46:23.334028432,0.0,0.0
so_00097,su_00674,2026-09-06 19:57:30.889383359,19990.0,last_touch,st_000637,cmp_000,pl_008,cr_008,bot_start,2026-09-04 10:55:04.471100533,0.0,0.0
so_00097,su_00674,2026-09-06 19:57:30.889383359,19990.0,last_touch,st_000638,cmp_000,pl_008,cr_008,lead,2026-09-04 21:55:37.503533064,1.0,19990.0
so_00098,su_00675,2026-09-07 04:21:52.522070586,9990.0,last_touch,st_000639,cmp_001,pl_001,cr_001,click,2026-09-06 20:15:07.986405785,0.0,0.0
so_00098,su_00675,2026-09-07 04:21:52.522070586,9990.0,last_touch,st_000640,cmp_001,pl_001,cr_001,bot_start,2026-09-06 20:22:32.400886035,0.0,0.0
so_00098,su_00675,2026-09-07 04:21:52.522070586,9990.0,last_touch,st_000641,cmp_001,pl_001,cr_001,lead,2026-09-06 20:53:50.749515511,1.0,9990.0
so_00099,su_00684,2026-08-23 13:43:16.960678266,14990.0,last_touch,st_000643,cmp_000,pl_024,cr_009,click,2026-08-22 02:11:18.547636812,0.0,0.0
so_00099,su_00684,2026-08-23 13:43:16.960678266,14990.0,last_touch,st_000644,cmp_000,pl_024,cr_009,bot_start,2026-08-22 02:13:19.301114583,0.0,0.0
so_00099,su_00684,2026-08-23 13:43:16.960678266,14990.0,last_touch,st_000645,cmp_000,pl_024,cr_009,lead,2026-08-22 18:14:05.252941002,1.0,14990.0
so_00100,su_00694,2026-08-17 10:05:47.385918559,9990.0,last_touch,st_000658,cmp_002,pl_018,cr_003,click,2026-08-11 18:15:27.894547452,0.0,0.0
so_00100,su_00694,2026-08-17 10:05:47.385918559,9990.0,last_touch,st_000659,cmp_002,pl_018,cr_003,bot_start,2026-08-11 18:20:16.191179097,0.0,0.0
so_00100,su_00694,2026-08-17 10:05:47.385918559,9990.0,last_touch,st_000660,cmp_002,pl_018,cr_003,lead,2026-08-11 23:45:34.209149218,1.0,9990.0
so_00101,su_00696,2026-08-30 16:38:47.432186011,14990.0,last_touch,st_000661,cmp_001,pl_017,cr_002,click,2026-08-23 21:04:24.763789632,0.0,0.0
so_00101,su_00696,2026-08-30 16:38:47.432186011,14990.0,last_touch,st_000662,cmp_001,pl_017,cr_002,bot_start,2026-08-23 21:11:06.974507373,0.0,0.0
so_00101,su_00696,2026-08-30 16:38:47.432186011,14990.0,last_touch,st_000663,cmp_001,pl_017,cr_002,lead,2026-08-24 06:14:30.541953044,1.0,14990.0
so_00102,su_00701,2026-08-20 03:28:57.723269582,9990.0,last_touch,st_000664,cmp_006,pl_006,cr_006,click,2026-08-17 18:04:59.921164688,0.0,0.0
so_00102,su_00701,2026-08-20 03:28:57.723269582,9990.0,last_touch,st_000665,cmp_006,pl_006,cr_006,bot_start,2026-08-17 18:06:10.462288494,0.0,0.0
so_00102,su_00701,2026-08-20 03:28:57.723269582,9990.0,last_touch,st_000666,cmp_006,pl_006,cr_006,lead,2026-08-18 04:43:20.060038372,1.0,9990.0
so_00103,su_00721,2026-08-26 02:22:34.390054136,9990.0,last_touch,st_000679,cmp_000,pl_024,cr_009,click,2026-08-24 06:17:26.102025497,0.0,0.0
so_00103,su_00721,2026-08-26 02:22:34.390054136,9990.0,last_touch,st_000680,cmp_000,pl_024,cr_009,bot_start,2026-08-24 06:40:54.934922051,0.0,0.0
so_00103,su_00721,2026-08-26 02:22:34.390054136,9990.0,last_touch,st_000681,cmp_000,pl_024,cr_009,lead,2026-08-24 09:53:26.841878417,1.0,9990.0
so_00104,su_00723,2026-08-22 06:56:09.428001443,9990.0,last_touch,st_000682,cmp_005,pl_021,cr_006,click,2026-08-17 17:28:26.109278638,0.0,0.0
so_00104,su_00723,2026-08-22 06:56:09.428001443,9990.0,last_touch,st_000683,cmp_005,pl_021,cr_006,bot_start,2026-08-17 17:49:10.059324938,0.0,0.0
so_00104,su_00723,2026-08-22 06:56:09.428001443,9990.0,last_touch,st_000684,cmp_005,pl_021,cr_006,lead,2026-08-18 02:51:39.436874097,1.0,9990.0
so_00105,su_00724,2026-08-30 01:20:04.018611978,9990.0,last_touch,st_000685,cmp_002,pl_010,cr_010,click,2026-08-27 01:25:17.510261571,0.0,0.0
so_00105,su_00724,2026-08-30 01:20:04.018611978,9990.0,last_touch,st_000686,cmp_002,pl_010,cr_010,bot_start,2026-08-27 01:46:26.877056360,0.0,0.0
so_00105,su_00724,2026-08-30 01:20:04.018611978,9990.0,last_touch,st_000687,cmp_002,pl_010,cr_010,lead,2026-08-28 01:46:02.753456280,1.0,9990.0
so_00106,su_00730,2026-08-26 03:01:35.180793770,14990.0,last_touch,st_000691,cmp_000,pl_024,cr_009,click,2026-08-22 20:05:33.298752822,0.0,0.0
so_00106,su_00730,2026-08-26 03:01:35.180793770,14990.0,last_touch,st_000692,cmp_000,pl_024,cr_009,bot_start,2026-08-22 20:11:13.347269853,0.0,0.0
so_00106,su_00730,2026-08-26 03:01:35.180793770,14990.0,last_touch,st_000693,cmp_000,pl_024,cr_009,lead,2026-08-23 17:21:42.435452602,1.0,14990.0
so_00107,su_00737,2026-08-10 00:04:49.232915909,5990.0,last_touch,st_000698,cmp_002,pl_002,cr_002,click,2026-08-09 15:13:34.523214719,0.0,0.0
so_00107,su_00737,2026-08-10 00:04:49.232915909,5990.0,last_touch,st_000699,cmp_002,pl_002,cr_002,bot_start,2026-08-09 15:19:11.308068118,0.0,0.0
so_00107,su_00737,2026-08-10 00:04:49.232915909,5990.0,last_touch,st_000700,cmp_002,pl_002,cr_002,lead,2026-08-09 21:32:48.053476206,1.0,5990.0
so_00108,su_00746,2026-08-31 19:34:09.469177184,3990.0,last_touch,st_000708,cmp_003,pl_019,cr_004,click,2026-08-29 10:11:00.015877250,0.0,0.0
so_00108,su_00746,2026-08-31 19:34:09.469177184,3990.0,last_touch,st_000709,cmp_003,pl_019,cr_004,bot_start,2026-08-29 10:34:26.817786876,0.0,0.0
so_00108,su_00746,2026-08-31 19:34:09.469177184,3990.0,last_touch,st_000710,cmp_003,pl_019,cr_004,lead,2026-08-30 03:34:06.011333950,1.0,3990.0
so_00109,su_00761,2026-09-04 23:12:13.858600022,9990.0,last_touch,st_000726,cmp_004,pl_012,cr_012,lead,2026-08-29 10:36:07.330424541,1.0,9990.0
so_00110,su_00766,2026-09-13 14:22:54.776001924,14990.0,last_touch,st_000733,cmp_003,pl_003,cr_003,click,2026-09-09 06:41:51.143955327,0.0,0.0
so_00110,su_00766,2026-09-13 14:22:54.776001924,14990.0,last_touch,st_000734,cmp_003,pl_003,cr_003,bot_start,2026-09-09 07:00:54.519588227,0.0,0.0
so_00110,su_00766,2026-09-13 14:22:54.776001924,14990.0,last_touch,st_000735,cmp_003,pl_003,cr_003,lead,2026-09-09 17:39:32.127193592,1.0,14990.0
so_00111,su_00788,2026-09-12 17:04:20.748007872,9990.0,last_touch,st_000750,cmp_007,pl_007,cr_007,click,2026-09-08 15:33:05.809448955,0.0,0.0
so_00111,su_00788,2026-09-12 17:04:20.748007872,9990.0,last_touch,st_000751,cmp_007,pl_007,cr_007,bot_start,2026-09-08 15:35:11.696491914,0.0,0.0
so_00111,su_00788,2026-09-12 17:04:20.748007872,9990.0,last_touch,st_000752,cmp_007,pl_007,cr_007,lead,2026-09-08 18:58:09.872021087,1.0,9990.0
so_00112,su_00791,2026-08-18 13:35:23.228801295,3990.0,last_touch,st_000755,cmp_005,pl_021,cr_006,click,2026-08-16 09:31:57.684974998,0.0,0.0
so_00112,su_00791,2026-08-18 13:35:23.228801295,3990.0,last_touch,st_000756,cmp_005,pl_021,cr_006,bot_start,2026-08-16 09:49:20.486326901,0.0,0.0
so_00112,su_00791,2026-08-18 13:35:23.228801295,3990.0,last_touch,st_000757,cmp_005,pl_021,cr_006,lead,2026-08-16 17:12:51.423869255,1.0,3990.0
so_00113,su_00793,2026-09-11 20:09:50.658465929,14990.0,last_touch,st_000761,cmp_005,pl_029,cr_014,click,2026-09-05 01:47:04.120603941,0.0,0.0
so_00113,su_00793,2026-09-11 20:09:50.658465929,14990.0,last_touch,st_000762,cmp_005,pl_029,cr_014,bot_start,2026-09-05 01:53:41.680681358,0.0,0.0
so_00113,su_00793,2026-09-11 20:09:50.658465929,14990.0,last_touch,st_000763,cmp_005,pl_029,cr_014,lead,2026-09-05 16:08:38.497446813,1.0,14990.0
so_00114,su_00804,2026-09-11 18:53:55.019513321,5990.0,last_touch,st_000764,cmp_007,pl_007,cr_007,click,2026-09-09 11:22:24.825215366,0.0,0.0
so_00114,su_00804,2026-09-11 18:53:55.019513321,5990.0,last_touch,st_000765,cmp_007,pl_007,cr_007,bot_start,2026-09-09 11:23:46.152050611,0.0,0.0
so_00114,su_00804,2026-09-11 18:53:55.019513321,5990.0,last_touch,st_000766,cmp_007,pl_007,cr_007,lead,2026-09-10 11:21:55.790717835,1.0,5990.0
so_00115,su_00805,2026-09-08 22:55:48.190994115,5990.0,last_touch,st_000767,cmp_005,pl_029,cr_014,click,2026-09-05 17:10:42.547610505,0.0,0.0
so_00115,su_00805,2026-09-08 22:55:48.190994115,5990.0,last_touch,st_000768,cmp_005,pl_029,cr_014,bot_start,2026-09-05 17:23:11.690174428,0.0,0.0
so_00115,su_00805,2026-09-08 22:55:48.190994115,5990.0,last_touch,st_000769,cmp_005,pl_029,cr_014,lead,2026-09-06 15:27:29.625811722,1.0,5990.0
so_00116,su_00819,2026-09-14 01:29:33.582420977,14990.0,last_touch,st_000784,cmp_007,pl_007,cr_007,click,2026-09-08 14:28:45.698578367,0.0,0.0
so_00116,su_00819,2026-09-14 01:29:33.582420977,14990.0,last_touch,st_000785,cmp_007,pl_007,cr_007,bot_start,2026-09-08 14:38:48.891904702,0.0,0.0
so_00116,su_00819,2026-09-14 01:29:33.582420977,14990.0,last_touch,st_000786,cmp_007,pl_007,cr_007,lead,2026-09-09 07:18:39.907174737,1.0,14990.0
so_00117,su_00830,2026-09-12 15:02:48.341200207,9990.0,last_touch,st_000793,cmp_003,pl_003,cr_003,click,2026-09-11 23:31:50.075121451,0.0,0.0
so_00117,su_00830,2026-09-12 15:02:48.341200207,9990.0,last_touch,st_000794,cmp_003,pl_003,cr_003,bot_start,2026-09-11 23:56:48.443927294,0.0,0.0
so_00117,su_00830,2026-09-12 15:02:48.341200207,9990.0,last_touch,st_000795,cmp_003,pl_003,cr_003,lead,2026-09-12 13:04:32.367650460,1.0,9990.0
so_00118,su_00835,2026-09-08 08:07:27.666876255,3990.0,last_touch,st_000798,cmp_005,pl_013,cr_013,click,2026-09-02 14:44:46.066114014,0.0,0.0
so_00118,su_00835,2026-09-08 08:07:27.666876255,3990.0,last_touch,st_000799,cmp_005,pl_013,cr_013,bot_start,2026-09-02 15:04:06.740036441,0.0,0.0
so_00118,su_00835,2026-09-08 08:07:27.666876255,3990.0,last_touch,st_000800,cmp_005,pl_013,cr_013,lead,2026-09-03 13:45:49.820481345,1.0,3990.0
so_00119,su_00842,2026-08-19 11:54:15.827194020,5990.0,last_touch,st_000807,cmp_004,pl_028,cr_013,click,2026-08-16 01:55:43.705119319,0.0,0.0
so_00119,su_00842,2026-08-19 11:54:15.827194020,5990.0,last_touch,st_000808,cmp_004,pl_028,cr_013,bot_start,2026-08-16 02:19:31.287388643,0.0,0.0
so_00119,su_00842,2026-08-19 11:54:15.827194020,5990.0,last_touch,st_000809,cmp_004,pl_028,cr_013,lead,2026-08-16 05:12:08.003236158,1.0,5990.0
so_00120,su_00843,2026-08-15 06:45:06.000012337,3990.0,last_touch,st_000810,cmp_002,pl_018,cr_003,click,2026-08-10 07:17:24.668331073,0.0,0.0
so_00120,su_00843,2026-08-15 06:45:06.000012337,3990.0,last_touch,st_000811,cmp_002,pl_018,cr_003,bot_start,2026-08-10 07:34:56.804218409,0.0,0.0
so_00120,su_00843,2026-08-15 06:45:06.000012337,3990.0,last_touch,st_000812,cmp_002,pl_018,cr_003,lead,2026-08-10 13:56:49.341817855,1.0,3990.0
so_00121,su_00847,2026-08-23 07:37:52.461877346,14990.0,last_touch,st_000813,cmp_006,pl_006,cr_006,click,2026-08-18 20:10:48.167400710,0.0,0.0
so_00121,su_00847,2026-08-23 07:37:52.461877346,14990.0,last_touch,st_000814,cmp_006,pl_006,cr_006,bot_start,2026-08-18 20:39:41.726790746,0.0,0.0
so_00121,su_00847,2026-08-23 07:37:52.461877346,14990.0,last_touch,st_000815,cmp_006,pl_006,cr_006,lead,2026-08-19 11:13:29.124891671,1.0,14990.0
so_00122,su_00849,2026-08-19 20:27:00.593816636,5990.0,last_touch,st_000819,cmp_000,pl_016,cr_001,click,2026-08-13 05:16:12.844546756,0.0,0.0
so_00122,su_00849,2026-08-19 20:27:00.593816636,5990.0,last_touch,st_000820,cmp_000,pl_016,cr_001,bot_start,2026-08-13 05:44:10.065669175,0.0,0.0
so_00122,su_00849,2026-08-19 20:27:00.593816636,5990.0,last_touch,st_000821,cmp_000,pl_016,cr_001,lead,2026-08-13 08:36:51.538794580,1.0,5990.0
so_00123,su_00855,2026-08-19 12:48:19.111604065,9990.0,last_touch,st_000825,cmp_006,pl_006,cr_006,click,2026-08-18 14:50:02.596496462,0.0,0.0
so_00123,su_00855,2026-08-19 12:48:19.111604065,9990.0,last_touch,st_000826,cmp_006,pl_006,cr_006,bot_start,2026-08-18 15:08:50.458537565,0.0,0.0
so_00123,su_00855,2026-08-19 12:48:19.111604065,9990.0,last_touch,st_000827,cmp_006,pl_006,cr_006,lead,2026-08-19 10:14:20.320773782,1.0,9990.0
so_00124,su_00860,2026-08-15 14:52:00.538424016,9990.0,last_touch,st_000828,cmp_000,pl_016,cr_001,click,2026-08-13 08:02:08.851683513,0.0,0.0
so_00124,su_00860,2026-08-15 14:52:00.538424016,9990.0,last_touch,st_000829,cmp_000,pl_016,cr_001,bot_start,2026-08-13 08:23:45.796251462,0.0,0.0
so_00124,su_00860,2026-08-15 14:52:00.538424016,9990.0,last_touch,st_000830,cmp_000,pl_016,cr_001,lead,2026-08-14 00:12:40.067207794,1.0,9990.0
so_00125,su_00862,2026-08-13 04:07:10.174068953,3990.0,last_touch,st_000834,cmp_002,pl_002,cr_002,click,2026-08-08 09:50:27.822291318,0.0,0.0
so_00125,su_00862,2026-08-13 04:07:10.174068953,3990.0,last_touch,st_000835,cmp_002,pl_002,cr_002,bot_start,2026-08-08 09:56:40.625062881,0.0,0.0
so_00125,su_00862,2026-08-13 04:07:10.174068953,3990.0,last_touch,st_000836,cmp_002,pl_002,cr_002,lead,2026-08-08 12:06:58.183793726,1.0,3990.0
so_00126,su_00865,2026-09-13 06:06:38.442348165,5990.0,last_touch,st_000837,cmp_001,pl_001,cr_001,click,2026-09-06 15:27:32.417598884,0.0,0.0
so_00126,su_00865,2026-09-13 06:06:38.442348165,5990.0,last_touch,st_000838,cmp_001,pl_001,cr_001,bot_start,2026-09-06 15:45:22.325493837,0.0,0.0
so_00126,su_00865,2026-09-13 06:06:38.442348165,5990.0,last_touch,st_000839,cmp_001,pl_001,cr_001,lead,2026-09-07 02:28:09.847930271,1.0,5990.0
so_00127,su_00868,2026-08-28 08:33:22.852036246,9990.0,last_touch,st_000841,cmp_006,pl_022,cr_007,click,2026-08-21 10:33:59.116473352,0.0,0.0
so_00127,su_00868,2026-08-28 08:33:22.852036246,9990.0,last_touch,st_000842,cmp_006,pl_022,cr_007,bot_start,2026-08-21 10:38:45.397279099,0.0,0.0
so_00127,su_00868,2026-08-28 08:33:22.852036246,9990.0,last_touch,st_000843,cmp_006,pl_022,cr_007,lead,2026-08-22 03:30:10.462615577,1.0,9990.0
so_00128,su_00885,2026-09-04 19:51:04.947882371,19990.0,last_touch,st_000853,cmp_004,pl_012,cr_012,lead,2026-08-29 04:46:12.381537630,1.0,19990.0
so_00129,su_00931,2026-09-12 06:11:23.650418766,3990.0,last_touch,st_000878,cmp_007,pl_007,cr_007,click,2026-09-10 06:25:41.188247298,0.0,0.0
so_00129,su_00931,2026-09-12 06:11:23.650418766,3990.0,last_touch,st_000879,cmp_007,pl_007,cr_007,bot_start,2026-09-10 06:35:39.602861020,0.0,0.0
so_00129,su_00931,2026-09-12 06:11:23.650418766,3990.0,last_touch,st_000880,cmp_007,pl_007,cr_007,lead,2026-09-10 13:22:52.869142828,1.0,3990.0
so_00130,su_00934,2026-08-24 20:23:45.477190256,3990.0,last_touch,st_000881,cmp_002,pl_026,cr_011,click,2026-08-20 23:34:50.188367832,0.0,0.0
so_00130,su_00934,2026-08-24 20:23:45.477190256,3990.0,last_touch,st_000882,cmp_002,pl_026,cr_011,bot_start,2026-08-20 23:55:11.514785348,0.0,0.0
so_00130,su_00934,2026-08-24 20:23:45.477190256,3990.0,last_touch,st_000883,cmp_002,pl_026,cr_011,lead,2026-08-21 15:44:34.816464479,1.0,3990.0
so_00131,su_00937,2026-08-26 13:38:35.576094572,5990.0,last_touch,st_000884,cmp_001,pl_009,cr_009,click,2026-08-20 11:17:02.029046532,0.0,0.0
so_00131,su_00937,2026-08-26 13:38:35.576094572,5990.0,last_touch,st_000885,cmp_001,pl_009,cr_009,bot_start,2026-08-20 11:32:27.782850262,0.0,0.0
so_00131,su_00937,2026-08-26 13:38:35.576094572,5990.0,last_touch,st_000886,cmp_001,pl_009,cr_009,lead,2026-08-21 04:21:32.585813812,1.0,5990.0
so_00132,su_00939,2026-09-17 08:23:33.617756905,5990.0,last_touch,st_000888,cmp_004,pl_020,cr_005,click,2026-09-11 01:40:51.394171484,0.0,0.0
so_00132,su_00939,2026-09-17 08:23:33.617756905,5990.0,last_touch,st_000889,cmp_004,pl_020,cr_005,bot_start,2026-09-11 01:46:30.268287002,0.0,0.0
so_00132,su_00939,2026-09-17 08:23:33.617756905,5990.0,last_touch,st_000890,cmp_004,pl_020,cr_005,lead,2026-09-11 14:02:43.762804966,1.0,5990.0
so_00133,su_00955,2026-08-17 14:16:02.879731623,5990.0,last_touch,st_000908,cmp_007,pl_023,cr_008,click,2026-08-11 21:23:59.435319025,0.0,0.0
so_00133,su_00955,2026-08-17 14:16:02.879731623,5990.0,last_touch,st_000909,cmp_007,pl_023,cr_008,bot_start,2026-08-11 21:51:37.774000405,0.0,0.0
so_00133,su_00955,2026-08-17 14:16:02.879731623,5990.0,last_touch,st_000910,cmp_007,pl_023,cr_008,lead,2026-08-11 22:39:44.566628233,1.0,5990.0
so_00134,su_00964,2026-09-04 11:01:08.871841834,14990.0,last_touch,st_000915,cmp_004,pl_012,cr_012,click,2026-08-29 04:20:27.497503422,0.0,0.0
so_00134,su_00964,2026-09-04 11:01:08.871841834,14990.0,last_touch,st_000916,cmp_004,pl_012,cr_012,bot_start,2026-08-29 04:32:33.318080058,0.0,0.0
so_00134,su_00964,2026-09-04 11:01:08.871841834,14990.0,last_touch,st_000917,cmp_004,pl_012,cr_012,lead,2026-08-30 03:24:56.766773841,1.0,14990.0
so_00135,su_00965,2026-09-03 01:45:19.897133803,3990.0,last_touch,st_000918,cmp_005,pl_013,cr_013,click,2026-09-01 05:40:54.068465946,0.0,0.0
so_00135,su_00965,2026-09-03 01:45:19.897133803,3990.0,last_touch,st_000919,cmp_005,pl_013,cr_013,bot_start,2026-09-01 06:01:49.271430548,0.0,0.0
so_00135,su_00965,2026-09-03 01:45:19.897133803,3990.0,last_touch,st_000920,cmp_005,pl_013,cr_013,lead,2026-09-01 08:05:19.335801282,1.0,3990.0
so_00136,su_00969,2026-08-25 08:48:58.355670412,5990.0,last_touch,st_000921,cmp_001,pl_009,cr_009,click,2026-08-20 23:20:57.198186520,0.0,0.0
so_00136,su_00969,2026-08-25 08:48:58.355670412,5990.0,last_touch,st_000922,cmp_001,pl_009,cr_009,bot_start,2026-08-20 23:27:26.591251528,0.0,0.0
so_00136,su_00969,2026-08-25 08:48:58.355670412,5990.0,last_touch,st_000923,cmp_001,pl_009,cr_009,lead,2026-08-21 02:12:38.000141039,1.0,5990.0
so_00137,su_00976,2026-08-11 21:28:00.116174350,14990.0,last_touch,st_000932,cmp_002,pl_002,cr_002,click,2026-08-09 15:34:14.790997102,0.0,0.0
so_00137,su_00976,2026-08-11 21:28:00.116174350,14990.0,last_touch,st_000933,cmp_002,pl_002,cr_002,bot_start,2026-08-09 15:53:18.592900033,0.0,0.0
so_00137,su_00976,2026-08-11 21:28:00.116174350,14990.0,last_touch,st_000934,cmp_002,pl_002,cr_002,lead,2026-08-10 12:07:24.625878265,1.0,14990.0
so_00138,su_00981,2026-08-16 11:30:03.320245233,9990.0,last_touch,st_000941,cmp_000,pl_016,cr_001,click,2026-08-12 13:07:55.210614174,0.0,0.0
so_00138,su_00981,2026-08-16 11:30:03.320245233,9990.0,last_touch,st_000942,cmp_000,pl_016,cr_001,bot_start,2026-08-12 13:25:18.396650652,0.0,0.0
so_00138,su_00981,2026-08-16 11:30:03.320245233,9990.0,last_touch,st_000943,cmp_000,pl_016,cr_001,lead,2026-08-13 01:54:03.176713403,1.0,9990.0
so_00139,su_00982,2026-09-07 02:37:46.148022555,3990.0,last_touch,st_000944,cmp_005,pl_013,cr_013,click,2026-09-03 18:35:56.873318428,0.0,0.0
so_00139,su_00982,2026-09-07 02:37:46.148022555,3990.0,last_touch,st_000945,cmp_005,pl_013,cr_013,bot_start,2026-09-03 19:00:41.061411173,0.0,0.0
so_00139,su_00982,2026-09-07 02:37:46.148022555,3990.0,last_touch,st_000946,cmp_005,pl_013,cr_013,lead,2026-09-04 03:47:07.265837231,1.0,3990.0
so_00140,su_00986,2026-09-13 06:05:36.925973228,19990.0,last_touch,st_000954,cmp_003,pl_003,cr_003,click,2026-09-11 14:47:44.655781414,0.0,0.0
so_00140,su_00986,2026-09-13 06:05:36.925973228,19990.0,last_touch,st_000955,cmp_003,pl_003,cr_003,bot_start,2026-09-11 15:11:58.528252151,0.0,0.0
so_00140,su_00986,2026-09-13 06:05:36.925973228,19990.0,last_touch,st_000956,cmp_003,pl_003,cr_003,lead,2026-09-11 16:21:33.251260071,1.0,19990.0
so_00141,su_00999,2026-09-13 13:56:14.165921709,5990.0,last_touch,st_000964,cmp_007,pl_007,cr_007,click,2026-09-09 21:19:55.182459614,0.0,0.0
so_00141,su_00999,2026-09-13 13:56:14.165921709,5990.0,last_touch,st_000965,cmp_007,pl_007,cr_007,bot_start,2026-09-09 21:38:14.963413638,0.0,0.0
so_00141,su_00999,2026-09-13 13:56:14.165921709,5990.0,last_touch,st_000966,cmp_007,pl_007,cr_007,lead,2026-09-10 18:01:52.213397955,1.0,5990.0
so_00000,su_00000,2026-09-07 08:24:40.050140554,19990.0,linear,st_000000,cmp_005,pl_013,cr_013,click,2026-09-01 08:18:50.301833987,0.3333333333333333,6663.333333333333
so_00000,su_00000,2026-09-07 08:24:40.050140554,19990.0,linear,st_000001,cmp_005,pl_013,cr_013,bot_start,2026-09-01 08:41:14.069581612,0.3333333333333333,6663.333333333333
so_00000,su_00000,2026-09-07 08:24:40.050140554,19990.0,linear,st_000002,cmp_005,pl_013,cr_013,lead,2026-09-02 02:52:01.095742690,0.3333333333333333,6663.333333333333
so_00001,su_00014,2026-08-15 11:04:25.129217907,19990.0,linear,st_000011,cmp_001,pl_025,cr_010,click,2026-08-13 19:35:50.466075827,0.3333333333333333,6663.333333333333
so_00001,su_00014,2026-08-15 11:04:25.129217907,19990.0,linear,st_000012,cmp_001,pl_025,cr_010,bot_start,2026-08-13 20:03:58.309058113,0.3333333333333333,6663.333333333333
so_00001,su_00014,2026-08-15 11:04:25.129217907,19990.0,linear,st_000013,cmp_001,pl_025,cr_010,lead,2026-08-14 01:37:22.391091702,0.3333333333333333,6663.333333333333
so_00002,su_00032,2026-09-13 13:07:11.013625416,9990.0,linear,st_000029,cmp_007,pl_007,cr_007,click,2026-09-08 16:46:08.281499167,0.3333333333333333,3330.0
so_00002,su_00032,2026-09-13 13:07:11.013625416,9990.0,linear,st_000030,cmp_007,pl_007,cr_007,bot_start,2026-09-08 17:09:57.051998905,0.3333333333333333,3330.0
so_00002,su_00032,2026-09-13 13:07:11.013625416,9990.0,linear,st_000031,cmp_007,pl_007,cr_007,lead,2026-09-09 14:19:00.454232507,0.3333333333333333,3330.0
so_00003,su_00043,2026-09-17 07:54:58.083047185,5990.0,linear,st_000034,cmp_004,pl_020,cr_005,click,2026-09-10 08:59:22.492756744,0.3333333333333333,1996.6666666666665
so_00003,su_00043,2026-09-17 07:54:58.083047185,5990.0,linear,st_000035,cmp_004,pl_020,cr_005,bot_start,2026-09-10 09:04:25.437915015,0.3333333333333333,1996.6666666666665
so_00003,su_00043,2026-09-17 07:54:58.083047185,5990.0,linear,st_000036,cmp_004,pl_020,cr_005,lead,2026-09-10 17:39:39.773119174,0.3333333333333333,1996.6666666666665
so_00004,su_00056,2026-08-28 07:21:26.895222237,9990.0,linear,st_000044,cmp_006,pl_022,cr_007,click,2026-08-22 18:05:54.370510437,0.3333333333333333,3330.0
so_00004,su_00056,2026-08-28 07:21:26.895222237,9990.0,linear,st_000045,cmp_006,pl_022,cr_007,bot_start,2026-08-22 18:17:23.552821893,0.3333333333333333,3330.0
so_00004,su_00056,2026-08-28 07:21:26.895222237,9990.0,linear,st_000046,cmp_006,pl_022,cr_007,lead,2026-08-22 20:53:56.676524144,0.3333333333333333,3330.0
so_00005,su_00062,2026-09-11 21:26:23.089519975,3990.0,linear,st_000050,cmp_003,pl_003,cr_003,click,2026-09-09 19:00:23.647480160,0.3333333333333333,1330.0
so_00005,su_00062,2026-09-11 21:26:23.089519975,3990.0,linear,st_000051,cmp_003,pl_003,cr_003,bot_start,2026-09-09 19:28:49.154434334,0.3333333333333333,1330.0
so_00005,su_00062,2026-09-11 21:26:23.089519975,3990.0,linear,st_000052,cmp_003,pl_003,cr_003,lead,2026-09-10 14:05:36.568310424,0.3333333333333333,1330.0
so_00006,su_00063,2026-09-01 07:49:26.294310982,9990.0,linear,st_000053,cmp_003,pl_019,cr_004,click,2026-08-30 14:07:58.052554127,0.3333333333333333,3330.0
so_00006,su_00063,2026-09-01 07:49:26.294310982,9990.0,linear,st_000054,cmp_003,pl_019,cr_004,bot_start,2026-08-30 14:29:54.170350479,0.3333333333333333,3330.0
so_00006,su_00063,2026-09-01 07:49:26.294310982,9990.0,linear,st_000055,cmp_003,pl_019,cr_004,lead,2026-08-31 13:00:36.426282268,0.3333333333333333,3330.0
so_00007,su_00064,2026-08-20 06:10:17.659163252,9990.0,linear,st_000056,cmp_004,pl_028,cr_013,click,2026-08-18 13:00:39.032584449,0.3333333333333333,3330.0
so_00007,su_00064,2026-08-20 06:10:17.659163252,9990.0,linear,st_000057,cmp_004,pl_028,cr_013,bot_start,2026-08-18 13:15:30.659634936,0.3333333333333333,3330.0
so_00007,su_00064,2026-08-20 06:10:17.659163252,9990.0,linear,st_000058,cmp_004,pl_028,cr_013,lead,2026-08-18 15:19:44.118482679,0.3333333333333333,3330.0
so_00008,su_00074,2026-08-27 21:20:45.629764405,5990.0,linear,st_000063,cmp_006,pl_022,cr_007,click,2026-08-22 19:40:17.445461212,0.3333333333333333,1996.6666666666665
so_00008,su_00074,2026-08-27 21:20:45.629764405,5990.0,linear,st_000064,cmp_006,pl_022,cr_007,bot_start,2026-08-22 19:49:13.213142912,0.3333333333333333,1996.6666666666665
so_00008,su_00074,2026-08-27 21:20:45.629764405,5990.0,linear,st_000065,cmp_006,pl_022,cr_007,lead,2026-08-22 23:18:40.779521548,0.3333333333333333,1996.6666666666665
so_00009,su_00076,2026-09-07 10:30:24.016471102,19990.0,linear,st_000066,cmp_005,pl_013,cr_013,click,2026-09-01 18:53:44.728035475,0.3333333333333333,6663.333333333333
so_00009,su_00076,2026-09-07 10:30:24.016471102,19990.0,linear,st_000067,cmp_005,pl_013,cr_013,bot_start,2026-09-01 18:59:51.586738441,0.3333333333333333,6663.333333333333
so_00009,su_00076,2026-09-07 10:30:24.016471102,19990.0,linear,st_000068,cmp_005,pl_013,cr_013,lead,2026-09-02 04:42:39.864634787,0.3333333333333333,6663.333333333333
so_00010,su_00081,2026-09-11 22:00:16.661040231,14990.0,linear,st_000070,cmp_007,pl_015,cr_000,click,2026-09-07 10:32:53.340705019,0.3333333333333333,4996.666666666666
so_00010,su_00081,2026-09-11 22:00:16.661040231,14990.0,linear,st_000071,cmp_007,pl_015,cr_000,bot_start,2026-09-07 10:34:20.842371484,0.3333333333333333,4996.666666666666
so_00010,su_00081,2026-09-11 22:00:16.661040231,14990.0,linear,st_000072,cmp_007,pl_015,cr_000,lead,2026-09-07 22:41:19.851908512,0.3333333333333333,4996.666666666666
so_00011,su_00107,2026-08-27 00:22:47.212058870,19990.0,linear,st_000089,cmp_002,pl_026,cr_011,click,2026-08-22 10:16:10.680852390,0.3333333333333333,6663.333333333333
so_00011,su_00107,2026-08-27 00:22:47.212058870,19990.0,linear,st_000090,cmp_002,pl_026,cr_011,bot_start,2026-08-22 10:20:35.729239966,0.3333333333333333,6663.333333333333
so_00011,su_00107,2026-08-27 00:22:47.212058870,19990.0,linear,st_000091,cmp_002,pl_026,cr_011,lead,2026-08-22 22:39:38.948908503,0.3333333333333333,6663.333333333333
so_00012,su_00130,2026-08-23 10:37:40.284261943,14990.0,linear,st_000102,cmp_002,pl_026,cr_011,click,2026-08-21 12:40:46.148562354,0.3333333333333333,4996.666666666666
so_00012,su_00130,2026-08-23 10:37:40.284261943,14990.0,linear,st_000103,cmp_002,pl_026,cr_011,bot_start,2026-08-21 12:55:19.863829617,0.3333333333333333,4996.666666666666
so_00012,su_00130,2026-08-23 10:37:40.284261943,14990.0,linear,st_000104,cmp_002,pl_026,cr_011,lead,2026-08-22 08:08:29.832170924,0.3333333333333333,4996.666666666666
so_00013,su_00132,2026-09-14 16:31:18.206618211,5990.0,linear,st_000107,cmp_004,pl_020,cr_005,click,2026-09-09 16:44:33.056968252,0.3333333333333333,1996.6666666666665
so_00013,su_00132,2026-09-14 16:31:18.206618211,5990.0,linear,st_000108,cmp_004,pl_020,cr_005,bot_start,2026-09-09 16:53:57.368326350,0.3333333333333333,1996.6666666666665
so_00013,su_00132,2026-09-14 16:31:18.206618211,5990.0,linear,st_000109,cmp_004,pl_020,cr_005,lead,2026-09-10 08:00:46.896119707,0.3333333333333333,1996.6666666666665
so_00014,su_00133,2026-08-16 20:53:51.640137130,14990.0,linear,st_000110,cmp_000,pl_016,cr_001,click,2026-08-11 10:38:06.781536112,0.3333333333333333,4996.666666666666
so_00014,su_00133,2026-08-16 20:53:51.640137130,14990.0,linear,st_000111,cmp_000,pl_016,cr_001,bot_start,2026-08-11 10:50:58.502665871,0.3333333333333333,4996.666666666666
so_00014,su_00133,2026-08-16 20:53:51.640137130,14990.0,linear,st_000112,cmp_000,pl_016,cr_001,lead,2026-08-11 16:34:30.829365941,0.3333333333333333,4996.666666666666
so_00015,su_00140,2026-08-22 21:47:00.303230140,3990.0,linear,st_000116,cmp_005,pl_021,cr_006,click,2026-08-17 18:35:12.104281148,0.3333333333333333,1330.0
so_00015,su_00140,2026-08-22 21:47:00.303230140,3990.0,linear,st_000117,cmp_005,pl_021,cr_006,bot_start,2026-08-17 19:03:29.577016638,0.3333333333333333,1330.0
so_00015,su_00140,2026-08-22 21:47:00.303230140,3990.0,linear,st_000118,cmp_005,pl_021,cr_006,lead,2026-08-18 10:17:03.254833844,0.3333333333333333,1330.0
so_00016,su_00146,2026-09-11 05:32:40.465411243,19990.0,linear,st_000122,cmp_003,pl_027,cr_012,click,2026-09-06 05:00:26.261116437,0.3333333333333333,6663.333333333333
so_00016,su_00146,2026-09-11 05:32:40.465411243,19990.0,linear,st_000123,cmp_003,pl_027,cr_012,bot_start,2026-09-06 05:10:44.540245313,0.3333333333333333,6663.333333333333
so_00016,su_00146,2026-09-11 05:32:40.465411243,19990.0,linear,st_000124,cmp_003,pl_027,cr_012,lead,2026-09-06 18:51:26.306133259,0.3333333333333333,6663.333333333333
so_00017,su_00154,2026-08-30 07:06:27.191034665,19990.0,linear,st_000131,cmp_001,pl_017,cr_002,lead,2026-08-23 15:53:05.719198940,1.0,19990.0
so_00018,su_00155,2026-08-25 07:07:42.901162958,5990.0,linear,st_000132,cmp_001,pl_009,cr_009,click,2026-08-21 11:58:04.614800997,0.3333333333333333,1996.6666666666665
so_00018,su_00155,2026-08-25 07:07:42.901162958,5990.0,linear,st_000133,cmp_001,pl_009,cr_009,bot_start,2026-08-21 12:00:24.590854848,0.3333333333333333,1996.6666666666665
so_00018,su_00155,2026-08-25 07:07:42.901162958,5990.0,linear,st_000134,cmp_001,pl_009,cr_009,lead,2026-08-22 05:13:29.821671092,0.3333333333333333,1996.6666666666665
so_00019,su_00156,2026-09-10 01:06:41.680638822,19990.0,linear,st_000135,cmp_007,pl_015,cr_000,click,2026-09-08 04:28:42.678947451,0.3333333333333333,6663.333333333333
so_00019,su_00156,2026-09-10 01:06:41.680638822,19990.0,linear,st_000136,cmp_007,pl_015,cr_000,bot_start,2026-09-08 04:43:29.218000018,0.3333333333333333,6663.333333333333
so_00019,su_00156,2026-09-10 01:06:41.680638822,19990.0,linear,st_000137,cmp_007,pl_015,cr_000,lead,2026-09-08 10:59:44.104883297,0.3333333333333333,6663.333333333333
so_00020,su_00174,2026-09-07 02:47:47.043167081,5990.0,linear,st_000146,cmp_004,pl_004,cr_004,click,2026-09-02 12:31:11.696896310,0.3333333333333333,1996.6666666666665
so_00020,su_00174,2026-09-07 02:47:47.043167081,5990.0,linear,st_000147,cmp_004,pl_004,cr_004,bot_start,2026-09-02 12:44:12.672459580,0.3333333333333333,1996.6666666666665
so_00020,su_00174,2026-09-07 02:47:47.043167081,5990.0,linear,st_000148,cmp_004,pl_004,cr_004,lead,2026-09-02 19:48:29.905901654,0.3333333333333333,1996.6666666666665
so_00021,su_00192,2026-09-15 08:17:32.252386001,5990.0,linear,st_000161,cmp_007,pl_007,cr_007,click,2026-09-09 23:49:25.811345393,0.3333333333333333,1996.6666666666665
so_00021,su_00192,2026-09-15 08:17:32.252386001,5990.0,linear,st_000162,cmp_007,pl_007,cr_007,bot_start,2026-09-09 23:51:33.635462307,0.3333333333333333,1996.6666666666665
so_00021,su_00192,2026-09-15 08:17:32.252386001,5990.0,linear,st_000163,cmp_007,pl_007,cr_007,lead,2026-09-10 03:16:18.794868005,0.3333333333333333,1996.6666666666665
so_00022,su_00195,2026-09-05 08:48:26.671595830,9990.0,linear,st_000167,cmp_005,pl_029,cr_014,click,2026-09-03 22:22:30.930739813,0.3333333333333333,3330.0
so_00022,su_00195,2026-09-05 08:48:26.671595830,9990.0,linear,st_000168,cmp_005,pl_029,cr_014,bot_start,2026-09-03 22:30:28.963909819,0.3333333333333333,3330.0
so_00022,su_00195,2026-09-05 08:48:26.671595830,9990.0,linear,st_000169,cmp_005,pl_029,cr_014,lead,2026-09-03 23:46:44.689867326,0.3333333333333333,3330.0
so_00023,su_00205,2026-08-18 19:18:33.064727018,19990.0,linear,st_000172,cmp_007,pl_023,cr_008,click,2026-08-12 06:21:51.334778597,0.3333333333333333,6663.333333333333
so_00023,su_00205,2026-08-18 19:18:33.064727018,19990.0,linear,st_000173,cmp_007,pl_023,cr_008,bot_start,2026-08-12 06:35:51.230770970,0.3333333333333333,6663.333333333333
so_00023,su_00205,2026-08-18 19:18:33.064727018,19990.0,linear,st_000174,cmp_007,pl_023,cr_008,lead,2026-08-12 16:19:36.612794778,0.3333333333333333,6663.333333333333
so_00024,su_00206,2026-08-27 00:31:29.108526508,5990.0,linear,st_000175,cmp_006,pl_022,cr_007,click,2026-08-22 21:23:42.618985368,0.3333333333333333,1996.6666666666665
so_00024,su_00206,2026-08-27 00:31:29.108526508,5990.0,linear,st_000176,cmp_006,pl_022,cr_007,bot_start,2026-08-22 21:32:10.446810083,0.3333333333333333,1996.6666666666665
so_00024,su_00206,2026-08-27 00:31:29.108526508,5990.0,linear,st_000177,cmp_006,pl_022,cr_007,lead,2026-08-23 01:36:12.873428552,0.3333333333333333,1996.6666666666665
so_00025,su_00214,2026-09-16 17:16:13.533117664,9990.0,linear,st_000182,cmp_006,pl_014,cr_014,lead,2026-09-10 07:09:32.608322573,1.0,9990.0
so_00026,su_00215,2026-09-18 15:11:48.637986139,9990.0,linear,st_000183,cmp_003,pl_003,cr_003,click,2026-09-11 22:35:54.243506908,0.3333333333333333,3330.0
so_00026,su_00215,2026-09-18 15:11:48.637986139,9990.0,linear,st_000184,cmp_003,pl_003,cr_003,bot_start,2026-09-11 22:47:12.230410277,0.3333333333333333,3330.0
so_00026,su_00215,2026-09-18 15:11:48.637986139,9990.0,linear,st_000185,cmp_003,pl_003,cr_003,lead,2026-09-12 09:03:59.508543969,0.3333333333333333,3330.0
so_00027,su_00219,2026-08-27 20:38:01.880791635,14990.0,linear,st_000187,cmp_002,pl_010,cr_010,click,2026-08-24 22:43:44.167743277,0.3333333333333333,4996.666666666666
so_00027,su_00219,2026-08-27 20:38:01.880791635,14990.0,linear,st_000188,cmp_002,pl_010,cr_010,bot_start,2026-08-24 22:55:25.086588996,0.3333333333333333,4996.666666666666
so_00027,su_00219,2026-08-27 20:38:01.880791635,14990.0,linear,st_000189,cmp_002,pl_010,cr_010,lead,2026-08-25 06:24:00.160462923,0.3333333333333333,4996.666666666666
so_00028,su_00230,2026-08-26 01:17:36.780255520,14990.0,linear,st_000201,cmp_001,pl_009,cr_009,click,2026-08-22 16:20:30.395296221,0.3333333333333333,4996.666666666666
so_00028,su_00230,2026-08-26 01:17:36.780255520,14990.0,linear,st_000202,cmp_001,pl_009,cr_009,bot_start,2026-08-22 16:35:36.114030456,0.3333333333333333,4996.666666666666
so_00028,su_00230,2026-08-26 01:17:36.780255520,14990.0,linear,st_000203,cmp_001,pl_009,cr_009,lead,2026-08-23 00:43:20.968267990,0.3333333333333333,4996.666666666666
so_00029,su_00232,2026-08-17 04:58:19.336101571,3990.0,linear,st_000206,cmp_002,pl_002,cr_002,click,2026-08-10 05:51:19.958589951,0.3333333333333333,1330.0
so_00029,su_00232,2026-08-17 04:58:19.336101571,3990.0,linear,st_000207,cmp_002,pl_002,cr_002,bot_start,2026-08-10 05:54:16.500332800,0.3333333333333333,1330.0
so_00029,su_00232,2026-08-17 04:58:19.336101571,3990.0,linear,st_000208,cmp_002,pl_002,cr_002,lead,2026-08-10 08:17:27.961638981,0.3333333333333333,1330.0
so_00030,su_00239,2026-08-25 02:10:45.763942643,19990.0,linear,st_000214,cmp_001,pl_017,cr_002,click,2026-08-21 10:38:54.089233021,0.3333333333333333,6663.333333333333
so_00030,su_00239,2026-08-25 02:10:45.763942643,19990.0,linear,st_000215,cmp_001,pl_017,cr_002,bot_start,2026-08-21 11:05:36.311826664,0.3333333333333333,6663.333333333333
so_00030,su_00239,2026-08-25 02:10:45.763942643,19990.0,linear,st_000216,cmp_001,pl_017,cr_002,lead,2026-08-22 03:41:45.468625038,0.3333333333333333,6663.333333333333
so_00031,su_00254,2026-09-12 16:03:17.894148343,14990.0,linear,st_000228,cmp_004,pl_020,cr_005,click,2026-09-11 18:58:54.699433646,0.3333333333333333,4996.666666666666
so_00031,su_00254,2026-09-12 16:03:17.894148343,14990.0,linear,st_000229,cmp_004,pl_020,cr_005,bot_start,2026-09-11 19:05:46.884619982,0.3333333333333333,4996.666666666666
so_00031,su_00254,2026-09-12 16:03:17.894148343,14990.0,linear,st_000230,cmp_004,pl_020,cr_005,lead,2026-09-12 06:54:31.243228318,0.3333333333333333,4996.666666666666
so_00032,su_00273,2026-08-12 02:44:38.308486001,14990.0,linear,st_000244,cmp_005,pl_005,cr_005,click,2026-08-09 21:14:26.006311579,0.3333333333333333,4996.666666666666
so_00032,su_00273,2026-08-12 02:44:38.308486001,14990.0,linear,st_000245,cmp_005,pl_005,cr_005,bot_start,2026-08-09 21:30:12.944619764,0.3333333333333333,4996.666666666666
so_00032,su_00273,2026-08-12 02:44:38.308486001,14990.0,linear,st_000246,cmp_005,pl_005,cr_005,lead,2026-08-10 08:16:22.238410912,0.3333333333333333,4996.666666666666
so_00033,su_00274,2026-08-14 00:37:34.152387601,9990.0,linear,st_000249,cmp_003,pl_011,cr_011,lead,2026-08-07 09:55:33.094292455,1.0,9990.0
so_00034,su_00288,2026-08-20 05:19:47.153781361,19990.0,linear,st_000254,cmp_004,pl_028,cr_013,click,2026-08-18 09:51:14.809364353,0.3333333333333333,6663.333333333333
so_00034,su_00288,2026-08-20 05:19:47.153781361,19990.0,linear,st_000255,cmp_004,pl_028,cr_013,bot_start,2026-08-18 10:11:36.079949644,0.3333333333333333,6663.333333333333
so_00034,su_00288,2026-08-20 05:19:47.153781361,19990.0,linear,st_000256,cmp_004,pl_028,cr_013,lead,2026-08-19 04:23:58.841585958,0.3333333333333333,6663.333333333333
so_00035,su_00292,2026-08-23 22:02:29.581636044,19990.0,linear,st_000259,cmp_001,pl_017,cr_002,click,2026-08-22 23:47:23.980168586,0.3333333333333333,6663.333333333333
so_00035,su_00292,2026-08-23 22:02:29.581636044,19990.0,linear,st_000260,cmp_001,pl_017,cr_002,bot_start,2026-08-23 00:04:39.030747570,0.3333333333333333,6663.333333333333
so_00035,su_00292,2026-08-23 22:02:29.581636044,19990.0,linear,st_000261,cmp_001,pl_017,cr_002,lead,2026-08-23 07:21:30.615136466,0.3333333333333333,6663.333333333333
so_00036,su_00299,2026-08-15 04:56:16.968589774,5990.0,linear,st_000268,cmp_000,pl_016,cr_001,click,2026-08-11 10:21:08.476069341,0.3333333333333333,1996.6666666666665
so_00036,su_00299,2026-08-15 04:56:16.968589774,5990.0,linear,st_000269,cmp_000,pl_016,cr_001,bot_start,2026-08-11 10:35:41.531729473,0.3333333333333333,1996.6666666666665
so_00036,su_00299,2026-08-15 04:56:16.968589774,5990.0,linear,st_000270,cmp_000,pl_016,cr_001,lead,2026-08-11 21:36:21.054841912,0.3333333333333333,1996.6666666666665
so_00037,su_00311,2026-09-12 07:18:45.928737429,3990.0,linear,st_000280,cmp_007,pl_015,cr_000,click,2026-09-08 17:26:03.346449155,0.3333333333333333,1330.0
so_00037,su_00311,2026-09-12 07:18:45.928737429,3990.0,linear,st_000281,cmp_007,pl_015,cr_000,bot_start,2026-09-08 17:35:43.187232038,0.3333333333333333,1330.0
so_00037,su_00311,2026-09-12 07:18:45.928737429,3990.0,linear,st_000282,cmp_007,pl_015,cr_000,lead,2026-09-09 01:56:47.527759270,0.3333333333333333,1330.0
so_00038,su_00313,2026-08-24 01:22:52.494773876,3990.0,linear,st_000283,cmp_001,pl_017,cr_002,click,2026-08-23 13:37:56.313671886,0.3333333333333333,1330.0
so_00038,su_00313,2026-08-24 01:22:52.494773876,3990.0,linear,st_000284,cmp_001,pl_017,cr_002,bot_start,2026-08-23 14:01:38.318417503,0.3333333333333333,1330.0
so_00038,su_00313,2026-08-24 01:22:52.494773876,3990.0,linear,st_000285,cmp_001,pl_017,cr_002,lead,2026-08-23 18:54:49.932390136,0.3333333333333333,1330.0
so_00039,su_00318,2026-09-05 11:47:23.700738929,3990.0,linear,st_000289,cmp_004,pl_004,cr_004,click,2026-09-04 08:26:33.281301132,0.3333333333333333,1330.0
so_00039,su_00318,2026-09-05 11:47:23.700738929,3990.0,linear,st_000290,cmp_004,pl_004,cr_004,bot_start,2026-09-04 08:46:21.839718290,0.3333333333333333,1330.0
so_00039,su_00318,2026-09-05 11:47:23.700738929,3990.0,linear,st_000291,cmp_004,pl_004,cr_004,lead,2026-09-04 15:22:36.034244819,0.3333333333333333,1330.0
so_00040,su_00333,2026-08-21 15:57:32.788562204,14990.0,linear,st_000296,cmp_006,pl_006,cr_006,click,2026-08-19 02:01:49.940582795,0.3333333333333333,4996.666666666666
so_00040,su_00333,2026-08-21 15:57:32.788562204,14990.0,linear,st_000297,cmp_006,pl_006,cr_006,bot_start,2026-08-19 02:26:47.894939747,0.3333333333333333,4996.666666666666
so_00040,su_00333,2026-08-21 15:57:32.788562204,14990.0,linear,st_000298,cmp_006,pl_006,cr_006,lead,2026-08-19 18:03:39.869123235,0.3333333333333333,4996.666666666666
so_00041,su_00334,2026-08-13 06:59:34.377774321,9990.0,linear,st_000299,cmp_003,pl_011,cr_011,click,2026-08-07 16:30:13.557428168,0.3333333333333333,3330.0
so_00041,su_00334,2026-08-13 06:59:34.377774321,9990.0,linear,st_000300,cmp_003,pl_011,cr_011,bot_start,2026-08-07 16:37:17.960897907,0.3333333333333333,3330.0
so_00041,su_00334,2026-08-13 06:59:34.377774321,9990.0,linear,st_000301,cmp_003,pl_011,cr_011,lead,2026-08-07 22:35:11.945984137,0.3333333333333333,3330.0
so_00042,su_00336,2026-08-21 01:23:50.725387089,9990.0,linear,st_000303,cmp_004,pl_028,cr_013,click,2026-08-17 19:20:54.753908059,0.3333333333333333,3330.0
so_00042,su_00336,2026-08-21 01:23:50.725387089,9990.0,linear,st_000304,cmp_004,pl_028,cr_013,bot_start,2026-08-17 19:33:55.857359787,0.3333333333333333,3330.0
so_00042,su_00336,2026-08-21 01:23:50.725387089,9990.0,linear,st_000305,cmp_004,pl_028,cr_013,lead,2026-08-18 03:31:55.166884653,0.3333333333333333,3330.0
so_00043,su_00337,2026-08-31 01:55:32.025036361,3990.0,linear,st_000306,cmp_004,pl_012,cr_012,click,2026-08-30 03:57:49.809155749,0.3333333333333333,1330.0
so_00043,su_00337,2026-08-31 01:55:32.025036361,3990.0,linear,st_000307,cmp_004,pl_012,cr_012,bot_start,2026-08-30 04:16:51.146783062,0.3333333333333333,1330.0
so_00043,su_00337,2026-08-31 01:55:32.025036361,3990.0,linear,st_000308,cmp_004,pl_012,cr_012,lead,2026-08-30 05:15:25.238229132,0.3333333333333333,1330.0
so_00044,su_00338,2026-08-22 08:26:25.480174356,9990.0,linear,st_000309,cmp_001,pl_009,cr_009,click,2026-08-20 10:19:21.335247863,0.3333333333333333,3330.0
so_00044,su_00338,2026-08-22 08:26:25.480174356,9990.0,linear,st_000310,cmp_001,pl_009,cr_009,bot_start,2026-08-20 10:23:04.140758822,0.3333333333333333,3330.0
so_00044,su_00338,2026-08-22 08:26:25.480174356,9990.0,linear,st_000311,cmp_001,pl_009,cr_009,lead,2026-08-20 18:37:03.874794769,0.3333333333333333,3330.0
so_00045,su_00350,2026-09-08 13:15:18.946258789,9990.0,linear,st_000316,cmp_005,pl_013,cr_013,click,2026-09-03 01:52:59.630554815,0.3333333333333333,3330.0
so_00045,su_00350,2026-09-08 13:15:18.946258789,9990.0,linear,st_000317,cmp_005,pl_013,cr_013,bot_start,2026-09-03 02:11:05.865126724,0.3333333333333333,3330.0
so_00045,su_00350,2026-09-08 13:15:18.946258789,9990.0,linear,st_000318,cmp_005,pl_013,cr_013,lead,2026-09-03 16:30:23.046177174,0.3333333333333333,3330.0
so_00046,su_00351,2026-08-25 04:42:44.052716088,19990.0,linear,st_000321,cmp_005,pl_021,cr_006,lead,2026-08-18 07:55:56.404403170,1.0,19990.0
so_00047,su_00357,2026-09-10 04:21:48.684307896,5990.0,linear,st_000325,cmp_005,pl_029,cr_014,click,2026-09-05 10:22:01.328165995,0.3333333333333333,1996.6666666666665
so_00047,su_00357,2026-09-10 04:21:48.684307896,5990.0,linear,st_000326,cmp_005,pl_029,cr_014,bot_start,2026-09-05 10:31:14.558223418,0.3333333333333333,1996.6666666666665
so_00047,su_00357,2026-09-10 04:21:48.684307896,5990.0,linear,st_000327,cmp_005,pl_029,cr_014,lead,2026-09-05 15:19:43.274717581,0.3333333333333333,1996.6666666666665
so_00048,su_00385,2026-08-24 18:52:20.347788087,9990.0,linear,st_000354,cmp_000,pl_000,cr_000,click,2026-08-22 03:26:38.257008769,0.3333333333333333,3330.0
so_00048,su_00385,2026-08-24 18:52:20.347788087,9990.0,linear,st_000355,cmp_000,pl_000,cr_000,bot_start,2026-08-22 03:47:09.848263648,0.3333333333333333,3330.0
so_00048,su_00385,2026-08-24 18:52:20.347788087,9990.0,linear,st_000356,cmp_000,pl_000,cr_000,lead,2026-08-22 10:41:51.771890476,0.3333333333333333,3330.0
so_00049,su_00394,2026-08-09 10:05:46.320003864,19990.0,linear,st_000360,cmp_003,pl_011,cr_011,click,2026-08-06 22:18:39.083094789,0.3333333333333333,6663.333333333333
so_00049,su_00394,2026-08-09 10:05:46.320003864,19990.0,linear,st_000361,cmp_003,pl_011,cr_011,bot_start,2026-08-06 22:37:00.522665724,0.3333333333333333,6663.333333333333
so_00049,su_00394,2026-08-09 10:05:46.320003864,19990.0,linear,st_000362,cmp_003,pl_011,cr_011,lead,2026-08-07 02:01:32.930878233,0.3333333333333333,6663.333333333333
so_00050,su_00401,2026-08-31 12:05:31.222784651,3990.0,linear,st_000363,cmp_002,pl_010,cr_010,click,2026-08-27 02:57:43.888792708,0.3333333333333333,1330.0
so_00050,su_00401,2026-08-31 12:05:31.222784651,3990.0,linear,st_000364,cmp_002,pl_010,cr_010,bot_start,2026-08-27 02:58:51.481494143,0.3333333333333333,1330.0
so_00050,su_00401,2026-08-31 12:05:31.222784651,3990.0,linear,st_000365,cmp_002,pl_010,cr_010,lead,2026-08-28 01:30:02.950568274,0.3333333333333333,1330.0
so_00051,su_00403,2026-09-12 07:11:25.761051959,14990.0,linear,st_000366,cmp_001,pl_001,cr_001,click,2026-09-07 08:42:58.599141736,0.3333333333333333,4996.666666666666
so_00051,su_00403,2026-09-12 07:11:25.761051959,14990.0,linear,st_000367,cmp_001,pl_001,cr_001,bot_start,2026-09-07 08:52:20.273449726,0.3333333333333333,4996.666666666666
so_00051,su_00403,2026-09-12 07:11:25.761051959,14990.0,linear,st_000368,cmp_001,pl_001,cr_001,lead,2026-09-07 10:00:12.272177701,0.3333333333333333,4996.666666666666
so_00052,su_00409,2026-08-25 22:42:17.144770586,5990.0,linear,st_000373,cmp_000,pl_000,cr_000,click,2026-08-22 07:57:21.688827574,0.3333333333333333,1996.6666666666665
so_00052,su_00409,2026-08-25 22:42:17.144770586,5990.0,linear,st_000374,cmp_000,pl_000,cr_000,bot_start,2026-08-22 08:21:47.319830462,0.3333333333333333,1996.6666666666665
so_00052,su_00409,2026-08-25 22:42:17.144770586,5990.0,linear,st_000375,cmp_000,pl_000,cr_000,lead,2026-08-22 13:26:30.588106787,0.3333333333333333,1996.6666666666665
so_00053,su_00410,2026-08-31 16:09:00.369231729,3990.0,linear,st_000376,cmp_002,pl_010,cr_010,click,2026-08-25 00:42:55.469011468,0.3333333333333333,1330.0
so_00053,su_00410,2026-08-31 16:09:00.369231729,3990.0,linear,st_000377,cmp_002,pl_010,cr_010,bot_start,2026-08-25 01:11:35.617417049,0.3333333333333333,1330.0
so_00053,su_00410,2026-08-31 16:09:00.369231729,3990.0,linear,st_000378,cmp_002,pl_010,cr_010,lead,2026-08-25 10:02:25.903193271,0.3333333333333333,1330.0
so_00054,su_00414,2026-08-25 18:48:40.851367893,9990.0,linear,st_000382,cmp_000,pl_024,cr_009,click,2026-08-23 07:20:45.987358137,0.3333333333333333,3330.0
so_00054,su_00414,2026-08-25 18:48:40.851367893,9990.0,linear,st_000383,cmp_000,pl_024,cr_009,bot_start,2026-08-23 07:24:03.998762712,0.3333333333333333,3330.0
so_00054,su_00414,2026-08-25 18:48:40.851367893,9990.0,linear,st_000384,cmp_000,pl_024,cr_009,lead,2026-08-23 09:35:16.340835653,0.3333333333333333,3330.0
so_00055,su_00417,2026-08-15 06:57:17.377782130,19990.0,linear,st_000385,cmp_000,pl_016,cr_001,click,2026-08-12 15:54:25.852118066,0.3333333333333333,6663.333333333333
so_00055,su_00417,2026-08-15 06:57:17.377782130,19990.0,linear,st_000386,cmp_000,pl_016,cr_001,bot_start,2026-08-12 16:04:49.311102352,0.3333333333333333,6663.333333333333
so_00055,su_00417,2026-08-15 06:57:17.377782130,19990.0,linear,st_000387,cmp_000,pl_016,cr_001,lead,2026-08-13 08:11:57.871254710,0.3333333333333333,6663.333333333333
so_00056,su_00432,2026-09-14 01:53:15.809287866,3990.0,linear,st_000393,cmp_004,pl_020,cr_005,click,2026-09-09 12:59:59.411302305,0.3333333333333333,1330.0
so_00056,su_00432,2026-09-14 01:53:15.809287866,3990.0,linear,st_000394,cmp_004,pl_020,cr_005,bot_start,2026-09-09 13:11:10.759751228,0.3333333333333333,1330.0
so_00056,su_00432,2026-09-14 01:53:15.809287866,3990.0,linear,st_000395,cmp_004,pl_020,cr_005,lead,2026-09-10 10:26:23.293971467,0.3333333333333333,1330.0
so_00057,su_00435,2026-08-15 13:20:22.370144376,9990.0,linear,st_000396,cmp_007,pl_023,cr_008,click,2026-08-11 03:06:02.179047233,0.3333333333333333,3330.0
so_00057,su_00435,2026-08-15 13:20:22.370144376,9990.0,linear,st_000397,cmp_007,pl_023,cr_008,bot_start,2026-08-11 03:08:09.556373371,0.3333333333333333,3330.0
so_00057,su_00435,2026-08-15 13:20:22.370144376,9990.0,linear,st_000398,cmp_007,pl_023,cr_008,lead,2026-08-11 15:16:48.123844701,0.3333333333333333,3330.0
so_00058,su_00437,2026-08-27 17:58:04.357617709,19990.0,linear,st_000399,cmp_001,pl_009,cr_009,click,2026-08-21 08:45:10.268581410,0.3333333333333333,6663.333333333333
so_00058,su_00437,2026-08-27 17:58:04.357617709,19990.0,linear,st_000400,cmp_001,pl_009,cr_009,bot_start,2026-08-21 09:06:17.906904353,0.3333333333333333,6663.333333333333
so_00058,su_00437,2026-08-27 17:58:04.357617709,19990.0,linear,st_000401,cmp_001,pl_009,cr_009,lead,2026-08-21 12:46:43.204980261,0.3333333333333333,6663.333333333333
so_00059,su_00444,2026-08-28 17:09:23.622605958,9990.0,linear,st_000410,cmp_004,pl_012,cr_012,click,2026-08-28 03:24:55.070299719,0.3333333333333333,3330.0
so_00059,su_00444,2026-08-28 17:09:23.622605958,9990.0,linear,st_000411,cmp_004,pl_012,cr_012,bot_start,2026-08-28 03:28:50.482097094,0.3333333333333333,3330.0
so_00059,su_00444,2026-08-28 17:09:23.622605958,9990.0,linear,st_000412,cmp_004,pl_012,cr_012,lead,2026-08-28 07:07:44.954843868,0.3333333333333333,3330.0
so_00060,su_00447,2026-09-02 09:37:26.353850249,9990.0,linear,st_000416,cmp_003,pl_019,cr_004,click,2026-08-30 23:16:05.632008067,0.3333333333333333,3330.0
so_00060,su_00447,2026-09-02 09:37:26.353850249,9990.0,linear,st_000417,cmp_003,pl_019,cr_004,bot_start,2026-08-30 23:45:38.848843352,0.3333333333333333,3330.0
so_00060,su_00447,2026-09-02 09:37:26.353850249,9990.0,linear,st_000418,cmp_003,pl_019,cr_004,lead,2026-08-31 02:02:44.080598932,0.3333333333333333,3330.0
so_00061,su_00468,2026-08-16 00:42:24.970937973,19990.0,linear,st_000427,cmp_002,pl_018,cr_003,click,2026-08-10 01:20:58.076693479,0.3333333333333333,6663.333333333333
so_00061,su_00468,2026-08-16 00:42:24.970937973,19990.0,linear,st_000428,cmp_002,pl_018,cr_003,bot_start,2026-08-10 01:36:38.454781831,0.3333333333333333,6663.333333333333
so_00061,su_00468,2026-08-16 00:42:24.970937973,19990.0,linear,st_000429,cmp_002,pl_018,cr_003,lead,2026-08-10 04:39:44.876727534,0.3333333333333333,6663.333333333333
so_00062,su_00474,2026-09-09 23:28:19.444919392,19990.0,linear,st_000435,cmp_005,pl_013,cr_013,lead,2026-09-03 12:46:56.158822228,1.0,19990.0
so_00063,su_00477,2026-09-08 22:00:44.457383312,3990.0,linear,st_000436,cmp_005,pl_029,cr_014,click,2026-09-06 07:24:23.811899675,0.3333333333333333,1330.0
so_00063,su_00477,2026-09-08 22:00:44.457383312,3990.0,linear,st_000437,cmp_005,pl_029,cr_014,bot_start,2026-09-06 07:47:29.601730376,0.3333333333333333,1330.0
so_00063,su_00477,2026-09-08 22:00:44.457383312,3990.0,linear,st_000438,cmp_005,pl_029,cr_014,lead,2026-09-06 15:30:26.193820804,0.3333333333333333,1330.0
so_00064,su_00480,2026-08-27 19:11:12.720018897,19990.0,linear,st_000439,cmp_002,pl_026,cr_011,click,2026-08-21 08:36:28.186027243,0.3333333333333333,6663.333333333333
so_00064,su_00480,2026-08-27 19:11:12.720018897,19990.0,linear,st_000440,cmp_002,pl_026,cr_011,bot_start,2026-08-21 09:00:04.268155170,0.3333333333333333,6663.333333333333
so_00064,su_00480,2026-08-27 19:11:12.720018897,19990.0,linear,st_000441,cmp_002,pl_026,cr_011,lead,2026-08-22 04:23:32.747985300,0.3333333333333333,6663.333333333333
so_00065,su_00482,2026-09-10 03:29:27.864973672,9990.0,linear,st_000442,cmp_007,pl_007,cr_007,click,2026-09-08 03:58:33.788125881,0.3333333333333333,3330.0
so_00065,su_00482,2026-09-10 03:29:27.864973672,9990.0,linear,st_000443,cmp_007,pl_007,cr_007,bot_start,2026-09-08 04:14:05.892018237,0.3333333333333333,3330.0
so_00065,su_00482,2026-09-10 03:29:27.864973672,9990.0,linear,st_000444,cmp_007,pl_007,cr_007,lead,2026-09-09 02:43:13.494498383,0.3333333333333333,3330.0
so_00066,su_00492,2026-09-09 22:26:31.898726745,3990.0,linear,st_000458,cmp_003,pl_027,cr_012,click,2026-09-05 01:56:04.895573454,0.3333333333333333,1330.0
so_00066,su_00492,2026-09-09 22:26:31.898726745,3990.0,linear,st_000459,cmp_003,pl_027,cr_012,bot_start,2026-09-05 02:00:48.639579331,0.3333333333333333,1330.0
so_00066,su_00492,2026-09-09 22:26:31.898726745,3990.0,linear,st_000460,cmp_003,pl_027,cr_012,lead,2026-09-05 16:02:43.147368282,0.3333333333333333,1330.0
so_00067,su_00495,2026-09-08 21:37:32.309678456,9990.0,linear,st_000461,cmp_005,pl_029,cr_014,click,2026-09-05 06:22:13.643095972,0.3333333333333333,3330.0
so_00067,su_00495,2026-09-08 21:37:32.309678456,9990.0,linear,st_000462,cmp_005,pl_029,cr_014,bot_start,2026-09-05 06:25:58.169406126,0.3333333333333333,3330.0
so_00067,su_00495,2026-09-08 21:37:32.309678456,9990.0,linear,st_000463,cmp_005,pl_029,cr_014,lead,2026-09-06 05:18:41.557184882,0.3333333333333333,3330.0
so_00068,su_00497,2026-08-18 04:09:09.027082426,9990.0,linear,st_000464,cmp_002,pl_018,cr_003,click,2026-08-11 23:16:24.709070682,0.3333333333333333,3330.0
so_00068,su_00497,2026-08-18 04:09:09.027082426,9990.0,linear,st_000465,cmp_002,pl_018,cr_003,bot_start,2026-08-11 23:26:05.685071662,0.3333333333333333,3330.0
so_00068,su_00497,2026-08-18 04:09:09.027082426,9990.0,linear,st_000466,cmp_002,pl_018,cr_003,lead,2026-08-12 00:31:01.893310333,0.3333333333333333,3330.0
so_00069,su_00510,2026-09-06 06:02:31.882044481,19990.0,linear,st_000474,cmp_004,pl_004,cr_004,click,2026-09-03 01:53:59.438875844,0.3333333333333333,6663.333333333333
so_00069,su_00510,2026-09-06 06:02:31.882044481,19990.0,linear,st_000475,cmp_004,pl_004,cr_004,bot_start,2026-09-03 02:02:12.160138414,0.3333333333333333,6663.333333333333
so_00069,su_00510,2026-09-06 06:02:31.882044481,19990.0,linear,st_000476,cmp_004,pl_004,cr_004,lead,2026-09-03 21:06:08.678609681,0.3333333333333333,6663.333333333333
so_00070,su_00517,2026-09-12 21:12:11.689999012,9990.0,linear,st_000478,cmp_007,pl_015,cr_000,click,2026-09-08 03:30:32.031275031,0.3333333333333333,3330.0
so_00070,su_00517,2026-09-12 21:12:11.689999012,9990.0,linear,st_000479,cmp_007,pl_015,cr_000,bot_start,2026-09-08 03:40:57.132168854,0.3333333333333333,3330.0
so_00070,su_00517,2026-09-12 21:12:11.689999012,9990.0,linear,st_000480,cmp_007,pl_015,cr_000,lead,2026-09-08 07:47:25.066375633,0.3333333333333333,3330.0
so_00071,su_00518,2026-08-25 00:03:05.938684130,5990.0,linear,st_000481,cmp_000,pl_000,cr_000,click,2026-08-20 07:20:17.068390306,0.3333333333333333,1996.6666666666665
so_00071,su_00518,2026-08-25 00:03:05.938684130,5990.0,linear,st_000482,cmp_000,pl_000,cr_000,bot_start,2026-08-20 07:30:20.623183537,0.3333333333333333,1996.6666666666665
so_00071,su_00518,2026-08-25 00:03:05.938684130,5990.0,linear,st_000483,cmp_000,pl_000,cr_000,lead,2026-08-20 08:28:44.845472149,0.3333333333333333,1996.6666666666665
so_00072,su_00519,2026-08-20 17:24:29.983406210,3990.0,linear,st_000484,cmp_004,pl_028,cr_013,click,2026-08-17 06:28:34.103645030,0.3333333333333333,1330.0
so_00072,su_00519,2026-08-20 17:24:29.983406210,3990.0,linear,st_000485,cmp_004,pl_028,cr_013,bot_start,2026-08-17 06:45:55.588609959,0.3333333333333333,1330.0
so_00072,su_00519,2026-08-20 17:24:29.983406210,3990.0,linear,st_000486,cmp_004,pl_028,cr_013,lead,2026-08-17 17:23:28.450930917,0.3333333333333333,1330.0
so_00073,su_00521,2026-08-15 05:56:33.348353439,5990.0,linear,st_000488,cmp_007,pl_023,cr_008,click,2026-08-11 20:06:30.787161528,0.3333333333333333,1996.6666666666665
so_00073,su_00521,2026-08-15 05:56:33.348353439,5990.0,linear,st_000489,cmp_007,pl_023,cr_008,bot_start,2026-08-11 20:34:38.742969985,0.3333333333333333,1996.6666666666665
so_00073,su_00521,2026-08-15 05:56:33.348353439,5990.0,linear,st_000490,cmp_007,pl_023,cr_008,lead,2026-08-12 08:15:40.934942011,0.3333333333333333,1996.6666666666665
so_00074,su_00525,2026-08-14 21:01:39.566062243,5990.0,linear,st_000491,cmp_002,pl_018,cr_003,click,2026-08-11 19:56:55.306101316,0.3333333333333333,1996.6666666666665
so_00074,su_00525,2026-08-14 21:01:39.566062243,5990.0,linear,st_000492,cmp_002,pl_018,cr_003,bot_start,2026-08-11 20:06:08.258261501,0.3333333333333333,1996.6666666666665
so_00074,su_00525,2026-08-14 21:01:39.566062243,5990.0,linear,st_000493,cmp_002,pl_018,cr_003,lead,2026-08-12 03:07:41.503178688,0.3333333333333333,1996.6666666666665
so_00075,su_00526,2026-09-11 12:13:30.812259648,9990.0,linear,st_000496,cmp_004,pl_004,cr_004,lead,2026-09-04 21:38:57.330550005,1.0,9990.0
so_00076,su_00527,2026-08-20 03:50:03.925288536,5990.0,linear,st_000499,cmp_000,pl_016,cr_001,lead,2026-08-13 04:59:37.610827218,1.0,5990.0
so_00077,su_00536,2026-08-18 14:55:58.552529926,5990.0,linear,st_000504,cmp_000,pl_016,cr_001,click,2026-08-12 03:08:25.201537506,0.3333333333333333,1996.6666666666665
so_00077,su_00536,2026-08-18 14:55:58.552529926,5990.0,linear,st_000505,cmp_000,pl_016,cr_001,bot_start,2026-08-12 03:25:13.240596125,0.3333333333333333,1996.6666666666665
so_00077,su_00536,2026-08-18 14:55:58.552529926,5990.0,linear,st_000506,cmp_000,pl_016,cr_001,lead,2026-08-12 14:02:13.736031394,0.3333333333333333,1996.6666666666665
so_00078,su_00539,2026-09-07 11:25:47.337389443,5990.0,linear,st_000507,cmp_004,pl_004,cr_004,click,2026-09-03 15:00:07.175004211,0.3333333333333333,1996.6666666666665
so_00078,su_00539,2026-09-07 11:25:47.337389443,5990.0,linear,st_000508,cmp_004,pl_004,cr_004,bot_start,2026-09-03 15:15:32.112755754,0.3333333333333333,1996.6666666666665
so_00078,su_00539,2026-09-07 11:25:47.337389443,5990.0,linear,st_000509,cmp_004,pl_004,cr_004,lead,2026-09-03 23:48:43.532815718,0.3333333333333333,1996.6666666666665
so_00079,su_00545,2026-08-26 22:47:01.887941087,19990.0,linear,st_000514,cmp_002,pl_010,cr_010,click,2026-08-25 19:51:56.722161580,0.3333333333333333,6663.333333333333
so_00079,su_00545,2026-08-26 22:47:01.887941087,19990.0,linear,st_000515,cmp_002,pl_010,cr_010,bot_start,2026-08-25 20:20:36.420970093,0.3333333333333333,6663.333333333333
so_00079,su_00545,2026-08-26 22:47:01.887941087,19990.0,linear,st_000516,cmp_002,pl_010,cr_010,lead,2026-08-26 09:06:28.074185856,0.3333333333333333,6663.333333333333
so_00080,su_00547,2026-09-06 00:52:28.938480971,14990.0,linear,st_000517,cmp_005,pl_029,cr_014,click,2026-09-04 01:47:29.401499655,0.3333333333333333,4996.666666666666
so_00080,su_00547,2026-09-06 00:52:28.938480971,14990.0,linear,st_000518,cmp_005,pl_029,cr_014,bot_start,2026-09-04 02:05:20.771319419,0.3333333333333333,4996.666666666666
so_00080,su_00547,2026-09-06 00:52:28.938480971,14990.0,linear,st_000519,cmp_005,pl_029,cr_014,lead,2026-09-04 11:19:58.604933674,0.3333333333333333,4996.666666666666
so_00081,su_00548,2026-09-07 16:32:25.379344727,14990.0,linear,st_000520,cmp_005,pl_029,cr_014,click,2026-09-06 17:35:22.753821569,0.3333333333333333,4996.666666666666
so_00081,su_00548,2026-09-07 16:32:25.379344727,14990.0,linear,st_000521,cmp_005,pl_029,cr_014,bot_start,2026-09-06 17:38:43.137680010,0.3333333333333333,4996.666666666666
so_00081,su_00548,2026-09-07 16:32:25.379344727,14990.0,linear,st_000522,cmp_005,pl_029,cr_014,lead,2026-09-06 23:43:53.773836394,0.3333333333333333,4996.666666666666
so_00082,su_00550,2026-08-19 17:40:10.902742920,3990.0,linear,st_000523,cmp_005,pl_021,cr_006,click,2026-08-17 16:19:40.989244341,0.3333333333333333,1330.0
so_00082,su_00550,2026-08-19 17:40:10.902742920,3990.0,linear,st_000524,cmp_005,pl_021,cr_006,bot_start,2026-08-17 16:35:02.812316852,0.3333333333333333,1330.0
so_00082,su_00550,2026-08-19 17:40:10.902742920,3990.0,linear,st_000525,cmp_005,pl_021,cr_006,lead,2026-08-17 20:52:52.363938682,0.3333333333333333,1330.0
so_00083,su_00557,2026-08-19 05:47:05.232933201,14990.0,linear,st_000527,cmp_007,pl_023,cr_008,click,2026-08-12 15:47:58.346322051,0.3333333333333333,4996.666666666666
so_00083,su_00557,2026-08-19 05:47:05.232933201,14990.0,linear,st_000528,cmp_007,pl_023,cr_008,bot_start,2026-08-12 16:00:21.688542258,0.3333333333333333,4996.666666666666
so_00083,su_00557,2026-08-19 05:47:05.232933201,14990.0,linear,st_000529,cmp_007,pl_023,cr_008,lead,2026-08-13 12:24:23.825908199,0.3333333333333333,4996.666666666666
so_00084,su_00564,2026-09-06 16:27:34.696375144,3990.0,linear,st_000536,cmp_005,pl_029,cr_014,click,2026-09-03 21:37:31.166587226,0.3333333333333333,1330.0
so_00084,su_00564,2026-09-06 16:27:34.696375144,3990.0,linear,st_000537,cmp_005,pl_029,cr_014,bot_start,2026-09-03 21:57:20.790293478,0.3333333333333333,1330.0
so_00084,su_00564,2026-09-06 16:27:34.696375144,3990.0,linear,st_000538,cmp_005,pl_029,cr_014,lead,2026-09-04 02:07:38.799177228,0.3333333333333333,1330.0
so_00085,su_00575,2026-08-14 07:32:22.925316677,3990.0,linear,st_000549,cmp_002,pl_018,cr_003,click,2026-08-12 02:24:08.047576512,0.3333333333333333,1330.0
so_00085,su_00575,2026-08-14 07:32:22.925316677,3990.0,linear,st_000550,cmp_002,pl_018,cr_003,bot_start,2026-08-12 02:40:28.461008740,0.3333333333333333,1330.0
so_00085,su_00575,2026-08-14 07:32:22.925316677,3990.0,linear,st_000551,cmp_002,pl_018,cr_003,lead,2026-08-12 12:10:30.086916266,0.3333333333333333,1330.0
so_00086,su_00579,2026-09-11 11:11:22.111517860,3990.0,linear,st_000552,cmp_001,pl_001,cr_001,click,2026-09-06 03:10:33.860331843,0.3333333333333333,1330.0
so_00086,su_00579,2026-09-11 11:11:22.111517860,3990.0,linear,st_000553,cmp_001,pl_001,cr_001,bot_start,2026-09-06 03:26:45.241654546,0.3333333333333333,1330.0
so_00086,su_00579,2026-09-11 11:11:22.111517860,3990.0,linear,st_000554,cmp_001,pl_001,cr_001,lead,2026-09-07 00:09:21.791390642,0.3333333333333333,1330.0
so_00087,su_00591,2026-08-19 03:00:36.272422267,3990.0,linear,st_000560,cmp_006,pl_006,cr_006,click,2026-08-17 22:10:29.141049112,0.3333333333333333,1330.0
so_00087,su_00591,2026-08-19 03:00:36.272422267,3990.0,linear,st_000561,cmp_006,pl_006,cr_006,bot_start,2026-08-17 22:17:21.465549837,0.3333333333333333,1330.0
so_00087,su_00591,2026-08-19 03:00:36.272422267,3990.0,linear,st_000562,cmp_006,pl_006,cr_006,lead,2026-08-18 07:10:17.676400685,0.3333333333333333,1330.0
so_00088,su_00593,2026-09-11 02:52:47.066520873,3990.0,linear,st_000563,cmp_006,pl_014,cr_014,click,2026-09-08 23:29:15.406127508,0.3333333333333333,1330.0
so_00088,su_00593,2026-09-11 02:52:47.066520873,3990.0,linear,st_000564,cmp_006,pl_014,cr_014,bot_start,2026-09-08 23:34:41.301206958,0.3333333333333333,1330.0
so_00088,su_00593,2026-09-11 02:52:47.066520873,3990.0,linear,st_000565,cmp_006,pl_014,cr_014,lead,2026-09-09 20:35:15.973070803,0.3333333333333333,1330.0
so_00089,su_00605,2026-09-17 10:23:30.652557143,19990.0,linear,st_000570,cmp_003,pl_003,cr_003,click,2026-09-11 16:31:11.465373928,0.3333333333333333,6663.333333333333
so_00089,su_00605,2026-09-17 10:23:30.652557143,19990.0,linear,st_000571,cmp_003,pl_003,cr_003,bot_start,2026-09-11 16:33:24.660983100,0.3333333333333333,6663.333333333333
so_00089,su_00605,2026-09-17 10:23:30.652557143,19990.0,linear,st_000572,cmp_003,pl_003,cr_003,lead,2026-09-12 13:11:24.584486451,0.3333333333333333,6663.333333333333
so_00090,su_00608,2026-09-08 00:22:10.647001343,19990.0,linear,st_000573,cmp_003,pl_027,cr_012,click,2026-09-04 01:56:56.032986116,0.3333333333333333,6663.333333333333
so_00090,su_00608,2026-09-08 00:22:10.647001343,19990.0,linear,st_000574,cmp_003,pl_027,cr_012,bot_start,2026-09-04 02:00:06.396737607,0.3333333333333333,6663.333333333333
so_00090,su_00608,2026-09-08 00:22:10.647001343,19990.0,linear,st_000575,cmp_003,pl_027,cr_012,lead,2026-09-04 21:31:36.797254503,0.3333333333333333,6663.333333333333
so_00091,su_00626,2026-09-12 00:35:23.804154633,5990.0,linear,st_000587,cmp_006,pl_014,cr_014,click,2026-09-10 16:34:37.043927142,0.3333333333333333,1996.6666666666665
so_00091,su_00626,2026-09-12 00:35:23.804154633,5990.0,linear,st_000588,cmp_006,pl_014,cr_014,bot_start,2026-09-10 16:48:08.664866289,0.3333333333333333,1996.6666666666665
so_00091,su_00626,2026-09-12 00:35:23.804154633,5990.0,linear,st_000589,cmp_006,pl_014,cr_014,lead,2026-09-10 20:05:41.474941656,0.3333333333333333,1996.6666666666665
so_00092,su_00629,2026-08-19 05:25:59.600953053,5990.0,linear,st_000593,cmp_000,pl_016,cr_001,click,2026-08-13 11:42:01.157114875,0.3333333333333333,1996.6666666666665
so_00092,su_00629,2026-08-19 05:25:59.600953053,5990.0,linear,st_000594,cmp_000,pl_016,cr_001,bot_start,2026-08-13 12:01:58.064762017,0.3333333333333333,1996.6666666666665
so_00092,su_00629,2026-08-19 05:25:59.600953053,5990.0,linear,st_000595,cmp_000,pl_016,cr_001,lead,2026-08-13 22:51:05.718448198,0.3333333333333333,1996.6666666666665
so_00093,su_00642,2026-09-17 17:59:01.742773806,3990.0,linear,st_000606,cmp_004,pl_020,cr_005,lead,2026-09-11 00:04:15.858887531,1.0,3990.0
so_00094,su_00651,2026-09-16 15:50:44.265837709,14990.0,linear,st_000613,cmp_003,pl_003,cr_003,click,2026-09-10 23:02:41.739676409,0.3333333333333333,4996.666666666666
so_00094,su_00651,2026-09-16 15:50:44.265837709,14990.0,linear,st_000614,cmp_003,pl_003,cr_003,bot_start,2026-09-10 23:07:29.062421893,0.3333333333333333,4996.666666666666
so_00094,su_00651,2026-09-16 15:50:44.265837709,14990.0,linear,st_000615,cmp_003,pl_003,cr_003,lead,2026-09-11 09:17:55.134229868,0.3333333333333333,4996.666666666666
so_00095,su_00656,2026-08-14 14:36:44.272982156,14990.0,linear,st_000619,cmp_002,pl_018,cr_003,click,2026-08-11 03:56:05.710284874,0.3333333333333333,4996.666666666666
so_00095,su_00656,2026-08-14 14:36:44.272982156,14990.0,linear,st_000620,cmp_002,pl_018,cr_003,bot_start,2026-08-11 03:59:42.406050614,0.3333333333333333,4996.666666666666
so_00095,su_00656,2026-08-14 14:36:44.272982156,14990.0,linear,st_000621,cmp_002,pl_018,cr_003,lead,2026-08-12 00:50:19.529241606,0.3333333333333333,4996.666666666666
so_00096,su_00671,2026-09-01 16:41:50.040468501,5990.0,linear,st_000633,cmp_004,pl_012,cr_012,click,2026-08-29 09:41:33.693509898,0.3333333333333333,1996.6666666666665
so_00096,su_00671,2026-09-01 16:41:50.040468501,5990.0,linear,st_000634,cmp_004,pl_012,cr_012,bot_start,2026-08-29 09:51:55.936588591,0.3333333333333333,1996.6666666666665
so_00096,su_00671,2026-09-01 16:41:50.040468501,5990.0,linear,st_000635,cmp_004,pl_012,cr_012,lead,2026-08-29 13:33:43.858454279,0.3333333333333333,1996.6666666666665
so_00097,su_00674,2026-09-06 19:57:30.889383359,19990.0,linear,st_000636,cmp_000,pl_008,cr_008,click,2026-09-04 10:46:23.334028432,0.3333333333333333,6663.333333333333
so_00097,su_00674,2026-09-06 19:57:30.889383359,19990.0,linear,st_000637,cmp_000,pl_008,cr_008,bot_start,2026-09-04 10:55:04.471100533,0.3333333333333333,6663.333333333333
so_00097,su_00674,2026-09-06 19:57:30.889383359,19990.0,linear,st_000638,cmp_000,pl_008,cr_008,lead,2026-09-04 21:55:37.503533064,0.3333333333333333,6663.333333333333
so_00098,su_00675,2026-09-07 04:21:52.522070586,9990.0,linear,st_000639,cmp_001,pl_001,cr_001,click,2026-09-06 20:15:07.986405785,0.3333333333333333,3330.0
so_00098,su_00675,2026-09-07 04:21:52.522070586,9990.0,linear,st_000640,cmp_001,pl_001,cr_001,bot_start,2026-09-06 20:22:32.400886035,0.3333333333333333,3330.0
so_00098,su_00675,2026-09-07 04:21:52.522070586,9990.0,linear,st_000641,cmp_001,pl_001,cr_001,lead,2026-09-06 20:53:50.749515511,0.3333333333333333,3330.0
so_00099,su_00684,2026-08-23 13:43:16.960678266,14990.0,linear,st_000643,cmp_000,pl_024,cr_009,click,2026-08-22 02:11:18.547636812,0.3333333333333333,4996.666666666666
so_00099,su_00684,2026-08-23 13:43:16.960678266,14990.0,linear,st_000644,cmp_000,pl_024,cr_009,bot_start,2026-08-22 02:13:19.301114583,0.3333333333333333,4996.666666666666
so_00099,su_00684,2026-08-23 13:43:16.960678266,14990.0,linear,st_000645,cmp_000,pl_024,cr_009,lead,2026-08-22 18:14:05.252941002,0.3333333333333333,4996.666666666666
so_00100,su_00694,2026-08-17 10:05:47.385918559,9990.0,linear,st_000658,cmp_002,pl_018,cr_003,click,2026-08-11 18:15:27.894547452,0.3333333333333333,3330.0
so_00100,su_00694,2026-08-17 10:05:47.385918559,9990.0,linear,st_000659,cmp_002,pl_018,cr_003,bot_start,2026-08-11 18:20:16.191179097,0.3333333333333333,3330.0
so_00100,su_00694,2026-08-17 10:05:47.385918559,9990.0,linear,st_000660,cmp_002,pl_018,cr_003,lead,2026-08-11 23:45:34.209149218,0.3333333333333333,3330.0
so_00101,su_00696,2026-08-30 16:38:47.432186011,14990.0,linear,st_000661,cmp_001,pl_017,cr_002,click,2026-08-23 21:04:24.763789632,0.3333333333333333,4996.666666666666
so_00101,su_00696,2026-08-30 16:38:47.432186011,14990.0,linear,st_000662,cmp_001,pl_017,cr_002,bot_start,2026-08-23 21:11:06.974507373,0.3333333333333333,4996.666666666666
so_00101,su_00696,2026-08-30 16:38:47.432186011,14990.0,linear,st_000663,cmp_001,pl_017,cr_002,lead,2026-08-24 06:14:30.541953044,0.3333333333333333,4996.666666666666
so_00102,su_00701,2026-08-20 03:28:57.723269582,9990.0,linear,st_000664,cmp_006,pl_006,cr_006,click,2026-08-17 18:04:59.921164688,0.3333333333333333,3330.0
so_00102,su_00701,2026-08-20 03:28:57.723269582,9990.0,linear,st_000665,cmp_006,pl_006,cr_006,bot_start,2026-08-17 18:06:10.462288494,0.3333333333333333,3330.0
so_00102,su_00701,2026-08-20 03:28:57.723269582,9990.0,linear,st_000666,cmp_006,pl_006,cr_006,lead,2026-08-18 04:43:20.060038372,0.3333333333333333,3330.0
so_00103,su_00721,2026-08-26 02:22:34.390054136,9990.0,linear,st_000679,cmp_000,pl_024,cr_009,click,2026-08-24 06:17:26.102025497,0.3333333333333333,3330.0
so_00103,su_00721,2026-08-26 02:22:34.390054136,9990.0,linear,st_000680,cmp_000,pl_024,cr_009,bot_start,2026-08-24 06:40:54.934922051,0.3333333333333333,3330.0
so_00103,su_00721,2026-08-26 02:22:34.390054136,9990.0,linear,st_000681,cmp_000,pl_024,cr_009,lead,2026-08-24 09:53:26.841878417,0.3333333333333333,3330.0
so_00104,su_00723,2026-08-22 06:56:09.428001443,9990.0,linear,st_000682,cmp_005,pl_021,cr_006,click,2026-08-17 17:28:26.109278638,0.3333333333333333,3330.0
so_00104,su_00723,2026-08-22 06:56:09.428001443,9990.0,linear,st_000683,cmp_005,pl_021,cr_006,bot_start,2026-08-17 17:49:10.059324938,0.3333333333333333,3330.0
so_00104,su_00723,2026-08-22 06:56:09.428001443,9990.0,linear,st_000684,cmp_005,pl_021,cr_006,lead,2026-08-18 02:51:39.436874097,0.3333333333333333,3330.0
so_00105,su_00724,2026-08-30 01:20:04.018611978,9990.0,linear,st_000685,cmp_002,pl_010,cr_010,click,2026-08-27 01:25:17.510261571,0.3333333333333333,3330.0
so_00105,su_00724,2026-08-30 01:20:04.018611978,9990.0,linear,st_000686,cmp_002,pl_010,cr_010,bot_start,2026-08-27 01:46:26.877056360,0.3333333333333333,3330.0
so_00105,su_00724,2026-08-30 01:20:04.018611978,9990.0,linear,st_000687,cmp_002,pl_010,cr_010,lead,2026-08-28 01:46:02.753456280,0.3333333333333333,3330.0
so_00106,su_00730,2026-08-26 03:01:35.180793770,14990.0,linear,st_000691,cmp_000,pl_024,cr_009,click,2026-08-22 20:05:33.298752822,0.3333333333333333,4996.666666666666
so_00106,su_00730,2026-08-26 03:01:35.180793770,14990.0,linear,st_000692,cmp_000,pl_024,cr_009,bot_start,2026-08-22 20:11:13.347269853,0.3333333333333333,4996.666666666666
so_00106,su_00730,2026-08-26 03:01:35.180793770,14990.0,linear,st_000693,cmp_000,pl_024,cr_009,lead,2026-08-23 17:21:42.435452602,0.3333333333333333,4996.666666666666
so_00107,su_00737,2026-08-10 00:04:49.232915909,5990.0,linear,st_000698,cmp_002,pl_002,cr_002,click,2026-08-09 15:13:34.523214719,0.3333333333333333,1996.6666666666665
so_00107,su_00737,2026-08-10 00:04:49.232915909,5990.0,linear,st_000699,cmp_002,pl_002,cr_002,bot_start,2026-08-09 15:19:11.308068118,0.3333333333333333,1996.6666666666665
so_00107,su_00737,2026-08-10 00:04:49.232915909,5990.0,linear,st_000700,cmp_002,pl_002,cr_002,lead,2026-08-09 21:32:48.053476206,0.3333333333333333,1996.6666666666665
so_00108,su_00746,2026-08-31 19:34:09.469177184,3990.0,linear,st_000708,cmp_003,pl_019,cr_004,click,2026-08-29 10:11:00.015877250,0.3333333333333333,1330.0
so_00108,su_00746,2026-08-31 19:34:09.469177184,3990.0,linear,st_000709,cmp_003,pl_019,cr_004,bot_start,2026-08-29 10:34:26.817786876,0.3333333333333333,1330.0
so_00108,su_00746,2026-08-31 19:34:09.469177184,3990.0,linear,st_000710,cmp_003,pl_019,cr_004,lead,2026-08-30 03:34:06.011333950,0.3333333333333333,1330.0
so_00109,su_00761,2026-09-04 23:12:13.858600022,9990.0,linear,st_000726,cmp_004,pl_012,cr_012,lead,2026-08-29 10:36:07.330424541,1.0,9990.0
so_00110,su_00766,2026-09-13 14:22:54.776001924,14990.0,linear,st_000733,cmp_003,pl_003,cr_003,click,2026-09-09 06:41:51.143955327,0.3333333333333333,4996.666666666666
so_00110,su_00766,2026-09-13 14:22:54.776001924,14990.0,linear,st_000734,cmp_003,pl_003,cr_003,bot_start,2026-09-09 07:00:54.519588227,0.3333333333333333,4996.666666666666
so_00110,su_00766,2026-09-13 14:22:54.776001924,14990.0,linear,st_000735,cmp_003,pl_003,cr_003,lead,2026-09-09 17:39:32.127193592,0.3333333333333333,4996.666666666666
so_00111,su_00788,2026-09-12 17:04:20.748007872,9990.0,linear,st_000750,cmp_007,pl_007,cr_007,click,2026-09-08 15:33:05.809448955,0.3333333333333333,3330.0
so_00111,su_00788,2026-09-12 17:04:20.748007872,9990.0,linear,st_000751,cmp_007,pl_007,cr_007,bot_start,2026-09-08 15:35:11.696491914,0.3333333333333333,3330.0
so_00111,su_00788,2026-09-12 17:04:20.748007872,9990.0,linear,st_000752,cmp_007,pl_007,cr_007,lead,2026-09-08 18:58:09.872021087,0.3333333333333333,3330.0
so_00112,su_00791,2026-08-18 13:35:23.228801295,3990.0,linear,st_000755,cmp_005,pl_021,cr_006,click,2026-08-16 09:31:57.684974998,0.3333333333333333,1330.0
so_00112,su_00791,2026-08-18 13:35:23.228801295,3990.0,linear,st_000756,cmp_005,pl_021,cr_006,bot_start,2026-08-16 09:49:20.486326901,0.3333333333333333,1330.0
so_00112,su_00791,2026-08-18 13:35:23.228801295,3990.0,linear,st_000757,cmp_005,pl_021,cr_006,lead,2026-08-16 17:12:51.423869255,0.3333333333333333,1330.0
so_00113,su_00793,2026-09-11 20:09:50.658465929,14990.0,linear,st_000761,cmp_005,pl_029,cr_014,click,2026-09-05 01:47:04.120603941,0.3333333333333333,4996.666666666666
so_00113,su_00793,2026-09-11 20:09:50.658465929,14990.0,linear,st_000762,cmp_005,pl_029,cr_014,bot_start,2026-09-05 01:53:41.680681358,0.3333333333333333,4996.666666666666
so_00113,su_00793,2026-09-11 20:09:50.658465929,14990.0,linear,st_000763,cmp_005,pl_029,cr_014,lead,2026-09-05 16:08:38.497446813,0.3333333333333333,4996.666666666666
so_00114,su_00804,2026-09-11 18:53:55.019513321,5990.0,linear,st_000764,cmp_007,pl_007,cr_007,click,2026-09-09 11:22:24.825215366,0.3333333333333333,1996.6666666666665
so_00114,su_00804,2026-09-11 18:53:55.019513321,5990.0,linear,st_000765,cmp_007,pl_007,cr_007,bot_start,2026-09-09 11:23:46.152050611,0.3333333333333333,1996.6666666666665
so_00114,su_00804,2026-09-11 18:53:55.019513321,5990.0,linear,st_000766,cmp_007,pl_007,cr_007,lead,2026-09-10 11:21:55.790717835,0.3333333333333333,1996.6666666666665
so_00115,su_00805,2026-09-08 22:55:48.190994115,5990.0,linear,st_000767,cmp_005,pl_029,cr_014,click,2026-09-05 17:10:42.547610505,0.3333333333333333,1996.6666666666665
so_00115,su_00805,2026-09-08 22:55:48.190994115,5990.0,linear,st_000768,cmp_005,pl_029,cr_014,bot_start,2026-09-05 17:23:11.690174428,0.3333333333333333,1996.6666666666665
so_00115,su_00805,2026-09-08 22:55:48.190994115,5990.0,linear,st_000769,cmp_005,pl_029,cr_014,lead,2026-09-06 15:27:29.625811722,0.3333333333333333,1996.6666666666665
so_00116,su_00819,2026-09-14 01:29:33.582420977,14990.0,linear,st_000784,cmp_007,pl_007,cr_007,click,2026-09-08 14:28:45.698578367,0.3333333333333333,4996.666666666666
so_00116,su_00819,2026-09-14 01:29:33.582420977,14990.0,linear,st_000785,cmp_007,pl_007,cr_007,bot_start,2026-09-08 14:38:48.891904702,0.3333333333333333,4996.666666666666
so_00116,su_00819,2026-09-14 01:29:33.582420977,14990.0,linear,st_000786,cmp_007,pl_007,cr_007,lead,2026-09-09 07:18:39.907174737,0.3333333333333333,4996.666666666666
so_00117,su_00830,2026-09-12 15:02:48.341200207,9990.0,linear,st_000793,cmp_003,pl_003,cr_003,click,2026-09-11 23:31:50.075121451,0.3333333333333333,3330.0
so_00117,su_00830,2026-09-12 15:02:48.341200207,9990.0,linear,st_000794,cmp_003,pl_003,cr_003,bot_start,2026-09-11 23:56:48.443927294,0.3333333333333333,3330.0
so_00117,su_00830,2026-09-12 15:02:48.341200207,9990.0,linear,st_000795,cmp_003,pl_003,cr_003,lead,2026-09-12 13:04:32.367650460,0.3333333333333333,3330.0
so_00118,su_00835,2026-09-08 08:07:27.666876255,3990.0,linear,st_000798,cmp_005,pl_013,cr_013,click,2026-09-02 14:44:46.066114014,0.3333333333333333,1330.0
so_00118,su_00835,2026-09-08 08:07:27.666876255,3990.0,linear,st_000799,cmp_005,pl_013,cr_013,bot_start,2026-09-02 15:04:06.740036441,0.3333333333333333,1330.0
so_00118,su_00835,2026-09-08 08:07:27.666876255,3990.0,linear,st_000800,cmp_005,pl_013,cr_013,lead,2026-09-03 13:45:49.820481345,0.3333333333333333,1330.0
so_00119,su_00842,2026-08-19 11:54:15.827194020,5990.0,linear,st_000807,cmp_004,pl_028,cr_013,click,2026-08-16 01:55:43.705119319,0.3333333333333333,1996.6666666666665
so_00119,su_00842,2026-08-19 11:54:15.827194020,5990.0,linear,st_000808,cmp_004,pl_028,cr_013,bot_start,2026-08-16 02:19:31.287388643,0.3333333333333333,1996.6666666666665
so_00119,su_00842,2026-08-19 11:54:15.827194020,5990.0,linear,st_000809,cmp_004,pl_028,cr_013,lead,2026-08-16 05:12:08.003236158,0.3333333333333333,1996.6666666666665
so_00120,su_00843,2026-08-15 06:45:06.000012337,3990.0,linear,st_000810,cmp_002,pl_018,cr_003,click,2026-08-10 07:17:24.668331073,0.3333333333333333,1330.0
so_00120,su_00843,2026-08-15 06:45:06.000012337,3990.0,linear,st_000811,cmp_002,pl_018,cr_003,bot_start,2026-08-10 07:34:56.804218409,0.3333333333333333,1330.0
so_00120,su_00843,2026-08-15 06:45:06.000012337,3990.0,linear,st_000812,cmp_002,pl_018,cr_003,lead,2026-08-10 13:56:49.341817855,0.3333333333333333,1330.0
so_00121,su_00847,2026-08-23 07:37:52.461877346,14990.0,linear,st_000813,cmp_006,pl_006,cr_006,click,2026-08-18 20:10:48.167400710,0.3333333333333333,4996.666666666666
so_00121,su_00847,2026-08-23 07:37:52.461877346,14990.0,linear,st_000814,cmp_006,pl_006,cr_006,bot_start,2026-08-18 20:39:41.726790746,0.3333333333333333,4996.666666666666
so_00121,su_00847,2026-08-23 07:37:52.461877346,14990.0,linear,st_000815,cmp_006,pl_006,cr_006,lead,2026-08-19 11:13:29.124891671,0.3333333333333333,4996.666666666666
so_00122,su_00849,2026-08-19 20:27:00.593816636,5990.0,linear,st_000819,cmp_000,pl_016,cr_001,click,2026-08-13 05:16:12.844546756,0.3333333333333333,1996.6666666666665
so_00122,su_00849,2026-08-19 20:27:00.593816636,5990.0,linear,st_000820,cmp_000,pl_016,cr_001,bot_start,2026-08-13 05:44:10.065669175,0.3333333333333333,1996.6666666666665
so_00122,su_00849,2026-08-19 20:27:00.593816636,5990.0,linear,st_000821,cmp_000,pl_016,cr_001,lead,2026-08-13 08:36:51.538794580,0.3333333333333333,1996.6666666666665
so_00123,su_00855,2026-08-19 12:48:19.111604065,9990.0,linear,st_000825,cmp_006,pl_006,cr_006,click,2026-08-18 14:50:02.596496462,0.3333333333333333,3330.0
so_00123,su_00855,2026-08-19 12:48:19.111604065,9990.0,linear,st_000826,cmp_006,pl_006,cr_006,bot_start,2026-08-18 15:08:50.458537565,0.3333333333333333,3330.0
so_00123,su_00855,2026-08-19 12:48:19.111604065,9990.0,linear,st_000827,cmp_006,pl_006,cr_006,lead,2026-08-19 10:14:20.320773782,0.3333333333333333,3330.0
so_00124,su_00860,2026-08-15 14:52:00.538424016,9990.0,linear,st_000828,cmp_000,pl_016,cr_001,click,2026-08-13 08:02:08.851683513,0.3333333333333333,3330.0
so_00124,su_00860,2026-08-15 14:52:00.538424016,9990.0,linear,st_000829,cmp_000,pl_016,cr_001,bot_start,2026-08-13 08:23:45.796251462,0.3333333333333333,3330.0
so_00124,su_00860,2026-08-15 14:52:00.538424016,9990.0,linear,st_000830,cmp_000,pl_016,cr_001,lead,2026-08-14 00:12:40.067207794,0.3333333333333333,3330.0
so_00125,su_00862,2026-08-13 04:07:10.174068953,3990.0,linear,st_000834,cmp_002,pl_002,cr_002,click,2026-08-08 09:50:27.822291318,0.3333333333333333,1330.0
so_00125,su_00862,2026-08-13 04:07:10.174068953,3990.0,linear,st_000835,cmp_002,pl_002,cr_002,bot_start,2026-08-08 09:56:40.625062881,0.3333333333333333,1330.0
so_00125,su_00862,2026-08-13 04:07:10.174068953,3990.0,linear,st_000836,cmp_002,pl_002,cr_002,lead,2026-08-08 12:06:58.183793726,0.3333333333333333,1330.0
so_00126,su_00865,2026-09-13 06:06:38.442348165,5990.0,linear,st_000837,cmp_001,pl_001,cr_001,click,2026-09-06 15:27:32.417598884,0.3333333333333333,1996.6666666666665
so_00126,su_00865,2026-09-13 06:06:38.442348165,5990.0,linear,st_000838,cmp_001,pl_001,cr_001,bot_start,2026-09-06 15:45:22.325493837,0.3333333333333333,1996.6666666666665
so_00126,su_00865,2026-09-13 06:06:38.442348165,5990.0,linear,st_000839,cmp_001,pl_001,cr_001,lead,2026-09-07 02:28:09.847930271,0.3333333333333333,1996.6666666666665
so_00127,su_00868,2026-08-28 08:33:22.852036246,9990.0,linear,st_000841,cmp_006,pl_022,cr_007,click,2026-08-21 10:33:59.116473352,0.3333333333333333,3330.0
so_00127,su_00868,2026-08-28 08:33:22.852036246,9990.0,linear,st_000842,cmp_006,pl_022,cr_007,bot_start,2026-08-21 10:38:45.397279099,0.3333333333333333,3330.0
so_00127,su_00868,2026-08-28 08:33:22.852036246,9990.0,linear,st_000843,cmp_006,pl_022,cr_007,lead,2026-08-22 03:30:10.462615577,0.3333333333333333,3330.0
so_00128,su_00885,2026-09-04 19:51:04.947882371,19990.0,linear,st_000853,cmp_004,pl_012,cr_012,lead,2026-08-29 04:46:12.381537630,1.0,19990.0
so_00129,su_00931,2026-09-12 06:11:23.650418766,3990.0,linear,st_000878,cmp_007,pl_007,cr_007,click,2026-09-10 06:25:41.188247298,0.3333333333333333,1330.0
so_00129,su_00931,2026-09-12 06:11:23.650418766,3990.0,linear,st_000879,cmp_007,pl_007,cr_007,bot_start,2026-09-10 06:35:39.602861020,0.3333333333333333,1330.0
so_00129,su_00931,2026-09-12 06:11:23.650418766,3990.0,linear,st_000880,cmp_007,pl_007,cr_007,lead,2026-09-10 13:22:52.869142828,0.3333333333333333,1330.0
so_00130,su_00934,2026-08-24 20:23:45.477190256,3990.0,linear,st_000881,cmp_002,pl_026,cr_011,click,2026-08-20 23:34:50.188367832,0.3333333333333333,1330.0
so_00130,su_00934,2026-08-24 20:23:45.477190256,3990.0,linear,st_000882,cmp_002,pl_026,cr_011,bot_start,2026-08-20 23:55:11.514785348,0.3333333333333333,1330.0
so_00130,su_00934,2026-08-24 20:23:45.477190256,3990.0,linear,st_000883,cmp_002,pl_026,cr_011,lead,2026-08-21 15:44:34.816464479,0.3333333333333333,1330.0
so_00131,su_00937,2026-08-26 13:38:35.576094572,5990.0,linear,st_000884,cmp_001,pl_009,cr_009,click,2026-08-20 11:17:02.029046532,0.3333333333333333,1996.6666666666665
so_00131,su_00937,2026-08-26 13:38:35.576094572,5990.0,linear,st_000885,cmp_001,pl_009,cr_009,bot_start,2026-08-20 11:32:27.782850262,0.3333333333333333,1996.6666666666665
so_00131,su_00937,2026-08-26 13:38:35.576094572,5990.0,linear,st_000886,cmp_001,pl_009,cr_009,lead,2026-08-21 04:21:32.585813812,0.3333333333333333,1996.6666666666665
so_00132,su_00939,2026-09-17 08:23:33.617756905,5990.0,linear,st_000888,cmp_004,pl_020,cr_005,click,2026-09-11 01:40:51.394171484,0.3333333333333333,1996.6666666666665
so_00132,su_00939,2026-09-17 08:23:33.617756905,5990.0,linear,st_000889,cmp_004,pl_020,cr_005,bot_start,2026-09-11 01:46:30.268287002,0.3333333333333333,1996.6666666666665
so_00132,su_00939,2026-09-17 08:23:33.617756905,5990.0,linear,st_000890,cmp_004,pl_020,cr_005,lead,2026-09-11 14:02:43.762804966,0.3333333333333333,1996.6666666666665
so_00133,su_00955,2026-08-17 14:16:02.879731623,5990.0,linear,st_000908,cmp_007,pl_023,cr_008,click,2026-08-11 21:23:59.435319025,0.3333333333333333,1996.6666666666665
so_00133,su_00955,2026-08-17 14:16:02.879731623,5990.0,linear,st_000909,cmp_007,pl_023,cr_008,bot_start,2026-08-11 21:51:37.774000405,0.3333333333333333,1996.6666666666665
so_00133,su_00955,2026-08-17 14:16:02.879731623,5990.0,linear,st_000910,cmp_007,pl_023,cr_008,lead,2026-08-11 22:39:44.566628233,0.3333333333333333,1996.6666666666665
so_00134,su_00964,2026-09-04 11:01:08.871841834,14990.0,linear,st_000915,cmp_004,pl_012,cr_012,click,2026-08-29 04:20:27.497503422,0.3333333333333333,4996.666666666666
so_00134,su_00964,2026-09-04 11:01:08.871841834,14990.0,linear,st_000916,cmp_004,pl_012,cr_012,bot_start,2026-08-29 04:32:33.318080058,0.3333333333333333,4996.666666666666
so_00134,su_00964,2026-09-04 11:01:08.871841834,14990.0,linear,st_000917,cmp_004,pl_012,cr_012,lead,2026-08-30 03:24:56.766773841,0.3333333333333333,4996.666666666666
so_00135,su_00965,2026-09-03 01:45:19.897133803,3990.0,linear,st_000918,cmp_005,pl_013,cr_013,click,2026-09-01 05:40:54.068465946,0.3333333333333333,1330.0
so_00135,su_00965,2026-09-03 01:45:19.897133803,3990.0,linear,st_000919,cmp_005,pl_013,cr_013,bot_start,2026-09-01 06:01:49.271430548,0.3333333333333333,1330.0
so_00135,su_00965,2026-09-03 01:45:19.897133803,3990.0,linear,st_000920,cmp_005,pl_013,cr_013,lead,2026-09-01 08:05:19.335801282,0.3333333333333333,1330.0
so_00136,su_00969,2026-08-25 08:48:58.355670412,5990.0,linear,st_000921,cmp_001,pl_009,cr_009,click,2026-08-20 23:20:57.198186520,0.3333333333333333,1996.6666666666665
so_00136,su_00969,2026-08-25 08:48:58.355670412,5990.0,linear,st_000922,cmp_001,pl_009,cr_009,bot_start,2026-08-20 23:27:26.591251528,0.3333333333333333,1996.6666666666665
so_00136,su_00969,2026-08-25 08:48:58.355670412,5990.0,linear,st_000923,cmp_001,pl_009,cr_009,lead,2026-08-21 02:12:38.000141039,0.3333333333333333,1996.6666666666665
so_00137,su_00976,2026-08-11 21:28:00.116174350,14990.0,linear,st_000932,cmp_002,pl_002,cr_002,click,2026-08-09 15:34:14.790997102,0.3333333333333333,4996.666666666666
so_00137,su_00976,2026-08-11 21:28:00.116174350,14990.0,linear,st_000933,cmp_002,pl_002,cr_002,bot_start,2026-08-09 15:53:18.592900033,0.3333333333333333,4996.666666666666
so_00137,su_00976,2026-08-11 21:28:00.116174350,14990.0,linear,st_000934,cmp_002,pl_002,cr_002,lead,2026-08-10 12:07:24.625878265,0.3333333333333333,4996.666666666666
so_00138,su_00981,2026-08-16 11:30:03.320245233,9990.0,linear,st_000941,cmp_000,pl_016,cr_001,click,2026-08-12 13:07:55.210614174,0.3333333333333333,3330.0
so_00138,su_00981,2026-08-16 11:30:03.320245233,9990.0,linear,st_000942,cmp_000,pl_016,cr_001,bot_start,2026-08-12 13:25:18.396650652,0.3333333333333333,3330.0
so_00138,su_00981,2026-08-16 11:30:03.320245233,9990.0,linear,st_000943,cmp_000,pl_016,cr_001,lead,2026-08-13 01:54:03.176713403,0.3333333333333333,3330.0
so_00139,su_00982,2026-09-07 02:37:46.148022555,3990.0,linear,st_000944,cmp_005,pl_013,cr_013,click,2026-09-03 18:35:56.873318428,0.3333333333333333,1330.0
so_00139,su_00982,2026-09-07 02:37:46.148022555,3990.0,linear,st_000945,cmp_005,pl_013,cr_013,bot_start,2026-09-03 19:00:41.061411173,0.3333333333333333,1330.0
so_00139,su_00982,2026-09-07 02:37:46.148022555,3990.0,linear,st_000946,cmp_005,pl_013,cr_013,lead,2026-09-04 03:47:07.265837231,0.3333333333333333,1330.0
so_00140,su_00986,2026-09-13 06:05:36.925973228,19990.0,linear,st_000954,cmp_003,pl_003,cr_003,click,2026-09-11 14:47:44.655781414,0.3333333333333333,6663.333333333333
so_00140,su_00986,2026-09-13 06:05:36.925973228,19990.0,linear,st_000955,cmp_003,pl_003,cr_003,bot_start,2026-09-11 15:11:58.528252151,0.3333333333333333,6663.333333333333
so_00140,su_00986,2026-09-13 06:05:36.925973228,19990.0,linear,st_000956,cmp_003,pl_003,cr_003,lead,2026-09-11 16:21:33.251260071,0.3333333333333333,6663.333333333333
so_00141,su_00999,2026-09-13 13:56:14.165921709,5990.0,linear,st_000964,cmp_007,pl_007,cr_007,click,2026-09-09 21:19:55.182459614,0.3333333333333333,1996.6666666666665
so_00141,su_00999,2026-09-13 13:56:14.165921709,5990.0,linear,st_000965,cmp_007,pl_007,cr_007,bot_start,2026-09-09 21:38:14.963413638,0.3333333333333333,1996.6666666666665
so_00141,su_00999,2026-09-13 13:56:14.165921709,5990.0,linear,st_000966,cmp_007,pl_007,cr_007,lead,2026-09-10 18:01:52.213397955,0.3333333333333333,1996.6666666666665
so_00000,su_00000,2026-09-07 08:24:40.050140554,19990.0,time_decay,st_000000,cmp_005,pl_013,cr_013,click,2026-09-01 08:18:50.301833987,0.3125825447017426,6248.525068587835
so_00000,su_00000,2026-09-07 08:24:40.050140554,19990.0,time_decay,st_000001,cmp_005,pl_013,cr_013,bot_start,2026-09-01 08:41:14.069581612,0.31370782300796635,6271.019381929247
so_00000,su_00000,2026-09-07 08:24:40.050140554,19990.0,time_decay,st_000002,cmp_005,pl_013,cr_013,lead,2026-09-02 02:52:01.095742690,0.3737096322902911,7470.455549482919
so_00001,su_00014,2026-08-15 11:04:25.129217907,19990.0,time_decay,st_000011,cmp_001,pl_025,cr_010,click,2026-08-13 19:35:50.466075827,0.32634441067071523,6523.6247693075975
so_00001,su_00014,2026-08-15 11:04:25.129217907,19990.0,time_decay,st_000012,cmp_001,pl_025,cr_010,bot_start,2026-08-13 20:03:58.309058113,0.3278207261325715,6553.136315390105
so_00001,su_00014,2026-08-15 11:04:25.129217907,19990.0,time_decay,st_000013,cmp_001,pl_025,cr_010,lead,2026-08-14 01:37:22.391091702,0.3458348631967133,6913.238915302299
so_00002,su_00032,2026-09-13 13:07:11.013625416,9990.0,time_decay,st_000029,cmp_007,pl_007,cr_007,click,2026-09-08 16:46:08.281499167,0.3091807245039416,3088.715437794376
so_00002,su_00032,2026-09-13 13:07:11.013625416,9990.0,time_decay,st_000030,cmp_007,pl_007,cr_007,bot_start,2026-09-08 17:09:57.051998905,0.310364298150875,3100.5393385272414
so_00002,su_00032,2026-09-13 13:07:11.013625416,9990.0,time_decay,st_000031,cmp_007,pl_007,cr_007,lead,2026-09-09 14:19:00.454232507,0.38045497734518346,3800.745223678383
so_00003,su_00043,2026-09-17 07:54:58.083047185,5990.0,time_decay,st_000034,cmp_004,pl_020,cr_005,click,2026-09-10 08:59:22.492756744,0.3238473503665414,1939.845628695583
so_00003,su_00043,2026-09-17 07:54:58.083047185,5990.0,time_decay,st_000035,cmp_004,pl_020,cr_005,bot_start,2026-09-10 09:04:25.437915015,0.3241098149792765,1941.4177917258662
so_00003,su_00043,2026-09-17 07:54:58.083047185,5990.0,time_decay,st_000036,cmp_004,pl_020,cr_005,lead,2026-09-10 17:39:39.773119174,0.3520428346541821,2108.736579578551
so_00004,su_00056,2026-08-28 07:21:26.895222237,9990.0,time_decay,st_000044,cmp_006,pl_022,cr_007,click,2026-08-22 18:05:54.370510437,0.3301230683803091,3297.9294531192877
so_00004,su_00056,2026-08-28 07:21:26.895222237,9990.0,time_decay,st_000045,cmp_006,pl_022,cr_007,bot_start,2026-08-22 18:17:23.552821893,0.3307320451447151,3304.0131309957037
so_00004,su_00056,2026-08-28 07:21:26.895222237,9990.0,time_decay,st_000046,cmp_006,pl_022,cr_007,lead,2026-08-22 20:53:56.676524144,0.3391448864749758,3388.0574158850086
so_00005,su_00062,2026-09-11 21:26:23.089519975,3990.0,time_decay,st_000050,cmp_003,pl_003,cr_003,click,2026-09-09 19:00:23.647480160,0.31188720210230364,1244.4299363881914
so_00005,su_00062,2026-09-11 21:26:23.089519975,3990.0,time_decay,st_000051,cmp_003,pl_003,cr_003,bot_start,2026-09-09 19:28:49.154434334,0.313312915599398,1250.118533241598
so_00005,su_00062,2026-09-11 21:26:23.089519975,3990.0,time_decay,st_000052,cmp_003,pl_003,cr_003,lead,2026-09-10 14:05:36.568310424,0.37479988229829836,1495.4515303702105
so_00006,su_00063,2026-09-01 07:49:26.294310982,9990.0,time_decay,st_000053,cmp_003,pl_019,cr_004,click,2026-08-30 14:07:58.052554127,0.3077015063660889,3073.938048597228
so_00006,su_00063,2026-09-01 07:49:26.294310982,9990.0,time_decay,st_000054,cmp_003,pl_019,cr_004,bot_start,2026-08-30 14:29:54.170350479,0.3087863804363725,3084.7759405593615
so_00006,su_00063,2026-09-01 07:49:26.294310982,9990.0,time_decay,st_000055,cmp_003,pl_019,cr_004,lead,2026-08-31 13:00:36.426282268,0.38351211319753853,3831.2860108434097
so_00007,su_00064,2026-08-20 06:10:17.659163252,9990.0,time_decay,st_000056,cmp_004,pl_028,cr_013,click,2026-08-18 13:00:39.032584449,0.3305835024756978,3302.529189732221
so_00007,su_00064,2026-08-20 06:10:17.659163252,9990.0,time_decay,st_000057,cmp_004,pl_028,cr_013,bot_start,2026-08-18 13:15:30.659634936,0.33137267642108775,3310.4130374466667
so_00007,su_00064,2026-08-20 06:10:17.659163252,9990.0,time_decay,st_000058,cmp_004,pl_028,cr_013,lead,2026-08-18 15:19:44.118482679,0.33804382110321446,3377.0577728211124
so_00008,su_00074,2026-08-27 21:20:45.629764405,5990.0,time_decay,st_000063,cmp_006,pl_022,cr_007,click,2026-08-22 19:40:17.445461212,0.3292619453470398,1972.2790526287683
so_00008,su_00074,2026-08-27 21:20:45.629764405,5990.0,time_decay,st_000064,cmp_006,pl_022,cr_007,bot_start,2026-08-22 19:49:13.213142912,0.3297340297680605,1975.1068383106824
so_00008,su_00074,2026-08-27 21:20:45.629764405,5990.0,time_decay,st_000065,cmp_006,pl_022,cr_007,lead,2026-08-22 23:18:40.779521548,0.3410040248848998,2042.6141090605497
so_00009,su_00076,2026-09-07 10:30:24.016471102,19990.0,time_decay,st_000066,cmp_005,pl_013,cr_013,click,2026-09-01 18:53:44.728035475,0.3225720686036276,6448.215651386516
so_00009,su_00076,2026-09-07 10:30:24.016471102,19990.0,time_decay,st_000067,cmp_005,pl_013,cr_013,bot_start,2026-09-01 18:59:51.586738441,0.3228886818626988,6454.54475043535
so_00009,su_00076,2026-09-07 10:30:24.016471102,19990.0,time_decay,st_000068,cmp_005,pl_013,cr_013,lead,2026-09-02 04:42:39.864634787,0.3545392495336735,7087.239598178133
so_00010,su_00081,2026-09-11 22:00:16.661040231,14990.0,time_decay,st_000070,cmp_007,pl_015,cr_000,click,2026-09-07 10:32:53.340705019,0.3200801503666039,4798.001453995393
so_00010,su_00081,2026-09-11 22:00:16.661040231,14990.0,time_decay,st_000071,cmp_007,pl_015,cr_000,bot_start,2026-09-07 10:34:20.842371484,0.32015505632117197,4799.124294254368
so_00010,su_00081,2026-09-11 22:00:16.661040231,14990.0,time_decay,st_000072,cmp_007,pl_015,cr_000,lead,2026-09-07 22:41:19.851908512,0.3597647933122241,5392.87425175024
so_00011,su_00107,2026-08-27 00:22:47.212058870,19990.0,time_decay,st_000089,cmp_002,pl_026,cr_011,click,2026-08-22 10:16:10.680852390,0.3197537942794803,6391.878347646812
so_00011,su_00107,2026-08-27 00:22:47.212058870,19990.0,time_decay,st_000090,cmp_002,pl_026,cr_011,bot_start,2026-08-22 10:20:35.729239966,0.3199805118907857,6396.410432696806
so_00011,su_00107,2026-08-27 00:22:47.212058870,19990.0,time_decay,st_000091,cmp_002,pl_026,cr_011,lead,2026-08-22 22:39:38.948908503,0.36026569382973406,7201.711219656384
so_00012,su_00130,2026-08-23 10:37:40.284261943,14990.0,time_decay,st_000102,cmp_002,pl_026,cr_011,click,2026-08-21 12:40:46.148562354,0.3116814464880039,4672.104882855178
so_00012,su_00130,2026-08-23 10:37:40.284261943,14990.0,time_decay,st_000103,cmp_002,pl_026,cr_011,bot_start,2026-08-21 12:55:19.863829617,0.31241053255056617,4683.033882932987
so_00012,su_00130,2026-08-23 10:37:40.284261943,14990.0,time_decay,st_000104,cmp_002,pl_026,cr_011,lead,2026-08-22 08:08:29.832170924,0.3759080209614299,5634.861234211834
so_00013,su_00132,2026-09-14 16:31:18.206618211,5990.0,time_decay,st_000107,cmp_004,pl_020,cr_005,click,2026-09-09 16:44:33.056968252,0.31646815267029255,1895.6442344950524
so_00013,su_00132,2026-09-14 16:31:18.206618211,5990.0,time_decay,st_000108,cmp_004,pl_020,cr_005,bot_start,2026-09-09 16:53:57.368326350,0.3169460856487295,1898.5070530358896
so_00013,su_00132,2026-09-14 16:31:18.206618211,5990.0,time_decay,st_000109,cmp_004,pl_020,cr_005,lead,2026-09-10 08:00:46.896119707,0.3665857616809779,2195.848712469058
so_00014,su_00133,2026-08-16 20:53:51.640137130,14990.0,time_decay,st_000110,cmp_000,pl_016,cr_001,click,2026-08-11 10:38:06.781536112,0.3266994518071964,4897.224782589874
so_00014,su_00133,2026-08-16 20:53:51.640137130,14990.0,time_decay,st_000111,cmp_000,pl_016,cr_001,bot_start,2026-08-11 10:50:58.502665871,0.32737436430332906,4907.341720906903
so_00014,su_00133,2026-08-16 20:53:51.640137130,14990.0,time_decay,st_000112,cmp_000,pl_016,cr_001,lead,2026-08-11 16:34:30.829365941,0.34592618388947466,5185.433496503225
so_00015,su_00140,2026-08-22 21:47:00.303230140,3990.0,time_decay,st_000116,cmp_005,pl_021,cr_006,click,2026-08-17 18:35:12.104281148,0.315687758722239,1259.5941573017335
so_00015,su_00140,2026-08-22 21:47:00.303230140,3990.0,time_decay,st_000117,cmp_005,pl_021,cr_006,bot_start,2026-08-17 19:03:29.577016638,0.31712403203963224,1265.3248878381326
so_00015,su_00140,2026-08-22 21:47:00.303230140,3990.0,time_decay,st_000118,cmp_005,pl_021,cr_006,lead,2026-08-18 10:17:03.254833844,0.3671882092381287,1465.0809548601337
so_00016,su_00146,2026-09-11 05:32:40.465411243,19990.0,time_decay,st_000122,cmp_003,pl_027,cr_012,click,2026-09-06 05:00:26.261116437,0.3180371146522277,6357.561921898032
so_00016,su_00146,2026-09-11 05:32:40.465411243,19990.0,time_decay,st_000123,cmp_003,pl_027,cr_012,bot_start,2026-09-06 05:10:44.540245313,0.3185633886747244,6368.082139607741
so_00016,su_00146,2026-09-11 05:32:40.465411243,19990.0,time_decay,st_000124,cmp_003,pl_027,cr_012,lead,2026-09-06 18:51:26.306133259,0.36339949667304794,7264.355938494228
so_00017,su_00154,2026-08-30 07:06:27.191034665,19990.0,time_decay,st_000131,cmp_001,pl_017,cr_002,lead,2026-08-23 15:53:05.719198940,1.0,19990.0
so_00018,su_00155,2026-08-25 07:07:42.901162958,5990.0,time_decay,st_000132,cmp_001,pl_009,cr_009,click,2026-08-21 11:58:04.614800997,0.3143561151537962,1882.9931297712392
so_00018,su_00155,2026-08-25 07:07:42.901162958,5990.0,time_decay,st_000133,cmp_001,pl_009,cr_009,bot_start,2026-08-21 12:00:24.590854848,0.3144738072798173,1883.6981056061054
so_00018,su_00155,2026-08-25 07:07:42.901162958,5990.0,time_decay,st_000134,cmp_001,pl_009,cr_009,lead,2026-08-22 05:13:29.821671092,0.3711700775663866,2223.308764622656
so_00019,su_00156,2026-09-10 01:06:41.680638822,19990.0,time_decay,st_000135,cmp_007,pl_015,cr_000,click,2026-09-08 04:28:42.678947451,0.32603837689100984,6517.507154051286
so_00019,su_00156,2026-09-10 01:06:41.680638822,19990.0,time_decay,st_000136,cmp_007,pl_015,cr_000,bot_start,2026-09-08 04:43:29.218000018,0.3268122539350917,6532.9769561624835
so_00019,su_00156,2026-09-10 01:06:41.680638822,19990.0,time_decay,st_000137,cmp_007,pl_015,cr_000,lead,2026-09-08 10:59:44.104883297,0.34714936917389855,6939.515889786232
so_00020,su_00174,2026-09-07 02:47:47.043167081,5990.0,time_decay,st_000146,cmp_004,pl_004,cr_004,click,2026-09-02 12:31:11.696896310,0.32522688785685494,1948.1090582625611
so_00020,su_00174,2026-09-07 02:47:47.043167081,5990.0,time_decay,st_000147,cmp_004,pl_004,cr_004,bot_start,2026-09-02 12:44:12.672459580,0.32590682370070806,1952.1818739672412
so_00020,su_00174,2026-09-07 02:47:47.043167081,5990.0,time_decay,st_000148,cmp_004,pl_004,cr_004,lead,2026-09-02 19:48:29.905901654,0.34886628844243706,2089.709067770198
so_00021,su_00192,2026-09-15 08:17:32.252386001,5990.0,time_decay,st_000161,cmp_007,pl_007,cr_007,click,2026-09-09 23:49:25.811345393,0.32958773269185465,1974.2305188242094
so_00021,su_00192,2026-09-15 08:17:32.252386001,5990.0,time_decay,st_000162,cmp_007,pl_007,cr_007,bot_start,2026-09-09 23:51:33.635462307,0.32970041313131154,1974.9054746565562
so_00021,su_00192,2026-09-15 08:17:32.252386001,5990.0,time_decay,st_000163,cmp_007,pl_007,cr_007,lead,2026-09-10 03:16:18.794868005,0.3407118541768337,2040.8640065192337
so_00022,su_00195,2026-09-05 08:48:26.671595830,9990.0,time_decay,st_000167,cmp_005,pl_029,cr_014,click,2026-09-03 22:22:30.930739813,0.3316875488455049,3313.558612966594
so_00022,su_00195,2026-09-05 08:48:26.671595830,9990.0,time_decay,st_000168,cmp_005,pl_029,cr_014,bot_start,2026-09-03 22:30:28.963909819,0.3321118315069217,3317.7971967541475
so_00022,su_00195,2026-09-05 08:48:26.671595830,9990.0,time_decay,st_000169,cmp_005,pl_029,cr_014,lead,2026-09-03 23:46:44.689867326,0.33620061964757336,3358.644190279258
so_00023,su_00205,2026-08-18 19:18:33.064727018,19990.0,time_decay,st_000172,cmp_007,pl_023,cr_008,click,2026-08-12 06:21:51.334778597,0.3222782499408176,6442.342216316944
so_00023,su_00205,2026-08-18 19:18:33.064727018,19990.0,time_decay,st_000173,cmp_007,pl_023,cr_008,bot_start,2026-08-12 06:35:51.230770970,0.32300291075975585,6456.8281860875195
so_00023,su_00205,2026-08-18 19:18:33.064727018,19990.0,time_decay,st_000174,cmp_007,pl_023,cr_008,lead,2026-08-12 16:19:36.612794778,0.35471883929942655,7090.829597595537
so_00024,su_00206,2026-08-27 00:31:29.108526508,5990.0,time_decay,st_000175,cmp_006,pl_022,cr_007,click,2026-08-22 21:23:42.618985368,0.328654893124802,1968.642809817564
so_00024,su_00206,2026-08-27 00:31:29.108526508,5990.0,time_decay,st_000176,cmp_006,pl_022,cr_007,bot_start,2026-08-22 21:32:10.446810083,0.3291015170494358,1971.3180871261204
so_00024,su_00206,2026-08-27 00:31:29.108526508,5990.0,time_decay,st_000177,cmp_006,pl_022,cr_007,lead,2026-08-23 01:36:12.873428552,0.34224358982576214,2050.039103056315
so_00025,su_00214,2026-09-16 17:16:13.533117664,9990.0,time_decay,st_000182,cmp_006,pl_014,cr_014,lead,2026-09-10 07:09:32.608322573,1.0,9990.0
so_00026,su_00215,2026-09-18 15:11:48.637986139,9990.0,time_decay,st_000183,cmp_003,pl_003,cr_003,click,2026-09-11 22:35:54.243506908,0.3217663863071918,3214.446199208846
so_00026,su_00215,2026-09-18 15:11:48.637986139,9990.0,time_decay,st_000184,cmp_003,pl_003,cr_003,bot_start,2026-09-11 22:47:12.230410277,0.32235029669534804,3220.279463986527
so_00026,su_00215,2026-09-18 15:11:48.637986139,9990.0,time_decay,st_000185,cmp_003,pl_003,cr_003,lead,2026-09-12 09:03:59.508543969,0.3558833169974601,3555.2743368046267
so_00027,su_00219,2026-08-27 20:38:01.880791635,14990.0,time_decay,st_000187,cmp_002,pl_010,cr_010,click,2026-08-24 22:43:44.167743277,0.3248312488478369,4869.220420229075
so_00027,su_00219,2026-08-27 20:38:01.880791635,14990.0,time_decay,st_000188,cmp_002,pl_010,cr_010,bot_start,2026-08-24 22:55:25.086588996,0.3254406778012286,4878.355760240416
so_00027,su_00219,2026-08-27 20:38:01.880791635,14990.0,time_decay,st_000189,cmp_002,pl_010,cr_010,lead,2026-08-25 06:24:00.160462923,0.3497280733509345,5242.423819530508
so_00028,su_00230,2026-08-26 01:17:36.780255520,14990.0,time_decay,st_000201,cmp_001,pl_009,cr_009,click,2026-08-22 16:20:30.395296221,0.3239967638823165,4856.711490595924
so_00028,su_00230,2026-08-26 01:17:36.780255520,14990.0,time_decay,st_000202,cmp_001,pl_009,cr_009,bot_start,2026-08-22 16:35:36.114030456,0.32478245263421784,4868.488964986926
so_00028,su_00230,2026-08-26 01:17:36.780255520,14990.0,time_decay,st_000203,cmp_001,pl_009,cr_009,lead,2026-08-23 00:43:20.968267990,0.35122078348346564,5264.79954441715
so_00029,su_00232,2026-08-17 04:58:19.336101571,3990.0,time_decay,st_000206,cmp_002,pl_002,cr_002,click,2026-08-10 05:51:19.958589951,0.3306663470372,1319.358724678428
so_00029,su_00232,2026-08-17 04:58:19.336101571,3990.0,time_decay,st_000207,cmp_002,pl_002,cr_002,bot_start,2026-08-10 05:54:16.500332800,0.33082249286748905,1319.9817465412814
so_00029,su_00232,2026-08-17 04:58:19.336101571,3990.0,time_decay,st_000208,cmp_002,pl_002,cr_002,lead,2026-08-10 08:17:27.961638981,0.338511160095311,1350.6595287802909
so_00030,su_00239,2026-08-25 02:10:45.763942643,19990.0,time_decay,st_000214,cmp_001,pl_017,cr_002,click,2026-08-21 10:38:54.089233021,0.31420384559332826,6280.934873410632
so_00030,su_00239,2026-08-25 02:10:45.763942643,19990.0,time_decay,st_000215,cmp_001,pl_017,cr_002,bot_start,2026-08-21 11:05:36.311826664,0.3155529809978906,6307.904090147833
so_00030,su_00239,2026-08-25 02:10:45.763942643,19990.0,time_decay,st_000216,cmp_001,pl_017,cr_002,lead,2026-08-22 03:41:45.468625038,0.3702431734087811,7401.161036441535
so_00031,su_00254,2026-09-12 16:03:17.894148343,14990.0,time_decay,st_000228,cmp_004,pl_020,cr_005,click,2026-09-11 18:58:54.699433646,0.32022806546853294,4800.218701373309
so_00031,su_00254,2026-09-12 16:03:17.894148343,14990.0,time_decay,st_000229,cmp_004,pl_020,cr_005,bot_start,2026-09-11 19:05:46.884619982,0.3205812336825272,4805.512692901083
so_00031,su_00254,2026-09-12 16:03:17.894148343,14990.0,time_decay,st_000230,cmp_004,pl_020,cr_005,lead,2026-09-12 06:54:31.243228318,0.35919070084893984,5384.268605725608
so_00032,su_00273,2026-08-12 02:44:38.308486001,14990.0,time_decay,st_000244,cmp_005,pl_005,cr_005,click,2026-08-09 21:14:26.006311579,0.32106965025277684,4812.834057289125
so_00032,su_00273,2026-08-12 02:44:38.308486001,14990.0,time_decay,st_000245,cmp_005,pl_005,cr_005,bot_start,2026-08-09 21:30:12.944619764,0.3218837195943086,4825.036956718686
so_00032,su_00273,2026-08-12 02:44:38.308486001,14990.0,time_decay,st_000246,cmp_005,pl_005,cr_005,lead,2026-08-10 08:16:22.238410912,0.35704663015291466,5352.128985992191
so_00033,su_00274,2026-08-14 00:37:34.152387601,9990.0,time_decay,st_000249,cmp_003,pl_011,cr_011,lead,2026-08-07 09:55:33.094292455,1.0,9990.0
so_00034,su_00288,2026-08-20 05:19:47.153781361,19990.0,time_decay,st_000254,cmp_004,pl_028,cr_013,click,2026-08-18 09:51:14.809364353,0.3126230266150018,6249.334302033886
so_00034,su_00288,2026-08-20 05:19:47.153781361,19990.0,time_decay,st_000255,cmp_004,pl_028,cr_013,bot_start,2026-08-18 10:11:36.079949644,0.31364568997803466,6269.777342660913
so_00034,su_00288,2026-08-20 05:19:47.153781361,19990.0,time_decay,st_000256,cmp_004,pl_028,cr_013,lead,2026-08-19 04:23:58.841585958,0.37373128340696354,7470.888355305201
so_00035,su_00292,2026-08-23 22:02:29.581636044,19990.0,time_decay,st_000259,cmp_001,pl_017,cr_002,click,2026-08-22 23:47:23.980168586,0.32484890295450014,6493.729570060458
so_00035,su_00292,2026-08-23 22:02:29.581636044,19990.0,time_decay,st_000260,cmp_001,pl_017,cr_002,bot_start,2026-08-23 00:04:39.030747570,0.3257493011660238,6511.728530308816
so_00035,su_00292,2026-08-23 22:02:29.581636044,19990.0,time_decay,st_000261,cmp_001,pl_017,cr_002,lead,2026-08-23 07:21:30.615136466,0.3494017958794762,6984.541899630729
so_00036,su_00299,2026-08-15 04:56:16.968589774,5990.0,time_decay,st_000268,cmp_000,pl_016,cr_001,click,2026-08-11 10:21:08.476069341,0.3208458355113711,1921.8665547131127
so_00036,su_00299,2026-08-15 04:56:16.968589774,5990.0,time_decay,st_000269,cmp_000,pl_016,cr_001,bot_start,2026-08-11 10:35:41.531729473,0.3215957916712055,1926.3587921105209
so_00036,su_00299,2026-08-15 04:56:16.968589774,5990.0,time_decay,st_000270,cmp_000,pl_016,cr_001,lead,2026-08-11 21:36:21.054841912,0.3575583728174234,2141.7746531763664
so_00037,su_00311,2026-09-12 07:18:45.928737429,3990.0,time_decay,st_000280,cmp_007,pl_015,cr_000,click,2026-09-08 17:26:03.346449155,0.32394422099152714,1292.5374417561934
so_00037,su_00311,2026-09-12 07:18:45.928737429,3990.0,time_decay,st_000281,cmp_007,pl_015,cr_000,bot_start,2026-09-08 17:35:43.187232038,0.32444691789518104,1294.5432024017723
so_00037,su_00311,2026-09-12 07:18:45.928737429,3990.0,time_decay,st_000282,cmp_007,pl_015,cr_000,lead,2026-09-09 01:56:47.527759270,0.35160886111329187,1402.9193558420345
so_00038,su_00313,2026-08-24 01:22:52.494773876,3990.0,time_decay,st_000283,cmp_001,pl_017,cr_002,click,2026-08-23 13:37:56.313671886,0.3272282798373498,1305.6408365510258
so_00038,su_00313,2026-08-24 01:22:52.494773876,3990.0,time_decay,st_000284,cmp_001,pl_017,cr_002,bot_start,2026-08-23 14:01:38.318417503,0.32847499816912956,1310.615242694827
so_00038,su_00313,2026-08-24 01:22:52.494773876,3990.0,time_decay,st_000285,cmp_001,pl_017,cr_002,lead,2026-08-23 18:54:49.932390136,0.3442967219935206,1373.7439207541472
so_00039,su_00318,2026-09-05 11:47:23.700738929,3990.0,time_decay,st_000289,cmp_004,pl_004,cr_004,click,2026-09-04 08:26:33.281301132,0.32549785497327177,1298.7364413433543
so_00039,su_00318,2026-09-05 11:47:23.700738929,3990.0,time_decay,st_000290,cmp_004,pl_004,cr_004,bot_start,2026-09-04 08:46:21.839718290,0.3265340690653905,1302.8709355709082
so_00039,su_00318,2026-09-05 11:47:23.700738929,3990.0,time_decay,st_000291,cmp_004,pl_004,cr_004,lead,2026-09-04 15:22:36.034244819,0.34796807596133766,1388.3926230857373
so_00040,su_00333,2026-08-21 15:57:32.788562204,14990.0,time_decay,st_000296,cmp_006,pl_006,cr_006,click,2026-08-19 02:01:49.940582795,0.31536928446640783,4727.3855741514535
so_00040,su_00333,2026-08-21 15:57:32.788562204,14990.0,time_decay,st_000297,cmp_006,pl_006,cr_006,bot_start,2026-08-19 02:26:47.894939747,0.31663512376796155,4746.360505281744
so_00040,su_00333,2026-08-21 15:57:32.788562204,14990.0,time_decay,st_000298,cmp_006,pl_006,cr_006,lead,2026-08-19 18:03:39.869123235,0.3679955917656307,5516.253920566804
so_00041,su_00334,2026-08-13 06:59:34.377774321,9990.0,time_decay,st_000299,cmp_003,pl_011,cr_011,click,2026-08-07 16:30:13.557428168,0.3266432015468019,3263.165583452551
so_00041,su_00334,2026-08-13 06:59:34.377774321,9990.0,time_decay,st_000300,cmp_003,pl_011,cr_011,bot_start,2026-08-07 16:37:17.960897907,0.3270141294322164,3266.871153027842
so_00041,su_00334,2026-08-13 06:59:34.377774321,9990.0,time_decay,st_000301,cmp_003,pl_011,cr_011,lead,2026-08-07 22:35:11.945984137,0.3463426690209817,3459.963263519607
so_00042,su_00336,2026-08-21 01:23:50.725387089,9990.0,time_decay,st_000303,cmp_004,pl_028,cr_013,click,2026-08-17 19:20:54.753908059,0.32424792057605334,3239.2367265547728
so_00042,su_00336,2026-08-21 01:23:50.725387089,9990.0,time_decay,st_000304,cmp_004,pl_028,cr_013,bot_start,2026-08-17 19:33:55.857359787,0.3249259208647539,3246.0099494388915
so_00042,su_00336,2026-08-21 01:23:50.725387089,9990.0,time_decay,st_000305,cmp_004,pl_028,cr_013,lead,2026-08-18 03:31:55.166884653,0.3508261585591927,3504.753324006335
so_00043,su_00337,2026-08-31 01:55:32.025036361,3990.0,time_decay,st_000306,cmp_004,pl_012,cr_012,click,2026-08-30 03:57:49.809155749,0.33161071834706995,1323.1267662048092
so_00043,su_00337,2026-08-31 01:55:32.025036361,3990.0,time_decay,st_000307,cmp_004,pl_012,cr_012,bot_start,2026-08-30 04:16:51.146783062,0.3326243871741629,1327.17130482491
so_00043,su_00337,2026-08-31 01:55:32.025036361,3990.0,time_decay,st_000308,cmp_004,pl_012,cr_012,lead,2026-08-30 05:15:25.238229132,0.3357648944787672,1339.701928970281
so_00044,su_00338,2026-08-22 08:26:25.480174356,9990.0,time_decay,st_000309,cmp_001,pl_009,cr_009,click,2026-08-20 10:19:21.335247863,0.32428271026201866,3239.5842755175663
so_00044,su_00338,2026-08-22 08:26:25.480174356,9990.0,time_decay,st_000310,cmp_001,pl_009,cr_009,bot_start,2026-08-20 10:23:04.140758822,0.32447598254382737,3241.5150656128353
so_00044,su_00338,2026-08-22 08:26:25.480174356,9990.0,time_decay,st_000311,cmp_001,pl_009,cr_009,lead,2026-08-20 18:37:03.874794769,0.3512413071941541,3508.9006588695993
so_00045,su_00350,2026-09-08 13:15:18.946258789,9990.0,time_decay,st_000316,cmp_005,pl_013,cr_013,click,2026-09-03 01:52:59.630554815,0.3170498668357019,3167.328169688662
so_00045,su_00350,2026-09-08 13:15:18.946258789,9990.0,time_decay,st_000317,cmp_005,pl_013,cr_013,bot_start,2026-09-03 02:11:05.865126724,0.3179721676220717,3176.541954544496
so_00045,su_00350,2026-09-08 13:15:18.946258789,9990.0,time_decay,st_000318,cmp_005,pl_013,cr_013,lead,2026-09-03 16:30:23.046177174,0.3649779655422264,3646.1298757668415
so_00046,su_00351,2026-08-25 04:42:44.052716088,19990.0,time_decay,st_000321,cmp_005,pl_021,cr_006,lead,2026-08-18 07:55:56.404403170,1.0,19990.0
so_00047,su_00357,2026-09-10 04:21:48.684307896,5990.0,time_decay,st_000325,cmp_005,pl_029,cr_014,click,2026-09-05 10:22:01.328165995,0.32782524069008256,1963.6731917335946
so_00047,su_00357,2026-09-10 04:21:48.684307896,5990.0,time_decay,st_000326,cmp_005,pl_029,cr_014,bot_start,2026-09-05 10:31:14.558223418,0.328310596145318,1966.5804709104548
so_00047,su_00357,2026-09-10 04:21:48.684307896,5990.0,time_decay,st_000327,cmp_005,pl_029,cr_014,lead,2026-09-05 15:19:43.274717581,0.34386416316459945,2059.746337355951
so_00048,su_00385,2026-08-24 18:52:20.347788087,9990.0,time_decay,st_000354,cmp_000,pl_000,cr_000,click,2026-08-22 03:26:38.257008769,0.3251369381922315,3248.1180125403926
so_00048,su_00385,2026-08-24 18:52:20.347788087,9990.0,time_decay,st_000355,cmp_000,pl_000,cr_000,bot_start,2026-08-22 03:47:09.848263648,0.32620954053621853,3258.833309956823
so_00048,su_00385,2026-08-24 18:52:20.347788087,9990.0,time_decay,st_000356,cmp_000,pl_000,cr_000,lead,2026-08-22 10:41:51.771890476,0.3486535212715499,3483.0486775027834
so_00049,su_00394,2026-08-09 10:05:46.320003864,19990.0,time_decay,st_000360,cmp_003,pl_011,cr_011,click,2026-08-06 22:18:39.083094789,0.3290165184416025,6577.040203647634
so_00049,su_00394,2026-08-09 10:05:46.320003864,19990.0,time_decay,st_000361,cmp_003,pl_011,cr_011,bot_start,2026-08-06 22:37:00.522665724,0.32998704761394676,6596.441081802795
so_00049,su_00394,2026-08-09 10:05:46.320003864,19990.0,time_decay,st_000362,cmp_003,pl_011,cr_011,lead,2026-08-07 02:01:32.930878233,0.3409964339444507,6816.51871454957
so_00050,su_00401,2026-08-31 12:05:31.222784651,3990.0,time_decay,st_000363,cmp_002,pl_010,cr_010,click,2026-08-27 02:57:43.888792708,0.3084039629821736,1230.5318122988726
so_00050,su_00401,2026-08-31 12:05:31.222784651,3990.0,time_decay,st_000364,cmp_002,pl_010,cr_010,bot_start,2026-08-27 02:58:51.481494143,0.30845971357231705,1230.754257153545
so_00050,su_00401,2026-08-31 12:05:31.222784651,3990.0,time_decay,st_000365,cmp_002,pl_010,cr_010,lead,2026-08-28 01:30:02.950568274,0.3831363234455094,1528.7139305475825
so_00051,su_00403,2026-09-12 07:11:25.761051959,14990.0,time_decay,st_000366,cmp_001,pl_001,cr_001,click,2026-09-07 08:42:58.599141736,0.33178813990311123,4973.504217147637
so_00051,su_00403,2026-09-12 07:11:25.761051959,14990.0,time_decay,st_000367,cmp_001,pl_001,cr_001,bot_start,2026-09-07 08:52:20.273449726,0.3322868659839827,4980.980121099901
so_00051,su_00403,2026-09-12 07:11:25.761051959,14990.0,time_decay,st_000368,cmp_001,pl_001,cr_001,lead,2026-09-07 10:00:12.272177701,0.335924994112906,5035.515661752461
so_00052,su_00409,2026-08-25 22:42:17.144770586,5990.0,time_decay,st_000373,cmp_000,pl_000,cr_000,click,2026-08-22 07:57:21.688827574,0.3269941616599071,1958.6950283428434
so_00052,su_00409,2026-08-25 22:42:17.144770586,5990.0,time_decay,st_000374,cmp_000,pl_000,cr_000,bot_start,2026-08-22 08:21:47.319830462,0.3282782841778761,1966.3869222254777
so_00052,su_00409,2026-08-25 22:42:17.144770586,5990.0,time_decay,st_000375,cmp_000,pl_000,cr_000,lead,2026-08-22 13:26:30.588106787,0.3447275541622168,2064.9180494316784
so_00053,su_00410,2026-08-31 16:09:00.369231729,3990.0,time_decay,st_000376,cmp_002,pl_010,cr_010,click,2026-08-25 00:42:55.469011468,0.32273296514414573,1287.7045309251414
so_00053,su_00410,2026-08-31 16:09:00.369231729,3990.0,time_decay,st_000377,cmp_002,pl_010,cr_010,bot_start,2026-08-25 01:11:35.617417049,0.3242209515586423,1293.6415967189828
so_00053,su_00410,2026-08-31 16:09:00.369231729,3990.0,time_decay,st_000378,cmp_002,pl_010,cr_010,lead,2026-08-25 10:02:25.903193271,0.353046083297212,1408.6538723558758
so_00054,su_00414,2026-08-25 18:48:40.851367893,9990.0,time_decay,st_000382,cmp_000,pl_024,cr_009,click,2026-08-23 07:20:45.987358137,0.33086882448028665,3305.3795565580635
so_00054,su_00414,2026-08-25 18:48:40.851367893,9990.0,time_decay,st_000383,cmp_000,pl_024,cr_009,bot_start,2026-08-23 07:24:03.998762712,0.33104407184870627,3307.1302777685755
so_00054,su_00414,2026-08-25 18:48:40.851367893,9990.0,time_decay,st_000384,cmp_000,pl_024,cr_009,lead,2026-08-23 09:35:16.340835653,0.33808710367100714,3377.4901656733614
so_00055,su_00417,2026-08-15 06:57:17.377782130,19990.0,time_decay,st_000385,cmp_000,pl_016,cr_001,click,2026-08-12 15:54:25.852118066,0.3153097972200538,6303.042846428875
so_00055,su_00417,2026-08-15 06:57:17.377782130,19990.0,time_decay,st_000386,cmp_000,pl_016,cr_001,bot_start,2026-08-12 16:04:49.311102352,0.3158359330808631,6313.560302286453
so_00055,su_00417,2026-08-15 06:57:17.377782130,19990.0,time_decay,st_000387,cmp_000,pl_016,cr_001,lead,2026-08-13 08:11:57.871254710,0.3688542696990831,7373.39685128467
so_00056,su_00432,2026-09-14 01:53:15.809287866,3990.0,time_decay,st_000393,cmp_004,pl_020,cr_005,click,2026-09-09 12:59:59.411302305,0.3094972920181111,1234.8941951522634
so_00056,su_00432,2026-09-14 01:53:15.809287866,3990.0,time_decay,st_000394,cmp_004,pl_020,cr_005,bot_start,2026-09-09 13:11:10.759751228,0.31005343339942093,1237.1131992636895
so_00056,su_00432,2026-09-14 01:53:15.809287866,3990.0,time_decay,st_000395,cmp_004,pl_020,cr_005,lead,2026-09-10 10:26:23.293971467,0.3804492745824679,1517.992605584047
so_00057,su_00435,2026-08-15 13:20:22.370144376,9990.0,time_decay,st_000396,cmp_007,pl_023,cr_008,click,2026-08-11 03:06:02.179047233,0.32002628607346,3197.0625978738653
so_00057,su_00435,2026-08-15 13:20:22.370144376,9990.0,time_decay,st_000397,cmp_007,pl_023,cr_008,bot_start,2026-08-11 03:08:09.556373371,0.32013531511954296,3198.151798044234
so_00057,su_00435,2026-08-15 13:20:22.370144376,9990.0,time_decay,st_000398,cmp_007,pl_023,cr_008,lead,2026-08-11 15:16:48.123844701,0.3598383988069971,3594.785604081901
so_00058,su_00437,2026-08-27 17:58:04.357617709,19990.0,time_decay,st_000399,cmp_001,pl_009,cr_009,click,2026-08-21 08:45:10.268581410,0.32863244474754333,6569.362570503391
so_00058,su_00437,2026-08-27 17:58:04.357617709,19990.0,time_decay,st_000400,cmp_001,pl_009,cr_009,bot_start,2026-08-21 09:06:17.906904353,0.3297483634986956,6591.6697863389245
so_00058,su_00437,2026-08-27 17:58:04.357617709,19990.0,time_decay,st_000401,cmp_001,pl_009,cr_009,lead,2026-08-21 12:46:43.204980261,0.34161919175376104,6828.967643157684
so_00059,su_00444,2026-08-28 17:09:23.622605958,9990.0,time_decay,st_000410,cmp_004,pl_012,cr_012,click,2026-08-28 03:24:55.070299719,0.32926905170909043,3289.3978265738133
so_00059,su_00444,2026-08-28 17:09:23.622605958,9990.0,time_decay,st_000411,cmp_004,pl_012,cr_012,bot_start,2026-08-28 03:28:50.482097094,0.3294764027923245,3291.4692638953215
so_00059,su_00444,2026-08-28 17:09:23.622605958,9990.0,time_decay,st_000412,cmp_004,pl_012,cr_012,lead,2026-08-28 07:07:44.954843868,0.3412545454985851,3409.132909530865
so_00060,su_00447,2026-09-02 09:37:26.353850249,9990.0,time_decay,st_000416,cmp_003,pl_019,cr_004,click,2026-08-30 23:16:05.632008067,0.32983146231567934,3295.0163085336367
so_00060,su_00447,2026-09-02 09:37:26.353850249,9990.0,time_decay,st_000417,cmp_003,pl_019,cr_004,bot_start,2026-08-30 23:45:38.848843352,0.3313992039326882,3310.678047287555
so_00060,su_00447,2026-09-02 09:37:26.353850249,9990.0,time_decay,st_000418,cmp_003,pl_019,cr_004,lead,2026-08-31 02:02:44.080598932,0.3387693337516325,3384.3056441788085
so_00061,su_00468,2026-08-16 00:42:24.970937973,19990.0,time_decay,st_000427,cmp_002,pl_018,cr_003,click,2026-08-10 01:20:58.076693479,0.32949728438166626,6586.650714789508
so_00061,su_00468,2026-08-16 00:42:24.970937973,19990.0,time_decay,st_000428,cmp_002,pl_018,cr_003,bot_start,2026-08-10 01:36:38.454781831,0.3303269268744353,6603.235268219962
so_00061,su_00468,2026-08-16 00:42:24.970937973,19990.0,time_decay,st_000429,cmp_002,pl_018,cr_003,lead,2026-08-10 04:39:44.876727534,0.3401757887438983,6800.1140169905275
so_00062,su_00474,2026-09-09 23:28:19.444919392,19990.0,time_decay,st_000435,cmp_005,pl_013,cr_013,lead,2026-09-03 12:46:56.158822228,1.0,19990.0
so_00063,su_00477,2026-09-08 22:00:44.457383312,3990.0,time_decay,st_000436,cmp_005,pl_029,cr_014,click,2026-09-06 07:24:23.811899675,0.32416806172980106,1293.4305663019063
so_00063,su_00477,2026-09-08 22:00:44.457383312,3990.0,time_decay,st_000437,cmp_005,pl_029,cr_014,bot_start,2026-09-06 07:47:29.601730376,0.3253716086386081,1298.2327184680462
so_00063,su_00477,2026-09-08 22:00:44.457383312,3990.0,time_decay,st_000438,cmp_005,pl_029,cr_014,lead,2026-09-06 15:30:26.193820804,0.3504603296315908,1398.3367152300473
so_00064,su_00480,2026-08-27 19:11:12.720018897,19990.0,time_decay,st_000439,cmp_002,pl_026,cr_011,click,2026-08-21 08:36:28.186027243,0.311176647829606,6220.421190113824
so_00064,su_00480,2026-08-27 19:11:12.720018897,19990.0,time_decay,st_000440,cmp_002,pl_026,cr_011,bot_start,2026-08-21 09:00:04.268155170,0.31235726329680275,6244.021693303087
so_00064,su_00480,2026-08-27 19:11:12.720018897,19990.0,time_decay,st_000441,cmp_002,pl_026,cr_011,lead,2026-08-22 04:23:32.747985300,0.37646608887359134,7525.557116583091
so_00065,su_00482,2026-09-10 03:29:27.864973672,9990.0,time_decay,st_000442,cmp_007,pl_007,cr_007,click,2026-09-08 03:58:33.788125881,0.3079501867187816,3076.422365320628
so_00065,su_00482,2026-09-10 03:29:27.864973672,9990.0,time_decay,st_000443,cmp_007,pl_007,cr_007,bot_start,2026-09-08 04:14:05.892018237,0.30871874469396365,3084.1002594926968
so_00065,su_00482,2026-09-10 03:29:27.864973672,9990.0,time_decay,st_000444,cmp_007,pl_007,cr_007,lead,2026-09-09 02:43:13.494498383,0.3833310685872548,3829.4773751866755
so_00066,su_00492,2026-09-09 22:26:31.898726745,3990.0,time_decay,st_000458,cmp_003,pl_027,cr_012,click,2026-09-05 01:56:04.895573454,0.31783750376858555,1268.1716400366563
so_00066,su_00492,2026-09-09 22:26:31.898726745,3990.0,time_decay,st_000459,cmp_003,pl_027,cr_012,bot_start,2026-09-05 02:00:48.639579331,0.3180787647436553,1269.1342713271847
so_00066,su_00492,2026-09-09 22:26:31.898726745,3990.0,time_decay,st_000460,cmp_003,pl_027,cr_012,lead,2026-09-05 16:02:43.147368282,0.36408373148775913,1452.694088636159
so_00067,su_00495,2026-09-08 21:37:32.309678456,9990.0,time_decay,st_000461,cmp_005,pl_029,cr_014,click,2026-09-05 06:22:13.643095972,0.3079061355792556,3075.9822944367634
so_00067,su_00495,2026-09-08 21:37:32.309678456,9990.0,time_decay,st_000462,cmp_005,pl_029,cr_014,bot_start,2026-09-05 06:25:58.169406126,0.30809106518041907,3077.8297411523863
so_00067,su_00495,2026-09-08 21:37:32.309678456,9990.0,time_decay,st_000463,cmp_005,pl_029,cr_014,lead,2026-09-06 05:18:41.557184882,0.3840027992403253,3836.18796441085
so_00068,su_00497,2026-08-18 04:09:09.027082426,9990.0,time_decay,st_000464,cmp_002,pl_018,cr_003,click,2026-08-11 23:16:24.709070682,0.33182908639726977,3314.972573108725
so_00068,su_00497,2026-08-18 04:09:09.027082426,9990.0,time_decay,st_000465,cmp_002,pl_018,cr_003,bot_start,2026-08-11 23:26:05.685071662,0.3323450279650616,3320.1268293709654
so_00068,su_00497,2026-08-18 04:09:09.027082426,9990.0,time_decay,st_000466,cmp_002,pl_018,cr_003,lead,2026-08-12 00:31:01.893310333,0.3358258856376686,3354.900597520309
so_00069,su_00510,2026-09-06 06:02:31.882044481,19990.0,time_decay,st_000474,cmp_004,pl_004,cr_004,click,2026-09-03 01:53:59.438875844,0.3120735071885129,6238.349408698373
so_00069,su_00510,2026-09-06 06:02:31.882044481,19990.0,time_decay,st_000475,cmp_004,pl_004,cr_004,bot_start,2026-09-03 02:02:12.160138414,0.3124849740078986,6246.574630417893
so_00069,su_00510,2026-09-06 06:02:31.882044481,19990.0,time_decay,st_000476,cmp_004,pl_004,cr_004,lead,2026-09-03 21:06:08.678609681,0.37544151880358845,7505.075960883733
so_00070,su_00517,2026-09-12 21:12:11.689999012,9990.0,time_decay,st_000478,cmp_007,pl_015,cr_000,click,2026-09-08 03:30:32.031275031,0.32854193638796014,3282.133944515722
so_00070,su_00517,2026-09-12 21:12:11.689999012,9990.0,time_decay,st_000479,cmp_007,pl_015,cr_000,bot_start,2026-09-08 03:40:57.132168854,0.3290915967720502,3287.6250517527815
so_00070,su_00517,2026-09-12 21:12:11.689999012,9990.0,time_decay,st_000480,cmp_007,pl_015,cr_000,lead,2026-09-08 07:47:25.066375633,0.3423664668399896,3420.241003731496
so_00071,su_00518,2026-08-25 00:03:05.938684130,5990.0,time_decay,st_000481,cmp_000,pl_000,cr_000,click,2026-08-20 07:20:17.068390306,0.3319324893177529,1988.2756110133398
so_00071,su_00518,2026-08-25 00:03:05.938684130,5990.0,time_decay,st_000482,cmp_000,pl_000,cr_000,bot_start,2026-08-20 07:30:20.623183537,0.33246866542311965,1991.4873058844867
so_00071,su_00518,2026-08-25 00:03:05.938684130,5990.0,time_decay,st_000483,cmp_000,pl_000,cr_000,lead,2026-08-20 08:28:44.845472149,0.33559884525912737,2010.2370831021728
so_00072,su_00519,2026-08-20 17:24:29.983406210,3990.0,time_decay,st_000484,cmp_004,pl_028,cr_013,click,2026-08-17 06:28:34.103645030,0.32117281018723504,1281.4795126470678
so_00072,su_00519,2026-08-20 17:24:29.983406210,3990.0,time_decay,st_000485,cmp_004,pl_028,cr_013,bot_start,2026-08-17 06:45:55.588609959,0.32206856089749386,1285.0535579810005
so_00072,su_00519,2026-08-20 17:24:29.983406210,3990.0,time_decay,st_000486,cmp_004,pl_028,cr_013,lead,2026-08-17 17:23:28.450930917,0.356758628915271,1423.4669293719312
so_00073,su_00521,2026-08-15 05:56:33.348353439,5990.0,time_decay,st_000488,cmp_007,pl_023,cr_008,click,2026-08-11 20:06:30.787161528,0.31962782827449293,1914.5706913642127
so_00073,su_00521,2026-08-15 05:56:33.348353439,5990.0,time_decay,st_000489,cmp_007,pl_023,cr_008,bot_start,2026-08-11 20:34:38.742969985,0.32107385616291667,1923.2323984158709
so_00073,su_00521,2026-08-15 05:56:33.348353439,5990.0,time_decay,st_000490,cmp_007,pl_023,cr_008,lead,2026-08-12 08:15:40.934942011,0.3592983155625904,2152.1969102199164
so_00074,su_00525,2026-08-14 21:01:39.566062243,5990.0,time_decay,st_000491,cmp_002,pl_018,cr_003,click,2026-08-11 19:56:55.306101316,0.32541048373129766,1949.208797550473
so_00074,su_00525,2026-08-14 21:01:39.566062243,5990.0,time_decay,st_000492,cmp_002,pl_018,cr_003,bot_start,2026-08-11 20:06:08.258261501,0.32589202187807376,1952.0932110496617
so_00074,su_00525,2026-08-14 21:01:39.566062243,5990.0,time_decay,st_000493,cmp_002,pl_018,cr_003,lead,2026-08-12 03:07:41.503178688,0.3486974943906285,2088.697991399865
so_00075,su_00526,2026-09-11 12:13:30.812259648,9990.0,time_decay,st_000496,cmp_004,pl_004,cr_004,lead,2026-09-04 21:38:57.330550005,1.0,9990.0
so_00076,su_00527,2026-08-20 03:50:03.925288536,5990.0,time_decay,st_000499,cmp_000,pl_016,cr_001,lead,2026-08-13 04:59:37.610827218,1.0,5990.0
so_00077,su_00536,2026-08-18 14:55:58.552529926,5990.0,time_decay,st_000504,cmp_000,pl_016,cr_001,click,2026-08-12 03:08:25.201537506,0.3212022281061107,1924.0013463556031
so_00077,su_00536,2026-08-18 14:55:58.552529926,5990.0,time_decay,st_000505,cmp_000,pl_016,cr_001,bot_start,2026-08-12 03:25:13.240596125,0.3220692535917115,1929.1948290143519
so_00077,su_00536,2026-08-18 14:55:58.552529926,5990.0,time_decay,st_000506,cmp_000,pl_016,cr_001,lead,2026-08-12 14:02:13.736031394,0.3567285183021778,2136.803824630045
so_00078,su_00539,2026-09-07 11:25:47.337389443,5990.0,time_decay,st_000507,cmp_004,pl_004,cr_004,click,2026-09-03 15:00:07.175004211,0.32352069000743555,1937.888933144539
so_00078,su_00539,2026-09-07 11:25:47.337389443,5990.0,time_decay,st_000508,cmp_004,pl_004,cr_004,bot_start,2026-09-03 15:15:32.112755754,0.3243218924101184,1942.688135536609
so_00078,su_00539,2026-09-07 11:25:47.337389443,5990.0,time_decay,st_000509,cmp_004,pl_004,cr_004,lead,2026-09-03 23:48:43.532815718,0.35215741758244606,2109.422931318852
so_00079,su_00545,2026-08-26 22:47:01.887941087,19990.0,time_decay,st_000514,cmp_002,pl_010,cr_010,click,2026-08-25 19:51:56.722161580,0.3184131833833777,6365.07953583372
so_00079,su_00545,2026-08-26 22:47:01.887941087,19990.0,time_decay,st_000515,cmp_002,pl_010,cr_010,bot_start,2026-08-25 20:20:36.420970093,0.31988086850104075,6394.418561335805
so_00079,su_00545,2026-08-26 22:47:01.887941087,19990.0,time_decay,st_000516,cmp_002,pl_010,cr_010,lead,2026-08-26 09:06:28.074185856,0.3617059481155816,7230.501902830476
so_00080,su_00547,2026-09-06 00:52:28.938480971,14990.0,time_decay,st_000517,cmp_005,pl_029,cr_014,click,2026-09-04 01:47:29.401499655,0.3226768228456683,4836.925574456568
so_00080,su_00547,2026-09-06 00:52:28.938480971,14990.0,time_decay,st_000518,cmp_005,pl_029,cr_014,bot_start,2026-09-04 02:05:20.771319419,0.3236026287093493,4850.803404353146
so_00080,su_00547,2026-09-06 00:52:28.938480971,14990.0,time_decay,st_000519,cmp_005,pl_029,cr_014,lead,2026-09-04 11:19:58.604933674,0.35372054844498246,5302.271021190287
so_00081,su_00548,2026-09-07 16:32:25.379344727,14990.0,time_decay,st_000520,cmp_005,pl_029,cr_014,click,2026-09-06 17:35:22.753821569,0.3266428271214046,4896.375978549855
so_00081,su_00548,2026-09-07 16:32:25.379344727,14990.0,time_decay,st_000521,cmp_005,pl_029,cr_014,bot_start,2026-09-06 17:38:43.137680010,0.32681790960180285,4899.000464931025
so_00081,su_00548,2026-09-07 16:32:25.379344727,14990.0,time_decay,st_000522,cmp_005,pl_029,cr_014,lead,2026-09-06 23:43:53.773836394,0.3465392632767926,5194.623556519121
so_00082,su_00550,2026-08-19 17:40:10.902742920,3990.0,time_decay,st_000523,cmp_005,pl_021,cr_006,click,2026-08-17 16:19:40.989244341,0.32816188400739643,1309.3659171895117
so_00082,su_00550,2026-08-19 17:40:10.902742920,3990.0,time_decay,st_000524,cmp_005,pl_021,cr_006,bot_start,2026-08-17 16:35:02.812316852,0.32897184028935006,1312.5976427545068
so_00082,su_00550,2026-08-19 17:40:10.902742920,3990.0,time_decay,st_000525,cmp_005,pl_021,cr_006,lead,2026-08-17 20:52:52.363938682,0.34286627570325345,1368.0364400559813
so_00083,su_00557,2026-08-19 05:47:05.232933201,14990.0,time_decay,st_000527,cmp_007,pl_023,cr_008,click,2026-08-12 15:47:58.346322051,0.31042192957433784,4653.224724319324
so_00083,su_00557,2026-08-19 05:47:05.232933201,14990.0,time_decay,st_000528,cmp_007,pl_023,cr_008,bot_start,2026-08-12 16:00:21.688542258,0.3110396093501223,4662.483744158333
so_00083,su_00557,2026-08-19 05:47:05.232933201,14990.0,time_decay,st_000529,cmp_007,pl_023,cr_008,lead,2026-08-13 12:24:23.825908199,0.37853846107553984,5674.291531522343
so_00084,su_00564,2026-09-06 16:27:34.696375144,3990.0,time_decay,st_000536,cmp_005,pl_029,cr_014,click,2026-09-03 21:37:31.166587226,0.3281398174655619,1309.277871687592
so_00084,su_00564,2026-09-06 16:27:34.696375144,3990.0,time_decay,st_000537,cmp_005,pl_029,cr_014,bot_start,2026-09-03 21:57:20.790293478,0.32918537995097247,1313.44966600438
so_00084,su_00564,2026-09-06 16:27:34.696375144,3990.0,time_decay,st_000538,cmp_005,pl_029,cr_014,lead,2026-09-04 02:07:38.799177228,0.3426748025834656,1367.2724623080278
so_00085,su_00575,2026-08-14 07:32:22.925316677,3990.0,time_decay,st_000549,cmp_002,pl_018,cr_003,click,2026-08-12 02:24:08.047576512,0.32244789581979055,1286.5671043209643
so_00085,su_00575,2026-08-14 07:32:22.925316677,3990.0,time_decay,st_000550,cmp_002,pl_018,cr_003,bot_start,2026-08-12 02:40:28.461008740,0.3232943992163015,1289.944652873043
so_00085,su_00575,2026-08-14 07:32:22.925316677,3990.0,time_decay,st_000551,cmp_002,pl_018,cr_003,lead,2026-08-12 12:10:30.086916266,0.35425770496390796,1413.4882428059927
so_00086,su_00579,2026-09-11 11:11:22.111517860,3990.0,time_decay,st_000552,cmp_001,pl_001,cr_001,click,2026-09-06 03:10:33.860331843,0.3099411756031803,1236.6652906566894
so_00086,su_00579,2026-09-11 11:11:22.111517860,3990.0,time_decay,st_000553,cmp_001,pl_001,cr_001,bot_start,2026-09-06 03:26:45.241654546,0.31074734012716015,1239.881887107369
so_00086,su_00579,2026-09-11 11:11:22.111517860,3990.0,time_decay,st_000554,cmp_001,pl_001,cr_001,lead,2026-09-07 00:09:21.791390642,0.3793114842696596,1513.4528222359418
so_00087,su_00591,2026-08-19 03:00:36.272422267,3990.0,time_decay,st_000560,cmp_006,pl_006,cr_006,click,2026-08-17 22:10:29.141049112,0.32345945973872836,1290.6032443575261
so_00087,su_00591,2026-08-19 03:00:36.272422267,3990.0,time_decay,st_000561,cmp_006,pl_006,cr_006,bot_start,2026-08-17 22:17:21.465549837,0.32381631238150443,1292.0270864022027
so_00087,su_00591,2026-08-19 03:00:36.272422267,3990.0,time_decay,st_000562,cmp_006,pl_006,cr_006,lead,2026-08-18 07:10:17.676400685,0.35272422787976726,1407.3696692402714
so_00088,su_00593,2026-09-11 02:52:47.066520873,3990.0,time_decay,st_000563,cmp_006,pl_014,cr_014,click,2026-09-08 23:29:15.406127508,0.3099711918911525,1236.7850556456985
so_00088,su_00593,2026-09-11 02:52:47.066520873,3990.0,time_decay,st_000564,cmp_006,pl_014,cr_014,bot_start,2026-09-08 23:34:41.301206958,0.31024145007771925,1237.8633858100998
so_00088,su_00593,2026-09-11 02:52:47.066520873,3990.0,time_decay,st_000565,cmp_006,pl_014,cr_014,lead,2026-09-09 20:35:15.973070803,0.37978735803112823,1515.3515585442017
so_00089,su_00605,2026-09-17 10:23:30.652557143,19990.0,time_decay,st_000570,cmp_003,pl_003,cr_003,click,2026-09-11 16:31:11.465373928,0.31050781176299846,6207.051157142339
so_00089,su_00605,2026-09-17 10:23:30.652557143,19990.0,time_decay,st_000571,cmp_003,pl_003,cr_003,bot_start,2026-09-11 16:33:24.660983100,0.31061843089609603,6209.262433612959
so_00089,su_00605,2026-09-17 10:23:30.652557143,19990.0,time_decay,st_000572,cmp_003,pl_003,cr_003,lead,2026-09-12 13:11:24.584486451,0.37887375734090556,7573.686409244702
so_00090,su_00608,2026-09-08 00:22:10.647001343,19990.0,time_decay,st_000573,cmp_003,pl_027,cr_012,click,2026-09-04 01:56:56.032986116,0.3117284790626374,6231.452296462122
so_00090,su_00608,2026-09-08 00:22:10.647001343,19990.0,time_decay,st_000574,cmp_003,pl_027,cr_012,bot_start,2026-09-04 02:00:06.396737607,0.31188721006048536,6234.6253291091025
so_00090,su_00608,2026-09-08 00:22:10.647001343,19990.0,time_decay,st_000575,cmp_003,pl_027,cr_012,lead,2026-09-04 21:31:36.797254503,0.3763843108768773,7523.922374428777
so_00091,su_00626,2026-09-12 00:35:23.804154633,5990.0,time_decay,st_000587,cmp_006,pl_014,cr_014,click,2026-09-10 16:34:37.043927142,0.32931354060471824,1972.5881082222622
so_00091,su_00626,2026-09-12 00:35:23.804154633,5990.0,time_decay,st_000588,cmp_006,pl_014,cr_014,bot_start,2026-09-10 16:48:08.664866289,0.3300290653881959,1976.8741016752933
so_00091,su_00626,2026-09-12 00:35:23.804154633,5990.0,time_decay,st_000589,cmp_006,pl_014,cr_014,lead,2026-09-10 20:05:41.474941656,0.34065739400708595,2040.537790102445
so_00092,su_00629,2026-08-19 05:25:59.600953053,5990.0,time_decay,st_000593,cmp_000,pl_016,cr_001,click,2026-08-13 11:42:01.157114875,0.3208692850036077,1922.00701717161
so_00092,su_00629,2026-08-19 05:25:59.600953053,5990.0,time_decay,st_000594,cmp_000,pl_016,cr_001,bot_start,2026-08-13 12:01:58.064762017,0.3218979512048162,1928.168727716849
so_00092,su_00629,2026-08-19 05:25:59.600953053,5990.0,time_decay,st_000595,cmp_000,pl_016,cr_001,lead,2026-08-13 22:51:05.718448198,0.3572327637915761,2139.824255111541
so_00093,su_00642,2026-09-17 17:59:01.742773806,3990.0,time_decay,st_000606,cmp_004,pl_020,cr_005,lead,2026-09-11 00:04:15.858887531,1.0,3990.0
so_00094,su_00651,2026-09-16 15:50:44.265837709,14990.0,time_decay,st_000613,cmp_003,pl_003,cr_003,click,2026-09-10 23:02:41.739676409,0.3221111784869165,4828.446565518879
so_00094,su_00651,2026-09-16 15:50:44.265837709,14990.0,time_decay,st_000614,cmp_003,pl_003,cr_003,bot_start,2026-09-10 23:07:29.062421893,0.3223587685010022,4832.157939830023
so_00094,su_00651,2026-09-16 15:50:44.265837709,14990.0,time_decay,st_000615,cmp_003,pl_003,cr_003,lead,2026-09-11 09:17:55.134229868,0.3555300530120814,5329.3954946511
so_00095,su_00656,2026-08-14 14:36:44.272982156,14990.0,time_decay,st_000619,cmp_002,pl_018,cr_003,click,2026-08-11 03:56:05.710284874,0.3102217555461455,4650.224115636721
so_00095,su_00656,2026-08-14 14:36:44.272982156,14990.0,time_decay,st_000620,cmp_002,pl_018,cr_003,bot_start,2026-08-11 03:59:42.406050614,0.31040157595448786,4652.919623557773
so_00095,su_00656,2026-08-14 14:36:44.272982156,14990.0,time_decay,st_000621,cmp_002,pl_018,cr_003,lead,2026-08-12 00:50:19.529241606,0.37937666849936663,5686.856260805505
so_00096,su_00671,2026-09-01 16:41:50.040468501,5990.0,time_decay,st_000633,cmp_004,pl_012,cr_012,click,2026-08-29 09:41:33.693509898,0.3289885275584706,1970.6412800752387
so_00096,su_00671,2026-09-01 16:41:50.040468501,5990.0,time_decay,st_000634,cmp_004,pl_012,cr_012,bot_start,2026-08-29 09:51:55.936588591,0.32953641667405215,1973.9231358775723
so_00096,su_00671,2026-09-01 16:41:50.040468501,5990.0,time_decay,st_000635,cmp_004,pl_012,cr_012,lead,2026-08-29 13:33:43.858454279,0.34147505576747733,2045.4355840471892
so_00097,su_00674,2026-09-06 19:57:30.889383359,19990.0,time_decay,st_000636,cmp_000,pl_008,cr_008,click,2026-09-04 10:46:23.334028432,0.3210529297719214,6417.848066140708
so_00097,su_00674,2026-09-06 19:57:30.889383359,19990.0,time_decay,st_000637,cmp_000,pl_008,cr_008,bot_start,2026-09-04 10:55:04.471100533,0.32150066547235795,6426.798302792436
so_00097,su_00674,2026-09-06 19:57:30.889383359,19990.0,time_decay,st_000638,cmp_000,pl_008,cr_008,lead,2026-09-04 21:55:37.503533064,0.35744640475572065,7145.353631066856
so_00098,su_00675,2026-09-07 04:21:52.522070586,9990.0,time_decay,st_000639,cmp_001,pl_001,cr_001,click,2026-09-06 20:15:07.986405785,0.3325109267674481,3321.7841584068065
so_00098,su_00675,2026-09-07 04:21:52.522070586,9990.0,time_decay,st_000640,cmp_001,pl_001,cr_001,bot_start,2026-09-06 20:22:32.400886035,0.332906332243003,3325.7342591076
so_00098,su_00675,2026-09-07 04:21:52.522070586,9990.0,time_decay,st_000641,cmp_001,pl_001,cr_001,lead,2026-09-06 20:53:50.749515511,0.334582740989549,3342.4815824855946
so_00099,su_00684,2026-08-23 13:43:16.960678266,14990.0,time_decay,st_000643,cmp_000,pl_024,cr_009,click,2026-08-22 02:11:18.547636812,0.3157191352008845,4732.629836661259
so_00099,su_00684,2026-08-23 13:43:16.960678266,14990.0,time_decay,st_000644,cmp_000,pl_024,cr_009,bot_start,2026-08-22 02:13:19.301114583,0.3158211025521819,4734.158327257206
so_00099,su_00684,2026-08-23 13:43:16.960678266,14990.0,time_decay,st_000645,cmp_000,pl_024,cr_009,lead,2026-08-22 18:14:05.252941002,0.36845976224693355,5523.211836081534
so_00100,su_00694,2026-08-17 10:05:47.385918559,9990.0,time_decay,st_000658,cmp_002,pl_018,cr_003,click,2026-08-11 18:15:27.894547452,0.3273146006291777,3269.8728602854853
so_00100,su_00694,2026-08-17 10:05:47.385918559,9990.0,time_decay,st_000659,cmp_002,pl_018,cr_003,bot_start,2026-08-11 18:20:16.191179097,0.3275670433384484,3272.3947629510994
so_00100,su_00694,2026-08-17 10:05:47.385918559,9990.0,time_decay,st_000660,cmp_002,pl_018,cr_003,lead,2026-08-11 23:45:34.209149218,0.3451183560323739,3447.7323767634152
so_00101,su_00696,2026-08-30 16:38:47.432186011,14990.0,time_decay,st_000661,cmp_001,pl_017,cr_002,click,2026-08-23 21:04:24.763789632,0.32327392126393867,4845.876079746441
so_00101,su_00696,2026-08-30 16:38:47.432186011,14990.0,time_decay,st_000662,cmp_001,pl_017,cr_002,bot_start,2026-08-23 21:11:06.974507373,0.3236218163985044,4851.091027813581
so_00101,su_00696,2026-08-30 16:38:47.432186011,14990.0,time_decay,st_000663,cmp_001,pl_017,cr_002,lead,2026-08-24 06:14:30.541953044,0.3531042623375568,5293.032892439976
so_00102,su_00701,2026-08-20 03:28:57.723269582,9990.0,time_decay,st_000664,cmp_006,pl_006,cr_006,click,2026-08-17 18:04:59.921164688,0.321746294106227,3214.2454781212077
so_00102,su_00701,2026-08-20 03:28:57.723269582,9990.0,time_decay,st_000665,cmp_006,pl_006,cr_006,bot_start,2026-08-17 18:06:10.462288494,0.32180699391944034,3214.851869255209
so_00102,su_00701,2026-08-20 03:28:57.723269582,9990.0,time_decay,st_000666,cmp_006,pl_006,cr_006,lead,2026-08-18 04:43:20.060038372,0.3564467119743327,3560.9026526235834
so_00103,su_00721,2026-08-26 02:22:34.390054136,9990.0,time_decay,st_000679,cmp_000,pl_024,cr_009,click,2026-08-24 06:17:26.102025497,0.3290511116108131,3287.220604992023
so_00103,su_00721,2026-08-26 02:22:34.390054136,9990.0,time_decay,st_000680,cmp_000,pl_024,cr_009,bot_start,2026-08-24 06:40:54.934922051,0.33029314040107544,3299.628472606744
so_00103,su_00721,2026-08-26 02:22:34.390054136,9990.0,time_decay,st_000681,cmp_000,pl_024,cr_009,lead,2026-08-24 09:53:26.841878417,0.34065574798811155,3403.1509224012343
so_00104,su_00723,2026-08-22 06:56:09.428001443,9990.0,time_decay,st_000682,cmp_005,pl_021,cr_006,click,2026-08-17 17:28:26.109278638,0.32279820742608595,3224.7540921865984
so_00104,su_00723,2026-08-22 06:56:09.428001443,9990.0,time_decay,st_000683,cmp_005,pl_021,cr_006,bot_start,2026-08-17 17:49:10.059324938,0.32387379820188106,3235.499244036792
so_00104,su_00723,2026-08-22 06:56:09.428001443,9990.0,time_decay,st_000684,cmp_005,pl_021,cr_006,lead,2026-08-18 02:51:39.436874097,0.35332799437203305,3529.74666377661
so_00105,su_00724,2026-08-30 01:20:04.018611978,9990.0,time_decay,st_000685,cmp_002,pl_010,cr_010,click,2026-08-27 01:25:17.510261571,0.30604214107635347,3057.360989352771
so_00105,su_00724,2026-08-30 01:20:04.018611978,9990.0,time_decay,st_000686,cmp_002,pl_010,cr_010,bot_start,2026-08-27 01:46:26.877056360,0.30708277060891054,3067.756878383016
so_00105,su_00724,2026-08-30 01:20:04.018611978,9990.0,time_decay,st_000687,cmp_002,pl_010,cr_010,lead,2026-08-28 01:46:02.753456280,0.386875088314736,3864.8821322642125
so_00106,su_00730,2026-08-26 03:01:35.180793770,14990.0,time_decay,st_000691,cmp_000,pl_024,cr_009,click,2026-08-22 20:05:33.298752822,0.30977593363737077,4643.541245224188
so_00106,su_00730,2026-08-26 03:01:35.180793770,14990.0,time_decay,st_000692,cmp_000,pl_024,cr_009,bot_start,2026-08-22 20:11:13.347269853,0.31005775668144286,4647.765772654829
so_00106,su_00730,2026-08-26 03:01:35.180793770,14990.0,time_decay,st_000693,cmp_000,pl_024,cr_009,lead,2026-08-23 17:21:42.435452602,0.3801663096811863,5698.692982120982
so_00107,su_00737,2026-08-10 00:04:49.232915909,5990.0,time_decay,st_000698,cmp_002,pl_002,cr_002,click,2026-08-09 15:13:34.523214719,0.32640939111643236,1955.1922527874299
so_00107,su_00737,2026-08-10 00:04:49.232915909,5990.0,time_decay,st_000699,cmp_002,pl_002,cr_002,bot_start,2026-08-09 15:19:11.308068118,0.326703495327504,1956.9539370117488
so_00107,su_00737,2026-08-10 00:04:49.232915909,5990.0,time_decay,st_000700,cmp_002,pl_002,cr_002,lead,2026-08-09 21:32:48.053476206,0.3468871135560636,2077.853810200821
so_00108,su_00746,2026-08-31 19:34:09.469177184,3990.0,time_decay,st_000708,cmp_003,pl_019,cr_004,click,2026-08-29 10:11:00.015877250,0.31387751323966673,1252.3712778262702
so_00108,su_00746,2026-08-31 19:34:09.469177184,3990.0,time_decay,st_000709,cmp_003,pl_019,cr_004,bot_start,2026-08-29 10:34:26.817786876,0.3150605569443875,1257.0916222081062
so_00108,su_00746,2026-08-31 19:34:09.469177184,3990.0,time_decay,st_000710,cmp_003,pl_019,cr_004,lead,2026-08-30 03:34:06.011333950,0.3710619298159457,1480.5370999656234
so_00109,su_00761,2026-09-04 23:12:13.858600022,9990.0,time_decay,st_000726,cmp_004,pl_012,cr_012,lead,2026-08-29 10:36:07.330424541,1.0,9990.0
so_00110,su_00766,2026-09-13 14:22:54.776001924,14990.0,time_decay,st_000733,cmp_003,pl_003,cr_003,click,2026-09-09 06:41:51.143955327,0.32109357090241675,4813.192627827227
so_00110,su_00766,2026-09-13 14:22:54.776001924,14990.0,time_decay,st_000734,cmp_003,pl_003,cr_003,bot_start,2026-09-09 07:00:54.519588227,0.32207684618700166,4827.931924343155
so_00110,su_00766,2026-09-13 14:22:54.776001924,14990.0,time_decay,st_000735,cmp_003,pl_003,cr_003,lead,2026-09-09 17:39:32.127193592,0.3568295829105815,5348.875447829616
so_00111,su_00788,2026-09-12 17:04:20.748007872,9990.0,time_decay,st_000750,cmp_007,pl_007,cr_007,click,2026-09-08 15:33:05.809448955,0.3296210026455497,3292.9138164290416
so_00111,su_00788,2026-09-12 17:04:20.748007872,9990.0,time_decay,st_000751,cmp_007,pl_007,cr_007,bot_start,2026-09-08 15:35:11.696491914,0.3297319864161642,3294.02254429748
so_00111,su_00788,2026-09-12 17:04:20.748007872,9990.0,time_decay,st_000752,cmp_007,pl_007,cr_007,lead,2026-09-08 18:58:09.872021087,0.34064701093828603,3403.0636392734773
so_00112,su_00791,2026-08-18 13:35:23.228801295,3990.0,time_decay,st_000755,cmp_005,pl_021,cr_006,click,2026-08-16 09:31:57.684974998,0.3247231241131718,1295.6452652115554
so_00112,su_00791,2026-08-18 13:35:23.228801295,3990.0,time_decay,st_000756,cmp_005,pl_021,cr_006,bot_start,2026-08-16 09:49:20.486326901,0.32562992294425036,1299.2633925475589
so_00112,su_00791,2026-08-18 13:35:23.228801295,3990.0,time_decay,st_000757,cmp_005,pl_021,cr_006,lead,2026-08-16 17:12:51.423869255,0.3496469529425779,1395.091342240886
so_00113,su_00793,2026-09-11 20:09:50.658465929,14990.0,time_decay,st_000761,cmp_005,pl_029,cr_014,click,2026-09-05 01:47:04.120603941,0.31752938510492684,4759.765482722853
so_00113,su_00793,2026-09-11 20:09:50.658465929,14990.0,time_decay,st_000762,cmp_005,pl_029,cr_014,bot_start,2026-09-05 01:53:41.680681358,0.3178671449622974,4764.828502984838
so_00113,su_00793,2026-09-11 20:09:50.658465929,14990.0,time_decay,st_000763,cmp_005,pl_029,cr_014,lead,2026-09-05 16:08:38.497446813,0.36460346993277576,5465.406014292309
so_00114,su_00804,2026-09-11 18:53:55.019513321,5990.0,time_decay,st_000764,cmp_007,pl_007,cr_007,click,2026-09-09 11:22:24.825215366,0.3067446333379379,1837.400353694248
so_00114,su_00804,2026-09-11 18:53:55.019513321,5990.0,time_decay,st_000765,cmp_007,pl_007,cr_007,bot_start,2026-09-09 11:23:46.152050611,0.3068113521855084,1837.7999995911955
so_00114,su_00804,2026-09-11 18:53:55.019513321,5990.0,time_decay,st_000766,cmp_007,pl_007,cr_007,lead,2026-09-10 11:21:55.790717835,0.3864440144765537,2314.7996467145567
so_00115,su_00805,2026-09-08 22:55:48.190994115,5990.0,time_decay,st_000767,cmp_005,pl_029,cr_014,click,2026-09-05 17:10:42.547610505,0.30852459336199733,1848.062314238364
so_00115,su_00805,2026-09-08 22:55:48.190994115,5990.0,time_decay,st_000768,cmp_005,pl_029,cr_014,bot_start,2026-09-05 17:23:11.690174428,0.30914329293757725,1851.7683246960878
so_00115,su_00805,2026-09-08 22:55:48.190994115,5990.0,time_decay,st_000769,cmp_005,pl_029,cr_014,lead,2026-09-06 15:27:29.625811722,0.3823321137004254,2290.1693610655484
so_00116,su_00819,2026-09-14 01:29:33.582420977,14990.0,time_decay,st_000784,cmp_007,pl_007,cr_007,click,2026-09-08 14:28:45.698578367,0.3147107110867404,4717.513559190239
so_00116,su_00819,2026-09-14 01:29:33.582420977,14990.0,time_decay,st_000785,cmp_007,pl_007,cr_007,bot_start,2026-09-08 14:38:48.891904702,0.3152187638663335,4725.1292703563395
so_00116,su_00819,2026-09-14 01:29:33.582420977,14990.0,time_decay,st_000786,cmp_007,pl_007,cr_007,lead,2026-09-09 07:18:39.907174737,0.3700705250469261,5547.357170453422
so_00117,su_00830,2026-09-12 15:02:48.341200207,9990.0,time_decay,st_000793,cmp_003,pl_003,cr_003,click,2026-09-11 23:31:50.075121451,0.3181372002938245,3178.1906309353067
so_00117,su_00830,2026-09-12 15:02:48.341200207,9990.0,time_decay,st_000794,cmp_003,pl_003,cr_003,bot_start,2026-09-11 23:56:48.443927294,0.31941450355453704,3190.950890509825
so_00117,su_00830,2026-09-12 15:02:48.341200207,9990.0,time_decay,st_000795,cmp_003,pl_003,cr_003,lead,2026-09-12 13:04:32.367650460,0.36244829615163854,3620.858478554869
so_00118,su_00835,2026-09-08 08:07:27.666876255,3990.0,time_decay,st_000798,cmp_005,pl_013,cr_013,click,2026-09-02 14:44:46.066114014,0.30758144884568794,1227.2499808942948
so_00118,su_00835,2026-09-08 08:07:27.666876255,3990.0,time_decay,st_000799,cmp_005,pl_013,cr_013,bot_start,2026-09-02 15:04:06.740036441,0.308537618586759,1231.0650981611684
so_00118,su_00835,2026-09-08 08:07:27.666876255,3990.0,time_decay,st_000800,cmp_005,pl_013,cr_013,lead,2026-09-03 13:45:49.820481345,0.383880932567553,1531.6849209445365
so_00119,su_00842,2026-08-19 11:54:15.827194020,5990.0,time_decay,st_000807,cmp_004,pl_028,cr_013,click,2026-08-16 01:55:43.705119319,0.3293981204268227,1973.094741356668
so_00119,su_00842,2026-08-19 11:54:15.827194020,5990.0,time_decay,st_000808,cmp_004,pl_028,cr_013,bot_start,2026-08-16 02:19:31.287388643,0.3306580375351137,1980.641644835331
so_00119,su_00842,2026-08-19 11:54:15.827194020,5990.0,time_decay,st_000809,cmp_004,pl_028,cr_013,lead,2026-08-16 05:12:08.003236158,0.3399438420380636,2036.263613808001
so_00120,su_00843,2026-08-15 06:45:06.000012337,3990.0,time_decay,st_000810,cmp_002,pl_018,cr_003,click,2026-08-10 07:17:24.668331073,0.3258388803297191,1300.0971325155792
so_00120,su_00843,2026-08-15 06:45:06.000012337,3990.0,time_decay,st_000811,cmp_002,pl_018,cr_003,bot_start,2026-08-10 07:34:56.804218409,0.3267569514191653,1303.7602361624695
so_00120,su_00843,2026-08-15 06:45:06.000012337,3990.0,time_decay,st_000812,cmp_002,pl_018,cr_003,lead,2026-08-10 13:56:49.341817855,0.3474041682511157,1386.1426313219517
so_00121,su_00847,2026-08-23 07:37:52.461877346,14990.0,time_decay,st_000813,cmp_006,pl_006,cr_006,click,2026-08-18 20:10:48.167400710,0.31640596123593,4742.925358926591
so_00121,su_00847,2026-08-23 07:37:52.461877346,14990.0,time_decay,st_000814,cmp_006,pl_006,cr_006,bot_start,2026-08-18 20:39:41.726790746,0.3178761763948427,4764.963884158692
so_00121,su_00847,2026-08-23 07:37:52.461877346,14990.0,time_decay,st_000815,cmp_006,pl_006,cr_006,lead,2026-08-19 11:13:29.124891671,0.36571786236922715,5482.110756914715
so_00122,su_00849,2026-08-19 20:27:00.593816636,5990.0,time_decay,st_000819,cmp_000,pl_016,cr_001,click,2026-08-13 05:16:12.844546756,0.3292492481441178,1972.2029963832658
so_00122,su_00849,2026-08-19 20:27:00.593816636,5990.0,time_decay,st_000820,cmp_000,pl_016,cr_001,bot_start,2026-08-13 05:44:10.065669175,0.33072931007933154,1981.068567375196
so_00122,su_00849,2026-08-19 20:27:00.593816636,5990.0,time_decay,st_000821,cmp_000,pl_016,cr_001,lead,2026-08-13 08:36:51.538794580,0.34002144177655075,2036.728436241539
so_00123,su_00855,2026-08-19 12:48:19.111604065,9990.0,time_decay,st_000825,cmp_006,pl_006,cr_006,click,2026-08-18 14:50:02.596496462,0.31167975895242706,3113.680791934746
so_00123,su_00855,2026-08-19 12:48:19.111604065,9990.0,time_decay,st_000826,cmp_006,pl_006,cr_006,bot_start,2026-08-18 15:08:50.458537565,0.3126212368895756,3123.08615652686
so_00123,su_00855,2026-08-19 12:48:19.111604065,9990.0,time_decay,st_000827,cmp_006,pl_006,cr_006,lead,2026-08-19 10:14:20.320773782,0.37569900415799734,3753.2330515383933
so_00124,su_00860,2026-08-15 14:52:00.538424016,9990.0,time_decay,st_000828,cmp_000,pl_016,cr_001,click,2026-08-13 08:02:08.851683513,0.31526108941645875,3149.4582832704227
so_00124,su_00860,2026-08-15 14:52:00.538424016,9990.0,time_decay,st_000829,cmp_000,pl_016,cr_001,bot_start,2026-08-13 08:23:45.796251462,0.3163563957311845,3160.400393354533
so_00124,su_00860,2026-08-15 14:52:00.538424016,9990.0,time_decay,st_000830,cmp_000,pl_016,cr_001,lead,2026-08-14 00:12:40.067207794,0.3683825148523567,3680.141323375043
so_00125,su_00862,2026-08-13 04:07:10.174068953,3990.0,time_decay,st_000834,cmp_002,pl_002,cr_002,click,2026-08-08 09:50:27.822291318,0.3307817325512965,1319.819112879673
so_00125,su_00862,2026-08-13 04:07:10.174068953,3990.0,time_decay,st_000835,cmp_002,pl_002,cr_002,bot_start,2026-08-08 09:56:40.625062881,0.3311116669635095,1321.135551184403
so_00125,su_00862,2026-08-13 04:07:10.174068953,3990.0,time_decay,st_000836,cmp_002,pl_002,cr_002,lead,2026-08-08 12:06:58.183793726,0.3381066004851941,1349.0453359359244
so_00126,su_00865,2026-09-13 06:06:38.442348165,5990.0,time_decay,st_000837,cmp_001,pl_001,cr_001,click,2026-09-06 15:27:32.417598884,0.3210598149092465,1923.1482913063867
so_00126,su_00865,2026-09-13 06:06:38.442348165,5990.0,time_decay,st_000838,cmp_001,pl_001,cr_001,bot_start,2026-09-06 15:45:22.325493837,0.3219797225807299,1928.658538258572
so_00126,su_00865,2026-09-13 06:06:38.442348165,5990.0,time_decay,st_000839,cmp_001,pl_001,cr_001,lead,2026-09-07 02:28:09.847930271,0.3569604625100237,2138.1931704350422
so_00127,su_00868,2026-08-28 08:33:22.852036246,9990.0,time_decay,st_000841,cmp_006,pl_022,cr_007,click,2026-08-21 10:33:59.116473352,0.3146772331953231,3143.6255596212777
so_00127,su_00868,2026-08-28 08:33:22.852036246,9990.0,time_decay,st_000842,cmp_006,pl_022,cr_007,bot_start,2026-08-21 10:38:45.397279099,0.3149182316561362,3146.0331342448007
so_00127,su_00868,2026-08-28 08:33:22.852036246,9990.0,time_decay,st_000843,cmp_006,pl_022,cr_007,lead,2026-08-22 03:30:10.462615577,0.3704045351485406,3700.3413061339206
so_00128,su_00885,2026-09-04 19:51:04.947882371,19990.0,time_decay,st_000853,cmp_004,pl_012,cr_012,lead,2026-08-29 04:46:12.381537630,1.0,19990.0
so_00129,su_00931,2026-09-12 06:11:23.650418766,3990.0,time_decay,st_000878,cmp_007,pl_007,cr_007,click,2026-09-10 06:25:41.188247298,0.3256446451613786,1299.3221341939006
so_00129,su_00931,2026-09-12 06:11:23.650418766,3990.0,time_decay,st_000879,cmp_007,pl_007,cr_007,bot_start,2026-09-10 06:35:39.602861020,0.32616618097405825,1301.4030620864924
so_00129,su_00931,2026-09-12 06:11:23.650418766,3990.0,time_decay,st_000880,cmp_007,pl_007,cr_007,lead,2026-09-10 13:22:52.869142828,0.34818917386456316,1389.274803719607
so_00130,su_00934,2026-08-24 20:23:45.477190256,3990.0,time_decay,st_000881,cmp_002,pl_026,cr_011,click,2026-08-20 23:34:50.188367832,0.3152957269814349,1258.0299506559252
so_00130,su_00934,2026-08-24 20:23:45.477190256,3990.0,time_decay,st_000882,cmp_002,pl_026,cr_011,bot_start,2026-08-20 23:55:11.514785348,0.3163271806045907,1262.1454506123168
so_00130,su_00934,2026-08-24 20:23:45.477190256,3990.0,time_decay,st_000883,cmp_002,pl_026,cr_011,lead,2026-08-21 15:44:34.816464479,0.3683770924139743,1469.8245987317575
so_00131,su_00937,2026-08-26 13:38:35.576094572,5990.0,time_decay,st_000884,cmp_001,pl_009,cr_009,click,2026-08-20 11:17:02.029046532,0.3143522546546243,1882.9700053811996
so_00131,su_00937,2026-08-26 13:38:35.576094572,5990.0,time_decay,st_000885,cmp_001,pl_009,cr_009,bot_start,2026-08-20 11:32:27.782850262,0.3151314390314077,1887.6373197981322
so_00131,su_00937,2026-08-26 13:38:35.576094572,5990.0,time_decay,st_000886,cmp_001,pl_009,cr_009,lead,2026-08-21 04:21:32.585813812,0.370516306313968,2219.392674820668
so_00132,su_00939,2026-09-17 08:23:33.617756905,5990.0,time_decay,st_000888,cmp_004,pl_020,cr_005,click,2026-09-11 01:40:51.394171484,0.31976313177054133,1915.3811593055425
so_00132,su_00939,2026-09-17 08:23:33.617756905,5990.0,time_decay,st_000889,cmp_004,pl_020,cr_005,bot_start,2026-09-11 01:46:30.268287002,0.3200530356623259,1917.1176836173322
so_00132,su_00939,2026-09-17 08:23:33.617756905,5990.0,time_decay,st_000890,cmp_004,pl_020,cr_005,lead,2026-09-11 14:02:43.762804966,0.3601838325671327,2157.501157077125
so_00133,su_00955,2026-08-17 14:16:02.879731623,5990.0,time_decay,st_000908,cmp_007,pl_023,cr_008,click,2026-08-11 21:23:59.435319025,0.3314909944915517,1985.6310570043947
so_00133,su_00955,2026-08-17 14:16:02.879731623,5990.0,time_decay,st_000909,cmp_007,pl_023,cr_008,bot_start,2026-08-11 21:51:37.774000405,0.33296432019944994,1994.456277994705
so_00133,su_00955,2026-08-17 14:16:02.879731623,5990.0,time_decay,st_000910,cmp_007,pl_023,cr_008,lead,2026-08-11 22:39:44.566628233,0.33554468530899845,2009.9126650009007
so_00134,su_00964,2026-09-04 11:01:08.871841834,14990.0,time_decay,st_000915,cmp_004,pl_012,cr_012,click,2026-08-29 04:20:27.497503422,0.30762683909142924,4611.326317980524
so_00134,su_00964,2026-09-04 11:01:08.871841834,14990.0,time_decay,st_000916,cmp_004,pl_012,cr_012,bot_start,2026-08-29 04:32:33.318080058,0.30822451466682377,4620.285474855688
so_00134,su_00964,2026-09-04 11:01:08.871841834,14990.0,time_decay,st_000917,cmp_004,pl_012,cr_012,lead,2026-08-30 03:24:56.766773841,0.38414864624174694,5758.388207163786
so_00135,su_00965,2026-09-03 01:45:19.897133803,3990.0,time_decay,st_000918,cmp_005,pl_013,cr_013,click,2026-09-01 05:40:54.068465946,0.3303813407891529,1318.22154974872
so_00135,su_00965,2026-09-03 01:45:19.897133803,3990.0,time_decay,st_000919,cmp_005,pl_013,cr_013,bot_start,2026-09-01 06:01:49.271430548,0.33149217442062795,1322.6537759383054
so_00135,su_00965,2026-09-03 01:45:19.897133803,3990.0,time_decay,st_000920,cmp_005,pl_013,cr_013,lead,2026-09-01 08:05:19.335801282,0.33812648479021923,1349.1246743129748
so_00136,su_00969,2026-08-25 08:48:58.355670412,5990.0,time_decay,st_000921,cmp_001,pl_009,cr_009,click,2026-08-20 23:20:57.198186520,0.3301451283552638,1977.56931884803
so_00136,su_00969,2026-08-25 08:48:58.355670412,5990.0,time_decay,st_000922,cmp_001,pl_009,cr_009,bot_start,2026-08-20 23:27:26.591251528,0.3304890897537986,1979.6296476252535
so_00136,su_00969,2026-08-25 08:48:58.355670412,5990.0,time_decay,st_000923,cmp_001,pl_009,cr_009,lead,2026-08-21 02:12:38.000141039,0.3393657818909377,2032.8010335267168
so_00137,su_00976,2026-08-11 21:28:00.116174350,14990.0,time_decay,st_000932,cmp_002,pl_002,cr_002,click,2026-08-09 15:34:14.790997102,0.31037994272298225,4652.595341417504
so_00137,su_00976,2026-08-11 21:28:00.116174350,14990.0,time_decay,st_000933,cmp_002,pl_002,cr_002,bot_start,2026-08-09 15:53:18.592900033,0.3113307648755837,4666.848165484999
so_00137,su_00976,2026-08-11 21:28:00.116174350,14990.0,time_decay,st_000934,cmp_002,pl_002,cr_002,lead,2026-08-10 12:07:24.625878265,0.37828929240143405,5670.556493097496
so_00138,su_00981,2026-08-16 11:30:03.320245233,9990.0,time_decay,st_000941,cmp_000,pl_016,cr_001,click,2026-08-12 13:07:55.210614174,0.3191222921414272,3188.0316984928577
so_00138,su_00981,2026-08-16 11:30:03.320245233,9990.0,time_decay,st_000942,cmp_000,pl_016,cr_001,bot_start,2026-08-12 13:25:18.396650652,0.320013779688178,3196.9376590848983
so_00138,su_00981,2026-08-16 11:30:03.320245233,9990.0,time_decay,st_000943,cmp_000,pl_016,cr_001,lead,2026-08-13 01:54:03.176713403,0.36086392817039487,3605.030642422245
so_00139,su_00982,2026-09-07 02:37:46.148022555,3990.0,time_decay,st_000944,cmp_005,pl_013,cr_013,click,2026-09-03 18:35:56.873318428,0.3229513761757943,1288.5759909414191
so_00139,su_00982,2026-09-07 02:37:46.148022555,3990.0,time_decay,st_000945,cmp_005,pl_013,cr_013,bot_start,2026-09-03 19:00:41.061411173,0.32423571226297526,1293.7004919292713
so_00139,su_00982,2026-09-07 02:37:46.148022555,3990.0,time_decay,st_000946,cmp_005,pl_013,cr_013,lead,2026-09-04 03:47:07.265837231,0.35281291156123035,1407.7235171293091
so_00140,su_00986,2026-09-13 06:05:36.925973228,19990.0,time_decay,st_000954,cmp_003,pl_003,cr_003,click,2026-09-11 14:47:44.655781414,0.3312287934350242,6621.263580766134
so_00140,su_00986,2026-09-13 06:05:36.925973228,19990.0,time_decay,st_000955,cmp_003,pl_003,cr_003,bot_start,2026-09-11 15:11:58.528252151,0.3325190895309695,6647.05659972408
so_00140,su_00986,2026-09-13 06:05:36.925973228,19990.0,time_decay,st_000956,cmp_003,pl_003,cr_003,lead,2026-09-11 16:21:33.251260071,0.3362521170340063,6721.679819509786
so_00141,su_00999,2026-09-13 13:56:14.165921709,5990.0,time_decay,st_000964,cmp_007,pl_007,cr_007,click,2026-09-09 21:19:55.182459614,0.3102257459557108,1858.2522182747075
so_00141,su_00999,2026-09-13 13:56:14.165921709,5990.0,time_decay,st_000965,cmp_007,pl_007,cr_007,bot_start,2026-09-09 21:38:14.963413638,0.3111394662787607,1863.7254030097768
so_00141,su_00999,2026-09-13 13:56:14.165921709,5990.0,time_decay,st_000966,cmp_007,pl_007,cr_007,lead,2026-09-10 18:01:52.213397955,0.37863478776552856,2268.022378715516
