touch_id,user_id,campaign_id,placement_id,creative_id,source_type,timestamp,start_param,data_source
st_000000,su_00000,cmp_005,pl_013,cr_013,click,2026-09-01 08:18:50.301833987,c_cmp_005_p_pl_013_cr_cr_013,synthetic
st_000001,su_00000,cmp_005,pl_013,cr_013,bot_start,2026-09-01 08:41:14.069581612,c_cmp_005_p_pl_013_cr_cr_013,synthetic
st_000002,su_00000,cmp_005,pl_013,cr_013,lead,2026-09-02 02:52:01.095742690,c_cmp_005_p_pl_013_cr_cr_013,synthetic
st_000003,su_00004,cmp_004,pl_004,cr_004,click,2026-09-04 13:22:38.273219861,c_cmp_004_p_pl_004_cr_cr_004,synthetic
st_000004,su_00004,cmp_004,pl_004,cr_004,bot_start,2026-09-04 13:52:21.549135668,c_cmp_004_p_pl_004_cr_cr_004,synthetic
st_000005,su_00004,cmp_004,pl_004,cr_004,lead,2026-09-05 05:43:51.018389350,c_cmp_004_p_pl_004_cr_cr_004,synthetic
st_000006,su_00005,cmp_005,pl_005,cr_005,click,2026-08-11 08:40:27.556925658,c_cmp_005_p_pl_005_cr_cr_005,synthetic
st_000007,su_00005,cmp_005,pl_005,cr_005,bot_start,2026-08-11 08:47:51.745308561,c_cmp_005_p_pl_005_cr_cr_005,synthetic
st_000008,su_00009,cmp_000,pl_016,cr_001,click,2026-08-12 16:06:06.861526342,c_cmp_000_p_pl_016_cr_cr_001,synthetic
st_000009,su_00010,cmp_002,pl_010,cr_010,click,2026-08-25 16:31:30.751504838,c_cmp_002_p_pl_010_cr_cr_010,synthetic
st_000010,su_00010,cmp_002,pl_010,cr_010,bot_start,2026-08-25 16:47:38.889643976,c_cmp_002_p_pl_010_cr_cr_010,synthetic
st_000011,su_00014,cmp_001,pl_025,cr_010,click,2026-08-13 19:35:50.466075827,c_cmp_001_p_pl_025_cr_cr_010,synthetic
st_000012,su_00014,cmp_001,pl_025,cr_010,bot_start,2026-08-13 20:03:58.309058113,c_cmp_001_p_pl_025_cr_cr_010,synthetic
st_000013,su_00014,cmp_001,pl_025,cr_010,lead,2026-08-14 01:37:22.391091702,c_cmp_001_p_pl_025_cr_cr_010,synthetic
st_000014,su_00016,cmp_006,pl_006,cr_006,click,2026-08-18 23:59:38.864288343,c_cmp_006_p_pl_006_cr_cr_006,synthetic
st_000015,su_00017,cmp_002,pl_010,cr_010,click,2026-08-24 16:55:23.250537835,c_cmp_002_p_pl_010_cr_cr_010,synthetic
st_000016,su_00017,cmp_002,pl_010,cr_010,bot_start,2026-08-24 17:04:04.015026374,c_cmp_002_p_pl_010_cr_cr_010,synthetic
st_000017,su_00018,cmp_002,pl_010,cr_010,click,2026-08-24 20:06:33.161249525,c_cmp_002_p_pl_010_cr_cr_010,synthetic
st_000018,su_00018,cmp_002,pl_010,cr_010,bot_start,2026-08-24 20:10:53.829251838,c_cmp_002_p_pl_010_cr_cr_010,synthetic
st_000019,su_00024,cmp_000,pl_024,cr_009,click,2026-08-23 08:44:08.853861055,c_cmp_000_p_pl_024_cr_cr_009,synthetic
st_000020,su_00024,cmp_000,pl_024,cr_009,bot_start,2026-08-23 08:54:27.542851011,c_cmp_000_p_pl_024_cr_cr_009,synthetic
st_000021,su_00025,cmp_003,pl_011,cr_011,click,2026-08-07 10:48:53.380853111,c_cmp_003_p_pl_011_cr_cr_011,synthetic
st_000022,su_00025,cmp_003,pl_011,cr_011,bot_start,2026-08-07 11:02:24.223919526,c_cmp_003_p_pl_011_cr_cr_011,synthetic
st_000023,su_00028,cmp_005,pl_029,cr_014,click,2026-09-04 22:36:57.916618052,c_cmp_005_p_pl_029_cr_cr_014,synthetic
st_000024,su_00029,cmp_002,pl_010,cr_010,click,2026-08-25 04:18:38.978669200,c_cmp_002_p_pl_010_cr_cr_010,synthetic
st_000025,su_00029,cmp_002,pl_010,cr_010,bot_start,2026-08-25 04:41:33.617473103,c_cmp_002_p_pl_010_cr_cr_010,synthetic
st_000026,su_00031,cmp_004,pl_020,cr_005,click,2026-09-11 13:42:27.075746075,c_cmp_004_p_pl_020_cr_cr_005,synthetic
st_000027,su_00031,cmp_004,pl_020,cr_005,bot_start,2026-09-11 13:43:35.112456062,c_cmp_004_p_pl_020_cr_cr_005,synthetic
st_000028,su_00031,cmp_004,pl_020,cr_005,lead,2026-09-12 06:12:58.543415737,c_cmp_004_p_pl_020_cr_cr_005,synthetic
st_000029,su_00032,cmp_007,pl_007,cr_007,click,2026-09-08 16:46:08.281499167,c_cmp_007_p_pl_007_cr_cr_007,synthetic
st_000030,su_00032,cmp_007,pl_007,cr_007,bot_start,2026-09-08 17:09:57.051998905,c_cmp_007_p_pl_007_cr_cr_007,synthetic
st_000031,su_00032,cmp_007,pl_007,cr_007,lead,2026-09-09 14:19:00.454232507,c_cmp_007_p_pl_007_cr_cr_007,synthetic
st_000032,su_00034,cmp_002,pl_002,cr_002,click,2026-08-10 01:18:28.427853436,c_cmp_002_p_pl_002_cr_cr_002,synthetic
st_000033,su_00037,cmp_000,pl_016,cr_001,click,2026-08-12 07:47:34.997545037,c_cmp_000_p_pl_016_cr_cr_001,synthetic
st_000034,su_00043,cmp_004,pl_020,cr_005,click,2026-09-10 08:59:22.492756744,c_cmp_004_p_pl_020_cr_cr_005,synthetic
st_000035,su_00043,cmp_004,pl_020,cr_005,bot_start,2026-09-10 09:04:25.437915015,c_cmp_004_p_pl_020_cr_cr_005,synthetic
st_000036,su_00043,cmp_004,pl_020,cr_005,lead,2026-09-10 17:39:39.773119174,c_cmp_004_p_pl_020_cr_cr_005,synthetic
st_000037,su_00045,cmp_002,pl_002,cr_002,click,2026-08-08 18:48:17.469364636,c_cmp_002_p_pl_002_cr_cr_002,synthetic
st_000038,su_00045,cmp_002,pl_002,cr_002,bot_start,2026-08-08 18:50:19.933426288,c_cmp_002_p_pl_002_cr_cr_002,synthetic
st_000039,su_00047,cmp_000,pl_016,cr_001,click,2026-08-13 21:54:10.429347908,c_cmp_000_p_pl_016_cr_cr_001,synthetic
st_000040,su_00051,cmp_002,pl_026,cr_011,click,2026-08-21 09:05:35.106050170,c_cmp_002_p_pl_026_cr_cr_011,synthetic
st_000041,su_00052,cmp_001,pl_017,cr_002,click,2026-08-21 20:29:15.867471174,c_cmp_001_p_pl_017_cr_cr_002,synthetic
st_000042,su_00052,cmp_001,pl_017,cr_002,bot_start,2026-08-21 20:58:13.876830285,c_cmp_001_p_pl_017_cr_cr_002,synthetic
st_000043,su_00055,cmp_005,pl_029,cr_014,click,2026-09-05 10:33:45.056756639,c_cmp_005_p_pl_029_cr_cr_014,synthetic
st_000044,su_00056,cmp_006,pl_022,cr_007,click,2026-08-22 18:05:54.370510437,c_cmp_006_p_pl_022_cr_cr_007,synthetic
st_000045,su_00056,cmp_006,pl_022,cr_007,bot_start,2026-08-22 18:17:23.552821893,c_cmp_006_p_pl_022_cr_cr_007,synthetic
st_000046,su_00056,cmp_006,pl_022,cr_007,lead,2026-08-22 20:53:56.676524144,c_cmp_006_p_pl_022_cr_cr_007,synthetic
st_000047,su_00057,cmp_003,pl_027,cr_012,click,2026-09-03 22:25:59.954971964,c_cmp_003_p_pl_027_cr_cr_012,synthetic
st_000048,su_00059,cmp_007,pl_015,cr_000,click,2026-09-06 05:06:12.482144061,c_cmp_007_p_pl_015_cr_cr_000,synthetic
st_000049,su_00059,cmp_007,pl_015,cr_000,bot_start,2026-09-06 05:09:02.673697003,c_cmp_007_p_pl_015_cr_cr_000,synthetic
st_000050,su_00062,cmp_003,pl_003,cr_003,click,2026-09-09 19:00:23.647480160,c_cmp_003_p_pl_003_cr_cr_003,synthetic
st_000051,su_00062,cmp_003,pl_003,cr_003,bot_start,2026-09-09 19:28:49.154434334,c_cmp_003_p_pl_003_cr_cr_003,synthetic
st_000052,su_00062,cmp_003,pl_003,cr_003,lead,2026-09-10 14:05:36.568310424,c_cmp_003_p_pl_003_cr_cr_003,synthetic
st_000053,su_00063,cmp_003,pl_019,cr_004,click,2026-08-30 14:07:58.052554127,c_cmp_003_p_pl_019_cr_cr_004,synthetic
st_000054,su_00063,cmp_003,pl_019,cr_004,bot_start,2026-08-30 14:29:54.170350479,c_cmp_003_p_pl_019_cr_cr_004,synthetic
st_000055,su_00063,cmp_003,pl_019,cr_004,lead,2026-08-31 13:00:36.426282268,c_cmp_003_p_pl_019_cr_cr_004,synthetic
st_000056,su_00064,cmp_004,pl_028,cr_013,click,2026-08-18 13:00:39.032584449,c_cmp_004_p_pl_028_cr_cr_013,synthetic
st_000057,su_00064,cmp_004,pl_028,cr_013,bot_start,2026-08-18 13:15:30.659634936,c_cmp_004_p_pl_028_cr_cr_013,synthetic
st_000058,su_00064,cmp_004,pl_028,cr_013,lead,2026-08-18 15:19:44.118482679,c_cmp_004_p_pl_028_cr_cr_013,synthetic
st_000059,su_00069,cmp_002,pl_018,cr_003,click,2026-08-12 14:11:27.732390741,c_cmp_002_p_pl_018_cr_cr_003,synthetic
st_000060,su_00070,cmp_001,pl_001,cr_001,click,2026-09-06 03:48:15.046523061,c_cmp_001_p_pl_001_cr_cr_001,synthetic
st_000061,su_00070,cmp_001,pl_001,cr_001,bot_start,2026-09-06 04:10:51.701209499,c_cmp_001_p_pl_001_cr_cr_001,synthetic
st_000062,su_00070,cmp_001,pl_001,cr_001,lead,2026-09-06 09:20:51.879144247,c_cmp_001_p_pl_001_cr_cr_001,synthetic
st_000063,su_00074,cmp_006,pl_022,cr_007,click,2026-08-22 19:40:17.445461212,c_cmp_006_p_pl_022_cr_cr_007,synthetic
st_000064,su_00074,cmp_006,pl_022,cr_007,bot_start,2026-08-22 19:49:13.213142912,c_cmp_006_p_pl_022_cr_cr_007,synthetic
st_000065,su_00074,cmp_006,pl_022,cr_007,lead,2026-08-22 23:18:40.779521548,c_cmp_006_p_pl_022_cr_cr_007,synthetic
st_000066,su_00076,cmp_005,pl_013,cr_013,click,2026-09-01 18:53:44.728035475,c_cmp_005_p_pl_013_cr_cr_013,synthetic
st_000067,su_00076,cmp_005,pl_013,cr_013,bot_start,2026-09-01 18:59:51.586738441,c_cmp_005_p_pl_013_cr_cr_013,synthetic
st_000068,su_00076,cmp_005,pl_013,cr_013,lead,2026-09-02 04:42:39.864634787,c_cmp_005_p_pl_013_cr_cr_013,synthetic
st_000069,su_00078,cmp_000,pl_008,cr_008,click,2026-09-04 08:46:27.420766910,c_cmp_000_p_pl_008_cr_cr_008,synthetic
st_000070,su_00081,cmp_007,pl_015,cr_000,click,2026-09-07 10:32:53.340705019,c_cmp_007_p_pl_015_cr_cr_000,synthetic
st_000071,su_00081,cmp_007,pl_015,cr_000,bot_start,2026-09-07 10:34:20.842371484,c_cmp_007_p_pl_015_cr_cr_000,synthetic
st_000072,su_00081,cmp_007,pl_015,cr_000,lead,2026-09-07 22:41:19.851908512,c_cmp_007_p_pl_015_cr_cr_000,synthetic
st_000073,su_00084,cmp_004,pl_020,cr_005,click,2026-09-11 11:16:35.117066100,c_cmp_004_p_pl_020_cr_cr_005,synthetic
st_000074,su_00084,cmp_004,pl_020,cr_005,bot_start,2026-09-11 11:29:14.008309276,c_cmp_004_p_pl_020_cr_cr_005,synthetic
st_000075,su_00085,cmp_002,pl_026,cr_011,click,2026-08-21 20:30:59.512907351,c_cmp_002_p_pl_026_cr_cr_011,synthetic
st_000076,su_00085,cmp_002,pl_026,cr_011,bot_start,2026-08-21 20:36:54.964861715,c_cmp_002_p_pl_026_cr_cr_011,synthetic
st_000077,su_00086,cmp_001,pl_001,cr_001,click,2026-09-06 19:39:00.036643033,c_cmp_001_p_pl_001_cr_cr_001,synthetic
st_000078,su_00087,cmp_001,pl_025,cr_010,click,2026-08-15 03:17:43.413330754,c_cmp_001_p_pl_025_cr_cr_010,synthetic
st_000079,su_00088,cmp_004,pl_028,cr_013,click,2026-08-18 10:50:40.840462338,c_cmp_004_p_pl_028_cr_cr_013,synthetic
st_000080,su_00088,cmp_004,pl_028,cr_013,bot_start,2026-08-18 11:04:08.965729164,c_cmp_004_p_pl_028_cr_cr_013,synthetic
st_000081,su_00094,cmp_002,pl_010,cr_010,click,2026-08-25 15:32:11.868976017,c_cmp_002_p_pl_010_cr_cr_010,synthetic
st_000082,su_00094,cmp_002,pl_010,cr_010,bot_start,2026-08-25 15:38:52.031715687,c_cmp_002_p_pl_010_cr_cr_010,synthetic
st_000083,su_00096,cmp_003,pl_019,cr_004,click,2026-09-01 01:04:00.403218103,c_cmp_003_p_pl_019_cr_cr_004,synthetic
st_000084,su_00098,cmp_004,pl_012,cr_012,click,2026-08-27 23:45:29.531231584,c_cmp_004_p_pl_012_cr_cr_012,synthetic
st_000085,su_00098,cmp_004,pl_012,cr_012,bot_start,2026-08-27 23:59:56.592143789,c_cmp_004_p_pl_012_cr_cr_012,synthetic
st_000086,su_00099,cmp_003,pl_019,cr_004,click,2026-08-30 02:38:53.086660926,c_cmp_003_p_pl_019_cr_cr_004,synthetic
st_000087,su_00103,cmp_007,pl_007,cr_007,click,2026-09-07 23:44:42.295537327,c_cmp_007_p_pl_007_cr_cr_007,synthetic
st_000088,su_00103,cmp_007,pl_007,cr_007,bot_start,2026-09-08 00:10:51.612496026,c_cmp_007_p_pl_007_cr_cr_007,synthetic
st_000089,su_00107,cmp_002,pl_026,cr_011,click,2026-08-22 10:16:10.680852390,c_cmp_002_p_pl_026_cr_cr_011,synthetic
st_000090,su_00107,cmp_002,pl_026,cr_011,bot_start,2026-08-22 10:20:35.729239966,c_cmp_002_p_pl_026_cr_cr_011,synthetic
st_000091,su_00107,cmp_002,pl_026,cr_011,lead,2026-08-22 22:39:38.948908503,c_cmp_002_p_pl_026_cr_cr_011,synthetic
st_000092,su_00111,cmp_005,pl_021,cr_006,click,2026-08-17 23:27:57.247419283,c_cmp_005_p_pl_021_cr_cr_006,synthetic
st_000093,su_00111,cmp_005,pl_021,cr_006,bot_start,2026-08-17 23:57:33.981438825,c_cmp_005_p_pl_021_cr_cr_006,synthetic
st_000094,su_00116,cmp_002,pl_018,cr_003,click,2026-08-11 20:24:40.292687036,c_cmp_002_p_pl_018_cr_cr_003,synthetic
st_000095,su_00116,cmp_002,pl_018,cr_003,bot_start,2026-08-11 20:40:02.645523105,c_cmp_002_p_pl_018_cr_cr_003,synthetic
st_000096,su_00121,cmp_006,pl_006,cr_006,click,2026-08-18 10:16:01.222842496,c_cmp_006_p_pl_006_cr_cr_006,synthetic
st_000097,su_00122,cmp_003,pl_011,cr_011,click,2026-08-07 23:10:48.169586033,c_cmp_003_p_pl_011_cr_cr_011,synthetic
st_000098,su_00122,cmp_003,pl_011,cr_011,bot_start,2026-08-07 23:24:50.355685587,c_cmp_003_p_pl_011_cr_cr_011,synthetic
st_000099,su_00125,cmp_005,pl_005,cr_005,click,2026-08-11 12:10:50.079110079,c_cmp_005_p_pl_005_cr_cr_005,synthetic
st_000100,su_00125,cmp_005,pl_005,cr_005,bot_start,2026-08-11 12:16:44.373500925,c_cmp_005_p_pl_005_cr_cr_005,synthetic
st_000101,su_00125,cmp_005,pl_005,cr_005,lead,2026-08-11 14:53:38.491183339,c_cmp_005_p_pl_005_cr_cr_005,synthetic
st_000102,su_00130,cmp_002,pl_026,cr_011,click,2026-08-21 12:40:46.148562354,c_cmp_002_p_pl_026_cr_cr_011,synthetic
st_000103,su_00130,cmp_002,pl_026,cr_011,bot_start,2026-08-21 12:55:19.863829617,c_cmp_002_p_pl_026_cr_cr_011,synthetic
st_000104,su_00130,cmp_002,pl_026,cr_011,lead,2026-08-22 08:08:29.832170924,c_cmp_002_p_pl_026_cr_cr_011,synthetic
st_000105,su_00131,cmp_004,pl_028,cr_013,click,2026-08-18 03:06:53.518100895,c_cmp_004_p_pl_028_cr_cr_013,synthetic
st_000106,su_00131,cmp_004,pl_028,cr_013,bot_start,2026-08-18 03:30:04.660565904,c_cmp_004_p_pl_028_cr_cr_013,synthetic
st_000107,su_00132,cmp_004,pl_020,cr_005,click,2026-09-09 16:44:33.056968252,c_cmp_004_p_pl_020_cr_cr_005,synthetic
st_000108,su_00132,cmp_004,pl_020,cr_005,bot_start,2026-09-09 16:53:57.368326350,c_cmp_004_p_pl_020_cr_cr_005,synthetic
st_000109,su_00132,cmp_004,pl_020,cr_005,lead,2026-09-10 08:00:46.896119707,c_cmp_004_p_pl_020_cr_cr_005,synthetic
st_000110,su_00133,cmp_000,pl_016,cr_001,click,2026-08-11 10:38:06.781536112,c_cmp_000_p_pl_016_cr_cr_001,synthetic
st_000111,su_00133,cmp_000,pl_016,cr_001,bot_start,2026-08-11 10:50:58.502665871,c_cmp_000_p_pl_016_cr_cr_001,synthetic
st_000112,su_00133,cmp_000,pl_016,cr_001,lead,2026-08-11 16:34:30.829365941,c_cmp_000_p_pl_016_cr_cr_001,synthetic
st_000113,su_00138,cmp_004,pl_020,cr_005,click,2026-09-11 13:32:56.827588432,c_cmp_004_p_pl_020_cr_cr_005,synthetic
st_000114,su_00139,cmp_006,pl_014,cr_014,click,2026-09-09 11:24:47.096750533,c_cmp_006_p_pl_014_cr_cr_014,synthetic
st_000115,su_00139,cmp_006,pl_014,cr_014,bot_start,2026-09-09 11:28:32.723067239,c_cmp_006_p_pl_014_cr_cr_014,synthetic
st_000116,su_00140,cmp_005,pl_021,cr_006,click,2026-08-17 18:35:12.104281148,c_cmp_005_p_pl_021_cr_cr_006,synthetic
st_000117,su_00140,cmp_005,pl_021,cr_006,bot_start,2026-08-17 19:03:29.577016638,c_cmp_005_p_pl_021_cr_cr_006,synthetic
st_000118,su_00140,cmp_005,pl_021,cr_006,lead,2026-08-18 10:17:03.254833844,c_cmp_005_p_pl_021_cr_cr_006,synthetic
st_000119,su_00141,cmp_006,pl_022,cr_007,click,2026-08-24 02:13:46.840426632,c_cmp_006_p_pl_022_cr_cr_007,synthetic
st_000120,su_00142,cmp_000,pl_024,cr_009,click,2026-08-22 11:26:19.615410298,c_cmp_000_p_pl_024_cr_cr_009,synthetic
st_000121,su_00142,cmp_000,pl_024,cr_009,bot_start,2026-08-22 11:34:57.011528256,c_cmp_000_p_pl_024_cr_cr_009,synthetic
st_000122,su_00146,cmp_003,pl_027,cr_012,click,2026-09-06 05:00:26.261116437,c_cmp_003_p_pl_027_cr_cr_012,synthetic
st_000123,su_00146,cmp_003,pl_027,cr_012,bot_start,2026-09-06 05:10:44.540245313,c_cmp_003_p_pl_027_cr_cr_012,synthetic
st_000124,su_00146,cmp_003,pl_027,cr_012,lead,2026-09-06 18:51:26.306133259,c_cmp_003_p_pl_027_cr_cr_012,synthetic
st_000125,su_00147,cmp_006,pl_022,cr_007,click,2026-08-22 09:06:32.276500493,c_cmp_006_p_pl_022_cr_cr_007,synthetic
st_000126,su_00151,cmp_004,pl_020,cr_005,click,2026-09-08 23:34:35.378865162,c_cmp_004_p_pl_020_cr_cr_005,synthetic
st_000127,su_00152,cmp_001,pl_001,cr_001,click,2026-09-06 14:18:16.005052010,c_cmp_001_p_pl_001_cr_cr_001,synthetic
st_000128,su_00152,cmp_001,pl_001,cr_001,bot_start,2026-09-06 14:32:06.566698953,c_cmp_001_p_pl_001_cr_cr_001,synthetic
st_000129,su_00154,cmp_001,pl_017,cr_002,click,2026-08-22 22:14:13.360649316,c_cmp_001_p_pl_017_cr_cr_002,synthetic
st_000130,su_00154,cmp_001,pl_017,cr_002,bot_start,2026-08-22 22:21:06.216036855,c_cmp_001_p_pl_017_cr_cr_002,synthetic
st_000131,su_00154,cmp_001,pl_017,cr_002,lead,2026-08-23 15:53:05.719198940,c_cmp_001_p_pl_017_cr_cr_002,synthetic
st_000132,su_00155,cmp_001,pl_009,cr_009,click,2026-08-21 11:58:04.614800997,c_cmp_001_p_pl_009_cr_cr_009,synthetic
st_000133,su_00155,cmp_001,pl_009,cr_009,bot_start,2026-08-21 12:00:24.590854848,c_cmp_001_p_pl_009_cr_cr_009,synthetic
st_000134,su_00155,cmp_001,pl_009,cr_009,lead,2026-08-22 05:13:29.821671092,c_cmp_001_p_pl_009_cr_cr_009,synthetic
st_000135,su_00156,cmp_007,pl_015,cr_000,click,2026-09-08 04:28:42.678947451,c_cmp_007_p_pl_015_cr_cr_000,synthetic
st_000136,su_00156,cmp_007,pl_015,cr_000,bot_start,2026-09-08 04:43:29.218000018,c_cmp_007_p_pl_015_cr_cr_000,synthetic
st_000137,su_00156,cmp_007,pl_015,cr_000,lead,2026-09-08 10:59:44.104883297,c_cmp_007_p_pl_015_cr_cr_000,synthetic
st_000138,su_00165,cmp_001,pl_017,cr_002,click,2026-08-23 19:39:00.750698219,c_cmp_001_p_pl_017_cr_cr_002,synthetic
st_000139,su_00165,cmp_001,pl_017,cr_002,bot_start,2026-08-23 19:54:47.855535158,c_cmp_001_p_pl_017_cr_cr_002,synthetic
st_000140,su_00166,cmp_005,pl_029,cr_014,click,2026-09-04 11:14:47.920132996,c_cmp_005_p_pl_029_cr_cr_014,synthetic
st_000141,su_00167,cmp_005,pl_005,cr_005,click,2026-08-11 07:43:24.696679209,c_cmp_005_p_pl_005_cr_cr_005,synthetic
st_000142,su_00167,cmp_005,pl_005,cr_005,bot_start,2026-08-11 08:09:06.693277198,c_cmp_005_p_pl_005_cr_cr_005,synthetic
st_000143,su_00168,cmp_002,pl_002,cr_002,click,2026-08-10 10:43:20.414104206,c_cmp_002_p_pl_002_cr_cr_002,synthetic
st_000144,su_00168,cmp_002,pl_002,cr_002,bot_start,2026-08-10 10:46:54.234090025,c_cmp_002_p_pl_002_cr_cr_002,synthetic
st_000145,su_00168,cmp_002,pl_002,cr_002,lead,2026-08-10 19:15:55.895269592,c_cmp_002_p_pl_002_cr_cr_002,synthetic
st_000146,su_00174,cmp_004,pl_004,cr_004,click,2026-09-02 12:31:11.696896310,c_cmp_004_p_pl_004_cr_cr_004,synthetic
st_000147,su_00174,cmp_004,pl_004,cr_004,bot_start,2026-09-02 12:44:12.672459580,c_cmp_004_p_pl_004_cr_cr_004,synthetic
st_000148,su_00174,cmp_004,pl_004,cr_004,lead,2026-09-02 19:48:29.905901654,c_cmp_004_p_pl_004_cr_cr_004,synthetic
st_000149,su_00180,cmp_006,pl_022,cr_007,click,2026-08-22 15:35:13.522352171,c_cmp_006_p_pl_022_cr_cr_007,synthetic
st_000150,su_00182,cmp_002,pl_010,cr_010,click,2026-08-26 19:35:10.110052243,c_cmp_002_p_pl_010_cr_cr_010,synthetic
st_000151,su_00182,cmp_002,pl_010,cr_010,bot_start,2026-08-26 19:59:00.456769904,c_cmp_002_p_pl_010_cr_cr_010,synthetic
st_000152,su_00184,cmp_004,pl_028,cr_013,click,2026-08-16 00:22:25.387397757,c_cmp_004_p_pl_028_cr_cr_013,synthetic
st_000153,su_00184,cmp_004,pl_028,cr_013,bot_start,2026-08-16 00:52:03.893956853,c_cmp_004_p_pl_028_cr_cr_013,synthetic
st_000154,su_00187,cmp_003,pl_003,cr_003,click,2026-09-10 14:53:35.583262096,c_cmp_003_p_pl_003_cr_cr_003,synthetic
st_000155,su_00188,cmp_005,pl_029,cr_014,click,2026-09-04 14:03:12.426125084,c_cmp_005_p_pl_029_cr_cr_014,synthetic
st_000156,su_00188,cmp_005,pl_029,cr_014,bot_start,2026-09-04 14:29:08.009702832,c_cmp_005_p_pl_029_cr_cr_014,synthetic
st_000157,su_00190,cmp_005,pl_021,cr_006,click,2026-08-16 04:03:15.819954020,c_cmp_005_p_pl_021_cr_cr_006,synthetic
st_000158,su_00190,cmp_005,pl_021,cr_006,bot_start,2026-08-16 04:10:04.139123237,c_cmp_005_p_pl_021_cr_cr_006,synthetic
st_000159,su_00191,cmp_001,pl_009,cr_009,click,2026-08-21 11:38:59.581314008,c_cmp_001_p_pl_009_cr_cr_009,synthetic
st_000160,su_00191,cmp_001,pl_009,cr_009,bot_start,2026-08-21 12:00:46.729359292,c_cmp_001_p_pl_009_cr_cr_009,synthetic
st_000161,su_00192,cmp_007,pl_007,cr_007,click,2026-09-09 23:49:25.811345393,c_cmp_007_p_pl_007_cr_cr_007,synthetic
st_000162,su_00192,cmp_007,pl_007,cr_007,bot_start,2026-09-09 23:51:33.635462307,c_cmp_007_p_pl_007_cr_cr_007,synthetic
st_000163,su_00192,cmp_007,pl_007,cr_007,lead,2026-09-10 03:16:18.794868005,c_cmp_007_p_pl_007_cr_cr_007,synthetic
st_000164,su_00194,cmp_004,pl_020,cr_005,click,2026-09-09 20:04:07.061336379,c_cmp_004_p_pl_020_cr_cr_005,synthetic
st_000165,su_00194,cmp_004,pl_020,cr_005,bot_start,2026-09-09 20:20:10.412325129,c_cmp_004_p_pl_020_cr_cr_005,synthetic
st_000166,su_00194,cmp_004,pl_020,cr_005,lead,2026-09-10 01:01:01.808834982,c_cmp_004_p_pl_020_cr_cr_005,synthetic
st_000167,su_00195,cmp_005,pl_029,cr_014,click,2026-09-03 22:22:30.930739813,c_cmp_005_p_pl_029_cr_cr_014,synthetic
st_000168,su_00195,cmp_005,pl_029,cr_014,bot_start,2026-09-03 22:30:28.963909819,c_cmp_005_p_pl_029_cr_cr_014,synthetic
st_000169,su_00195,cmp_005,pl_029,cr_014,lead,2026-09-03 23:46:44.689867326,c_cmp_005_p_pl_029_cr_cr_014,synthetic
st_000170,su_00196,cmp_002,pl_010,cr_010,click,2026-08-24 19:23:13.478022818,c_cmp_002_p_pl_010_cr_cr_010,synthetic
st_000171,su_00199,cmp_001,pl_009,cr_009,click,2026-08-23 02:16:49.388981690,c_cmp_001_p_pl_009_cr_cr_009,synthetic
st_000172,su_00205,cmp_007,pl_023,cr_008,click,2026-08-12 06:21:51.334778597,c_cmp_007_p_pl_023_cr_cr_008,synthetic
st_000173,su_00205,cmp_007,pl_023,cr_008,bot_start,2026-08-12 06:35:51.230770970,c_cmp_007_p_pl_023_cr_cr_008,synthetic
st_000174,su_00205,cmp_007,pl_023,cr_008,lead,2026-08-12 16:19:36.612794778,c_cmp_007_p_pl_023_cr_cr_008,synthetic
st_000175,su_00206,cmp_006,pl_022,cr_007,click,2026-08-22 21:23:42.618985368,c_cmp_006_p_pl_022_cr_cr_007,synthetic
st_000176,su_00206,cmp_006,pl_022,cr_007,bot_start,2026-08-22 21:32:10.446810083,c_cmp_006_p_pl_022_cr_cr_007,synthetic
st_000177,su_00206,cmp_006,pl_022,cr_007,lead,2026-08-23 01:36:12.873428552,c_cmp_006_p_pl_022_cr_cr_007,synthetic
st_000178,su_00212,cmp_000,pl_000,cr_000,click,2026-08-21 18:50:57.936962206,c_cmp_000_p_pl_000_cr_cr_000,synthetic
st_000179,su_00212,cmp_000,pl_000,cr_000,bot_start,2026-08-21 19:11:11.425507880,c_cmp_000_p_pl_000_cr_cr_000,synthetic
st_000180,su_00214,cmp_006,pl_014,cr_014,click,2026-09-09 09:39:16.830658381,c_cmp_006_p_pl_014_cr_cr_014,synthetic
st_000181,su_00214,cmp_006,pl_014,cr_014,bot_start,2026-09-09 10:09:16.422344611,c_cmp_006_p_pl_014_cr_cr_014,synthetic
st_000182,su_00214,cmp_006,pl_014,cr_014,lead,2026-09-10 07:09:32.608322573,c_cmp_006_p_pl_014_cr_cr_014,synthetic
st_000183,su_00215,cmp_003,pl_003,cr_003,click,2026-09-11 22:35:54.243506908,c_cmp_003_p_pl_003_cr_cr_003,synthetic
st_000184,su_00215,cmp_003,pl_003,cr_003,bot_start,2026-09-11 22:47:12.230410277,c_cmp_003_p_pl_003_cr_cr_003,synthetic
st_000185,su_00215,cmp_003,pl_003,cr_003,lead,2026-09-12 09:03:59.508543969,c_cmp_003_p_pl_003_cr_cr_003,synthetic
st_000186,su_00218,cmp_003,pl_003,cr_003,click,2026-09-11 01:43:04.781398509,c_cmp_003_p_pl_003_cr_cr_003,synthetic
st_000187,su_00219,cmp_002,pl_010,cr_010,click,2026-08-24 22:43:44.167743277,c_cmp_002_p_pl_010_cr_cr_010,synthetic
st_000188,su_00219,cmp_002,pl_010,cr_010,bot_start,2026-08-24 22:55:25.086588996,c_cmp_002_p_pl_010_cr_cr_010,synthetic
st_000189,su_00219,cmp_002,pl_010,cr_010,lead,2026-08-25 06:24:00.160462923,c_cmp_002_p_pl_010_cr_cr_010,synthetic
st_000190,su_00220,cmp_004,pl_020,cr_005,click,2026-09-10 16:28:32.645072947,c_cmp_004_p_pl_020_cr_cr_005,synthetic
st_000191,su_00220,cmp_004,pl_020,cr_005,bot_start,2026-09-10 16:39:33.612177061,c_cmp_004_p_pl_020_cr_cr_005,synthetic
st_000192,su_00220,cmp_004,pl_020,cr_005,lead,2026-09-11 11:17:53.013932457,c_cmp_004_p_pl_020_cr_cr_005,synthetic
st_000193,su_00223,cmp_005,pl_029,cr_014,click,2026-09-06 18:05:47.779364344,c_cmp_005_p_pl_029_cr_cr_014,synthetic
st_000194,su_00223,cmp_005,pl_029,cr_014,bot_start,2026-09-06 18:09:29.226054524,c_cmp_005_p_pl_029_cr_cr_014,synthetic
st_000195,su_00226,cmp_002,pl_018,cr_003,click,2026-08-09 20:06:49.780610310,c_cmp_002_p_pl_018_cr_cr_003,synthetic
st_000196,su_00227,cmp_006,pl_014,cr_014,click,2026-09-09 11:55:45.472704062,c_cmp_006_p_pl_014_cr_cr_014,synthetic
st_000197,su_00227,cmp_006,pl_014,cr_014,bot_start,2026-09-09 12:17:10.045892561,c_cmp_006_p_pl_014_cr_cr_014,synthetic
st_000198,su_00228,cmp_004,pl_012,cr_012,click,2026-08-27 23:42:11.966264819,c_cmp_004_p_pl_012_cr_cr_012,synthetic
st_000199,su_00229,cmp_006,pl_006,cr_006,click,2026-08-18 15:09:21.935975177,c_cmp_006_p_pl_006_cr_cr_006,synthetic
st_000200,su_00229,cmp_006,pl_006,cr_006,bot_start,2026-08-18 15:31:29.494423586,c_cmp_006_p_pl_006_cr_cr_006,synthetic
st_000201,su_00230,cmp_001,pl_009,cr_009,click,2026-08-22 16:20:30.395296221,c_cmp_001_p_pl_009_cr_cr_009,synthetic
st_000202,su_00230,cmp_001,pl_009,cr_009,bot_start,2026-08-22 16:35:36.114030456,c_cmp_001_p_pl_009_cr_cr_009,synthetic
st_000203,su_00230,cmp_001,pl_009,cr_009,lead,2026-08-23 00:43:20.968267990,c_cmp_001_p_pl_009_cr_cr_009,synthetic
st_000204,su_00231,cmp_000,pl_024,cr_009,click,2026-08-22 18:25:51.034022094,c_cmp_000_p_pl_024_cr_cr_009,synthetic
st_000205,su_00231,cmp_000,pl_024,cr_009,bot_start,2026-08-22 18:37:03.723646724,c_cmp_000_p_pl_024_cr_cr_009,synthetic
st_000206,su_00232,cmp_002,pl_002,cr_002,click,2026-08-10 05:51:19.958589951,c_cmp_002_p_pl_002_cr_cr_002,synthetic
st_000207,su_00232,cmp_002,pl_002,cr_002,bot_start,2026-08-10 05:54:16.500332800,c_cmp_002_p_pl_002_cr_cr_002,synthetic
st_000208,su_00232,cmp_002,pl_002,cr_002,lead,2026-08-10 08:17:27.961638981,c_cmp_002_p_pl_002_cr_cr_002,synthetic
st_000209,su_00233,cmp_004,pl_012,cr_012,click,2026-08-29 02:55:09.568813428,c_cmp_004_p_pl_012_cr_cr_012,synthetic
st_000210,su_00233,cmp_004,pl_012,cr_012,bot_start,2026-08-29 03:20:08.135319645,c_cmp_004_p_pl_012_cr_cr_012,synthetic
st_000211,su_00234,cmp_006,pl_014,cr_014,click,2026-09-10 00:54:15.175861856,c_cmp_006_p_pl_014_cr_cr_014,synthetic
st_000212,su_00234,cmp_006,pl_014,cr_014,bot_start,2026-09-10 00:57:15.479366168,c_cmp_006_p_pl_014_cr_cr_014,synthetic
st_000213,su_00236,cmp_005,pl_021,cr_006,click,2026-08-16 08:11:28.763357186,c_cmp_005_p_pl_021_cr_cr_006,synthetic
st_000214,su_00239,cmp_001,pl_017,cr_002,click,2026-08-21 10:38:54.089233021,c_cmp_001_p_pl_017_cr_cr_002,synthetic
st_000215,su_00239,cmp_001,pl_017,cr_002,bot_start,2026-08-21 11:05:36.311826664,c_cmp_001_p_pl_017_cr_cr_002,synthetic
st_000216,su_00239,cmp_001,pl_017,cr_002,lead,2026-08-22 03:41:45.468625038,c_cmp_001_p_pl_017_cr_cr_002,synthetic
st_000217,su_00240,cmp_007,pl_015,cr_000,click,2026-09-07 00:57:53.236415938,c_cmp_007_p_pl_015_cr_cr_000,synthetic
st_000218,su_00240,cmp_007,pl_015,cr_000,bot_start,2026-09-07 01:06:09.720447417,c_cmp_007_p_pl_015_cr_cr_000,synthetic
st_000219,su_00242,cmp_004,pl_004,cr_004,click,2026-09-02 13:17:34.964091777,c_cmp_004_p_pl_004_cr_cr_004,synthetic
st_000220,su_00243,cmp_000,pl_008,cr_008,click,2026-09-05 16:35:57.790171353,c_cmp_000_p_pl_008_cr_cr_008,synthetic
st_000221,su_00245,cmp_005,pl_029,cr_014,click,2026-09-04 09:05:43.187848167,c_cmp_005_p_pl_029_cr_cr_014,synthetic
st_000222,su_00245,cmp_005,pl_029,cr_014,bot_start,2026-09-04 09:22:49.332626793,c_cmp_005_p_pl_029_cr_cr_014,synthetic
st_000223,su_00246,cmp_007,pl_007,cr_007,click,2026-09-09 17:04:48.208904518,c_cmp_007_p_pl_007_cr_cr_007,synthetic
st_000224,su_00246,cmp_007,pl_007,cr_007,bot_start,2026-09-09 17:21:55.435589001,c_cmp_007_p_pl_007_cr_cr_007,synthetic
st_000225,su_00248,cmp_005,pl_029,cr_014,click,2026-09-04 03:13:03.821706785,c_cmp_005_p_pl_029_cr_cr_014,synthetic
st_000226,su_00248,cmp_005,pl_029,cr_014,bot_start,2026-09-04 03:29:21.908974236,c_cmp_005_p_pl_029_cr_cr_014,synthetic
st_000227,su_00248,cmp_005,pl_029,cr_014,lead,2026-09-05 01:52:43.588193768,c_cmp_005_p_pl_029_cr_cr_014,synthetic
st_000228,su_00254,cmp_004,pl_020,cr_005,click,2026-09-11 18:58:54.699433646,c_cmp_004_p_pl_020_cr_cr_005,synthetic
st_000229,su_00254,cmp_004,pl_020,cr_005,bot_start,2026-09-11 19:05:46.884619982,c_cmp_004_p_pl_020_cr_cr_005,synthetic
st_000230,su_00254,cmp_004,pl_020,cr_005,lead,2026-09-12 06:54:31.243228318,c_cmp_004_p_pl_020_cr_cr_005,synthetic
st_000231,su_00257,cmp_007,pl_023,cr_008,click,2026-08-11 07:59:09.213322951,c_cmp_007_p_pl_023_cr_cr_008,synthetic
st_000232,su_00258,cmp_001,pl_009,cr_009,click,2026-08-22 04:35:58.083055601,c_cmp_001_p_pl_009_cr_cr_009,synthetic
st_000233,su_00259,cmp_002,pl_002,cr_002,click,2026-08-09 06:24:42.881477328,c_cmp_002_p_pl_002_cr_cr_002,synthetic
st_000234,su_00260,cmp_003,pl_011,cr_011,click,2026-08-07 11:29:54.020534157,c_cmp_003_p_pl_011_cr_cr_011,synthetic
st_000235,su_00260,cmp_003,pl_011,cr_011,bot_start,2026-08-07 11:35:02.853412464,c_cmp_003_p_pl_011_cr_cr_011,synthetic
st_000236,su_00261,cmp_007,pl_015,cr_000,click,2026-09-06 18:22:57.458665727,c_cmp_007_p_pl_015_cr_cr_000,synthetic
st_000237,su_00262,cmp_001,pl_025,cr_010,click,2026-08-14 19:23:20.067900924,c_cmp_001_p_pl_025_cr_cr_010,synthetic
st_000238,su_00264,cmp_003,pl_019,cr_004,click,2026-08-30 22:32:00.846902027,c_cmp_003_p_pl_019_cr_cr_004,synthetic
st_000239,su_00264,cmp_003,pl_019,cr_004,bot_start,2026-08-30 22:56:46.691216674,c_cmp_003_p_pl_019_cr_cr_004,synthetic
st_000240,su_00265,cmp_007,pl_015,cr_000,click,2026-09-08 12:52:32.936857797,c_cmp_007_p_pl_015_cr_cr_000,synthetic
st_000241,su_00267,cmp_007,pl_015,cr_000,click,2026-09-06 10:07:55.628050848,c_cmp_007_p_pl_015_cr_cr_000,synthetic
st_000242,su_00269,cmp_003,pl_027,cr_012,click,2026-09-04 11:18:00.432691042,c_cmp_003_p_pl_027_cr_cr_012,synthetic
st_000243,su_00269,cmp_003,pl_027,cr_012,bot_start,2026-09-04 11:35:20.602951596,c_cmp_003_p_pl_027_cr_cr_012,synthetic
st_000244,su_00273,cmp_005,pl_005,cr_005,click,2026-08-09 21:14:26.006311579,c_cmp_005_p_pl_005_cr_cr_005,synthetic
st_000245,su_00273,cmp_005,pl_005,cr_005,bot_start,2026-08-09 21:30:12.944619764,c_cmp_005_p_pl_005_cr_cr_005,synthetic
st_000246,su_00273,cmp_005,pl_005,cr_005,lead,2026-08-10 08:16:22.238410912,c_cmp_005_p_pl_005_cr_cr_005,synthetic
st_000247,su_00274,cmp_003,pl_011,cr_011,click,2026-08-06 21:32:02.493333035,c_cmp_003_p_pl_011_cr_cr_011,synthetic
st_000248,su_00274,cmp_003,pl_011,cr_011,bot_start,2026-08-06 21:41:33.984552443,c_cmp_003_p_pl_011_cr_cr_011,synthetic
st_000249,su_00274,cmp_003,pl_011,cr_011,lead,2026-08-07 09:55:33.094292455,c_cmp_003_p_pl_011_cr_cr_011,synthetic
st_000250,su_00278,cmp_001,pl_009,cr_009,click,2026-08-20 13:12:05.041378401,c_cmp_001_p_pl_009_cr_cr_009,synthetic
st_000251,su_00285,cmp_002,pl_010,cr_010,click,2026-08-25 20:48:25.723137196,c_cmp_002_p_pl_010_cr_cr_010,synthetic
st_000252,su_00285,cmp_002,pl_010,cr_010,bot_start,2026-08-25 20:54:14.550803183,c_cmp_002_p_pl_010_cr_cr_010,synthetic
st_000253,su_00286,cmp_000,pl_000,cr_000,click,2026-08-22 04:52:57.406804207,c_cmp_000_p_pl_000_cr_cr_000,synthetic
st_000254,su_00288,cmp_004,pl_028,cr_013,click,2026-08-18 09:51:14.809364353,c_cmp_004_p_pl_028_cr_cr_013,synthetic
st_000255,su_00288,cmp_004,pl_028,cr_013,bot_start,2026-08-18 10:11:36.079949644,c_cmp_004_p_pl_028_cr_cr_013,synthetic
st_000256,su_00288,cmp_004,pl_028,cr_013,lead,2026-08-19 04:23:58.841585958,c_cmp_004_p_pl_028_cr_cr_013,synthetic
st_000257,su_00290,cmp_007,pl_015,cr_000,click,2026-09-08 08:51:12.796061017,c_cmp_007_p_pl_015_cr_cr_000,synthetic
st_000258,su_00290,cmp_007,pl_015,cr_000,bot_start,2026-09-08 09:06:32.808072669,c_cmp_007_p_pl_015_cr_cr_000,synthetic
st_000259,su_00292,cmp_001,pl_017,cr_002,click,2026-08-22 23:47:23.980168586,c_cmp_001_p_pl_017_cr_cr_002,synthetic
st_000260,su_00292,cmp_001,pl_017,cr_002,bot_start,2026-08-23 00:04:39.030747570,c_cmp_001_p_pl_017_cr_cr_002,synthetic
st_000261,su_00292,cmp_001,pl_017,cr_002,lead,2026-08-23 07:21:30.615136466,c_cmp_001_p_pl_017_cr_cr_002,synthetic
st_000262,su_00293,cmp_002,pl_026,cr_011,click,2026-08-21 17:56:26.382122402,c_cmp_002_p_pl_026_cr_cr_011,synthetic
st_000263,su_00293,cmp_002,pl_026,cr_011,bot_start,2026-08-21 18:10:54.440952193,c_cmp_002_p_pl_026_cr_cr_011,synthetic
st_000264,su_00293,cmp_002,pl_026,cr_011,lead,2026-08-22 14:01:14.816162729,c_cmp_002_p_pl_026_cr_cr_011,synthetic
st_000265,su_00298,cmp_004,pl_012,cr_012,click,2026-08-27 16:59:34.313802889,c_cmp_004_p_pl_012_cr_cr_012,synthetic
st_000266,su_00298,cmp_004,pl_012,cr_012,bot_start,2026-08-27 17:24:57.125139617,c_cmp_004_p_pl_012_cr_cr_012,synthetic
st_000267,su_00298,cmp_004,pl_012,cr_012,lead,2026-08-28 03:10:36.639104147,c_cmp_004_p_pl_012_cr_cr_012,synthetic
st_000268,su_00299,cmp_000,pl_016,cr_001,click,2026-08-11 10:21:08.476069341,c_cmp_000_p_pl_016_cr_cr_001,synthetic
st_000269,su_00299,cmp_000,pl_016,cr_001,bot_start,2026-08-11 10:35:41.531729473,c_cmp_000_p_pl_016_cr_cr_001,synthetic
st_000270,su_00299,cmp_000,pl_016,cr_001,lead,2026-08-11 21:36:21.054841912,c_cmp_000_p_pl_016_cr_cr_001,synthetic
st_000271,su_00300,cmp_007,pl_023,cr_008,click,2026-08-13 06:03:51.833665268,c_cmp_007_p_pl_023_cr_cr_008,synthetic
st_000272,su_00301,cmp_000,pl_024,cr_009,click,2026-08-23 08:35:15.973808562,c_cmp_000_p_pl_024_cr_cr_009,synthetic
st_000273,su_00301,cmp_000,pl_024,cr_009,bot_start,2026-08-23 08:57:42.133648714,c_cmp_000_p_pl_024_cr_cr_009,synthetic
st_000274,su_00301,cmp_000,pl_024,cr_009,lead,2026-08-24 01:14:22.871793752,c_cmp_000_p_pl_024_cr_cr_009,synthetic
st_000275,su_00303,cmp_002,pl_026,cr_011,click,2026-08-22 15:17:47.279959416,c_cmp_002_p_pl_026_cr_cr_011,synthetic
st_000276,su_00307,cmp_005,pl_005,cr_005,click,2026-08-09 12:06:58.816474751,c_cmp_005_p_pl_005_cr_cr_005,synthetic
st_000277,su_00307,cmp_005,pl_005,cr_005,bot_start,2026-08-09 12:32:56.197060927,c_cmp_005_p_pl_005_cr_cr_005,synthetic
st_000278,su_00309,cmp_007,pl_015,cr_000,click,2026-09-08 11:19:26.555330774,c_cmp_007_p_pl_015_cr_cr_000,synthetic
st_000279,su_00309,cmp_007,pl_015,cr_000,bot_start,2026-09-08 11:32:20.549295258,c_cmp_007_p_pl_015_cr_cr_000,synthetic
st_000280,su_00311,cmp_007,pl_015,cr_000,click,2026-09-08 17:26:03.346449155,c_cmp_007_p_pl_015_cr_cr_000,synthetic
st_000281,su_00311,cmp_007,pl_015,cr_000,bot_start,2026-09-08 17:35:43.187232038,c_cmp_007_p_pl_015_cr_cr_000,synthetic
st_000282,su_00311,cmp_007,pl_015,cr_000,lead,2026-09-09 01:56:47.527759270,c_cmp_007_p_pl_015_cr_cr_000,synthetic
st_000283,su_00313,cmp_001,pl_017,cr_002,click,2026-08-23 13:37:56.313671886,c_cmp_001_p_pl_017_cr_cr_002,synthetic
st_000284,su_00313,cmp_001,pl_017,cr_002,bot_start,2026-08-23 14:01:38.318417503,c_cmp_001_p_pl_017_cr_cr_002,synthetic
st_000285,su_00313,cmp_001,pl_017,cr_002,lead,2026-08-23 18:54:49.932390136,c_cmp_001_p_pl_017_cr_cr_002,synthetic
st_000286,su_00316,cmp_005,pl_013,cr_013,click,2026-09-03 19:23:53.715164367,c_cmp_005_p_pl_013_cr_cr_013,synthetic
st_000287,su_00316,cmp_005,pl_013,cr_013,bot_start,2026-09-03 19:34:03.145355819,c_cmp_005_p_pl_013_cr_cr_013,synthetic
st_000288,su_00316,cmp_005,pl_013,cr_013,lead,2026-09-04 18:16:13.662902284,c_cmp_005_p_pl_013_cr_cr_013,synthetic
st_000289,su_00318,cmp_004,pl_004,cr_004,click,2026-09-04 08:26:33.281301132,c_cmp_004_p_pl_004_cr_cr_004,synthetic
st_000290,su_00318,cmp_004,pl_004,cr_004,bot_start,2026-09-04 08:46:21.839718290,c_cmp_004_p_pl_004_cr_cr_004,synthetic
st_000291,su_00318,cmp_004,pl_004,cr_004,lead,2026-09-04 15:22:36.034244819,c_cmp_004_p_pl_004_cr_cr_004,synthetic
st_000292,su_00320,cmp_005,pl_021,cr_006,click,2026-08-18 20:40:56.646957314,c_cmp_005_p_pl_021_cr_cr_006,synthetic
st_000293,su_00320,cmp_005,pl_021,cr_006,bot_start,2026-08-18 21:06:11.048527322,c_cmp_005_p_pl_021_cr_cr_006,synthetic
st_000294,su_00325,cmp_003,pl_019,cr_004,click,2026-08-31 11:18:57.983073879,c_cmp_003_p_pl_019_cr_cr_004,synthetic
st_000295,su_00325,cmp_003,pl_019,cr_004,bot_start,2026-08-31 11:24:46.393201384,c_cmp_003_p_pl_019_cr_cr_004,synthetic
st_000296,su_00333,cmp_006,pl_006,cr_006,click,2026-08-19 02:01:49.940582795,c_cmp_006_p_pl_006_cr_cr_006,synthetic
st_000297,su_00333,cmp_006,pl_006,cr_006,bot_start,2026-08-19 02:26:47.894939747,c_cmp_006_p_pl_006_cr_cr_006,synthetic
st_000298,su_00333,cmp_006,pl_006,cr_006,lead,2026-08-19 18:03:39.869123235,c_cmp_006_p_pl_006_cr_cr_006,synthetic
st_000299,su_00334,cmp_003,pl_011,cr_011,click,2026-08-07 16:30:13.557428168,c_cmp_003_p_pl_011_cr_cr_011,synthetic
st_000300,su_00334,cmp_003,pl_011,cr_011,bot_start,2026-08-07 16:37:17.960897907,c_cmp_003_p_pl_011_cr_cr_011,synthetic
st_000301,su_00334,cmp_003,pl_011,cr_011,lead,2026-08-07 22:35:11.945984137,c_cmp_003_p_pl_011_cr_cr_011,synthetic
st_000302,su_00335,cmp_003,pl_011,cr_011,click,2026-08-08 19:26:43.541859070,c_cmp_003_p_pl_011_cr_cr_011,synthetic
st_000303,su_00336,cmp_004,pl_028,cr_013,click,2026-08-17 19:20:54.753908059,c_cmp_004_p_pl_028_cr_cr_013,synthetic
st_000304,su_00336,cmp_004,pl_028,cr_013,bot_start,2026-08-17 19:33:55.857359787,c_cmp_004_p_pl_028_cr_cr_013,synthetic
st_000305,su_00336,cmp_004,pl_028,cr_013,lead,2026-08-18 03:31:55.166884653,c_cmp_004_p_pl_028_cr_cr_013,synthetic
st_000306,su_00337,cmp_004,pl_012,cr_012,click,2026-08-30 03:57:49.809155749,c_cmp_004_p_pl_012_cr_cr_012,synthetic
st_000307,su_00337,cmp_004,pl_012,cr_012,bot_start,2026-08-30 04:16:51.146783062,c_cmp_004_p_pl_012_cr_cr_012,synthetic
st_000308,su_00337,cmp_004,pl_012,cr_012,lead,2026-08-30 05:15:25.238229132,c_cmp_004_p_pl_012_cr_cr_012,synthetic
st_000309,su_00338,cmp_001,pl_009,cr_009,click,2026-08-20 10:19:21.335247863,c_cmp_001_p_pl_009_cr_cr_009,synthetic
st_000310,su_00338,cmp_001,pl_009,cr_009,bot_start,2026-08-20 10:23:04.140758822,c_cmp_001_p_pl_009_cr_cr_009,synthetic
st_000311,su_00338,cmp_001,pl_009,cr_009,lead,2026-08-20 18:37:03.874794769,c_cmp_001_p_pl_009_cr_cr_009,synthetic
st_000312,su_00343,cmp_005,pl_021,cr_006,click,2026-08-18 23:30:35.034636429,c_cmp_005_p_pl_021_cr_cr_006,synthetic
st_000313,su_00343,cmp_005,pl_021,cr_006,bot_start,2026-08-18 23:49:39.179052626,c_cmp_005_p_pl_021_cr_cr_006,synthetic
st_000314,su_00348,cmp_003,pl_003,cr_003,click,2026-09-09 13:56:02.718556880,c_cmp_003_p_pl_003_cr_cr_003,synthetic
st_000315,su_00348,cmp_003,pl_003,cr_003,bot_start,2026-09-09 14:21:49.362013208,c_cmp_003_p_pl_003_cr_cr_003,synthetic
st_000316,su_00350,cmp_005,pl_013,cr_013,click,2026-09-03 01:52:59.630554815,c_cmp_005_p_pl_013_cr_cr_013,synthetic
st_000317,su_00350,cmp_005,pl_013,cr_013,bot_start,2026-09-03 02:11:05.865126724,c_cmp_005_p_pl_013_cr_cr_013,synthetic
st_000318,su_00350,cmp_005,pl_013,cr_013,lead,2026-09-03 16:30:23.046177174,c_cmp_005_p_pl_013_cr_cr_013,synthetic
st_000319,su_00351,cmp_005,pl_021,cr_006,click,2026-08-18 01:30:41.392632765,c_cmp_005_p_pl_021_cr_cr_006,synthetic
st_000320,su_00351,cmp_005,pl_021,cr_006,bot_start,2026-08-18 01:41:00.948971757,c_cmp_005_p_pl_021_cr_cr_006,synthetic
st_000321,su_00351,cmp_005,pl_021,cr_006,lead,2026-08-18 07:55:56.404403170,c_cmp_005_p_pl_021_cr_cr_006,synthetic
st_000322,su_00352,cmp_000,pl_024,cr_009,click,2026-08-22 11:12:12.444067539,c_cmp_000_p_pl_024_cr_cr_009,synthetic
st_000323,su_00355,cmp_002,pl_026,cr_011,click,2026-08-21 17:43:09.199628158,c_cmp_002_p_pl_026_cr_cr_011,synthetic
st_000324,su_00355,cmp_002,pl_026,cr_011,bot_start,2026-08-21 17:48:42.423993519,c_cmp_002_p_pl_026_cr_cr_011,synthetic
st_000325,su_00357,cmp_005,pl_029,cr_014,click,2026-09-05 10:22:01.328165995,c_cmp_005_p_pl_029_cr_cr_014,synthetic
st_000326,su_00357,cmp_005,pl_029,cr_014,bot_start,2026-09-05 10:31:14.558223418,c_cmp_005_p_pl_029_cr_cr_014,synthetic
st_000327,su_00357,cmp_005,pl_029,cr_014,lead,2026-09-05 15:19:43.274717581,c_cmp_005_p_pl_029_cr_cr_014,synthetic
st_000328,su_00360,cmp_006,pl_022,cr_007,click,2026-08-23 04:48:44.926932968,c_cmp_006_p_pl_022_cr_cr_007,synthetic
st_000329,su_00360,cmp_006,pl_022,cr_007,bot_start,2026-08-23 04:56:44.777538907,c_cmp_006_p_pl_022_cr_cr_007,synthetic
st_000330,su_00360,cmp_006,pl_022,cr_007,lead,2026-08-23 18:20:40.667568862,c_cmp_006_p_pl_022_cr_cr_007,synthetic
st_000331,su_00362,cmp_001,pl_001,cr_001,click,2026-09-06 17:46:32.146025441,c_cmp_001_p_pl_001_cr_cr_001,synthetic
st_000332,su_00362,cmp_001,pl_001,cr_001,bot_start,2026-09-06 18:15:56.029262322,c_cmp_001_p_pl_001_cr_cr_001,synthetic
st_000333,su_00362,cmp_001,pl_001,cr_001,lead,2026-09-07 14:15:08.137808105,c_cmp_001_p_pl_001_cr_cr_001,synthetic
st_000334,su_00364,cmp_006,pl_014,cr_014,click,2026-09-10 16:39:49.640590978,c_cmp_006_p_pl_014_cr_cr_014,synthetic
st_000335,su_00369,cmp_007,pl_007,cr_007,click,2026-09-09 00:16:28.374366561,c_cmp_007_p_pl_007_cr_cr_007,synthetic
st_000336,su_00369,cmp_007,pl_007,cr_007,bot_start,2026-09-09 00:21:34.217691292,c_cmp_007_p_pl_007_cr_cr_007,synthetic
st_000337,su_00369,cmp_007,pl_007,cr_007,lead,2026-09-09 21:03:43.171176364,c_cmp_007_p_pl_007_cr_cr_007,synthetic
st_000338,su_00372,cmp_006,pl_006,cr_006,click,2026-08-17 18:07:30.253933512,c_cmp_006_p_pl_006_cr_cr_006,synthetic
st_000339,su_00372,cmp_006,pl_006,cr_006,bot_start,2026-08-17 18:26:56.095783285,c_cmp_006_p_pl_006_cr_cr_006,synthetic
st_000340,su_00373,cmp_003,pl_011,cr_011,click,2026-08-09 06:54:40.077266696,c_cmp_003_p_pl_011_cr_cr_011,synthetic
st_000341,su_00374,cmp_006,pl_022,cr_007,click,2026-08-24 00:51:16.024464202,c_cmp_006_p_pl_022_cr_cr_007,synthetic
st_000342,su_00375,cmp_001,pl_025,cr_010,click,2026-08-14 06:08:08.950566737,c_cmp_001_p_pl_025_cr_cr_010,synthetic
st_000343,su_00375,cmp_001,pl_025,cr_010,bot_start,2026-08-14 06:15:24.043602711,c_cmp_001_p_pl_025_cr_cr_010,synthetic
st_000344,su_00375,cmp_001,pl_025,cr_010,lead,2026-08-14 20:48:16.175820012,c_cmp_001_p_pl_025_cr_cr_010,synthetic
st_000345,su_00376,cmp_006,pl_014,cr_014,click,2026-09-10 06:22:16.008915400,c_cmp_006_p_pl_014_cr_cr_014,synthetic
st_000346,su_00379,cmp_000,pl_000,cr_000,click,2026-08-22 01:45:13.726288880,c_cmp_000_p_pl_000_cr_cr_000,synthetic
st_000347,su_00379,cmp_000,pl_000,cr_000,bot_start,2026-08-22 01:52:39.923206397,c_cmp_000_p_pl_000_cr_cr_000,synthetic
st_000348,su_00380,cmp_002,pl_018,cr_003,click,2026-08-10 16:07:21.930328948,c_cmp_002_p_pl_018_cr_cr_003,synthetic
st_000349,su_00380,cmp_002,pl_018,cr_003,bot_start,2026-08-10 16:21:31.218999459,c_cmp_002_p_pl_018_cr_cr_003,synthetic
st_000350,su_00381,cmp_005,pl_005,cr_005,click,2026-08-11 15:13:56.862959091,c_cmp_005_p_pl_005_cr_cr_005,synthetic
st_000351,su_00381,cmp_005,pl_005,cr_005,bot_start,2026-08-11 15:16:19.466844624,c_cmp_005_p_pl_005_cr_cr_005,synthetic
st_000352,su_00381,cmp_005,pl_005,cr_005,lead,2026-08-12 00:56:36.828438564,c_cmp_005_p_pl_005_cr_cr_005,synthetic
st_000353,su_00384,cmp_004,pl_020,cr_005,click,2026-09-11 14:41:40.490980443,c_cmp_004_p_pl_020_cr_cr_005,synthetic
st_000354,su_00385,cmp_000,pl_000,cr_000,click,2026-08-22 03:26:38.257008769,c_cmp_000_p_pl_000_cr_cr_000,synthetic
st_000355,su_00385,cmp_000,pl_000,cr_000,bot_start,2026-08-22 03:47:09.848263648,c_cmp_000_p_pl_000_cr_cr_000,synthetic
st_000356,su_00385,cmp_000,pl_000,cr_000,lead,2026-08-22 10:41:51.771890476,c_cmp_000_p_pl_000_cr_cr_000,synthetic
st_000357,su_00393,cmp_001,pl_001,cr_001,click,2026-09-05 16:37:24.937025104,c_cmp_001_p_pl_001_cr_cr_001,synthetic
st_000358,su_00393,cmp_001,pl_001,cr_001,bot_start,2026-09-05 17:07:18.004438982,c_cmp_001_p_pl_001_cr_cr_001,synthetic
st_000359,su_00393,cmp_001,pl_001,cr_001,lead,2026-09-06 13:03:22.882474818,c_cmp_001_p_pl_001_cr_cr_001,synthetic
st_000360,su_00394,cmp_003,pl_011,cr_011,click,2026-08-06 22:18:39.083094789,c_cmp_003_p_pl_011_cr_cr_011,synthetic
st_000361,su_00394,cmp_003,pl_011,cr_011,bot_start,2026-08-06 22:37:00.522665724,c_cmp_003_p_pl_011_cr_cr_011,synthetic
st_000362,su_00394,cmp_003,pl_011,cr_011,lead,2026-08-07 02:01:32.930878233,c_cmp_003_p_pl_011_cr_cr_011,synthetic
st_000363,su_00401,cmp_002,pl_010,cr_010,click,2026-08-27 02:57:43.888792708,c_cmp_002_p_pl_010_cr_cr_010,synthetic
st_000364,su_00401,cmp_002,pl_010,cr_010,bot_start,2026-08-27 02:58:51.481494143,c_cmp_002_p_pl_010_cr_cr_010,synthetic
st_000365,su_00401,cmp_002,pl_010,cr_010,lead,2026-08-28 01:30:02.950568274,c_cmp_002_p_pl_010_cr_cr_010,synthetic
st_000366,su_00403,cmp_001,pl_001,cr_001,click,2026-09-07 08:42:58.599141736,c_cmp_001_p_pl_001_cr_cr_001,synthetic
st_000367,su_00403,cmp_001,pl_001,cr_001,bot_start,2026-09-07 08:52:20.273449726,c_cmp_001_p_pl_001_cr_cr_001,synthetic
st_000368,su_00403,cmp_001,pl_001,cr_001,lead,2026-09-07 10:00:12.272177701,c_cmp_001_p_pl_001_cr_cr_001,synthetic
st_000369,su_00406,cmp_007,pl_015,cr_000,click,2026-09-07 07:23:09.236776227,c_cmp_007_p_pl_015_cr_cr_000,synthetic
st_000370,su_00406,cmp_007,pl_015,cr_000,bot_start,2026-09-07 07:25:58.110517799,c_cmp_007_p_pl_015_cr_cr_000,synthetic
st_000371,su_00406,cmp_007,pl_015,cr_000,lead,2026-09-07 10:10:25.012657068,c_cmp_007_p_pl_015_cr_cr_000,synthetic
st_000372,su_00408,cmp_002,pl_018,cr_003,click,2026-08-10 13:34:16.159166665,c_cmp_002_p_pl_018_cr_cr_003,synthetic
st_000373,su_00409,cmp_000,pl_000,cr_000,click,2026-08-22 07:57:21.688827574,c_cmp_000_p_pl_000_cr_cr_000,synthetic
st_000374,su_00409,cmp_000,pl_000,cr_000,bot_start,2026-08-22 08:21:47.319830462,c_cmp_000_p_pl_000_cr_cr_000,synthetic
st_000375,su_00409,cmp_000,pl_000,cr_000,lead,2026-08-22 13:26:30.588106787,c_cmp_000_p_pl_000_cr_cr_000,synthetic
st_000376,su_00410,cmp_002,pl_010,cr_010,click,2026-08-25 00:42:55.469011468,c_cmp_002_p_pl_010_cr_cr_010,synthetic
st_000377,su_00410,cmp_002,pl_010,cr_010,bot_start,2026-08-25 01:11:35.617417049,c_cmp_002_p_pl_010_cr_cr_010,synthetic
st_000378,su_00410,cmp_002,pl_010,cr_010,lead,2026-08-25 10:02:25.903193271,c_cmp_002_p_pl_010_cr_cr_010,synthetic
st_000379,su_00412,cmp_000,pl_008,cr_008,click,2026-09-06 01:59:27.910758049,c_cmp_000_p_pl_008_cr_cr_008,synthetic
st_000380,su_00412,cmp_000,pl_008,cr_008,bot_start,2026-09-06 02:28:38.075459957,c_cmp_000_p_pl_008_cr_cr_008,synthetic
st_000381,su_00412,cmp_000,pl_008,cr_008,lead,2026-09-06 09:20:37.940740439,c_cmp_000_p_pl_008_cr_cr_008,synthetic
st_000382,su_00414,cmp_000,pl_024,cr_009,click,2026-08-23 07:20:45.987358137,c_cmp_000_p_pl_024_cr_cr_009,synthetic
st_000383,su_00414,cmp_000,pl_024,cr_009,bot_start,2026-08-23 07:24:03.998762712,c_cmp_000_p_pl_024_cr_cr_009,synthetic
st_000384,su_00414,cmp_000,pl_024,cr_009,lead,2026-08-23 09:35:16.340835653,c_cmp_000_p_pl_024_cr_cr_009,synthetic
st_000385,su_00417,cmp_000,pl_016,cr_001,click,2026-08-12 15:54:25.852118066,c_cmp_000_p_pl_016_cr_cr_001,synthetic
st_000386,su_00417,cmp_000,pl_016,cr_001,bot_start,2026-08-12 16:04:49.311102352,c_cmp_000_p_pl_016_cr_cr_001,synthetic
st_000387,su_00417,cmp_000,pl_016,cr_001,lead,2026-08-13 08:11:57.871254710,c_cmp_000_p_pl_016_cr_cr_001,synthetic
st_000388,su_00418,cmp_005,pl_005,cr_005,click,2026-08-10 15:12:03.545551930,c_cmp_005_p_pl_005_cr_cr_005,synthetic
st_000389,su_00418,cmp_005,pl_005,cr_005,bot_start,2026-08-10 15:15:40.444791021,c_cmp_005_p_pl_005_cr_cr_005,synthetic
st_000390,su_00420,cmp_006,pl_014,cr_014,click,2026-09-10 10:00:49.983248063,c_cmp_006_p_pl_014_cr_cr_014,synthetic
st_000391,su_00426,cmp_007,pl_015,cr_000,click,2026-09-07 21:40:52.461584118,c_cmp_007_p_pl_015_cr_cr_000,synthetic
st_000392,su_00429,cmp_000,pl_016,cr_001,click,2026-08-11 06:13:49.682103439,c_cmp_000_p_pl_016_cr_cr_001,synthetic
st_000393,su_00432,cmp_004,pl_020,cr_005,click,2026-09-09 12:59:59.411302305,c_cmp_004_p_pl_020_cr_cr_005,synthetic
st_000394,su_00432,cmp_004,pl_020,cr_005,bot_start,2026-09-09 13:11:10.759751228,c_cmp_004_p_pl_020_cr_cr_005,synthetic
st_000395,su_00432,cmp_004,pl_020,cr_005,lead,2026-09-10 10:26:23.293971467,c_cmp_004_p_pl_020_cr_cr_005,synthetic
st_000396,su_00435,cmp_007,pl_023,cr_008,click,2026-08-11 03:06:02.179047233,c_cmp_007_p_pl_023_cr_cr_008,synthetic
st_000397,su_00435,cmp_007,pl_023,cr_008,bot_start,2026-08-11 03:08:09.556373371,c_cmp_007_p_pl_023_cr_cr_008,synthetic
st_000398,su_00435,cmp_007,pl_023,cr_008,lead,2026-08-11 15:16:48.123844701,c_cmp_007_p_pl_023_cr_cr_008,synthetic
st_000399,su_00437,cmp_001,pl_009,cr_009,click,2026-08-21 08:45:10.268581410,c_cmp_001_p_pl_009_cr_cr_009,synthetic
st_000400,su_00437,cmp_001,pl_009,cr_009,bot_start,2026-08-21 09:06:17.906904353,c_cmp_001_p_pl_009_cr_cr_009,synthetic
st_000401,su_00437,cmp_001,pl_009,cr_009,lead,2026-08-21 12:46:43.204980261,c_cmp_001_p_pl_009_cr_cr_009,synthetic
st_000402,su_00438,cmp_002,pl_010,cr_010,click,2026-08-25 19:18:40.843937003,c_cmp_002_p_pl_010_cr_cr_010,synthetic
st_000403,su_00438,cmp_002,pl_010,cr_010,bot_start,2026-08-25 19:46:13.634607538,c_cmp_002_p_pl_010_cr_cr_010,synthetic
st_000404,su_00438,cmp_002,pl_010,cr_010,lead,2026-08-26 18:41:44.730821486,c_cmp_002_p_pl_010_cr_cr_010,synthetic
st_000405,su_00440,cmp_004,pl_028,cr_013,click,2026-08-16 21:17:22.307880128,c_cmp_004_p_pl_028_cr_cr_013,synthetic
st_000406,su_00440,cmp_004,pl_028,cr_013,bot_start,2026-08-16 21:22:22.927262727,c_cmp_004_p_pl_028_cr_cr_013,synthetic
st_000407,su_00440,cmp_004,pl_028,cr_013,lead,2026-08-17 20:45:52.601028484,c_cmp_004_p_pl_028_cr_cr_013,synthetic
st_000408,su_00443,cmp_004,pl_028,cr_013,click,2026-08-17 12:12:39.452125683,c_cmp_004_p_pl_028_cr_cr_013,synthetic
st_000409,su_00443,cmp_004,pl_028,cr_013,bot_start,2026-08-17 12:37:51.347714426,c_cmp_004_p_pl_028_cr_cr_013,synthetic
st_000410,su_00444,cmp_004,pl_012,cr_012,click,2026-08-28 03:24:55.070299719,c_cmp_004_p_pl_012_cr_cr_012,synthetic
st_000411,su_00444,cmp_004,pl_012,cr_012,bot_start,2026-08-28 03:28:50.482097094,c_cmp_004_p_pl_012_cr_cr_012,synthetic
st_000412,su_00444,cmp_004,pl_012,cr_012,lead,2026-08-28 07:07:44.954843868,c_cmp_004_p_pl_012_cr_cr_012,synthetic
st_000413,su_00445,cmp_006,pl_006,cr_006,click,2026-08-20 02:01:26.023541308,c_cmp_006_p_pl_006_cr_cr_006,synthetic
st_000414,su_00446,cmp_000,pl_008,cr_008,click,2026-09-04 15:53:56.919664656,c_cmp_000_p_pl_008_cr_cr_008,synthetic
st_000415,su_00446,cmp_000,pl_008,cr_008,bot_start,2026-09-04 16:10:16.792272955,c_cmp_000_p_pl_008_cr_cr_008,synthetic
st_000416,su_00447,cmp_003,pl_019,cr_004,click,2026-08-30 23:16:05.632008067,c_cmp_003_p_pl_019_cr_cr_004,synthetic
st_000417,su_00447,cmp_003,pl_019,cr_004,bot_start,2026-08-30 23:45:38.848843352,c_cmp_003_p_pl_019_cr_cr_004,synthetic
st_000418,su_00447,cmp_003,pl_019,cr_004,lead,2026-08-31 02:02:44.080598932,c_cmp_003_p_pl_019_cr_cr_004,synthetic
st_000419,su_00448,cmp_001,pl_009,cr_009,click,2026-08-20 23:41:01.301116008,c_cmp_001_p_pl_009_cr_cr_009,synthetic
st_000420,su_00455,cmp_000,pl_000,cr_000,click,2026-08-20 06:42:15.239043016,c_cmp_000_p_pl_000_cr_cr_000,synthetic
st_000421,su_00459,cmp_000,pl_016,cr_001,click,2026-08-13 23:59:06.202137643,c_cmp_000_p_pl_016_cr_cr_001,synthetic
st_000422,su_00461,cmp_000,pl_016,cr_001,click,2026-08-13 10:41:15.798505893,c_cmp_000_p_pl_016_cr_cr_001,synthetic
st_000423,su_00461,cmp_000,pl_016,cr_001,bot_start,2026-08-13 10:56:42.970217710,c_cmp_000_p_pl_016_cr_cr_001,synthetic
st_000424,su_00465,cmp_001,pl_017,cr_002,click,2026-08-22 23:29:47.655391397,c_cmp_001_p_pl_017_cr_cr_002,synthetic
st_000425,su_00465,cmp_001,pl_017,cr_002,bot_start,2026-08-22 23:54:16.944855655,c_cmp_001_p_pl_017_cr_cr_002,synthetic
st_000426,su_00467,cmp_005,pl_029,cr_014,click,2026-09-05 15:07:15.252551297,c_cmp_005_p_pl_029_cr_cr_014,synthetic
st_000427,su_00468,cmp_002,pl_018,cr_003,click,2026-08-10 01:20:58.076693479,c_cmp_002_p_pl_018_cr_cr_003,synthetic
st_000428,su_00468,cmp_002,pl_018,cr_003,bot_start,2026-08-10 01:36:38.454781831,c_cmp_002_p_pl_018_cr_cr_003,synthetic
st_000429,su_00468,cmp_002,pl_018,cr_003,lead,2026-08-10 04:39:44.876727534,c_cmp_002_p_pl_018_cr_cr_003,synthetic
st_000430,su_00471,cmp_002,pl_018,cr_003,click,2026-08-11 11:50:58.993854106,c_cmp_002_p_pl_018_cr_cr_003,synthetic
st_000431,su_00472,cmp_006,pl_006,cr_006,click,2026-08-20 09:06:34.873996832,c_cmp_006_p_pl_006_cr_cr_006,synthetic
st_000432,su_00472,cmp_006,pl_006,cr_006,bot_start,2026-08-20 09:17:09.116354084,c_cmp_006_p_pl_006_cr_cr_006,synthetic
st_000433,su_00474,cmp_005,pl_013,cr_013,click,2026-09-02 17:14:08.215262749,c_cmp_005_p_pl_013_cr_cr_013,synthetic
st_000434,su_00474,cmp_005,pl_013,cr_013,bot_start,2026-09-02 17:30:11.668684210,c_cmp_005_p_pl_013_cr_cr_013,synthetic
st_000435,su_00474,cmp_005,pl_013,cr_013,lead,2026-09-03 12:46:56.158822228,c_cmp_005_p_pl_013_cr_cr_013,synthetic
st_000436,su_00477,cmp_005,pl_029,cr_014,click,2026-09-06 07:24:23.811899675,c_cmp_005_p_pl_029_cr_cr_014,synthetic
st_000437,su_00477,cmp_005,pl_029,cr_014,bot_start,2026-09-06 07:47:29.601730376,c_cmp_005_p_pl_029_cr_cr_014,synthetic
st_000438,su_00477,cmp_005,pl_029,cr_014,lead,2026-09-06 15:30:26.193820804,c_cmp_005_p_pl_029_cr_cr_014,synthetic
st_000439,su_00480,cmp_002,pl_026,cr_011,click,2026-08-21 08:36:28.186027243,c_cmp_002_p_pl_026_cr_cr_011,synthetic
st_000440,su_00480,cmp_002,pl_026,cr_011,bot_start,2026-08-21 09:00:04.268155170,c_cmp_002_p_pl_026_cr_cr_011,synthetic
st_000441,su_00480,cmp_002,pl_026,cr_011,lead,2026-08-22 04:23:32.747985300,c_cmp_002_p_pl_026_cr_cr_011,synthetic
st_000442,su_00482,cmp_007,pl_007,cr_007,click,2026-09-08 03:58:33.788125881,c_cmp_007_p_pl_007_cr_cr_007,synthetic
st_000443,su_00482,cmp_007,pl_007,cr_007,bot_start,2026-09-08 04:14:05.892018237,c_cmp_007_p_pl_007_cr_cr_007,synthetic
st_000444,su_00482,cmp_007,pl_007,cr_007,lead,2026-09-09 02:43:13.494498383,c_cmp_007_p_pl_007_cr_cr_007,synthetic
st_000445,su_00483,cmp_005,pl_005,cr_005,click,2026-08-10 17:10:20.314479932,c_cmp_005_p_pl_005_cr_cr_005,synthetic
st_000446,su_00484,cmp_001,pl_017,cr_002,click,2026-08-22 09:04:54.253676759,c_cmp_001_p_pl_017_cr_cr_002,synthetic
st_000447,su_00485,cmp_004,pl_020,cr_005,click,2026-09-09 15:29:26.474787997,c_cmp_004_p_pl_020_cr_cr_005,synthetic
st_000448,su_00485,cmp_004,pl_020,cr_005,bot_start,2026-09-09 15:54:40.267473126,c_cmp_004_p_pl_020_cr_cr_005,synthetic
st_000449,su_00486,cmp_003,pl_027,cr_012,click,2026-09-04 09:29:11.975675746,c_cmp_003_p_pl_027_cr_cr_012,synthetic
st_000450,su_00486,cmp_003,pl_027,cr_012,bot_start,2026-09-04 09:58:11.322959425,c_cmp_003_p_pl_027_cr_cr_012,synthetic
st_000451,su_00486,cmp_003,pl_027,cr_012,lead,2026-09-04 20:14:18.139373212,c_cmp_003_p_pl_027_cr_cr_012,synthetic
st_000452,su_00487,cmp_003,pl_019,cr_004,click,2026-08-31 16:34:21.035751718,c_cmp_003_p_pl_019_cr_cr_004,synthetic
st_000453,su_00487,cmp_003,pl_019,cr_004,bot_start,2026-08-31 16:43:22.271055481,c_cmp_003_p_pl_019_cr_cr_004,synthetic
st_000454,su_00487,cmp_003,pl_019,cr_004,lead,2026-09-01 12:23:41.772916111,c_cmp_003_p_pl_019_cr_cr_004,synthetic
st_000455,su_00489,cmp_003,pl_011,cr_011,click,2026-08-07 00:11:54.571767740,c_cmp_003_p_pl_011_cr_cr_011,synthetic
st_000456,su_00489,cmp_003,pl_011,cr_011,bot_start,2026-08-07 00:18:48.052028531,c_cmp_003_p_pl_011_cr_cr_011,synthetic
st_000457,su_00489,cmp_003,pl_011,cr_011,lead,2026-08-07 02:45:44.456483178,c_cmp_003_p_pl_011_cr_cr_011,synthetic
st_000458,su_00492,cmp_003,pl_027,cr_012,click,2026-09-05 01:56:04.895573454,c_cmp_003_p_pl_027_cr_cr_012,synthetic
st_000459,su_00492,cmp_003,pl_027,cr_012,bot_start,2026-09-05 02:00:48.639579331,c_cmp_003_p_pl_027_cr_cr_012,synthetic
st_000460,su_00492,cmp_003,pl_027,cr_012,lead,2026-09-05 16:02:43.147368282,c_cmp_003_p_pl_027_cr_cr_012,synthetic
st_000461,su_00495,cmp_005,pl_029,cr_014,click,2026-09-05 06:22:13.643095972,c_cmp_005_p_pl_029_cr_cr_014,synthetic
st_000462,su_00495,cmp_005,pl_029,cr_014,bot_start,2026-09-05 06:25:58.169406126,c_cmp_005_p_pl_029_cr_cr_014,synthetic
st_000463,su_00495,cmp_005,pl_029,cr_014,lead,2026-09-06 05:18:41.557184882,c_cmp_005_p_pl_029_cr_cr_014,synthetic
st_000464,su_00497,cmp_002,pl_018,cr_003,click,2026-08-11 23:16:24.709070682,c_cmp_002_p_pl_018_cr_cr_003,synthetic
st_000465,su_00497,cmp_002,pl_018,cr_003,bot_start,2026-08-11 23:26:05.685071662,c_cmp_002_p_pl_018_cr_cr_003,synthetic
st_000466,su_00497,cmp_002,pl_018,cr_003,lead,2026-08-12 00:31:01.893310333,c_cmp_002_p_pl_018_cr_cr_003,synthetic
st_000467,su_00498,cmp_000,pl_016,cr_001,click,2026-08-11 16:17:09.057992958,c_cmp_000_p_pl_016_cr_cr_001,synthetic
st_000468,su_00498,cmp_000,pl_016,cr_001,bot_start,2026-08-11 16:37:35.020115976,c_cmp_000_p_pl_016_cr_cr_001,synthetic
st_000469,su_00503,cmp_001,pl_025,cr_010,click,2026-08-15 06:46:13.289538141,c_cmp_001_p_pl_025_cr_cr_010,synthetic
st_000470,su_00505,cmp_003,pl_027,cr_012,click,2026-09-06 17:37:41.056761573,c_cmp_003_p_pl_027_cr_cr_012,synthetic
st_000471,su_00508,cmp_001,pl_025,cr_010,click,2026-08-13 08:07:47.584769981,c_cmp_001_p_pl_025_cr_cr_010,synthetic
st_000472,su_00508,cmp_001,pl_025,cr_010,bot_start,2026-08-13 08:11:15.238461766,c_cmp_001_p_pl_025_cr_cr_010,synthetic
st_000473,su_00509,cmp_002,pl_026,cr_011,click,2026-08-21 05:16:25.484652199,c_cmp_002_p_pl_026_cr_cr_011,synthetic
st_000474,su_00510,cmp_004,pl_004,cr_004,click,2026-09-03 01:53:59.438875844,c_cmp_004_p_pl_004_cr_cr_004,synthetic
st_000475,su_00510,cmp_004,pl_004,cr_004,bot_start,2026-09-03 02:02:12.160138414,c_cmp_004_p_pl_004_cr_cr_004,synthetic
st_000476,su_00510,cmp_004,pl_004,cr_004,lead,2026-09-03 21:06:08.678609681,c_cmp_004_p_pl_004_cr_cr_004,synthetic
st_000477,su_00514,cmp_007,pl_023,cr_008,click,2026-08-13 21:31:17.856771959,c_cmp_007_p_pl_023_cr_cr_008,synthetic
st_000478,su_00517,cmp_007,pl_015,cr_000,click,2026-09-08 03:30:32.031275031,c_cmp_007_p_pl_015_cr_cr_000,synthetic
st_000479,su_00517,cmp_007,pl_015,cr_000,bot_start,2026-09-08 03:40:57.132168854,c_cmp_007_p_pl_015_cr_cr_000,synthetic
st_000480,su_00517,cmp_007,pl_015,cr_000,lead,2026-09-08 07:47:25.066375633,c_cmp_007_p_pl_015_cr_cr_000,synthetic
st_000481,su_00518,cmp_000,pl_000,cr_000,click,2026-08-20 07:20:17.068390306,c_cmp_000_p_pl_000_cr_cr_000,synthetic
st_000482,su_00518,cmp_000,pl_000,cr_000,bot_start,2026-08-20 07:30:20.623183537,c_cmp_000_p_pl_000_cr_cr_000,synthetic
st_000483,su_00518,cmp_000,pl_000,cr_000,lead,2026-08-20 08:28:44.845472149,c_cmp_000_p_pl_000_cr_cr_000,synthetic
st_000484,su_00519,cmp_004,pl_028,cr_013,click,2026-08-17 06:28:34.103645030,c_cmp_004_p_pl_028_cr_cr_013,synthetic
st_000485,su_00519,cmp_004,pl_028,cr_013,bot_start,2026-08-17 06:45:55.588609959,c_cmp_004_p_pl_028_cr_cr_013,synthetic
st_000486,su_00519,cmp_004,pl_028,cr_013,lead,2026-08-17 17:23:28.450930917,c_cmp_004_p_pl_028_cr_cr_013,synthetic
st_000487,su_00520,cmp_002,pl_018,cr_003,click,2026-08-11 14:23:36.037698108,c_cmp_002_p_pl_018_cr_cr_003,synthetic
st_000488,su_00521,cmp_007,pl_023,cr_008,click,2026-08-11 20:06:30.787161528,c_cmp_007_p_pl_023_cr_cr_008,synthetic
st_000489,su_00521,cmp_007,pl_023,cr_008,bot_start,2026-08-11 20:34:38.742969985,c_cmp_007_p_pl_023_cr_cr_008,synthetic
st_000490,su_00521,cmp_007,pl_023,cr_008,lead,2026-08-12 08:15:40.934942011,c_cmp_007_p_pl_023_cr_cr_008,synthetic
st_000491,su_00525,cmp_002,pl_018,cr_003,click,2026-08-11 19:56:55.306101316,c_cmp_002_p_pl_018_cr_cr_003,synthetic
st_000492,su_00525,cmp_002,pl_018,cr_003,bot_start,2026-08-11 20:06:08.258261501,c_cmp_002_p_pl_018_cr_cr_003,synthetic
st_000493,su_00525,cmp_002,pl_018,cr_003,lead,2026-08-12 03:07:41.503178688,c_cmp_002_p_pl_018_cr_cr_003,synthetic
st_000494,su_00526,cmp_004,pl_004,cr_004,click,2026-09-04 05:01:17.605456633,c_cmp_004_p_pl_004_cr_cr_004,synthetic
st_000495,su_00526,cmp_004,pl_004,cr_004,bot_start,2026-09-04 05:15:55.345242409,c_cmp_004_p_pl_004_cr_cr_004,synthetic
st_000496,su_00526,cmp_004,pl_004,cr_004,lead,2026-09-04 21:38:57.330550005,c_cmp_004_p_pl_004_cr_cr_004,synthetic
st_000497,su_00527,cmp_000,pl_016,cr_001,click,2026-08-13 01:40:38.011952214,c_cmp_000_p_pl_016_cr_cr_001,synthetic
st_000498,su_00527,cmp_000,pl_016,cr_001,bot_start,2026-08-13 01:52:22.905127233,c_cmp_000_p_pl_016_cr_cr_001,synthetic
st_000499,su_00527,cmp_000,pl_016,cr_001,lead,2026-08-13 04:59:37.610827218,c_cmp_000_p_pl_016_cr_cr_001,synthetic
st_000500,su_00531,cmp_001,pl_001,cr_001,click,2026-09-05 13:09:04.252335412,c_cmp_001_p_pl_001_cr_cr_001,synthetic
st_000501,su_00531,cmp_001,pl_001,cr_001,bot_start,2026-09-05 13:29:18.420921520,c_cmp_001_p_pl_001_cr_cr_001,synthetic
st_000502,su_00532,cmp_006,pl_022,cr_007,click,2026-08-22 14:04:13.149108463,c_cmp_006_p_pl_022_cr_cr_007,synthetic
st_000503,su_00532,cmp_006,pl_022,cr_007,bot_start,2026-08-22 14:10:47.775538542,c_cmp_006_p_pl_022_cr_cr_007,synthetic
st_000504,su_00536,cmp_000,pl_016,cr_001,click,2026-08-12 03:08:25.201537506,c_cmp_000_p_pl_016_cr_cr_001,synthetic
st_000505,su_00536,cmp_000,pl_016,cr_001,bot_start,2026-08-12 03:25:13.240596125,c_cmp_000_p_pl_016_cr_cr_001,synthetic
st_000506,su_00536,cmp_000,pl_016,cr_001,lead,2026-08-12 14:02:13.736031394,c_cmp_000_p_pl_016_cr_cr_001,synthetic
st_000507,su_00539,cmp_004,pl_004,cr_004,click,2026-09-03 15:00:07.175004211,c_cmp_004_p_pl_004_cr_cr_004,synthetic
st_000508,su_00539,cmp_004,pl_004,cr_004,bot_start,2026-09-03 15:15:32.112755754,c_cmp_004_p_pl_004_cr_cr_004,synthetic
st_000509,su_00539,cmp_004,pl_004,cr_004,lead,2026-09-03 23:48:43.532815718,c_cmp_004_p_pl_004_cr_cr_004,synthetic
st_000510,su_00540,cmp_000,pl_024,cr_009,click,2026-08-23 10:25:10.123003494,c_cmp_000_p_pl_024_cr_cr_009,synthetic
st_000511,su_00540,cmp_000,pl_024,cr_009,bot_start,2026-08-23 10:51:44.314799992,c_cmp_000_p_pl_024_cr_cr_009,synthetic
st_000512,su_00543,cmp_005,pl_021,cr_006,click,2026-08-18 21:32:14.742092376,c_cmp_005_p_pl_021_cr_cr_006,synthetic
st_000513,su_00543,cmp_005,pl_021,cr_006,bot_start,2026-08-18 21:44:43.725199753,c_cmp_005_p_pl_021_cr_cr_006,synthetic
st_000514,su_00545,cmp_002,pl_010,cr_010,click,2026-08-25 19:51:56.722161580,c_cmp_002_p_pl_010_cr_cr_010,synthetic
st_000515,su_00545,cmp_002,pl_010,cr_010,bot_start,2026-08-25 20:20:36.420970093,c_cmp_002_p_pl_010_cr_cr_010,synthetic
st_000516,su_00545,cmp_002,pl_010,cr_010,lead,2026-08-26 09:06:28.074185856,c_cmp_002_p_pl_010_cr_cr_010,synthetic
st_000517,su_00547,cmp_005,pl_029,cr_014,click,2026-09-04 01:47:29.401499655,c_cmp_005_p_pl_029_cr_cr_014,synthetic
st_000518,su_00547,cmp_005,pl_029,cr_014,bot_start,2026-09-04 02:05:20.771319419,c_cmp_005_p_pl_029_cr_cr_014,synthetic
st_000519,su_00547,cmp_005,pl_029,cr_014,lead,2026-09-04 11:19:58.604933674,c_cmp_005_p_pl_029_cr_cr_014,synthetic
st_000520,su_00548,cmp_005,pl_029,cr_014,click,2026-09-06 17:35:22.753821569,c_cmp_005_p_pl_029_cr_cr_014,synthetic
st_000521,su_00548,cmp_005,pl_029,cr_014,bot_start,2026-09-06 17:38:43.137680010,c_cmp_005_p_pl_029_cr_cr_014,synthetic
st_000522,su_00548,cmp_005,pl_029,cr_014,lead,2026-09-06 23:43:53.773836394,c_cmp_005_p_pl_029_cr_cr_014,synthetic
st_000523,su_00550,cmp_005,pl_021,cr_006,click,2026-08-17 16:19:40.989244341,c_cmp_005_p_pl_021_cr_cr_006,synthetic
st_000524,su_00550,cmp_005,pl_021,cr_006,bot_start,2026-08-17 16:35:02.812316852,c_cmp_005_p_pl_021_cr_cr_006,synthetic
st_000525,su_00550,cmp_005,pl_021,cr_006,lead,2026-08-17 20:52:52.363938682,c_cmp_005_p_pl_021_cr_cr_006,synthetic
st_000526,su_00554,cmp_000,pl_016,cr_001,click,2026-08-11 21:11:25.867253363,c_cmp_000_p_pl_016_cr_cr_001,synthetic
st_000527,su_00557,cmp_007,pl_023,cr_008,click,2026-08-12 15:47:58.346322051,c_cmp_007_p_pl_023_cr_cr_008,synthetic
st_000528,su_00557,cmp_007,pl_023,cr_008,bot_start,2026-08-12 16:00:21.688542258,c_cmp_007_p_pl_023_cr_cr_008,synthetic
st_000529,su_00557,cmp_007,pl_023,cr_008,lead,2026-08-13 12:24:23.825908199,c_cmp_007_p_pl_023_cr_cr_008,synthetic
st_000530,su_00559,cmp_006,pl_022,cr_007,click,2026-08-22 19:49:32.133378143,c_cmp_006_p_pl_022_cr_cr_007,synthetic
st_000531,su_00559,cmp_006,pl_022,cr_007,bot_start,2026-08-22 19:57:32.325293217,c_cmp_006_p_pl_022_cr_cr_007,synthetic
st_000532,su_00560,cmp_005,pl_005,cr_005,click,2026-08-10 09:23:14.259078196,c_cmp_005_p_pl_005_cr_cr_005,synthetic
st_000533,su_00561,cmp_004,pl_020,cr_005,click,2026-09-11 15:49:05.484649074,c_cmp_004_p_pl_020_cr_cr_005,synthetic
st_000534,su_00562,cmp_006,pl_022,cr_007,click,2026-08-23 03:22:27.669748271,c_cmp_006_p_pl_022_cr_cr_007,synthetic
st_000535,su_00562,cmp_006,pl_022,cr_007,bot_start,2026-08-23 03:46:20.776897642,c_cmp_006_p_pl_022_cr_cr_007,synthetic
st_000536,su_00564,cmp_005,pl_029,cr_014,click,2026-09-03 21:37:31.166587226,c_cmp_005_p_pl_029_cr_cr_014,synthetic
st_000537,su_00564,cmp_005,pl_029,cr_014,bot_start,2026-09-03 21:57:20.790293478,c_cmp_005_p_pl_029_cr_cr_014,synthetic
st_000538,su_00564,cmp_005,pl_029,cr_014,lead,2026-09-04 02:07:38.799177228,c_cmp_005_p_pl_029_cr_cr_014,synthetic
st_000539,su_00566,cmp_000,pl_000,cr_000,click,2026-08-20 11:27:40.113038888,c_cmp_000_p_pl_000_cr_cr_000,synthetic
st_000540,su_00567,cmp_002,pl_018,cr_003,click,2026-08-10 06:50:26.240709820,c_cmp_002_p_pl_018_cr_cr_003,synthetic
st_000541,su_00567,cmp_002,pl_018,cr_003,bot_start,2026-08-10 07:00:48.621393537,c_cmp_002_p_pl_018_cr_cr_003,synthetic
st_000542,su_00569,cmp_000,pl_008,cr_008,click,2026-09-06 03:59:32.994333400,c_cmp_000_p_pl_008_cr_cr_008,synthetic
st_000543,su_00572,cmp_002,pl_026,cr_011,click,2026-08-22 18:33:05.475513465,c_cmp_002_p_pl_026_cr_cr_011,synthetic
st_000544,su_00573,cmp_001,pl_017,cr_002,click,2026-08-23 22:22:17.548547666,c_cmp_001_p_pl_017_cr_cr_002,synthetic
st_000545,su_00573,cmp_001,pl_017,cr_002,bot_start,2026-08-23 22:52:11.467699430,c_cmp_001_p_pl_017_cr_cr_002,synthetic
st_000546,su_00573,cmp_001,pl_017,cr_002,lead,2026-08-24 11:33:39.459039529,c_cmp_001_p_pl_017_cr_cr_002,synthetic
st_000547,su_00574,cmp_007,pl_023,cr_008,click,2026-08-12 07:18:42.314445048,c_cmp_007_p_pl_023_cr_cr_008,synthetic
st_000548,su_00574,cmp_007,pl_023,cr_008,bot_start,2026-08-12 07:34:28.496990059,c_cmp_007_p_pl_023_cr_cr_008,synthetic
st_000549,su_00575,cmp_002,pl_018,cr_003,click,2026-08-12 02:24:08.047576512,c_cmp_002_p_pl_018_cr_cr_003,synthetic
st_000550,su_00575,cmp_002,pl_018,cr_003,bot_start,2026-08-12 02:40:28.461008740,c_cmp_002_p_pl_018_cr_cr_003,synthetic
st_000551,su_00575,cmp_002,pl_018,cr_003,lead,2026-08-12 12:10:30.086916266,c_cmp_002_p_pl_018_cr_cr_003,synthetic
st_000552,su_00579,cmp_001,pl_001,cr_001,click,2026-09-06 03:10:33.860331843,c_cmp_001_p_pl_001_cr_cr_001,synthetic
st_000553,su_00579,cmp_001,pl_001,cr_001,bot_start,2026-09-06 03:26:45.241654546,c_cmp_001_p_pl_001_cr_cr_001,synthetic
st_000554,su_00579,cmp_001,pl_001,cr_001,lead,2026-09-07 00:09:21.791390642,c_cmp_001_p_pl_001_cr_cr_001,synthetic
st_000555,su_00581,cmp_006,pl_006,cr_006,click,2026-08-20 16:57:32.530547691,c_cmp_006_p_pl_006_cr_cr_006,synthetic
st_000556,su_00581,cmp_006,pl_006,cr_006,bot_start,2026-08-20 17:21:25.483254207,c_cmp_006_p_pl_006_cr_cr_006,synthetic
st_000557,su_00589,cmp_002,pl_018,cr_003,click,2026-08-10 13:30:52.084245532,c_cmp_002_p_pl_018_cr_cr_003,synthetic
st_000558,su_00590,cmp_001,pl_025,cr_010,click,2026-08-12 17:18:51.850543460,c_cmp_001_p_pl_025_cr_cr_010,synthetic
st_000559,su_00590,cmp_001,pl_025,cr_010,bot_start,2026-08-12 17:43:14.693333837,c_cmp_001_p_pl_025_cr_cr_010,synthetic
st_000560,su_00591,cmp_006,pl_006,cr_006,click,2026-08-17 22:10:29.141049112,c_cmp_006_p_pl_006_cr_cr_006,synthetic
st_000561,su_00591,cmp_006,pl_006,cr_006,bot_start,2026-08-17 22:17:21.465549837,c_cmp_006_p_pl_006_cr_cr_006,synthetic
st_000562,su_00591,cmp_006,pl_006,cr_006,lead,2026-08-18 07:10:17.676400685,c_cmp_006_p_pl_006_cr_cr_006,synthetic
st_000563,su_00593,cmp_006,pl_014,cr_014,click,2026-09-08 23:29:15.406127508,c_cmp_006_p_pl_014_cr_cr_014,synthetic
st_000564,su_00593,cmp_006,pl_014,cr_014,bot_start,2026-09-08 23:34:41.301206958,c_cmp_006_p_pl_014_cr_cr_014,synthetic
st_000565,su_00593,cmp_006,pl_014,cr_014,lead,2026-09-09 20:35:15.973070803,c_cmp_006_p_pl_014_cr_cr_014,synthetic
st_000566,su_00595,cmp_005,pl_021,cr_006,click,2026-08-16 14:07:17.679249193,c_cmp_005_p_pl_021_cr_cr_006,synthetic
st_000567,su_00595,cmp_005,pl_021,cr_006,bot_start,2026-08-16 14:33:28.268647353,c_cmp_005_p_pl_021_cr_cr_006,synthetic
st_000568,su_00597,cmp_004,pl_012,cr_012,click,2026-08-29 22:30:50.409253901,c_cmp_004_p_pl_012_cr_cr_012,synthetic
st_000569,su_00598,cmp_007,pl_007,cr_007,click,2026-09-07 18:10:49.287486209,c_cmp_007_p_pl_007_cr_cr_007,synthetic
st_000570,su_00605,cmp_003,pl_003,cr_003,click,2026-09-11 16:31:11.465373928,c_cmp_003_p_pl_003_cr_cr_003,synthetic
st_000571,su_00605,cmp_003,pl_003,cr_003,bot_start,2026-09-11 16:33:24.660983100,c_cmp_003_p_pl_003_cr_cr_003,synthetic
st_000572,su_00605,cmp_003,pl_003,cr_003,lead,2026-09-12 13:11:24.584486451,c_cmp_003_p_pl_003_cr_cr_003,synthetic
st_000573,su_00608,cmp_003,pl_027,cr_012,click,2026-09-04 01:56:56.032986116,c_cmp_003_p_pl_027_cr_cr_012,synthetic
st_000574,su_00608,cmp_003,pl_027,cr_012,bot_start,2026-09-04 02:00:06.396737607,c_cmp_003_p_pl_027_cr_cr_012,synthetic
st_000575,su_00608,cmp_003,pl_027,cr_012,lead,2026-09-04 21:31:36.797254503,c_cmp_003_p_pl_027_cr_cr_012,synthetic
st_000576,su_00610,cmp_006,pl_014,cr_014,click,2026-09-08 23:21:11.704540038,c_cmp_006_p_pl_014_cr_cr_014,synthetic
st_000577,su_00610,cmp_006,pl_014,cr_014,bot_start,2026-09-08 23:38:14.819221915,c_cmp_006_p_pl_014_cr_cr_014,synthetic
st_000578,su_00610,cmp_006,pl_014,cr_014,lead,2026-09-09 22:13:37.346649357,c_cmp_006_p_pl_014_cr_cr_014,synthetic
st_000579,su_00615,cmp_000,pl_024,cr_009,click,2026-08-23 06:19:11.748712253,c_cmp_000_p_pl_024_cr_cr_009,synthetic
st_000580,su_00616,cmp_004,pl_028,cr_013,click,2026-08-18 09:04:17.671011176,c_cmp_004_p_pl_028_cr_cr_013,synthetic
st_000581,su_00620,cmp_003,pl_003,cr_003,click,2026-09-11 12:52:54.535771562,c_cmp_003_p_pl_003_cr_cr_003,synthetic
st_000582,su_00620,cmp_003,pl_003,cr_003,bot_start,2026-09-11 12:57:31.357613660,c_cmp_003_p_pl_003_cr_cr_003,synthetic
st_000583,su_00621,cmp_005,pl_029,cr_014,click,2026-09-06 10:15:53.072406111,c_cmp_005_p_pl_029_cr_cr_014,synthetic
st_000584,su_00621,cmp_005,pl_029,cr_014,bot_start,2026-09-06 10:41:01.307995449,c_cmp_005_p_pl_029_cr_cr_014,synthetic
st_000585,su_00624,cmp_004,pl_020,cr_005,click,2026-09-11 00:40:46.212608295,c_cmp_004_p_pl_020_cr_cr_005,synthetic
st_000586,su_00624,cmp_004,pl_020,cr_005,bot_start,2026-09-11 00:57:29.029555289,c_cmp_004_p_pl_020_cr_cr_005,synthetic
st_000587,su_00626,cmp_006,pl_014,cr_014,click,2026-09-10 16:34:37.043927142,c_cmp_006_p_pl_014_cr_cr_014,synthetic
st_000588,su_00626,cmp_006,pl_014,cr_014,bot_start,2026-09-10 16:48:08.664866289,c_cmp_006_p_pl_014_cr_cr_014,synthetic
st_000589,su_00626,cmp_006,pl_014,cr_014,lead,2026-09-10 20:05:41.474941656,c_cmp_006_p_pl_014_cr_cr_014,synthetic
st_000590,su_00627,cmp_005,pl_021,cr_006,click,2026-08-18 17:55:02.289835824,c_cmp_005_p_pl_021_cr_cr_006,synthetic
st_000591,su_00627,cmp_005,pl_021,cr_006,bot_start,2026-08-18 18:11:10.565289283,c_cmp_005_p_pl_021_cr_cr_006,synthetic
st_000592,su_00627,cmp_005,pl_021,cr_006,lead,2026-08-18 23:58:32.039369813,c_cmp_005_p_pl_021_cr_cr_006,synthetic
st_000593,su_00629,cmp_000,pl_016,cr_001,click,2026-08-13 11:42:01.157114875,c_cmp_000_p_pl_016_cr_cr_001,synthetic
st_000594,su_00629,cmp_000,pl_016,cr_001,bot_start,2026-08-13 12:01:58.064762017,c_cmp_000_p_pl_016_cr_cr_001,synthetic
st_000595,su_00629,cmp_000,pl_016,cr_001,lead,2026-08-13 22:51:05.718448198,c_cmp_000_p_pl_016_cr_cr_001,synthetic
st_000596,su_00630,cmp_007,pl_023,cr_008,click,2026-08-13 06:07:57.128868432,c_cmp_007_p_pl_023_cr_cr_008,synthetic
st_000597,su_00630,cmp_007,pl_023,cr_008,bot_start,2026-08-13 06:16:52.380658367,c_cmp_007_p_pl_023_cr_cr_008,synthetic
st_000598,su_00631,cmp_003,pl_011,cr_011,click,2026-08-06 20:51:17.703080248,c_cmp_003_p_pl_011_cr_cr_011,synthetic
st_000599,su_00635,cmp_002,pl_010,cr_010,click,2026-08-25 16:05:19.702813126,c_cmp_002_p_pl_010_cr_cr_010,synthetic
st_000600,su_00635,cmp_002,pl_010,cr_010,bot_start,2026-08-25 16:10:20.005057017,c_cmp_002_p_pl_010_cr_cr_010,synthetic
st_000601,su_00635,cmp_002,pl_010,cr_010,lead,2026-08-25 17:22:23.801394915,c_cmp_002_p_pl_010_cr_cr_010,synthetic
st_000602,su_00637,cmp_003,pl_011,cr_011,click,2026-08-07 06:21:41.143929148,c_cmp_003_p_pl_011_cr_cr_011,synthetic
st_000603,su_00637,cmp_003,pl_011,cr_011,bot_start,2026-08-07 06:23:52.257711350,c_cmp_003_p_pl_011_cr_cr_011,synthetic
st_000604,su_00642,cmp_004,pl_020,cr_005,click,2026-09-10 13:24:33.017055645,c_cmp_004_p_pl_020_cr_cr_005,synthetic
st_000605,su_00642,cmp_004,pl_020,cr_005,bot_start,2026-09-10 13:49:27.651523428,c_cmp_004_p_pl_020_cr_cr_005,synthetic
st_000606,su_00642,cmp_004,pl_020,cr_005,lead,2026-09-11 00:04:15.858887531,c_cmp_004_p_pl_020_cr_cr_005,synthetic
st_000607,su_00647,cmp_003,pl_019,cr_004,click,2026-09-01 04:24:44.031718202,c_cmp_003_p_pl_019_cr_cr_004,synthetic
st_000608,su_00648,cmp_000,pl_024,cr_009,click,2026-08-24 04:44:03.036467534,c_cmp_000_p_pl_024_cr_cr_009,synthetic
st_000609,su_00648,cmp_000,pl_024,cr_009,bot_start,2026-08-24 05:07:32.982065650,c_cmp_000_p_pl_024_cr_cr_009,synthetic
st_000610,su_00648,cmp_000,pl_024,cr_009,lead,2026-08-24 12:24:10.497174488,c_cmp_000_p_pl_024_cr_cr_009,synthetic
st_000611,su_00649,cmp_006,pl_022,cr_007,click,2026-08-22 04:52:11.322875666,c_cmp_006_p_pl_022_cr_cr_007,synthetic
st_000612,su_00649,cmp_006,pl_022,cr_007,bot_start,2026-08-22 05:07:04.640905255,c_cmp_006_p_pl_022_cr_cr_007,synthetic
st_000613,su_00651,cmp_003,pl_003,cr_003,click,2026-09-10 23:02:41.739676409,c_cmp_003_p_pl_003_cr_cr_003,synthetic
st_000614,su_00651,cmp_003,pl_003,cr_003,bot_start,2026-09-10 23:07:29.062421893,c_cmp_003_p_pl_003_cr_cr_003,synthetic
st_000615,su_00651,cmp_003,pl_003,cr_003,lead,2026-09-11 09:17:55.134229868,c_cmp_003_p_pl_003_cr_cr_003,synthetic
st_000616,su_00652,cmp_001,pl_025,cr_010,click,2026-08-12 18:43:10.450507360,c_cmp_001_p_pl_025_cr_cr_010,synthetic
st_000617,su_00652,cmp_001,pl_025,cr_010,bot_start,2026-08-12 18:52:53.006731634,c_cmp_001_p_pl_025_cr_cr_010,synthetic
st_000618,su_00653,cmp_002,pl_026,cr_011,click,2026-08-20 10:45:08.273040641,c_cmp_002_p_pl_026_cr_cr_011,synthetic
st_000619,su_00656,cmp_002,pl_018,cr_003,click,2026-08-11 03:56:05.710284874,c_cmp_002_p_pl_018_cr_cr_003,synthetic
st_000620,su_00656,cmp_002,pl_018,cr_003,bot_start,2026-08-11 03:59:42.406050614,c_cmp_002_p_pl_018_cr_cr_003,synthetic
st_000621,su_00656,cmp_002,pl_018,cr_003,lead,2026-08-12 00:50:19.529241606,c_cmp_002_p_pl_018_cr_cr_003,synthetic
st_000622,su_00657,cmp_000,pl_000,cr_000,click,2026-08-21 17:30:26.162437424,c_cmp_000_p_pl_000_cr_cr_000,synthetic
st_000623,su_00658,cmp_003,pl_003,cr_003,click,2026-09-09 23:08:28.867572828,c_cmp_003_p_pl_003_cr_cr_003,synthetic
st_000624,su_00658,cmp_003,pl_003,cr_003,bot_start,2026-09-09 23:29:17.768882089,c_cmp_003_p_pl_003_cr_cr_003,synthetic
st_000625,su_00658,cmp_003,pl_003,cr_003,lead,2026-09-10 15:52:06.092960113,c_cmp_003_p_pl_003_cr_cr_003,synthetic
st_000626,su_00665,cmp_001,pl_009,cr_009,click,2026-08-20 15:54:18.917065723,c_cmp_001_p_pl_009_cr_cr_009,synthetic
st_000627,su_00665,cmp_001,pl_009,cr_009,bot_start,2026-08-20 15:57:29.992418378,c_cmp_001_p_pl_009_cr_cr_009,synthetic
st_000628,su_00669,cmp_004,pl_012,cr_012,click,2026-08-30 07:20:52.952493827,c_cmp_004_p_pl_012_cr_cr_012,synthetic
st_000629,su_00669,cmp_004,pl_012,cr_012,bot_start,2026-08-30 07:27:09.311381914,c_cmp_004_p_pl_012_cr_cr_012,synthetic
st_000630,su_00669,cmp_004,pl_012,cr_012,lead,2026-08-30 17:17:27.333525211,c_cmp_004_p_pl_012_cr_cr_012,synthetic
st_000631,su_00670,cmp_006,pl_006,cr_006,click,2026-08-19 19:48:47.139536049,c_cmp_006_p_pl_006_cr_cr_006,synthetic
st_000632,su_00670,cmp_006,pl_006,cr_006,bot_start,2026-08-19 20:14:38.595492129,c_cmp_006_p_pl_006_cr_cr_006,synthetic
st_000633,su_00671,cmp_004,pl_012,cr_012,click,2026-08-29 09:41:33.693509898,c_cmp_004_p_pl_012_cr_cr_012,synthetic
st_000634,su_00671,cmp_004,pl_012,cr_012,bot_start,2026-08-29 09:51:55.936588591,c_cmp_004_p_pl_012_cr_cr_012,synthetic
st_000635,su_00671,cmp_004,pl_012,cr_012,lead,2026-08-29 13:33:43.858454279,c_cmp_004_p_pl_012_cr_cr_012,synthetic
st_000636,su_00674,cmp_000,pl_008,cr_008,click,2026-09-04 10:46:23.334028432,c_cmp_000_p_pl_008_cr_cr_008,synthetic
st_000637,su_00674,cmp_000,pl_008,cr_008,bot_start,2026-09-04 10:55:04.471100533,c_cmp_000_p_pl_008_cr_cr_008,synthetic
st_000638,su_00674,cmp_000,pl_008,cr_008,lead,2026-09-04 21:55:37.503533064,c_cmp_000_p_pl_008_cr_cr_008,synthetic
st_000639,su_00675,cmp_001,pl_001,cr_001,click,2026-09-06 20:15:07.986405785,c_cmp_001_p_pl_001_cr_cr_001,synthetic
st_000640,su_00675,cmp_001,pl_001,cr_001,bot_start,2026-09-06 20:22:32.400886035,c_cmp_001_p_pl_001_cr_cr_001,synthetic
st_000641,su_00675,cmp_001,pl_001,cr_001,lead,2026-09-06 20:53:50.749515511,c_cmp_001_p_pl_001_cr_cr_001,synthetic
st_000642,su_00676,cmp_005,pl_005,cr_005,click,2026-08-09 16:25:48.286911831,c_cmp_005_p_pl_005_cr_cr_005,synthetic
st_000643,su_00684,cmp_000,pl_024,cr_009,click,2026-08-22 02:11:18.547636812,c_cmp_000_p_pl_024_cr_cr_009,synthetic
st_000644,su_00684,cmp_000,pl_024,cr_009,bot_start,2026-08-22 02:13:19.301114583,c_cmp_000_p_pl_024_cr_cr_009,synthetic
st_000645,su_00684,cmp_000,pl_024,cr_009,lead,2026-08-22 18:14:05.252941002,c_cmp_000_p_pl_024_cr_cr_009,synthetic
st_000646,su_00686,cmp_004,pl_028,cr_013,click,2026-08-18 13:09:38.165064732,c_cmp_004_p_pl_028_cr_cr_013,synthetic
st_000647,su_00686,cmp_004,pl_028,cr_013,bot_start,2026-08-18 13:18:54.950710273,c_cmp_004_p_pl_028_cr_cr_013,synthetic
st_000648,su_00688,cmp_007,pl_007,cr_007,click,2026-09-09 07:16:16.210105531,c_cmp_007_p_pl_007_cr_cr_007,synthetic
st_000649,su_00688,cmp_007,pl_007,cr_007,bot_start,2026-09-09 07:31:08.788687897,c_cmp_007_p_pl_007_cr_cr_007,synthetic
st_000650,su_00689,cmp_006,pl_022,cr_007,click,2026-08-22 12:10:38.342552495,c_cmp_006_p_pl_022_cr_cr_007,synthetic
st_000651,su_00689,cmp_006,pl_022,cr_007,bot_start,2026-08-22 12:20:15.015956297,c_cmp_006_p_pl_022_cr_cr_007,synthetic
st_000652,su_00689,cmp_006,pl_022,cr_007,lead,2026-08-22 22:53:34.870621261,c_cmp_006_p_pl_022_cr_cr_007,synthetic
st_000653,su_00692,cmp_005,pl_005,cr_005,click,2026-08-09 04:53:28.406794860,c_cmp_005_p_pl_005_cr_cr_005,synthetic
st_000654,su_00692,cmp_005,pl_005,cr_005,bot_start,2026-08-09 05:10:13.342844003,c_cmp_005_p_pl_005_cr_cr_005,synthetic
st_000655,su_00692,cmp_005,pl_005,cr_005,lead,2026-08-09 20:03:46.233441754,c_cmp_005_p_pl_005_cr_cr_005,synthetic
st_000656,su_00693,cmp_001,pl_001,cr_001,click,2026-09-06 00:15:07.478681741,c_cmp_001_p_pl_001_cr_cr_001,synthetic
st_000657,su_00693,cmp_001,pl_001,cr_001,bot_start,2026-09-06 00:42:41.547818704,c_cmp_001_p_pl_001_cr_cr_001,synthetic
st_000658,su_00694,cmp_002,pl_018,cr_003,click,2026-08-11 18:15:27.894547452,c_cmp_002_p_pl_018_cr_cr_003,synthetic
st_000659,su_00694,cmp_002,pl_018,cr_003,bot_start,2026-08-11 18:20:16.191179097,c_cmp_002_p_pl_018_cr_cr_003,synthetic
st_000660,su_00694,cmp_002,pl_018,cr_003,lead,2026-08-11 23:45:34.209149218,c_cmp_002_p_pl_018_cr_cr_003,synthetic
st_000661,su_00696,cmp_001,pl_017,cr_002,click,2026-08-23 21:04:24.763789632,c_cmp_001_p_pl_017_cr_cr_002,synthetic
st_000662,su_00696,cmp_001,pl_017,cr_002,bot_start,2026-08-23 21:11:06.974507373,c_cmp_001_p_pl_017_cr_cr_002,synthetic
st_000663,su_00696,cmp_001,pl_017,cr_002,lead,2026-08-24 06:14:30.541953044,c_cmp_001_p_pl_017_cr_cr_002,synthetic
st_000664,su_00701,cmp_006,pl_006,cr_006,click,2026-08-17 18:04:59.921164688,c_cmp_006_p_pl_006_cr_cr_006,synthetic
st_000665,su_00701,cmp_006,pl_006,cr_006,bot_start,2026-08-17 18:06:10.462288494,c_cmp_006_p_pl_006_cr_cr_006,synthetic
st_000666,su_00701,cmp_006,pl_006,cr_006,lead,2026-08-18 04:43:20.060038372,c_cmp_006_p_pl_006_cr_cr_006,synthetic
st_000667,su_00705,cmp_005,pl_013,cr_013,click,2026-09-01 02:53:05.884268600,c_cmp_005_p_pl_013_cr_cr_013,synthetic
st_000668,su_00705,cmp_005,pl_013,cr_013,bot_start,2026-09-01 03:21:48.249326883,c_cmp_005_p_pl_013_cr_cr_013,synthetic
st_000669,su_00705,cmp_005,pl_013,cr_013,lead,2026-09-01 08:07:39.296245384,c_cmp_005_p_pl_013_cr_cr_013,synthetic
st_000670,su_00706,cmp_006,pl_014,cr_014,click,2026-09-10 05:42:53.151125850,c_cmp_006_p_pl_014_cr_cr_014,synthetic
st_000671,su_00706,cmp_006,pl_014,cr_014,bot_start,2026-09-10 05:45:13.304052027,c_cmp_006_p_pl_014_cr_cr_014,synthetic
st_000672,su_00709,cmp_003,pl_019,cr_004,click,2026-08-29 08:11:07.750127900,c_cmp_003_p_pl_019_cr_cr_004,synthetic
st_000673,su_00709,cmp_003,pl_019,cr_004,bot_start,2026-08-29 08:26:38.806061005,c_cmp_003_p_pl_019_cr_cr_004,synthetic
st_000674,su_00711,cmp_000,pl_008,cr_008,click,2026-09-03 23:54:19.565132159,c_cmp_000_p_pl_008_cr_cr_008,synthetic
st_000675,su_00713,cmp_005,pl_005,cr_005,click,2026-08-11 05:21:47.080484594,c_cmp_005_p_pl_005_cr_cr_005,synthetic
st_000676,su_00713,cmp_005,pl_005,cr_005,bot_start,2026-08-11 05:23:05.791953218,c_cmp_005_p_pl_005_cr_cr_005,synthetic
st_000677,su_00714,cmp_001,pl_009,cr_009,click,2026-08-21 05:54:33.928324388,c_cmp_001_p_pl_009_cr_cr_009,synthetic
st_000678,su_00714,cmp_001,pl_009,cr_009,bot_start,2026-08-21 06:07:00.951477687,c_cmp_001_p_pl_009_cr_cr_009,synthetic
st_000679,su_00721,cmp_000,pl_024,cr_009,click,2026-08-24 06:17:26.102025497,c_cmp_000_p_pl_024_cr_cr_009,synthetic
st_000680,su_00721,cmp_000,pl_024,cr_009,bot_start,2026-08-24 06:40:54.934922051,c_cmp_000_p_pl_024_cr_cr_009,synthetic
st_000681,su_00721,cmp_000,pl_024,cr_009,lead,2026-08-24 09:53:26.841878417,c_cmp_000_p_pl_024_cr_cr_009,synthetic
st_000682,su_00723,cmp_005,pl_021,cr_006,click,2026-08-17 17:28:26.109278638,c_cmp_005_p_pl_021_cr_cr_006,synthetic
st_000683,su_00723,cmp_005,pl_021,cr_006,bot_start,2026-08-17 17:49:10.059324938,c_cmp_005_p_pl_021_cr_cr_006,synthetic
st_000684,su_00723,cmp_005,pl_021,cr_006,lead,2026-08-18 02:51:39.436874097,c_cmp_005_p_pl_021_cr_cr_006,synthetic
st_000685,su_00724,cmp_002,pl_010,cr_010,click,2026-08-27 01:25:17.510261571,c_cmp_002_p_pl_010_cr_cr_010,synthetic
st_000686,su_00724,cmp_002,pl_010,cr_010,bot_start,2026-08-27 01:46:26.877056360,c_cmp_002_p_pl_010_cr_cr_010,synthetic
st_000687,su_00724,cmp_002,pl_010,cr_010,lead,2026-08-28 01:46:02.753456280,c_cmp_002_p_pl_010_cr_cr_010,synthetic
st_000688,su_00725,cmp_006,pl_006,cr_006,click,2026-08-18 09:33:41.335956986,c_cmp_006_p_pl_006_cr_cr_006,synthetic
st_000689,su_00726,cmp_006,pl_014,cr_014,click,2026-09-09 19:06:25.440434364,c_cmp_006_p_pl_014_cr_cr_014,synthetic
st_000690,su_00728,cmp_002,pl_026,cr_011,click,2026-08-20 13:18:43.887568581,c_cmp_002_p_pl_026_cr_cr_011,synthetic
st_000691,su_00730,cmp_000,pl_024,cr_009,click,2026-08-22 20:05:33.298752822,c_cmp_000_p_pl_024_cr_cr_009,synthetic
st_000692,su_00730,cmp_000,pl_024,cr_009,bot_start,2026-08-22 20:11:13.347269853,c_cmp_000_p_pl_024_cr_cr_009,synthetic
st_000693,su_00730,cmp_000,pl_024,cr_009,lead,2026-08-23 17:21:42.435452602,c_cmp_000_p_pl_024_cr_cr_009,synthetic
st_000694,su_00734,cmp_002,pl_010,cr_010,click,2026-08-27 02:20:34.050928837,c_cmp_002_p_pl_010_cr_cr_010,synthetic
st_000695,su_00736,cmp_000,pl_024,cr_009,click,2026-08-23 16:20:30.888701024,c_cmp_000_p_pl_024_cr_cr_009,synthetic
st_000696,su_00736,cmp_000,pl_024,cr_009,bot_start,2026-08-23 16:43:01.657090640,c_cmp_000_p_pl_024_cr_cr_009,synthetic
st_000697,su_00736,cmp_000,pl_024,cr_009,lead,2026-08-24 16:15:43.824367702,c_cmp_000_p_pl_024_cr_cr_009,synthetic
st_000698,su_00737,cmp_002,pl_002,cr_002,click,2026-08-09 15:13:34.523214719,c_cmp_002_p_pl_002_cr_cr_002,synthetic
st_000699,su_00737,cmp_002,pl_002,cr_002,bot_start,2026-08-09 15:19:11.308068118,c_cmp_002_p_pl_002_cr_cr_002,synthetic
st_000700,su_00737,cmp_002,pl_002,cr_002,lead,2026-08-09 21:32:48.053476206,c_cmp_002_p_pl_002_cr_cr_002,synthetic
st_000701,su_00739,cmp_001,pl_009,cr_009,click,2026-08-22 07:03:27.554658875,c_cmp_001_p_pl_009_cr_cr_009,synthetic
st_000702,su_00740,cmp_004,pl_012,cr_012,click,2026-08-28 18:40:21.987500074,c_cmp_004_p_pl_012_cr_cr_012,synthetic
st_000703,su_00741,cmp_004,pl_012,cr_012,click,2026-08-28 01:25:45.463535013,c_cmp_004_p_pl_012_cr_cr_012,synthetic
st_000704,su_00741,cmp_004,pl_012,cr_012,bot_start,2026-08-28 01:31:24.947163181,c_cmp_004_p_pl_012_cr_cr_012,synthetic
st_000705,su_00741,cmp_004,pl_012,cr_012,lead,2026-08-28 09:50:40.281644752,c_cmp_004_p_pl_012_cr_cr_012,synthetic
st_000706,su_00745,cmp_005,pl_021,cr_006,click,2026-08-16 13:52:22.000457363,c_cmp_005_p_pl_021_cr_cr_006,synthetic
st_000707,su_00745,cmp_005,pl_021,cr_006,bot_start,2026-08-16 14:03:36.547281077,c_cmp_005_p_pl_021_cr_cr_006,synthetic
st_000708,su_00746,cmp_003,pl_019,cr_004,click,2026-08-29 10:11:00.015877250,c_cmp_003_p_pl_019_cr_cr_004,synthetic
st_000709,su_00746,cmp_003,pl_019,cr_004,bot_start,2026-08-29 10:34:26.817786876,c_cmp_003_p_pl_019_cr_cr_004,synthetic
st_000710,su_00746,cmp_003,pl_019,cr_004,lead,2026-08-30 03:34:06.011333950,c_cmp_003_p_pl_019_cr_cr_004,synthetic
st_000711,su_00747,cmp_006,pl_006,cr_006,click,2026-08-18 07:51:06.289630684,c_cmp_006_p_pl_006_cr_cr_006,synthetic
st_000712,su_00747,cmp_006,pl_006,cr_006,bot_start,2026-08-18 08:06:47.677544966,c_cmp_006_p_pl_006_cr_cr_006,synthetic
st_000713,su_00747,cmp_006,pl_006,cr_006,lead,2026-08-18 22:43:59.534789000,c_cmp_006_p_pl_006_cr_cr_006,synthetic
st_000714,su_00753,cmp_001,pl_001,cr_001,click,2026-09-07 10:58:46.948142156,c_cmp_001_p_pl_001_cr_cr_001,synthetic
st_000715,su_00754,cmp_006,pl_006,cr_006,click,2026-08-18 16:22:45.423468651,c_cmp_006_p_pl_006_cr_cr_006,synthetic
st_000716,su_00755,cmp_004,pl_004,cr_004,click,2026-09-04 13:54:55.775574753,c_cmp_004_p_pl_004_cr_cr_004,synthetic
st_000717,su_00755,cmp_004,pl_004,cr_004,bot_start,2026-09-04 14:24:21.401222733,c_cmp_004_p_pl_004_cr_cr_004,synthetic
st_000718,su_00755,cmp_004,pl_004,cr_004,lead,2026-09-05 00:48:56.252957424,c_cmp_004_p_pl_004_cr_cr_004,synthetic
st_000719,su_00758,cmp_000,pl_016,cr_001,click,2026-08-11 16:51:51.904589642,c_cmp_000_p_pl_016_cr_cr_001,synthetic
st_000720,su_00759,cmp_005,pl_029,cr_014,click,2026-09-04 21:06:25.589447654,c_cmp_005_p_pl_029_cr_cr_014,synthetic
st_000721,su_00759,cmp_005,pl_029,cr_014,bot_start,2026-09-04 21:22:01.117723858,c_cmp_005_p_pl_029_cr_cr_014,synthetic
st_000722,su_00759,cmp_005,pl_029,cr_014,lead,2026-09-05 05:56:33.563040596,c_cmp_005_p_pl_029_cr_cr_014,synthetic
st_000723,su_00760,cmp_002,pl_018,cr_003,click,2026-08-11 04:23:57.713082329,c_cmp_002_p_pl_018_cr_cr_003,synthetic
st_000724,su_00761,cmp_004,pl_012,cr_012,click,2026-08-28 15:12:43.594579821,c_cmp_004_p_pl_012_cr_cr_012,synthetic
st_000725,su_00761,cmp_004,pl_012,cr_012,bot_start,2026-08-28 15:40:47.145499993,c_cmp_004_p_pl_012_cr_cr_012,synthetic
st_000726,su_00761,cmp_004,pl_012,cr_012,lead,2026-08-29 10:36:07.330424541,c_cmp_004_p_pl_012_cr_cr_012,synthetic
st_000727,su_00762,cmp_004,pl_012,cr_012,click,2026-08-28 09:59:24.718066708,c_cmp_004_p_pl_012_cr_cr_012,synthetic
st_000728,su_00762,cmp_004,pl_012,cr_012,bot_start,2026-08-28 10:29:15.710388448,c_cmp_004_p_pl_012_cr_cr_012,synthetic
st_000729,su_00762,cmp_004,pl_012,cr_012,lead,2026-08-29 03:11:17.296768942,c_cmp_004_p_pl_012_cr_cr_012,synthetic
st_000730,su_00764,cmp_000,pl_008,cr_008,click,2026-09-04 19:19:33.271242890,c_cmp_000_p_pl_008_cr_cr_008,synthetic
st_000731,su_00764,cmp_000,pl_008,cr_008,bot_start,2026-09-04 19:28:54.534049798,c_cmp_000_p_pl_008_cr_cr_008,synthetic
st_000732,su_00764,cmp_000,pl_008,cr_008,lead,2026-09-05 15:38:37.765175308,c_cmp_000_p_pl_008_cr_cr_008,synthetic
st_000733,su_00766,cmp_003,pl_003,cr_003,click,2026-09-09 06:41:51.143955327,c_cmp_003_p_pl_003_cr_cr_003,synthetic
st_000734,su_00766,cmp_003,pl_003,cr_003,bot_start,2026-09-09 07:00:54.519588227,c_cmp_003_p_pl_003_cr_cr_003,synthetic
st_000735,su_00766,cmp_003,pl_003,cr_003,lead,2026-09-09 17:39:32.127193592,c_cmp_003_p_pl_003_cr_cr_003,synthetic
st_000736,su_00767,cmp_007,pl_023,cr_008,click,2026-08-13 22:34:33.730178390,c_cmp_007_p_pl_023_cr_cr_008,synthetic
st_000737,su_00767,cmp_007,pl_023,cr_008,bot_start,2026-08-13 22:40:38.552769606,c_cmp_007_p_pl_023_cr_cr_008,synthetic
st_000738,su_00768,cmp_003,pl_027,cr_012,click,2026-09-03 23:52:43.573843212,c_cmp_003_p_pl_027_cr_cr_012,synthetic
st_000739,su_00773,cmp_002,pl_026,cr_011,click,2026-08-20 20:13:48.460126624,c_cmp_002_p_pl_026_cr_cr_011,synthetic
st_000740,su_00773,cmp_002,pl_026,cr_011,bot_start,2026-08-20 20:14:54.942510679,c_cmp_002_p_pl_026_cr_cr_011,synthetic
st_000741,su_00773,cmp_002,pl_026,cr_011,lead,2026-08-21 10:36:09.230808489,c_cmp_002_p_pl_026_cr_cr_011,synthetic
st_000742,su_00779,cmp_005,pl_021,cr_006,click,2026-08-16 05:18:01.010372848,c_cmp_005_p_pl_021_cr_cr_006,synthetic
st_000743,su_00779,cmp_005,pl_021,cr_006,bot_start,2026-08-16 05:19:08.462463349,c_cmp_005_p_pl_021_cr_cr_006,synthetic
st_000744,su_00780,cmp_001,pl_017,cr_002,click,2026-08-23 07:07:53.287859107,c_cmp_001_p_pl_017_cr_cr_002,synthetic
st_000745,su_00780,cmp_001,pl_017,cr_002,bot_start,2026-08-23 07:34:00.424408729,c_cmp_001_p_pl_017_cr_cr_002,synthetic
st_000746,su_00783,cmp_003,pl_003,cr_003,click,2026-09-12 00:30:33.976084191,c_cmp_003_p_pl_003_cr_cr_003,synthetic
st_000747,su_00784,cmp_002,pl_026,cr_011,click,2026-08-20 23:05:17.472307790,c_cmp_002_p_pl_026_cr_cr_011,synthetic
st_000748,su_00784,cmp_002,pl_026,cr_011,bot_start,2026-08-20 23:11:13.673030821,c_cmp_002_p_pl_026_cr_cr_011,synthetic
st_000749,su_00784,cmp_002,pl_026,cr_011,lead,2026-08-21 03:41:06.197745905,c_cmp_002_p_pl_026_cr_cr_011,synthetic
st_000750,su_00788,cmp_007,pl_007,cr_007,click,2026-09-08 15:33:05.809448955,c_cmp_007_p_pl_007_cr_cr_007,synthetic
st_000751,su_00788,cmp_007,pl_007,cr_007,bot_start,2026-09-08 15:35:11.696491914,c_cmp_007_p_pl_007_cr_cr_007,synthetic
st_000752,su_00788,cmp_007,pl_007,cr_007,lead,2026-09-08 18:58:09.872021087,c_cmp_007_p_pl_007_cr_cr_007,synthetic
st_000753,su_00789,cmp_007,pl_023,cr_008,click,2026-08-11 10:35:29.234413715,c_cmp_007_p_pl_023_cr_cr_008,synthetic
st_000754,su_00789,cmp_007,pl_023,cr_008,bot_start,2026-08-11 10:42:05.009942391,c_cmp_007_p_pl_023_cr_cr_008,synthetic
st_000755,su_00791,cmp_005,pl_021,cr_006,click,2026-08-16 09:31:57.684974998,c_cmp_005_p_pl_021_cr_cr_006,synthetic
st_000756,su_00791,cmp_005,pl_021,cr_006,bot_start,2026-08-16 09:49:20.486326901,c_cmp_005_p_pl_021_cr_cr_006,synthetic
st_000757,su_00791,cmp_005,pl_021,cr_006,lead,2026-08-16 17:12:51.423869255,c_cmp_005_p_pl_021_cr_cr_006,synthetic
st_000758,su_00792,cmp_003,pl_019,cr_004,click,2026-08-29 21:27:05.812847945,c_cmp_003_p_pl_019_cr_cr_004,synthetic
st_000759,su_00792,cmp_003,pl_019,cr_004,bot_start,2026-08-29 21:51:55.867453388,c_cmp_003_p_pl_019_cr_cr_004,synthetic
st_000760,su_00792,cmp_003,pl_019,cr_004,lead,2026-08-29 23:49:32.842431114,c_cmp_003_p_pl_019_cr_cr_004,synthetic
st_000761,su_00793,cmp_005,pl_029,cr_014,click,2026-09-05 01:47:04.120603941,c_cmp_005_p_pl_029_cr_cr_014,synthetic
st_000762,su_00793,cmp_005,pl_029,cr_014,bot_start,2026-09-05 01:53:41.680681358,c_cmp_005_p_pl_029_cr_cr_014,synthetic
st_000763,su_00793,cmp_005,pl_029,cr_014,lead,2026-09-05 16:08:38.497446813,c_cmp_005_p_pl_029_cr_cr_014,synthetic
st_000764,su_00804,cmp_007,pl_007,cr_007,click,2026-09-09 11:22:24.825215366,c_cmp_007_p_pl_007_cr_cr_007,synthetic
st_000765,su_00804,cmp_007,pl_007,cr_007,bot_start,2026-09-09 11:23:46.152050611,c_cmp_007_p_pl_007_cr_cr_007,synthetic
st_000766,su_00804,cmp_007,pl_007,cr_007,lead,2026-09-10 11:21:55.790717835,c_cmp_007_p_pl_007_cr_cr_007,synthetic
st_000767,su_00805,cmp_005,pl_029,cr_014,click,2026-09-05 17:10:42.547610505,c_cmp_005_p_pl_029_cr_cr_014,synthetic
st_000768,su_00805,cmp_005,pl_029,cr_014,bot_start,2026-09-05 17:23:11.690174428,c_cmp_005_p_pl_029_cr_cr_014,synthetic
st_000769,su_00805,cmp_005,pl_029,cr_014,lead,2026-09-06 15:27:29.625811722,c_cmp_005_p_pl_029_cr_cr_014,synthetic
st_000770,su_00806,cmp_003,pl_019,cr_004,click,2026-08-29 09:59:23.727418966,c_cmp_003_p_pl_019_cr_cr_004,synthetic
st_000771,su_00806,cmp_003,pl_019,cr_004,bot_start,2026-08-29 10:04:38.445721228,c_cmp_003_p_pl_019_cr_cr_004,synthetic
st_000772,su_00806,cmp_003,pl_019,cr_004,lead,2026-08-30 08:13:34.546251201,c_cmp_003_p_pl_019_cr_cr_004,synthetic
st_000773,su_00807,cmp_000,pl_008,cr_008,click,2026-09-03 22:36:41.030962238,c_cmp_000_p_pl_008_cr_cr_008,synthetic
st_000774,su_00807,cmp_000,pl_008,cr_008,bot_start,2026-09-03 23:00:10.580864712,c_cmp_000_p_pl_008_cr_cr_008,synthetic
st_000775,su_00808,cmp_007,pl_007,cr_007,click,2026-09-08 07:45:16.907287061,c_cmp_007_p_pl_007_cr_cr_007,synthetic
st_000776,su_00808,cmp_007,pl_007,cr_007,bot_start,2026-09-08 08:11:28.524936959,c_cmp_007_p_pl_007_cr_cr_007,synthetic
st_000777,su_00808,cmp_007,pl_007,cr_007,lead,2026-09-08 15:41:49.670830319,c_cmp_007_p_pl_007_cr_cr_007,synthetic
st_000778,su_00811,cmp_002,pl_018,cr_003,click,2026-08-10 23:18:03.354623295,c_cmp_002_p_pl_018_cr_cr_003,synthetic
st_000779,su_00811,cmp_002,pl_018,cr_003,bot_start,2026-08-10 23:42:48.551806775,c_cmp_002_p_pl_018_cr_cr_003,synthetic
st_000780,su_00811,cmp_002,pl_018,cr_003,lead,2026-08-11 02:01:45.257966234,c_cmp_002_p_pl_018_cr_cr_003,synthetic
st_000781,su_00818,cmp_000,pl_008,cr_008,click,2026-09-05 18:49:05.627654415,c_cmp_000_p_pl_008_cr_cr_008,synthetic
st_000782,su_00818,cmp_000,pl_008,cr_008,bot_start,2026-09-05 18:55:37.551711706,c_cmp_000_p_pl_008_cr_cr_008,synthetic
st_000783,su_00818,cmp_000,pl_008,cr_008,lead,2026-09-06 17:17:10.942883513,c_cmp_000_p_pl_008_cr_cr_008,synthetic
st_000784,su_00819,cmp_007,pl_007,cr_007,click,2026-09-08 14:28:45.698578367,c_cmp_007_p_pl_007_cr_cr_007,synthetic
st_000785,su_00819,cmp_007,pl_007,cr_007,bot_start,2026-09-08 14:38:48.891904702,c_cmp_007_p_pl_007_cr_cr_007,synthetic
st_000786,su_00819,cmp_007,pl_007,cr_007,lead,2026-09-09 07:18:39.907174737,c_cmp_007_p_pl_007_cr_cr_007,synthetic
st_000787,su_00821,cmp_003,pl_011,cr_011,click,2026-08-07 10:31:39.349590735,c_cmp_003_p_pl_011_cr_cr_011,synthetic
st_000788,su_00822,cmp_005,pl_021,cr_006,click,2026-08-18 09:13:26.952337133,c_cmp_005_p_pl_021_cr_cr_006,synthetic
st_000789,su_00823,cmp_002,pl_010,cr_010,click,2026-08-27 09:36:25.825871468,c_cmp_002_p_pl_010_cr_cr_010,synthetic
st_000790,su_00823,cmp_002,pl_010,cr_010,bot_start,2026-08-27 09:47:40.754010496,c_cmp_002_p_pl_010_cr_cr_010,synthetic
st_000791,su_00826,cmp_003,pl_019,cr_004,click,2026-08-31 02:01:08.435536322,c_cmp_003_p_pl_019_cr_cr_004,synthetic
st_000792,su_00826,cmp_003,pl_019,cr_004,bot_start,2026-08-31 02:14:59.106006139,c_cmp_003_p_pl_019_cr_cr_004,synthetic
st_000793,su_00830,cmp_003,pl_003,cr_003,click,2026-09-11 23:31:50.075121451,c_cmp_003_p_pl_003_cr_cr_003,synthetic
st_000794,su_00830,cmp_003,pl_003,cr_003,bot_start,2026-09-11 23:56:48.443927294,c_cmp_003_p_pl_003_cr_cr_003,synthetic
st_000795,su_00830,cmp_003,pl_003,cr_003,lead,2026-09-12 13:04:32.367650460,c_cmp_003_p_pl_003_cr_cr_003,synthetic
st_000796,su_00831,cmp_004,pl_028,cr_013,click,2026-08-17 03:48:18.520616430,c_cmp_004_p_pl_028_cr_cr_013,synthetic
st_000797,su_00831,cmp_004,pl_028,cr_013,bot_start,2026-08-17 04:08:02.469389825,c_cmp_004_p_pl_028_cr_cr_013,synthetic
st_000798,su_00835,cmp_005,pl_013,cr_013,click,2026-09-02 14:44:46.066114014,c_cmp_005_p_pl_013_cr_cr_013,synthetic
st_000799,su_00835,cmp_005,pl_013,cr_013,bot_start,2026-09-02 15:04:06.740036441,c_cmp_005_p_pl_013_cr_cr_013,synthetic
st_000800,su_00835,cmp_005,pl_013,cr_013,lead,2026-09-03 13:45:49.820481345,c_cmp_005_p_pl_013_cr_cr_013,synthetic
st_000801,su_00840,cmp_002,pl_010,cr_010,click,2026-08-24 23:12:30.857507328,c_cmp_002_p_pl_010_cr_cr_010,synthetic
st_000802,su_00840,cmp_002,pl_010,cr_010,bot_start,2026-08-24 23:35:08.697689721,c_cmp_002_p_pl_010_cr_cr_010,synthetic
st_000803,su_00840,cmp_002,pl_010,cr_010,lead,2026-08-25 15:40:18.634901713,c_cmp_002_p_pl_010_cr_cr_010,synthetic
st_000804,su_00841,cmp_003,pl_027,cr_012,click,2026-09-04 17:48:56.868142839,c_cmp_003_p_pl_027_cr_cr_012,synthetic
st_000805,su_00841,cmp_003,pl_027,cr_012,bot_start,2026-09-04 17:57:20.395715455,c_cmp_003_p_pl_027_cr_cr_012,synthetic
st_000806,su_00841,cmp_003,pl_027,cr_012,lead,2026-09-05 06:21:57.957057459,c_cmp_003_p_pl_027_cr_cr_012,synthetic
st_000807,su_00842,cmp_004,pl_028,cr_013,click,2026-08-16 01:55:43.705119319,c_cmp_004_p_pl_028_cr_cr_013,synthetic
st_000808,su_00842,cmp_004,pl_028,cr_013,bot_start,2026-08-16 02:19:31.287388643,c_cmp_004_p_pl_028_cr_cr_013,synthetic
st_000809,su_00842,cmp_004,pl_028,cr_013,lead,2026-08-16 05:12:08.003236158,c_cmp_004_p_pl_028_cr_cr_013,synthetic
st_000810,su_00843,cmp_002,pl_018,cr_003,click,2026-08-10 07:17:24.668331073,c_cmp_002_p_pl_018_cr_cr_003,synthetic
st_000811,su_00843,cmp_002,pl_018,cr_003,bot_start,2026-08-10 07:34:56.804218409,c_cmp_002_p_pl_018_cr_cr_003,synthetic
st_000812,su_00843,cmp_002,pl_018,cr_003,lead,2026-08-10 13:56:49.341817855,c_cmp_002_p_pl_018_cr_cr_003,synthetic
st_000813,su_00847,cmp_006,pl_006,cr_006,click,2026-08-18 20:10:48.167400710,c_cmp_006_p_pl_006_cr_cr_006,synthetic
st_000814,su_00847,cmp_006,pl_006,cr_006,bot_start,2026-08-18 20:39:41.726790746,c_cmp_006_p_pl_006_cr_cr_006,synthetic
st_000815,su_00847,cmp_006,pl_006,cr_006,lead,2026-08-19 11:13:29.124891671,c_cmp_006_p_pl_006_cr_cr_006,synthetic
st_000816,su_00848,cmp_005,pl_029,cr_014,click,2026-09-05 19:31:03.291306767,c_cmp_005_p_pl_029_cr_cr_014,synthetic
st_000817,su_00848,cmp_005,pl_029,cr_014,bot_start,2026-09-05 19:40:24.170143620,c_cmp_005_p_pl_029_cr_cr_014,synthetic
st_000818,su_00848,cmp_005,pl_029,cr_014,lead,2026-09-06 04:24:13.644773263,c_cmp_005_p_pl_029_cr_cr_014,synthetic
st_000819,su_00849,cmp_000,pl_016,cr_001,click,2026-08-13 05:16:12.844546756,c_cmp_000_p_pl_016_cr_cr_001,synthetic
st_000820,su_00849,cmp_000,pl_016,cr_001,bot_start,2026-08-13 05:44:10.065669175,c_cmp_000_p_pl_016_cr_cr_001,synthetic
st_000821,su_00849,cmp_000,pl_016,cr_001,lead,2026-08-13 08:36:51.538794580,c_cmp_000_p_pl_016_cr_cr_001,synthetic
st_000822,su_00853,cmp_002,pl_010,cr_010,click,2026-08-25 12:16:46.742222201,c_cmp_002_p_pl_010_cr_cr_010,synthetic
st_000823,su_00853,cmp_002,pl_010,cr_010,bot_start,2026-08-25 12:46:15.823865645,c_cmp_002_p_pl_010_cr_cr_010,synthetic
st_000824,su_00854,cmp_001,pl_025,cr_010,click,2026-08-13 13:29:30.597925364,c_cmp_001_p_pl_025_cr_cr_010,synthetic
st_000825,su_00855,cmp_006,pl_006,cr_006,click,2026-08-18 14:50:02.596496462,c_cmp_006_p_pl_006_cr_cr_006,synthetic
st_000826,su_00855,cmp_006,pl_006,cr_006,bot_start,2026-08-18 15:08:50.458537565,c_cmp_006_p_pl_006_cr_cr_006,synthetic
st_000827,su_00855,cmp_006,pl_006,cr_006,lead,2026-08-19 10:14:20.320773782,c_cmp_006_p_pl_006_cr_cr_006,synthetic
st_000828,su_00860,cmp_000,pl_016,cr_001,click,2026-08-13 08:02:08.851683513,c_cmp_000_p_pl_016_cr_cr_001,synthetic
st_000829,su_00860,cmp_000,pl_016,cr_001,bot_start,2026-08-13 08:23:45.796251462,c_cmp_000_p_pl_016_cr_cr_001,synthetic
st_000830,su_00860,cmp_000,pl_016,cr_001,lead,2026-08-14 00:12:40.067207794,c_cmp_000_p_pl_016_cr_cr_001,synthetic
st_000831,su_00861,cmp_001,pl_025,cr_010,click,2026-08-12 14:54:37.045975109,c_cmp_001_p_pl_025_cr_cr_010,synthetic
st_000832,su_00861,cmp_001,pl_025,cr_010,bot_start,2026-08-12 15:04:39.528313382,c_cmp_001_p_pl_025_cr_cr_010,synthetic
st_000833,su_00861,cmp_001,pl_025,cr_010,lead,2026-08-13 06:01:11.637746961,c_cmp_001_p_pl_025_cr_cr_010,synthetic
st_000834,su_00862,cmp_002,pl_002,cr_002,click,2026-08-08 09:50:27.822291318,c_cmp_002_p_pl_002_cr_cr_002,synthetic
st_000835,su_00862,cmp_002,pl_002,cr_002,bot_start,2026-08-08 09:56:40.625062881,c_cmp_002_p_pl_002_cr_cr_002,synthetic
st_000836,su_00862,cmp_002,pl_002,cr_002,lead,2026-08-08 12:06:58.183793726,c_cmp_002_p_pl_002_cr_cr_002,synthetic
st_000837,su_00865,cmp_001,pl_001,cr_001,click,2026-09-06 15:27:32.417598884,c_cmp_001_p_pl_001_cr_cr_001,synthetic
st_000838,su_00865,cmp_001,pl_001,cr_001,bot_start,2026-09-06 15:45:22.325493837,c_cmp_001_p_pl_001_cr_cr_001,synthetic
st_000839,su_00865,cmp_001,pl_001,cr_001,lead,2026-09-07 02:28:09.847930271,c_cmp_001_p_pl_001_cr_cr_001,synthetic
st_000840,su_00866,cmp_001,pl_017,cr_002,click,2026-08-22 03:35:35.647185307,c_cmp_001_p_pl_017_cr_cr_002,synthetic
st_000841,su_00868,cmp_006,pl_022,cr_007,click,2026-08-21 10:33:59.116473352,c_cmp_006_p_pl_022_cr_cr_007,synthetic
st_000842,su_00868,cmp_006,pl_022,cr_007,bot_start,2026-08-21 10:38:45.397279099,c_cmp_006_p_pl_022_cr_cr_007,synthetic
st_000843,su_00868,cmp_006,pl_022,cr_007,lead,2026-08-22 03:30:10.462615577,c_cmp_006_p_pl_022_cr_cr_007,synthetic
st_000844,su_00869,cmp_000,pl_024,cr_009,click,2026-08-24 05:02:55.392888131,c_cmp_000_p_pl_024_cr_cr_009,synthetic
st_000845,su_00869,cmp_000,pl_024,cr_009,bot_start,2026-08-24 05:19:50.897491911,c_cmp_000_p_pl_024_cr_cr_009,synthetic
st_000846,su_00869,cmp_000,pl_024,cr_009,lead,2026-08-25 03:04:11.591395307,c_cmp_000_p_pl_024_cr_cr_009,synthetic
st_000847,su_00870,cmp_001,pl_025,cr_010,click,2026-08-13 12:39:57.808091674,c_cmp_001_p_pl_025_cr_cr_010,synthetic
st_000848,su_00870,cmp_001,pl_025,cr_010,bot_start,2026-08-13 12:57:54.052230078,c_cmp_001_p_pl_025_cr_cr_010,synthetic
st_000849,su_00870,cmp_001,pl_025,cr_010,lead,2026-08-13 13:49:19.135086175,c_cmp_001_p_pl_025_cr_cr_010,synthetic
st_000850,su_00871,cmp_002,pl_026,cr_011,click,2026-08-21 19:42:15.215222326,c_cmp_002_p_pl_026_cr_cr_011,synthetic
st_000851,su_00885,cmp_004,pl_012,cr_012,click,2026-08-28 06:46:36.186441834,c_cmp_004_p_pl_012_cr_cr_012,synthetic
st_000852,su_00885,cmp_004,pl_012,cr_012,bot_start,2026-08-28 07:13:18.523171229,c_cmp_004_p_pl_012_cr_cr_012,synthetic
st_000853,su_00885,cmp_004,pl_012,cr_012,lead,2026-08-29 04:46:12.381537630,c_cmp_004_p_pl_012_cr_cr_012,synthetic
st_000854,su_00893,cmp_004,pl_012,cr_012,click,2026-08-27 13:13:08.436717934,c_cmp_004_p_pl_012_cr_cr_012,synthetic
st_000855,su_00894,cmp_007,pl_007,cr_007,click,2026-09-08 17:04:17.724933866,c_cmp_007_p_pl_007_cr_cr_007,synthetic
st_000856,su_00894,cmp_007,pl_007,cr_007,bot_start,2026-09-08 17:15:41.353622819,c_cmp_007_p_pl_007_cr_cr_007,synthetic
st_000857,su_00904,cmp_003,pl_011,cr_011,click,2026-08-08 01:31:15.545522531,c_cmp_003_p_pl_011_cr_cr_011,synthetic
st_000858,su_00908,cmp_007,pl_007,cr_007,click,2026-09-07 21:54:13.234401201,c_cmp_007_p_pl_007_cr_cr_007,synthetic
st_000859,su_00908,cmp_007,pl_007,cr_007,bot_start,2026-09-07 22:07:06.722294336,c_cmp_007_p_pl_007_cr_cr_007,synthetic
st_000860,su_00909,cmp_001,pl_009,cr_009,click,2026-08-21 12:26:10.788438798,c_cmp_001_p_pl_009_cr_cr_009,synthetic
st_000861,su_00909,cmp_001,pl_009,cr_009,bot_start,2026-08-21 12:47:05.688546029,c_cmp_001_p_pl_009_cr_cr_009,synthetic
st_000862,su_00912,cmp_002,pl_026,cr_011,click,2026-08-20 18:52:45.539500210,c_cmp_002_p_pl_026_cr_cr_011,synthetic
st_000863,su_00912,cmp_002,pl_026,cr_011,bot_start,2026-08-20 19:03:24.654760638,c_cmp_002_p_pl_026_cr_cr_011,synthetic
st_000864,su_00912,cmp_002,pl_026,cr_011,lead,2026-08-21 08:53:27.250975755,c_cmp_002_p_pl_026_cr_cr_011,synthetic
st_000865,su_00914,cmp_001,pl_025,cr_010,click,2026-08-12 11:41:23.518351228,c_cmp_001_p_pl_025_cr_cr_010,synthetic
st_000866,su_00917,cmp_002,pl_018,cr_003,click,2026-08-11 17:37:49.608520960,c_cmp_002_p_pl_018_cr_cr_003,synthetic
st_000867,su_00919,cmp_002,pl_018,cr_003,click,2026-08-10 14:12:08.361018857,c_cmp_002_p_pl_018_cr_cr_003,synthetic
st_000868,su_00919,cmp_002,pl_018,cr_003,bot_start,2026-08-10 14:17:38.007066937,c_cmp_002_p_pl_018_cr_cr_003,synthetic
st_000869,su_00919,cmp_002,pl_018,cr_003,lead,2026-08-11 02:01:19.117783772,c_cmp_002_p_pl_018_cr_cr_003,synthetic
st_000870,su_00920,cmp_003,pl_019,cr_004,click,2026-08-30 05:19:25.958548084,c_cmp_003_p_pl_019_cr_cr_004,synthetic
st_000871,su_00921,cmp_003,pl_011,cr_011,click,2026-08-07 03:48:01.546361744,c_cmp_003_p_pl_011_cr_cr_011,synthetic
st_000872,su_00921,cmp_003,pl_011,cr_011,bot_start,2026-08-07 04:13:27.952737386,c_cmp_003_p_pl_011_cr_cr_011,synthetic
st_000873,su_00921,cmp_003,pl_011,cr_011,lead,2026-08-08 03:26:11.842699623,c_cmp_003_p_pl_011_cr_cr_011,synthetic
st_000874,su_00924,cmp_004,pl_028,cr_013,click,2026-08-18 01:27:30.952157568,c_cmp_004_p_pl_028_cr_cr_013,synthetic
st_000875,su_00928,cmp_000,pl_008,cr_008,click,2026-09-04 06:36:03.480585061,c_cmp_000_p_pl_008_cr_cr_008,synthetic
st_000876,su_00929,cmp_007,pl_023,cr_008,click,2026-08-11 21:41:35.205459287,c_cmp_007_p_pl_023_cr_cr_008,synthetic
st_000877,su_00930,cmp_002,pl_026,cr_011,click,2026-08-21 20:50:15.689714812,c_cmp_002_p_pl_026_cr_cr_011,synthetic
st_000878,su_00931,cmp_007,pl_007,cr_007,click,2026-09-10 06:25:41.188247298,c_cmp_007_p_pl_007_cr_cr_007,synthetic
st_000879,su_00931,cmp_007,pl_007,cr_007,bot_start,2026-09-10 06:35:39.602861020,c_cmp_007_p_pl_007_cr_cr_007,synthetic
st_000880,su_00931,cmp_007,pl_007,cr_007,lead,2026-09-10 13:22:52.869142828,c_cmp_007_p_pl_007_cr_cr_007,synthetic
st_000881,su_00934,cmp_002,pl_026,cr_011,click,2026-08-20 23:34:50.188367832,c_cmp_002_p_pl_026_cr_cr_011,synthetic
st_000882,su_00934,cmp_002,pl_026,cr_011,bot_start,2026-08-20 23:55:11.514785348,c_cmp_002_p_pl_026_cr_cr_011,synthetic
st_000883,su_00934,cmp_002,pl_026,cr_011,lead,2026-08-21 15:44:34.816464479,c_cmp_002_p_pl_026_cr_cr_011,synthetic
st_000884,su_00937,cmp_001,pl_009,cr_009,click,2026-08-20 11:17:02.029046532,c_cmp_001_p_pl_009_cr_cr_009,synthetic
st_000885,su_00937,cmp_001,pl_009,cr_009,bot_start,2026-08-20 11:32:27.782850262,c_cmp_001_p_pl_009_cr_cr_009,synthetic
st_000886,su_00937,cmp_001,pl_009,cr_009,lead,2026-08-21 04:21:32.585813812,c_cmp_001_p_pl_009_cr_cr_009,synthetic
st_000887,su_00938,cmp_002,pl_018,cr_003,click,2026-08-10 21:04:34.795754436,c_cmp_002_p_pl_018_cr_cr_003,synthetic
st_000888,su_00939,cmp_004,pl_020,cr_005,click,2026-09-11 01:40:51.394171484,c_cmp_004_p_pl_020_cr_cr_005,synthetic
st_000889,su_00939,cmp_004,pl_020,cr_005,bot_start,2026-09-11 01:46:30.268287002,c_cmp_004_p_pl_020_cr_cr_005,synthetic
st_000890,su_00939,cmp_004,pl_020,cr_005,lead,2026-09-11 14:02:43.762804966,c_cmp_004_p_pl_020_cr_cr_005,synthetic
st_000891,su_00940,cmp_004,pl_020,cr_005,click,2026-09-08 22:42:12.243625484,c_cmp_004_p_pl_020_cr_cr_005,synthetic
st_000892,su_00940,cmp_004,pl_020,cr_005,bot_start,2026-09-08 23:10:45.303591459,c_cmp_004_p_pl_020_cr_cr_005,synthetic
st_000893,su_00941,cmp_005,pl_013,cr_013,click,2026-09-02 18:34:37.607156737,c_cmp_005_p_pl_013_cr_cr_013,synthetic
st_000894,su_00944,cmp_000,pl_016,cr_001,click,2026-08-11 09:41:51.696406477,c_cmp_000_p_pl_016_cr_cr_001,synthetic
st_000895,su_00946,cmp_003,pl_027,cr_012,click,2026-09-05 16:41:04.392217385,c_cmp_003_p_pl_027_cr_cr_012,synthetic
st_000896,su_00946,cmp_003,pl_027,cr_012,bot_start,2026-09-05 16:43:46.473027643,c_cmp_003_p_pl_027_cr_cr_012,synthetic
st_000897,su_00949,cmp_003,pl_003,cr_003,click,2026-09-11 17:08:07.034040267,c_cmp_003_p_pl_003_cr_cr_003,synthetic
st_000898,su_00950,cmp_001,pl_025,cr_010,click,2026-08-13 12:21:07.040616231,c_cmp_001_p_pl_025_cr_cr_010,synthetic
st_000899,su_00950,cmp_001,pl_025,cr_010,bot_start,2026-08-13 12:25:43.570614654,c_cmp_001_p_pl_025_cr_cr_010,synthetic
st_000900,su_00951,cmp_005,pl_005,cr_005,click,2026-08-09 10:00:07.805761861,c_cmp_005_p_pl_005_cr_cr_005,synthetic
st_000901,su_00951,cmp_005,pl_005,cr_005,bot_start,2026-08-09 10:14:16.581463882,c_cmp_005_p_pl_005_cr_cr_005,synthetic
st_000902,su_00952,cmp_000,pl_008,cr_008,click,2026-09-04 14:52:22.113400393,c_cmp_000_p_pl_008_cr_cr_008,synthetic
st_000903,su_00952,cmp_000,pl_008,cr_008,bot_start,2026-09-04 14:56:09.287610372,c_cmp_000_p_pl_008_cr_cr_008,synthetic
st_000904,su_00952,cmp_000,pl_008,cr_008,lead,2026-09-05 03:14:09.721528861,c_cmp_000_p_pl_008_cr_cr_008,synthetic
st_000905,su_00953,cmp_007,pl_007,cr_007,click,2026-09-07 10:12:01.545966987,c_cmp_007_p_pl_007_cr_cr_007,synthetic
st_000906,su_00954,cmp_000,pl_000,cr_000,click,2026-08-22 03:38:04.734387718,c_cmp_000_p_pl_000_cr_cr_000,synthetic
st_000907,su_00954,cmp_000,pl_000,cr_000,bot_start,2026-08-22 03:43:33.589979909,c_cmp_000_p_pl_000_cr_cr_000,synthetic
st_000908,su_00955,cmp_007,pl_023,cr_008,click,2026-08-11 21:23:59.435319025,c_cmp_007_p_pl_023_cr_cr_008,synthetic
st_000909,su_00955,cmp_007,pl_023,cr_008,bot_start,2026-08-11 21:51:37.774000405,c_cmp_007_p_pl_023_cr_cr_008,synthetic
st_000910,su_00955,cmp_007,pl_023,cr_008,lead,2026-08-11 22:39:44.566628233,c_cmp_007_p_pl_023_cr_cr_008,synthetic
st_000911,su_00957,cmp_005,pl_005,cr_005,click,2026-08-10 11:12:47.705526389,c_cmp_005_p_pl_005_cr_cr_005,synthetic
st_000912,su_00958,cmp_000,pl_000,cr_000,click,2026-08-20 23:29:30.871807775,c_cmp_000_p_pl_000_cr_cr_000,synthetic
st_000913,su_00958,cmp_000,pl_000,cr_000,bot_start,2026-08-20 23:51:39.751110962,c_cmp_000_p_pl_000_cr_cr_000,synthetic
st_000914,su_00958,cmp_000,pl_000,cr_000,lead,2026-08-21 03:05:54.011218911,c_cmp_000_p_pl_000_cr_cr_000,synthetic
st_000915,su_00964,cmp_004,pl_012,cr_012,click,2026-08-29 04:20:27.497503422,c_cmp_004_p_pl_012_cr_cr_012,synthetic
st_000916,su_00964,cmp_004,pl_012,cr_012,bot_start,2026-08-29 04:32:33.318080058,c_cmp_004_p_pl_012_cr_cr_012,synthetic
st_000917,su_00964,cmp_004,pl_012,cr_012,lead,2026-08-30 03:24:56.766773841,c_cmp_004_p_pl_012_cr_cr_012,synthetic
st_000918,su_00965,cmp_005,pl_013,cr_013,click,2026-09-01 05:40:54.068465946,c_cmp_005_p_pl_013_cr_cr_013,synthetic
st_000919,su_00965,cmp_005,pl_013,cr_013,bot_start,2026-09-01 06:01:49.271430548,c_cmp_005_p_pl_013_cr_cr_013,synthetic
st_000920,su_00965,cmp_005,pl_013,cr_013,lead,2026-09-01 08:05:19.335801282,c_cmp_005_p_pl_013_cr_cr_013,synthetic
st_000921,su_00969,cmp_001,pl_009,cr_009,click,2026-08-20 23:20:57.198186520,c_cmp_001_p_pl_009_cr_cr_009,synthetic
st_000922,su_00969,cmp_001,pl_009,cr_009,bot_start,2026-08-20 23:27:26.591251528,c_cmp_001_p_pl_009_cr_cr_009,synthetic
st_000923,su_00969,cmp_001,pl_009,cr_009,lead,2026-08-21 02:12:38.000141039,c_cmp_001_p_pl_009_cr_cr_009,synthetic
st_000924,su_00971,cmp_003,pl_027,cr_012,click,2026-09-04 21:32:52.140292036,c_cmp_003_p_pl_027_cr_cr_012,synthetic
st_000925,su_00971,cmp_003,pl_027,cr_012,bot_start,2026-09-04 21:46:07.319993103,c_cmp_003_p_pl_027_cr_cr_012,synthetic
st_000926,su_00971,cmp_003,pl_027,cr_012,lead,2026-09-05 08:52:25.650425582,c_cmp_003_p_pl_027_cr_cr_012,synthetic
st_000927,su_00973,cmp_000,pl_016,cr_001,click,2026-08-13 03:59:03.667738319,c_cmp_000_p_pl_016_cr_cr_001,synthetic
st_000928,su_00973,cmp_000,pl_016,cr_001,bot_start,2026-08-13 04:13:24.423573489,c_cmp_000_p_pl_016_cr_cr_001,synthetic
st_000929,su_00974,cmp_000,pl_016,cr_001,click,2026-08-12 11:56:57.429047930,c_cmp_000_p_pl_016_cr_cr_001,synthetic
st_000930,su_00975,cmp_003,pl_011,cr_011,click,2026-08-07 11:43:55.715336825,c_cmp_003_p_pl_011_cr_cr_011,synthetic
st_000931,su_00975,cmp_003,pl_011,cr_011,bot_start,2026-08-07 11:45:59.594543214,c_cmp_003_p_pl_011_cr_cr_011,synthetic
st_000932,su_00976,cmp_002,pl_002,cr_002,click,2026-08-09 15:34:14.790997102,c_cmp_002_p_pl_002_cr_cr_002,synthetic
st_000933,su_00976,cmp_002,pl_002,cr_002,bot_start,2026-08-09 15:53:18.592900033,c_cmp_002_p_pl_002_cr_cr_002,synthetic
st_000934,su_00976,cmp_002,pl_002,cr_002,lead,2026-08-10 12:07:24.625878265,c_cmp_002_p_pl_002_cr_cr_002,synthetic
st_000935,su_00977,cmp_001,pl_001,cr_001,click,2026-09-07 03:17:33.411783435,c_cmp_001_p_pl_001_cr_cr_001,synthetic
st_000936,su_00978,cmp_004,pl_012,cr_012,click,2026-08-29 01:22:18.219564016,c_cmp_004_p_pl_012_cr_cr_012,synthetic
st_000937,su_00978,cmp_004,pl_012,cr_012,bot_start,2026-08-29 01:27:34.284719889,c_cmp_004_p_pl_012_cr_cr_012,synthetic
st_000938,su_00978,cmp_004,pl_012,cr_012,lead,2026-08-29 11:15:36.156837917,c_cmp_004_p_pl_012_cr_cr_012,synthetic
st_000939,su_00980,cmp_006,pl_014,cr_014,click,2026-09-10 01:47:31.299471861,c_cmp_006_p_pl_014_cr_cr_014,synthetic
st_000940,su_00980,cmp_006,pl_014,cr_014,bot_start,2026-09-10 01:55:42.259193061,c_cmp_006_p_pl_014_cr_cr_014,synthetic
st_000941,su_00981,cmp_000,pl_016,cr_001,click,2026-08-12 13:07:55.210614174,c_cmp_000_p_pl_016_cr_cr_001,synthetic
st_000942,su_00981,cmp_000,pl_016,cr_001,bot_start,2026-08-12 13:25:18.396650652,c_cmp_000_p_pl_016_cr_cr_001,synthetic
st_000943,su_00981,cmp_000,pl_016,cr_001,lead,2026-08-13 01:54:03.176713403,c_cmp_000_p_pl_016_cr_cr_001,synthetic
st_000944,su_00982,cmp_005,pl_013,cr_013,click,2026-09-03 18:35:56.873318428,c_cmp_005_p_pl_013_cr_cr_013,synthetic
st_000945,su_00982,cmp_005,pl_013,cr_013,bot_start,2026-09-03 19:00:41.061411173,c_cmp_005_p_pl_013_cr_cr_013,synthetic
st_000946,su_00982,cmp_005,pl_013,cr_013,lead,2026-09-04 03:47:07.265837231,c_cmp_005_p_pl_013_cr_cr_013,synthetic
st_000947,su_00983,cmp_004,pl_028,cr_013,click,2026-08-16 02:33:22.224948710,c_cmp_004_p_pl_028_cr_cr_013,synthetic
st_000948,su_00983,cmp_004,pl_028,cr_013,bot_start,2026-08-16 02:57:19.762321318,c_cmp_004_p_pl_028_cr_cr_013,synthetic
st_000949,su_00984,cmp_003,pl_019,cr_004,click,2026-08-31 03:06:35.520583961,c_cmp_003_p_pl_019_cr_cr_004,synthetic
st_000950,su_00984,cmp_003,pl_019,cr_004,bot_start,2026-08-31 03:31:45.357385238,c_cmp_003_p_pl_019_cr_cr_004,synthetic
st_000951,su_00984,cmp_003,pl_019,cr_004,lead,2026-08-31 14:07:11.948285789,c_cmp_003_p_pl_019_cr_cr_004,synthetic
st_000952,su_00985,cmp_000,pl_024,cr_009,click,2026-08-23 01:24:09.932217112,c_cmp_000_p_pl_024_cr_cr_009,synthetic
st_000953,su_00985,cmp_000,pl_024,cr_009,bot_start,2026-08-23 01:50:49.685471052,c_cmp_000_p_pl_024_cr_cr_009,synthetic
st_000954,su_00986,cmp_003,pl_003,cr_003,click,2026-09-11 14:47:44.655781414,c_cmp_003_p_pl_003_cr_cr_003,synthetic
st_000955,su_00986,cmp_003,pl_003,cr_003,bot_start,2026-09-11 15:11:58.528252151,c_cmp_003_p_pl_003_cr_cr_003,synthetic
st_000956,su_00986,cmp_003,pl_003,cr_003,lead,2026-09-11 16:21:33.251260071,c_cmp_003_p_pl_003_cr_cr_003,synthetic
st_000957,su_00990,cmp_006,pl_006,cr_006,click,2026-08-18 12:57:38.745369950,c_cmp_006_p_pl_006_cr_cr_006,synthetic
st_000958,su_00991,cmp_007,pl_023,cr_008,click,2026-08-13 22:00:08.049047013,c_cmp_007_p_pl_023_cr_cr_008,synthetic
st_000959,su_00994,cmp_001,pl_009,cr_009,click,2026-08-22 08:19:28.256964354,c_cmp_001_p_pl_009_cr_cr_009,synthetic
st_000960,su_00994,cmp_001,pl_009,cr_009,bot_start,2026-08-22 08:48:27.614956987,c_cmp_001_p_pl_009_cr_cr_009,synthetic
st_000961,su_00994,cmp_001,pl_009,cr_009,lead,2026-08-22 21:02:51.691966110,c_cmp_001_p_pl_009_cr_cr_009,synthetic
st_000962,su_00996,cmp_000,pl_024,cr_009,click,2026-08-24 03:36:07.136904274,c_cmp_000_p_pl_024_cr_cr_009,synthetic
st_000963,su_00996,cmp_000,pl_024,cr_009,bot_start,2026-08-24 03:57:41.529111236,c_cmp_000_p_pl_024_cr_cr_009,synthetic
st_000964,su_00999,cmp_007,pl_007,cr_007,click,2026-09-09 21:19:55.182459614,c_cmp_007_p_pl_007_cr_cr_007,synthetic
st_000965,su_00999,cmp_007,pl_007,cr_007,bot_start,2026-09-09 21:38:14.963413638,c_cmp_007_p_pl_007_cr_cr_007,synthetic
st_000966,su_00999,cmp_007,pl_007,cr_007,lead,2026-09-10 18:01:52.213397955,c_cmp_007_p_pl_007_cr_cr_007,synthetic
