order_id,user_id,order_timestamp,order_amount,model,touch_id,campaign_id,placement_id,creative_id,source_type,touch_timestamp,weight,attributed_revenue
ord_0082db0829bd,503,2026-08-31 14:40:32,14943.0,last_touch,t_000757,cmp_000,pl_004,cr_003,bot_start,2026-08-30 16:44:38.528238527,1.0,14943.0
ord_00a180cd6c8e,479,2026-08-16 09:40:02,8745.0,last_touch,t_000707,cmp_003,pl_009,cr_000,lead,2026-08-15 19:55:19.519466410,1.0,8745.0
ord_00b414105480,228,2026-09-07 07:42:35,8950.0,last_touch,t_000232,cmp_001,pl_006,cr_002,click,2026-08-31 19:35:58.289682070,1.0,8950.0
ord_0157b9bc5064,515,2026-09-05 12:09:36,8450.0,last_touch,t_000778,cmp_001,pl_006,cr_002,click,2026-09-01 15:18:16.318685356,1.0,8450.0
ord_0223aaad9fb8,483,2026-08-29 19:38:52,8450.0,last_touch,t_000712,cmp_000,pl_001,cr_004,click,2026-08-25 11:16:04.417647216,0.0,0.0
ord_0223aaad9fb8,483,2026-08-29 19:38:52,8450.0,last_touch,t_000714,cmp_002,pl_005,cr_004,click,2026-08-25 14:07:40.478382987,0.0,0.0
ord_0223aaad9fb8,483,2026-08-29 19:38:52,8450.0,last_touch,t_000713,cmp_003,pl_009,cr_000,click,2026-08-27 05:39:24.536267564,1.0,8450.0
ord_0273750f92b4,598,2026-08-09 09:43:34,9900.0,last_touch,t_000942,cmp_000,pl_001,cr_004,click,2026-08-04 07:45:57.060386859,0.0,0.0
ord_0273750f92b4,598,2026-08-09 09:43:34,9900.0,last_touch,t_000940,cmp_000,pl_001,cr_004,click,2026-08-06 07:18:56.621915721,0.0,0.0
ord_0273750f92b4,598,2026-08-09 09:43:34,9900.0,last_touch,t_000941,cmp_002,pl_005,cr_004,bot_start,2026-08-07 23:21:48.600570324,1.0,9900.0
ord_043336d70bbd,566,2026-08-30 18:45:42,8450.0,last_touch,t_000879,cmp_002,pl_002,cr_002,click,2026-08-26 19:23:55.066263157,1.0,8450.0
ord_0475aef2b65b,563,2026-08-09 17:28:24,6490.0,last_touch,t_000872,cmp_000,pl_001,cr_004,bot_start,2026-08-07 02:22:53.216819336,1.0,6490.0
ord_04d41284e880,182,2026-09-02 10:14:11,8950.0,last_touch,t_000152,cmp_004,pl_003,cr_000,click,2026-09-01 09:00:20.810361996,1.0,8950.0
ord_057492a7b6c1,123,2026-09-09 16:23:01,6450.0,last_touch,t_000040,cmp_004,pl_003,cr_000,click,2026-09-09 02:12:34.380823075,1.0,6450.0
ord_05b980c654d8,427,2026-08-08 19:23:46,9900.0,last_touch,t_000603,cmp_001,pl_006,cr_002,bot_start,2026-08-04 20:20:21.556449253,0.0,0.0
ord_05b980c654d8,427,2026-08-08 19:23:46,9900.0,last_touch,t_000604,cmp_003,pl_009,cr_000,click,2026-08-05 07:13:49.805904810,0.0,0.0
ord_05b980c654d8,427,2026-08-08 19:23:46,9900.0,last_touch,t_000602,cmp_002,pl_008,cr_001,lead,2026-08-07 23:04:38.632301436,1.0,9900.0
ord_06562c623bb5,464,2026-08-10 18:30:49,4500.0,last_touch,t_000683,cmp_002,pl_005,cr_004,bot_start,2026-08-09 23:23:25.060498746,1.0,4500.0
ord_06cbd83b5016,312,2026-08-23 09:59:13,7475.0,last_touch,t_000404,cmp_004,pl_003,cr_000,click,2026-08-18 12:13:24.007610703,1.0,7475.0
ord_07526bb6597e,93,2026-08-10 05:56:12,6950.0,last_touch,t_001019,cmp_003,pl_007,cr_003,click,2026-08-07 10:17:33.323713516,1.0,6950.0
ord_076397626a57,202,2026-08-25 19:24:14,14950.0,last_touch,t_000185,cmp_001,pl_006,cr_002,bot_start,2026-08-20 16:56:29.962040098,1.0,14950.0
ord_07bbfb66286f,138,2026-08-25 12:39:08,5750.0,last_touch,t_000065,cmp_000,pl_004,cr_003,click,2026-08-22 07:37:02.930597113,1.0,5750.0
ord_07c9fa467ebc,76,2026-08-30 14:48:44,13950.0,last_touch,t_000986,cmp_000,pl_004,cr_003,click,2026-08-27 04:30:14.561924076,1.0,13950.0
ord_08067185bfb2,548,2026-09-08 12:45:32,13950.0,last_touch,t_000839,cmp_002,pl_002,cr_002,bot_start,2026-09-03 10:44:29.182982504,0.0,0.0
ord_08067185bfb2,548,2026-09-08 12:45:32,13950.0,last_touch,t_000841,cmp_000,pl_001,cr_004,bot_start,2026-09-03 15:14:29.254995572,0.0,0.0
ord_08067185bfb2,548,2026-09-08 12:45:32,13950.0,last_touch,t_000840,cmp_000,pl_004,cr_003,bot_start,2026-09-04 08:56:01.172855523,1.0,13950.0
ord_08813546fcf4,193,2026-09-06 11:49:34,8450.0,last_touch,t_000170,cmp_001,pl_006,cr_002,click,2026-09-05 23:34:01.346569833,1.0,8450.0
ord_0a2df2b27e22,89,2026-08-09 10:44:19,9900.0,last_touch,t_001014,cmp_000,pl_004,cr_003,bot_start,2026-08-05 08:34:14.420657437,0.0,0.0
ord_0a2df2b27e22,89,2026-08-09 10:44:19,9900.0,last_touch,t_001012,cmp_002,pl_008,cr_001,click,2026-08-08 01:50:51.974524162,0.0,0.0
ord_0a2df2b27e22,89,2026-08-09 10:44:19,9900.0,last_touch,t_001013,cmp_003,pl_009,cr_000,bot_start,2026-08-08 10:08:17.580029151,1.0,9900.0
ord_0a317a84518b,472,2026-09-06 13:45:12,8950.0,last_touch,t_000695,cmp_000,pl_004,cr_003,click,2026-09-05 08:51:26.159140261,1.0,8950.0
ord_0a3c2680e209,137,2026-08-05 15:01:16,8475.0,last_touch,t_000061,cmp_000,pl_004,cr_003,bot_start,2026-08-04 11:33:34.059688742,1.0,8475.0
ord_0a4730bec9df,416,2026-09-05 21:19:33,13950.0,last_touch,t_000582,cmp_003,pl_009,cr_000,bot_start,2026-08-30 12:52:56.819255986,1.0,13950.0
ord_0a5bcaef7780,313,2026-08-07 11:58:49,9450.0,last_touch,t_000405,cmp_004,pl_003,cr_000,lead,2026-08-04 17:19:26.659104984,1.0,9450.0
ord_0a92f9a92eee,485,2026-08-22 16:02:00,8450.0,last_touch,t_000717,cmp_003,pl_007,cr_003,click,2026-08-18 05:27:29.652116801,0.0,0.0
ord_0a92f9a92eee,485,2026-08-22 16:02:00,8450.0,last_touch,t_000718,cmp_002,pl_000,cr_000,click,2026-08-20 14:23:29.597531160,0.0,0.0
ord_0a92f9a92eee,485,2026-08-22 16:02:00,8450.0,last_touch,t_000719,cmp_003,pl_009,cr_000,bot_start,2026-08-21 03:01:14.109032086,1.0,8450.0
ord_0aacfa2737e8,574,2026-09-04 16:29:01,7475.0,last_touch,t_000890,cmp_003,pl_007,cr_003,click,2026-09-03 13:43:58.715067437,1.0,7475.0
ord_0b99cf1cbae6,189,2026-09-01 07:49:46,8945.0,last_touch,t_000165,cmp_000,pl_004,cr_003,click,2026-08-25 14:47:41.761129726,1.0,8945.0
ord_0bf6046efc8a,402,2026-09-03 17:30:08,8450.0,last_touch,t_000557,cmp_003,pl_007,cr_003,lead,2026-09-01 12:30:59.058653430,0.0,0.0
ord_0bf6046efc8a,402,2026-09-03 17:30:08,8450.0,last_touch,t_000558,cmp_002,pl_000,cr_000,click,2026-09-01 20:54:16.284436641,0.0,0.0
ord_0bf6046efc8a,402,2026-09-03 17:30:08,8450.0,last_touch,t_000556,cmp_004,pl_003,cr_000,click,2026-09-02 19:03:13.147825075,1.0,8450.0
ord_0c344a2d8772,4,2026-08-31 15:42:34,8950.0,last_touch,t_000549,cmp_002,pl_002,cr_002,bot_start,2026-08-24 20:03:59.388523295,1.0,8950.0
ord_0cc9a2c8492a,482,2026-08-15 16:30:16,16950.0,last_touch,t_000711,cmp_001,pl_006,cr_002,click,2026-08-15 02:39:44.016078672,1.0,16950.0
ord_0d145d2e15fe,388,2026-08-12 13:28:18,7000.0,last_touch,t_000529,cmp_003,pl_007,cr_003,click,2026-08-05 13:30:29.786788905,1.0,7000.0
ord_0d21daf5c92f,573,2026-08-30 09:39:42,8950.0,last_touch,t_000888,cmp_002,pl_002,cr_002,click,2026-08-28 02:16:06.061366103,0.0,0.0
ord_0d21daf5c92f,573,2026-08-30 09:39:42,8950.0,last_touch,t_000889,cmp_002,pl_000,cr_000,click,2026-08-28 18:59:06.443814578,1.0,8950.0
ord_0d76feadce87,606,2026-08-10 18:36:00,6450.0,last_touch,t_000958,cmp_000,pl_001,cr_004,click,2026-08-07 00:55:01.418989902,1.0,6450.0
ord_0dc8b16836b3,291,2026-08-06 10:06:16,19900.0,last_touch,t_000363,cmp_004,pl_003,cr_000,bot_start,2026-08-04 21:11:16.128905344,1.0,19900.0
ord_0e4bd99c6ec5,237,2026-08-23 13:29:45,8950.0,last_touch,t_000252,cmp_002,pl_008,cr_001,bot_start,2026-08-19 21:04:59.697778473,0.0,0.0
ord_0e4bd99c6ec5,237,2026-08-23 13:29:45,8950.0,last_touch,t_000251,cmp_002,pl_008,cr_001,click,2026-08-20 23:13:48.677581038,0.0,0.0
ord_0e4bd99c6ec5,237,2026-08-23 13:29:45,8950.0,last_touch,t_000253,cmp_002,pl_008,cr_001,lead,2026-08-21 11:23:59.471569878,1.0,8950.0
ord_0e5ec51cc7df,265,2026-08-08 16:25:28,5990.0,last_touch,t_000305,cmp_004,pl_003,cr_000,click,2026-08-05 22:29:25.579483706,0.0,0.0
ord_0e5ec51cc7df,265,2026-08-08 16:25:28,5990.0,last_touch,t_000306,cmp_004,pl_003,cr_000,click,2026-08-07 13:39:38.306151144,1.0,5990.0
ord_0ecdee05efc2,470,2026-08-09 17:24:05,9900.0,last_touch,t_000693,cmp_002,pl_005,cr_004,click,2026-08-08 04:08:59.167070900,1.0,9900.0
ord_0f0247baca43,9,2026-09-03 14:55:45,8950.0,last_touch,t_001015,cmp_003,pl_009,cr_000,click,2026-08-28 08:55:48.022511603,1.0,8950.0
ord_0f90917f515e,125,2026-09-07 08:46:37,8950.0,last_touch,t_000042,cmp_001,pl_006,cr_002,bot_start,2026-09-01 15:20:00.666096042,0.0,0.0
ord_0f90917f515e,125,2026-09-07 08:46:37,8950.0,last_touch,t_000043,cmp_002,pl_000,cr_000,click,2026-09-06 00:19:54.966725413,1.0,8950.0
ord_0fded6be3396,259,2026-08-08 07:59:01,8745.0,last_touch,t_000292,cmp_002,pl_000,cr_000,bot_start,2026-08-06 22:58:17.958803049,1.0,8745.0
ord_0fe6ac00a1eb,450,2026-09-03 06:06:37,8950.0,last_touch,t_000658,cmp_002,pl_002,cr_002,click,2026-09-01 13:47:33.622485596,1.0,8950.0
ord_102e712e189a,506,2026-08-27 12:29:06,8950.0,last_touch,t_000762,cmp_003,pl_009,cr_000,bot_start,2026-08-22 08:57:24.511493500,1.0,8950.0
ord_1083148850a7,48,2026-09-05 14:24:29,8950.0,last_touch,t_000708,cmp_002,pl_002,cr_002,click,2026-08-30 19:17:14.670587895,1.0,8950.0
ord_111f1b3401d4,70,2026-08-18 19:10:04,8475.0,last_touch,t_000976,cmp_004,pl_003,cr_000,click,2026-08-13 09:37:18.083568946,0.0,0.0
ord_111f1b3401d4,70,2026-08-18 19:10:04,8475.0,last_touch,t_000977,cmp_001,pl_006,cr_002,click,2026-08-15 04:12:01.565327328,1.0,8475.0
ord_120e8119bbbd,220,2026-08-22 19:19:35,9950.0,last_touch,t_000217,cmp_002,pl_008,cr_001,bot_start,2026-08-19 16:10:08.451978059,1.0,9950.0
ord_126e2c670653,104,2026-08-23 21:00:30,14950.0,last_touch,t_000009,cmp_000,pl_004,cr_003,bot_start,2026-08-19 18:06:40.743245138,1.0,14950.0
ord_127af47915d1,248,2026-08-22 13:43:42,7475.0,last_touch,t_000272,cmp_000,pl_001,cr_004,click,2026-08-22 01:38:50.673276540,1.0,7475.0
ord_12861ede06bc,326,2026-09-04 10:55:46,14950.0,last_touch,t_000427,cmp_002,pl_002,cr_002,bot_start,2026-09-02 13:08:10.880274242,0.0,0.0
ord_12861ede06bc,326,2026-09-04 10:55:46,14950.0,last_touch,t_000426,cmp_000,pl_001,cr_004,bot_start,2026-09-03 10:48:04.595054897,1.0,14950.0
ord_128f6f54c0bb,80,2026-09-09 04:53:08,6975.0,last_touch,t_000996,cmp_004,pl_003,cr_000,bot_start,2026-09-03 12:21:52.229548673,0.0,0.0
ord_128f6f54c0bb,80,2026-09-09 04:53:08,6975.0,last_touch,t_000994,cmp_003,pl_007,cr_003,bot_start,2026-09-04 20:55:21.244845413,0.0,0.0
ord_128f6f54c0bb,80,2026-09-09 04:53:08,6975.0,last_touch,t_000995,cmp_003,pl_009,cr_000,lead,2026-09-05 13:27:06.329866895,1.0,6975.0
ord_12f6f616dabf,63,2026-08-09 19:29:08,12900.0,last_touch,t_000961,cmp_001,pl_006,cr_002,bot_start,2026-08-06 02:30:07.297000178,1.0,12900.0
ord_135bfa95ad03,324,2026-08-31 19:22:31,8450.0,last_touch,t_000422,cmp_002,pl_000,cr_000,click,2026-08-27 03:46:27.636407322,0.0,0.0
ord_135bfa95ad03,324,2026-08-31 19:22:31,8450.0,last_touch,t_000424,cmp_003,pl_007,cr_003,click,2026-08-28 06:25:17.382703961,0.0,0.0
ord_135bfa95ad03,324,2026-08-31 19:22:31,8450.0,last_touch,t_000423,cmp_003,pl_009,cr_000,click,2026-08-28 09:34:55.230593552,1.0,8450.0
ord_142b55618fb5,449,2026-09-06 17:28:24,8950.0,last_touch,t_000655,cmp_000,pl_004,cr_003,bot_start,2026-09-01 09:54:22.165913343,0.0,0.0
ord_142b55618fb5,449,2026-09-06 17:28:24,8950.0,last_touch,t_000656,cmp_000,pl_001,cr_004,click,2026-09-05 08:09:13.879050609,1.0,8950.0
ord_145b2c6e5078,177,2026-08-28 10:47:56,8950.0,last_touch,t_000139,cmp_000,pl_004,cr_003,click,2026-08-21 13:12:16.949468000,0.0,0.0
ord_145b2c6e5078,177,2026-08-28 10:47:56,8950.0,last_touch,t_000140,cmp_003,pl_009,cr_000,bot_start,2026-08-23 04:20:00.035838867,1.0,8950.0
ord_146df1730fa1,185,2026-08-27 14:36:47,13950.0,last_touch,t_000157,cmp_000,pl_004,cr_003,bot_start,2026-08-20 20:58:35.072370487,0.0,0.0
ord_146df1730fa1,185,2026-08-27 14:36:47,13950.0,last_touch,t_000158,cmp_000,pl_004,cr_003,click,2026-08-23 14:14:21.912691716,1.0,13950.0
ord_1483e99251d1,359,2026-09-06 18:40:33,7475.0,last_touch,t_000484,cmp_001,pl_006,cr_002,click,2026-09-06 04:31:35.637266862,1.0,7475.0
ord_154e9cd0a990,192,2026-08-24 15:05:04,14950.0,last_touch,t_000169,cmp_002,pl_008,cr_001,click,2026-08-22 18:47:21.263879666,1.0,14950.0
ord_15bde24eb45e,188,2026-09-06 01:03:43,6975.0,last_touch,t_000162,cmp_000,pl_001,cr_004,bot_start,2026-08-30 01:53:18.497798090,0.0,0.0
ord_15bde24eb45e,188,2026-09-06 01:03:43,6975.0,last_touch,t_000163,cmp_002,pl_002,cr_002,bot_start,2026-08-30 16:15:48.690886480,0.0,0.0
ord_15bde24eb45e,188,2026-09-06 01:03:43,6975.0,last_touch,t_000164,cmp_002,pl_008,cr_001,click,2026-09-04 08:10:26.279874077,1.0,6975.0
ord_16a607842721,81,2026-08-30 13:44:26,8450.0,last_touch,t_000998,cmp_002,pl_005,cr_004,bot_start,2026-08-24 03:59:46.258955570,0.0,0.0
ord_16a607842721,81,2026-08-30 13:44:26,8450.0,last_touch,t_000997,cmp_002,pl_000,cr_000,bot_start,2026-08-26 22:58:26.068502427,1.0,8450.0
ord_16d5fab6323f,173,2026-08-11 07:48:36,9900.0,last_touch,t_000131,cmp_002,pl_005,cr_004,click,2026-08-07 08:54:35.559371830,0.0,0.0
ord_16d5fab6323f,173,2026-08-11 07:48:36,9900.0,last_touch,t_000132,cmp_000,pl_004,cr_003,lead,2026-08-08 05:38:08.912236415,0.0,0.0
ord_16d5fab6323f,173,2026-08-11 07:48:36,9900.0,last_touch,t_000133,cmp_001,pl_006,cr_002,click,2026-08-09 16:07:08.303303400,1.0,9900.0
ord_1731ed2f88ac,133,2026-08-16 09:59:37,9900.0,last_touch,t_000056,cmp_000,pl_001,cr_004,click,2026-08-15 13:39:57.706636579,1.0,9900.0
ord_183cfca353af,213,2026-08-23 20:58:38,8950.0,last_touch,t_000203,cmp_001,pl_006,cr_002,click,2026-08-19 10:00:48.982010745,0.0,0.0
ord_183cfca353af,213,2026-08-23 20:58:38,8950.0,last_touch,t_000205,cmp_002,pl_005,cr_004,click,2026-08-20 08:01:31.231878504,0.0,0.0
ord_183cfca353af,213,2026-08-23 20:58:38,8950.0,last_touch,t_000204,cmp_004,pl_003,cr_000,bot_start,2026-08-20 17:09:04.988565914,1.0,8950.0
ord_18a6dcc7045d,510,2026-09-05 10:34:42,8950.0,last_touch,t_000773,cmp_000,pl_001,cr_004,click,2026-08-30 19:14:13.630213163,0.0,0.0
ord_18a6dcc7045d,510,2026-09-05 10:34:42,8950.0,last_touch,t_000772,cmp_002,pl_000,cr_000,click,2026-09-04 07:42:11.500692506,0.0,0.0
ord_18a6dcc7045d,510,2026-09-05 10:34:42,8950.0,last_touch,t_000771,cmp_002,pl_000,cr_000,click,2026-09-04 12:49:02.061340797,1.0,8950.0
ord_18fbab1ad4c3,502,2026-09-05 10:11:25,8450.0,last_touch,t_000755,cmp_002,pl_005,cr_004,click,2026-08-30 10:40:23.491873635,0.0,0.0
ord_18fbab1ad4c3,502,2026-09-05 10:11:25,8450.0,last_touch,t_000756,cmp_003,pl_007,cr_003,click,2026-08-30 20:59:33.997936244,0.0,0.0
ord_18fbab1ad4c3,502,2026-09-05 10:11:25,8450.0,last_touch,t_000754,cmp_000,pl_001,cr_004,bot_start,2026-09-04 15:29:19.996465839,1.0,8450.0
ord_19ea5cf660f5,113,2026-09-06 15:14:57,8950.0,last_touch,t_000024,cmp_003,pl_009,cr_000,click,2026-08-30 21:42:50.145843605,1.0,8950.0
ord_1a1ea7a0f815,204,2026-09-07 13:39:13,8950.0,last_touch,t_000188,cmp_001,pl_006,cr_002,lead,2026-09-06 23:04:01.783254333,1.0,8950.0
ord_1c11b9dc4c43,32,2026-08-09 04:36:11,6490.0,last_touch,t_000416,cmp_002,pl_005,cr_004,bot_start,2026-08-04 17:02:25.458436719,1.0,6490.0
ord_1c319f621766,377,2026-09-05 19:24:12,14950.0,last_touch,t_000512,cmp_003,pl_007,cr_003,click,2026-08-30 11:42:16.629446230,0.0,0.0
ord_1c319f621766,377,2026-09-05 19:24:12,14950.0,last_touch,t_000513,cmp_000,pl_001,cr_004,click,2026-08-31 01:36:18.473908235,0.0,0.0
ord_1c319f621766,377,2026-09-05 19:24:12,14950.0,last_touch,t_000511,cmp_002,pl_000,cr_000,bot_start,2026-08-31 08:06:04.644057025,1.0,14950.0
ord_1c6b616d7106,586,2026-08-12 17:45:53,8745.0,last_touch,t_000913,cmp_001,pl_006,cr_002,click,2026-08-05 23:58:10.075859902,1.0,8745.0
ord_1cbd61ea100d,263,2026-08-22 19:53:10,8950.0,last_touch,t_000300,cmp_000,pl_001,cr_004,click,2026-08-18 12:39:52.882104748,0.0,0.0
ord_1cbd61ea100d,263,2026-08-22 19:53:10,8950.0,last_touch,t_000303,cmp_002,pl_008,cr_001,lead,2026-08-18 14:45:04.309739782,0.0,0.0
ord_1cbd61ea100d,263,2026-08-22 19:53:10,8950.0,last_touch,t_000301,cmp_001,pl_006,cr_002,click,2026-08-21 01:44:44.206114815,0.0,0.0
ord_1cbd61ea100d,263,2026-08-22 19:53:10,8950.0,last_touch,t_000302,cmp_004,pl_003,cr_000,click,2026-08-21 23:34:29.277670855,1.0,8950.0
ord_1cec027f532b,258,2026-08-10 15:03:03,6490.0,last_touch,t_000291,cmp_002,pl_008,cr_001,click,2026-08-08 18:45:40.134345705,1.0,6490.0
ord_1d1e325b1015,339,2026-08-11 12:22:26,6450.0,last_touch,t_000451,cmp_000,pl_001,cr_004,click,2026-08-07 09:57:10.199741252,1.0,6450.0
ord_1d3cac61f0bf,390,2026-09-01 02:23:30,8975.0,last_touch,t_000535,cmp_000,pl_004,cr_003,bot_start,2026-08-25 10:12:53.465039252,1.0,8975.0
ord_1da6e4a987d2,156,2026-08-22 10:54:14,14950.0,last_touch,t_000101,cmp_003,pl_007,cr_003,click,2026-08-15 14:01:10.735962366,1.0,14950.0
ord_1e3f658b7c5c,38,2026-08-09 12:15:31,6490.0,last_touch,t_000517,cmp_002,pl_008,cr_001,click,2026-08-06 02:20:12.845220034,0.0,0.0
ord_1e3f658b7c5c,38,2026-08-09 12:15:31,6490.0,last_touch,t_000518,cmp_002,pl_000,cr_000,click,2026-08-06 10:59:31.017203656,0.0,0.0
ord_1e3f658b7c5c,38,2026-08-09 12:15:31,6490.0,last_touch,t_000516,cmp_001,pl_006,cr_002,click,2026-08-07 05:12:52.170309880,1.0,6490.0
ord_1eb88d1635e9,168,2026-08-25 06:26:04,14950.0,last_touch,t_000121,cmp_003,pl_007,cr_003,lead,2026-08-19 07:58:15.510426987,1.0,14950.0
ord_1f8f5738f7a5,34,2026-09-01 17:23:37,8945.0,last_touch,t_000452,cmp_003,pl_007,cr_003,click,2026-08-27 23:04:38.801272037,1.0,8945.0
ord_1f9f13a88c1c,37,2026-09-02 04:13:14,5750.0,last_touch,t_000499,cmp_002,pl_005,cr_004,click,2026-08-30 23:07:06.199528880,1.0,5750.0
ord_1fceee77c844,572,2026-09-02 14:54:22,8945.0,last_touch,t_000887,cmp_003,pl_007,cr_003,bot_start,2026-08-30 20:57:12.343609541,1.0,8945.0
ord_1fe30b789e57,430,2026-08-23 16:17:56,8000.0,last_touch,t_000610,cmp_001,pl_006,cr_002,click,2026-08-16 22:50:11.207543380,1.0,8000.0
ord_1fe9a3d99b7d,144,2026-09-01 15:30:39,8950.0,last_touch,t_000078,cmp_000,pl_001,cr_004,bot_start,2026-08-26 06:32:57.578276123,0.0,0.0
ord_1fe9a3d99b7d,144,2026-09-01 15:30:39,8950.0,last_touch,t_000077,cmp_003,pl_007,cr_003,bot_start,2026-08-28 10:10:10.618910913,0.0,0.0
ord_1fe9a3d99b7d,144,2026-09-01 15:30:39,8950.0,last_touch,t_000080,cmp_003,pl_007,cr_003,click,2026-08-30 02:27:29.507117286,0.0,0.0
ord_1fe9a3d99b7d,144,2026-09-01 15:30:39,8950.0,last_touch,t_000079,cmp_002,pl_008,cr_001,click,2026-08-30 09:18:26.577184846,1.0,8950.0
ord_201c822a24c4,235,2026-08-23 16:04:24,8450.0,last_touch,t_000247,cmp_003,pl_009,cr_000,click,2026-08-21 20:28:47.415709778,1.0,8450.0
ord_201d629a754d,468,2026-08-19 07:10:12,9450.0,last_touch,t_000688,cmp_003,pl_007,cr_003,click,2026-08-15 09:13:32.975337582,0.0,0.0
ord_201d629a754d,468,2026-08-19 07:10:12,9450.0,last_touch,t_000687,cmp_000,pl_001,cr_004,click,2026-08-15 19:44:16.837147622,0.0,0.0
ord_201d629a754d,468,2026-08-19 07:10:12,9450.0,last_touch,t_000689,cmp_002,pl_005,cr_004,click,2026-08-16 02:27:11.113696506,1.0,9450.0
ord_2035e3041e35,594,2026-09-03 18:16:38,5000.0,last_touch,t_000933,cmp_002,pl_005,cr_004,click,2026-08-30 14:19:24.607673245,0.0,0.0
ord_2035e3041e35,594,2026-09-03 18:16:38,5000.0,last_touch,t_000932,cmp_000,pl_004,cr_003,lead,2026-09-01 00:39:30.420758446,0.0,0.0
ord_2035e3041e35,594,2026-09-03 18:16:38,5000.0,last_touch,t_000931,cmp_002,pl_000,cr_000,bot_start,2026-09-03 01:52:29.910729213,1.0,5000.0
ord_20f6eedc8c53,447,2026-08-23 13:46:56,8450.0,last_touch,t_000653,cmp_002,pl_000,cr_000,click,2026-08-21 14:27:51.141304995,1.0,8450.0
ord_210787d94c0e,45,2026-08-14 10:04:52,5750.0,last_touch,t_000657,cmp_003,pl_007,cr_003,click,2026-08-10 07:29:40.252714490,1.0,5750.0
ord_210b0f2849cb,466,2026-08-26 13:56:39,8950.0,last_touch,t_000685,cmp_002,pl_005,cr_004,click,2026-08-21 02:12:46.835185128,1.0,8950.0
ord_215b1194a3e3,551,2026-09-02 09:58:19,8950.0,last_touch,t_000848,cmp_003,pl_009,cr_000,lead,2026-08-26 14:27:18.644783404,0.0,0.0
ord_215b1194a3e3,551,2026-09-02 09:58:19,8950.0,last_touch,t_000847,cmp_002,pl_005,cr_004,lead,2026-08-28 07:38:17.743739897,1.0,8950.0
ord_22a56662eca5,91,2026-08-24 00:44:40,8950.0,last_touch,t_001017,cmp_002,pl_000,cr_000,bot_start,2026-08-18 16:20:24.581574546,1.0,8950.0
ord_22e8d5965c7f,126,2026-08-05 13:22:41,8745.0,last_touch,t_000045,cmp_002,pl_005,cr_004,click,2026-08-04 00:35:47.860055772,0.0,0.0
ord_22e8d5965c7f,126,2026-08-05 13:22:41,8745.0,last_touch,t_000044,cmp_003,pl_007,cr_003,lead,2026-08-04 15:54:31.467982773,1.0,8745.0
ord_230264778ff7,560,2026-08-25 14:09:51,8950.0,last_touch,t_000866,cmp_002,pl_008,cr_001,click,2026-08-20 00:35:03.802848292,0.0,0.0
ord_230264778ff7,560,2026-08-25 14:09:51,8950.0,last_touch,t_000865,cmp_002,pl_008,cr_001,click,2026-08-22 13:15:16.239761068,0.0,0.0
ord_230264778ff7,560,2026-08-25 14:09:51,8950.0,last_touch,t_000867,cmp_000,pl_004,cr_003,bot_start,2026-08-22 22:59:06.246337776,1.0,8950.0
ord_239a0aae9906,351,2026-08-20 11:12:25,9450.0,last_touch,t_000471,cmp_000,pl_001,cr_004,click,2026-08-17 13:38:41.028466527,0.0,0.0
ord_239a0aae9906,351,2026-08-20 11:12:25,9450.0,last_touch,t_000470,cmp_000,pl_001,cr_004,lead,2026-08-17 22:30:05.464326961,0.0,0.0
ord_239a0aae9906,351,2026-08-20 11:12:25,9450.0,last_touch,t_000472,cmp_003,pl_007,cr_003,click,2026-08-18 12:57:09.101019306,1.0,9450.0
ord_23c038118beb,541,2026-09-02 10:48:17,14950.0,last_touch,t_000826,cmp_004,pl_003,cr_000,click,2026-08-29 12:20:00.185734958,1.0,14950.0
ord_23ecd941d316,375,2026-09-04 14:19:28,7000.0,last_touch,t_000509,cmp_003,pl_009,cr_000,click,2026-09-01 23:10:05.947009157,1.0,7000.0
ord_2450a95b13ee,208,2026-08-13 19:25:17,6450.0,last_touch,t_000192,cmp_002,pl_008,cr_001,bot_start,2026-08-11 15:50:59.013114878,1.0,6450.0
ord_24dd72357c2b,599,2026-08-26 12:25:10,8950.0,last_touch,t_000943,cmp_000,pl_004,cr_003,bot_start,2026-08-22 11:05:05.686239324,0.0,0.0
ord_24dd72357c2b,599,2026-08-26 12:25:10,8950.0,last_touch,t_000944,cmp_002,pl_008,cr_001,click,2026-08-22 16:39:20.576563431,1.0,8950.0
ord_2512a40bce72,152,2026-08-10 08:42:13,6490.0,last_touch,t_000093,cmp_002,pl_000,cr_000,bot_start,2026-08-09 12:38:41.913804714,1.0,6490.0
ord_25369a131dab,218,2026-08-22 09:03:23,16950.0,last_touch,t_000212,cmp_002,pl_002,cr_002,lead,2026-08-16 04:17:22.216256190,0.0,0.0
ord_25369a131dab,218,2026-08-22 09:03:23,16950.0,last_touch,t_000211,cmp_002,pl_002,cr_002,bot_start,2026-08-19 23:04:17.949918937,1.0,16950.0
ord_256987df7f8e,209,2026-08-23 06:58:29,8950.0,last_touch,t_000193,cmp_003,pl_007,cr_003,click,2026-08-18 01:45:16.773143813,1.0,8950.0
ord_25de8f83c331,242,2026-08-29 13:44:52,8950.0,last_touch,t_000262,cmp_000,pl_001,cr_004,bot_start,2026-08-23 07:42:40.768181228,0.0,0.0
ord_25de8f83c331,242,2026-08-29 13:44:52,8950.0,last_touch,t_000263,cmp_000,pl_004,cr_003,click,2026-08-23 15:52:23.553586678,0.0,0.0
ord_25de8f83c331,242,2026-08-29 13:44:52,8950.0,last_touch,t_000261,cmp_003,pl_009,cr_000,click,2026-08-23 22:23:33.553860010,1.0,8950.0
ord_263e75057c5b,360,2026-08-23 20:57:22,8950.0,last_touch,t_000486,cmp_002,pl_008,cr_001,click,2026-08-20 00:35:43.095563181,1.0,8950.0
ord_269b81bc213b,19,2026-08-09 11:01:50,9900.0,last_touch,t_000166,cmp_001,pl_006,cr_002,click,2026-08-04 02:28:19.431908845,1.0,9900.0
ord_270b804b75f1,430,2026-08-04 13:38:06,8950.0,last_touch,,,,,organic,,0.0,0.0
ord_278aa5024390,567,2026-09-09 15:06:26,14950.0,last_touch,t_000880,cmp_002,pl_008,cr_001,click,2026-09-03 19:50:13.987648579,1.0,14950.0
ord_28012fba1fa8,532,2026-08-08 16:22:47,9990.0,last_touch,t_000810,cmp_000,pl_004,cr_003,click,2026-08-04 09:05:47.983366245,1.0,9990.0
ord_2827ece2be1b,432,2026-08-30 10:31:12,8545.0,last_touch,t_000614,cmp_003,pl_009,cr_000,bot_start,2026-08-26 16:37:56.207683319,0.0,0.0
ord_2827ece2be1b,432,2026-08-30 10:31:12,8545.0,last_touch,t_000613,cmp_002,pl_000,cr_000,click,2026-08-28 04:41:22.023958092,1.0,8545.0
ord_29178d81a948,500,2026-08-10 13:21:01,6490.0,last_touch,t_000752,cmp_001,pl_006,cr_002,click,2026-08-07 21:29:58.000963690,1.0,6490.0
ord_294593978805,380,2026-08-09 17:19:11,6490.0,last_touch,t_000520,cmp_000,pl_004,cr_003,click,2026-08-06 12:09:06.370378630,0.0,0.0
ord_294593978805,380,2026-08-09 17:19:11,6490.0,last_touch,t_000519,cmp_003,pl_009,cr_000,click,2026-08-07 02:10:54.184058258,1.0,6490.0
ord_2a26022a7bfb,190,2026-09-09 02:52:43,9950.0,last_touch,t_000167,cmp_003,pl_009,cr_000,click,2026-09-05 06:22:08.090814006,1.0,9950.0
ord_2aa1c00e3027,425,2026-08-24 07:03:39,8503.0,last_touch,t_000600,cmp_000,pl_004,cr_003,click,2026-08-18 01:12:32.016268894,0.0,0.0
ord_2aa1c00e3027,425,2026-08-24 07:03:39,8503.0,last_touch,t_000598,cmp_000,pl_001,cr_004,lead,2026-08-19 20:06:35.682924799,0.0,0.0
ord_2aa1c00e3027,425,2026-08-24 07:03:39,8503.0,last_touch,t_000599,cmp_000,pl_001,cr_004,lead,2026-08-23 11:06:48.799615903,1.0,8503.0
ord_2ac7f4fc1f7d,118,2026-08-23 08:24:45,8450.0,last_touch,t_000030,cmp_001,pl_006,cr_002,click,2026-08-16 21:30:52.747770720,1.0,8450.0
ord_2ba921bac9ba,497,2026-08-31 12:11:14,8950.0,last_touch,t_000742,cmp_002,pl_002,cr_002,bot_start,2026-08-26 17:20:03.147573321,0.0,0.0
ord_2ba921bac9ba,497,2026-08-31 12:11:14,8950.0,last_touch,t_000740,cmp_003,pl_007,cr_003,bot_start,2026-08-27 00:52:39.606201183,0.0,0.0
ord_2ba921bac9ba,497,2026-08-31 12:11:14,8950.0,last_touch,t_000741,cmp_003,pl_007,cr_003,click,2026-08-29 13:33:45.615587328,1.0,8950.0
ord_2bfa7a2baa22,253,2026-08-30 17:04:49,8950.0,last_touch,t_000282,cmp_002,pl_008,cr_001,click,2026-08-25 10:27:47.366553627,1.0,8950.0
ord_2c00935b67ae,384,2026-09-04 20:38:50,8450.0,last_touch,t_000524,cmp_002,pl_005,cr_004,click,2026-08-29 07:37:47.217320773,1.0,8450.0
ord_2dd06279231c,508,2026-09-03 08:29:32,5750.0,last_touch,t_000767,cmp_003,pl_009,cr_000,click,2026-08-28 05:41:47.777231210,1.0,5750.0
ord_2de2b58204c3,39,2026-08-27 17:02:28,9950.0,last_touch,t_000534,cmp_002,pl_008,cr_001,bot_start,2026-08-26 22:59:45.252213635,1.0,9950.0
ord_2e0ed66cf347,107,2026-08-23 18:28:17,13950.0,last_touch,t_000013,cmp_002,pl_002,cr_002,click,2026-08-19 04:08:50.295704433,0.0,0.0
ord_2e0ed66cf347,107,2026-08-23 18:28:17,13950.0,last_touch,t_000014,cmp_004,pl_003,cr_000,click,2026-08-22 16:47:52.805312078,1.0,13950.0
ord_2e3b4bf87f0b,127,2026-09-05 17:27:41,8950.0,last_touch,t_000046,cmp_002,pl_002,cr_002,click,2026-09-04 07:34:06.282288907,1.0,8950.0
ord_2e52a7d56510,520,2026-08-09 09:27:27,6490.0,last_touch,t_000787,cmp_003,pl_009,cr_000,bot_start,2026-08-05 00:40:28.378048382,1.0,6490.0
ord_2ec716200ec9,73,2026-08-08 20:05:40,4995.0,last_touch,t_000982,cmp_002,pl_008,cr_001,click,2026-08-04 12:39:25.485974321,1.0,4995.0
ord_2ec99016c8d9,203,2026-08-23 20:42:20,14950.0,last_touch,t_000187,cmp_001,pl_006,cr_002,click,2026-08-22 05:43:34.685294129,0.0,0.0
ord_2ec99016c8d9,203,2026-08-23 20:42:20,14950.0,last_touch,t_000186,cmp_003,pl_007,cr_003,click,2026-08-22 13:02:43.606475095,1.0,14950.0
ord_2ed00dbff83c,406,2026-09-05 13:55:08,8450.0,last_touch,t_000564,cmp_002,pl_008,cr_001,bot_start,2026-09-04 17:08:16.202629314,1.0,8450.0
ord_2f78661d82e9,438,2026-09-09 13:24:37,8950.0,last_touch,t_000632,cmp_000,pl_004,cr_003,click,2026-09-08 12:33:05.441120878,1.0,8950.0
ord_2fcf38bd11aa,283,2026-09-09 13:34:09,14950.0,last_touch,t_000347,cmp_004,pl_003,cr_000,click,2026-09-05 13:15:17.289676905,0.0,0.0
ord_2fcf38bd11aa,283,2026-09-09 13:34:09,14950.0,last_touch,t_000348,cmp_003,pl_007,cr_003,bot_start,2026-09-06 23:32:04.718795742,1.0,14950.0
ord_2ff4d4d27c66,116,2026-08-25 10:01:02,14950.0,last_touch,t_000028,cmp_000,pl_004,cr_003,click,2026-08-21 07:35:15.301788470,1.0,14950.0
ord_3044449f7507,179,2026-08-12 02:06:02,6490.0,last_touch,t_000144,cmp_002,pl_005,cr_004,click,2026-08-06 05:46:39.336309251,0.0,0.0
ord_3044449f7507,179,2026-08-12 02:06:02,6490.0,last_touch,t_000143,cmp_002,pl_002,cr_002,lead,2026-08-06 08:58:45.223628818,0.0,0.0
ord_3044449f7507,179,2026-08-12 02:06:02,6490.0,last_touch,t_000142,cmp_002,pl_000,cr_000,click,2026-08-06 10:17:10.104245520,1.0,6490.0
ord_3225c431aef9,95,2026-08-23 19:08:11,14950.0,last_touch,t_001021,cmp_000,pl_001,cr_004,click,2026-08-18 20:21:00.648826209,1.0,14950.0
ord_3233f27dd951,428,2026-09-04 18:33:44,17900.0,last_touch,t_000605,cmp_002,pl_002,cr_002,bot_start,2026-09-02 18:15:21.626426654,1.0,17900.0
ord_33193f82cf51,529,2026-08-24 13:11:03,14950.0,last_touch,t_000804,cmp_002,pl_000,cr_000,click,2026-08-18 07:24:58.943048626,1.0,14950.0
ord_33ae3f4207e8,138,2026-08-09 16:33:22,6490.0,last_touch,t_000064,cmp_002,pl_008,cr_001,click,2026-08-05 00:47:03.266873239,0.0,0.0
ord_33ae3f4207e8,138,2026-08-09 16:33:22,6490.0,last_touch,t_000062,cmp_003,pl_009,cr_000,click,2026-08-05 16:55:46.191011807,0.0,0.0
ord_33ae3f4207e8,138,2026-08-09 16:33:22,6490.0,last_touch,t_000063,cmp_003,pl_009,cr_000,click,2026-08-06 04:21:33.876282682,1.0,6490.0
ord_33f6ad2fee23,553,2026-09-05 18:27:14,8950.0,last_touch,t_000851,cmp_003,pl_009,cr_000,click,2026-09-04 13:30:51.794743416,1.0,8950.0
ord_3485a77bffca,525,2026-08-22 15:39:49,8950.0,last_touch,t_000795,cmp_000,pl_001,cr_004,click,2026-08-20 01:52:20.897455468,1.0,8950.0
ord_34af20259fbd,335,2026-08-09 16:07:42,9900.0,last_touch,t_000444,cmp_002,pl_002,cr_002,lead,2026-08-05 09:16:01.033151486,0.0,0.0
ord_34af20259fbd,335,2026-08-09 16:07:42,9900.0,last_touch,t_000443,cmp_003,pl_007,cr_003,click,2026-08-07 13:03:38.778491372,1.0,9900.0
ord_34ea914a548b,13,2026-09-07 07:54:24,8950.0,last_touch,t_000052,cmp_001,pl_006,cr_002,click,2026-09-01 12:31:18.982461132,1.0,8950.0
ord_352db9af8a4a,110,2026-09-07 10:27:06,8950.0,last_touch,t_000020,cmp_002,pl_008,cr_001,click,2026-09-02 17:04:32.148566814,0.0,0.0
ord_352db9af8a4a,110,2026-09-07 10:27:06,8950.0,last_touch,t_000021,cmp_003,pl_007,cr_003,click,2026-09-06 15:57:35.479959162,1.0,8950.0
ord_3584920b3bfd,561,2026-09-03 18:55:28,18900.0,last_touch,t_000868,cmp_002,pl_008,cr_001,lead,2026-09-02 23:59:54.478055013,1.0,18900.0
ord_3586329512b2,545,2026-09-05 19:45:17,8950.0,last_touch,t_000833,cmp_002,pl_000,cr_000,bot_start,2026-08-29 21:10:46.741950035,1.0,8950.0
ord_359a7f0015d6,459,2026-08-07 11:31:08,9950.0,last_touch,t_000673,cmp_002,pl_005,cr_004,click,2026-08-04 23:57:26.940768582,0.0,0.0
ord_359a7f0015d6,459,2026-08-07 11:31:08,9950.0,last_touch,t_000674,cmp_001,pl_006,cr_002,click,2026-08-06 13:57:19.636661635,1.0,9950.0
ord_35deb40225c1,255,2026-08-26 14:52:53,8950.0,last_touch,t_000286,cmp_003,pl_007,cr_003,click,2026-08-22 17:27:43.586815988,1.0,8950.0
ord_3648a6a097fd,169,2026-09-05 15:47:16,8950.0,last_touch,t_000123,cmp_004,pl_003,cr_000,click,2026-08-31 05:57:22.574958472,0.0,0.0
ord_3648a6a097fd,169,2026-09-05 15:47:16,8950.0,last_touch,t_000124,cmp_002,pl_000,cr_000,click,2026-09-02 02:34:21.993758671,0.0,0.0
ord_3648a6a097fd,169,2026-09-05 15:47:16,8950.0,last_touch,t_000122,cmp_000,pl_001,cr_004,click,2026-09-02 05:51:41.263596357,1.0,8950.0
ord_370b69ea2562,494,2026-09-05 19:15:54,8959.0,last_touch,t_000733,cmp_004,pl_003,cr_000,click,2026-08-30 07:57:11.952181577,0.0,0.0
ord_370b69ea2562,494,2026-09-05 19:15:54,8959.0,last_touch,t_000734,cmp_001,pl_006,cr_002,click,2026-08-30 12:57:43.075685019,0.0,0.0
ord_370b69ea2562,494,2026-09-05 19:15:54,8959.0,last_touch,t_000735,cmp_002,pl_008,cr_001,bot_start,2026-08-31 05:08:32.092120672,1.0,8959.0
ord_37361df7574c,230,2026-09-03 15:07:18,8950.0,last_touch,t_000237,cmp_002,pl_000,cr_000,click,2026-08-28 15:08:40.153569479,0.0,0.0
ord_37361df7574c,230,2026-09-03 15:07:18,8950.0,last_touch,t_000238,cmp_001,pl_006,cr_002,bot_start,2026-08-31 04:58:44.282181823,1.0,8950.0
ord_37478f3e1765,591,2026-09-05 10:13:46,8450.0,last_touch,t_000925,cmp_002,pl_002,cr_002,bot_start,2026-09-02 01:36:44.386387733,0.0,0.0
ord_37478f3e1765,591,2026-09-05 10:13:46,8450.0,last_touch,t_000926,cmp_002,pl_002,cr_002,bot_start,2026-09-04 15:59:54.614871439,1.0,8450.0
ord_377006081bf8,207,2026-08-09 10:15:38,6490.0,last_touch,t_000191,cmp_003,pl_009,cr_000,click,2026-08-08 19:25:39.038537694,1.0,6490.0
ord_37a094aecf1b,256,2026-08-08 17:54:37,5990.0,last_touch,t_000288,cmp_002,pl_000,cr_000,click,2026-08-04 01:05:20.107370842,0.0,0.0
ord_37a094aecf1b,256,2026-08-08 17:54:37,5990.0,last_touch,t_000287,cmp_004,pl_003,cr_000,bot_start,2026-08-06 20:47:42.158827039,1.0,5990.0
ord_37c2fbd9d690,7,2026-08-08 14:07:56,4950.0,last_touch,t_000974,cmp_003,pl_009,cr_000,click,2026-08-04 13:06:26.452229843,0.0,0.0
ord_37c2fbd9d690,7,2026-08-08 14:07:56,4950.0,last_touch,t_000973,cmp_001,pl_006,cr_002,click,2026-08-04 18:26:07.392969784,0.0,0.0
ord_37c2fbd9d690,7,2026-08-08 14:07:56,4950.0,last_touch,t_000975,cmp_002,pl_000,cr_000,bot_start,2026-08-06 01:15:12.449129341,1.0,4950.0
ord_3857f91b7ae4,281,2026-08-11 12:02:08,4950.0,last_touch,t_000343,cmp_004,pl_003,cr_000,click,2026-08-10 14:09:22.726360644,1.0,4950.0
ord_38c712db78c9,414,2026-09-05 16:25:16,8950.0,last_touch,t_000576,cmp_002,pl_002,cr_002,bot_start,2026-08-30 09:11:04.696523080,0.0,0.0
ord_38c712db78c9,414,2026-09-05 16:25:16,8950.0,last_touch,t_000577,cmp_002,pl_002,cr_002,click,2026-09-01 13:42:15.249421773,0.0,0.0
ord_38c712db78c9,414,2026-09-05 16:25:16,8950.0,last_touch,t_000578,cmp_002,pl_002,cr_002,lead,2026-09-03 00:58:28.530843877,1.0,8950.0
ord_38d0c03b95f5,250,2026-09-05 14:54:24,14950.0,last_touch,t_000277,cmp_001,pl_006,cr_002,click,2026-08-31 05:40:26.760783104,1.0,14950.0
ord_39235d472d72,295,2026-08-06 10:14:55,6950.0,last_touch,t_000368,cmp_002,pl_008,cr_001,click,2026-08-04 09:24:33.985936694,1.0,6950.0
ord_3947b6dd5865,379,2026-09-04 11:44:55,7475.0,last_touch,t_000515,cmp_002,pl_002,cr_002,bot_start,2026-09-03 18:24:59.842822690,1.0,7475.0
ord_394a1a89b5ee,587,2026-08-26 21:47:21,8450.0,last_touch,t_000915,cmp_002,pl_008,cr_001,bot_start,2026-08-22 18:03:56.755934996,0.0,0.0
ord_394a1a89b5ee,587,2026-08-26 21:47:21,8450.0,last_touch,t_000914,cmp_003,pl_009,cr_000,click,2026-08-24 07:07:29.814958876,1.0,8450.0
ord_397422198a44,531,2026-08-30 10:04:17,8950.0,last_touch,t_000809,cmp_003,pl_009,cr_000,bot_start,2026-08-25 12:18:44.322473212,1.0,8950.0
ord_39a2dfe3e9ce,446,2026-08-10 09:02:50,6950.0,last_touch,t_000651,cmp_004,pl_003,cr_000,lead,2026-08-05 16:46:11.405950261,0.0,0.0
ord_39a2dfe3e9ce,446,2026-08-10 09:02:50,6950.0,last_touch,t_000652,cmp_000,pl_001,cr_004,click,2026-08-08 06:28:30.708430918,1.0,6950.0
ord_3a3c3cfc953f,16,2026-08-10 16:56:42,9900.0,last_touch,t_000107,cmp_002,pl_008,cr_001,click,2026-08-06 09:10:09.210893501,1.0,9900.0
ord_3b2814eb66bc,103,2026-08-09 18:46:42,6490.0,last_touch,t_000008,cmp_000,pl_004,cr_003,click,2026-08-04 05:36:52.371578765,0.0,0.0
ord_3b2814eb66bc,103,2026-08-09 18:46:42,6490.0,last_touch,t_000006,cmp_001,pl_006,cr_002,click,2026-08-07 07:21:43.624928037,0.0,0.0
ord_3b2814eb66bc,103,2026-08-09 18:46:42,6490.0,last_touch,t_000007,cmp_004,pl_003,cr_000,click,2026-08-07 21:18:11.247744553,1.0,6490.0
ord_3b5275e2bf5b,554,2026-08-08 12:44:01,10000.0,last_touch,t_000853,cmp_002,pl_000,cr_000,click,2026-08-04 19:05:15.947162397,0.0,0.0
ord_3b5275e2bf5b,554,2026-08-08 12:44:01,10000.0,last_touch,t_000852,cmp_000,pl_004,cr_003,click,2026-08-07 22:09:39.508958152,1.0,10000.0
ord_3bf789fdaebb,162,2026-08-15 12:51:04,6950.0,last_touch,t_000111,cmp_002,pl_005,cr_004,bot_start,2026-08-11 16:51:49.640228845,0.0,0.0
ord_3bf789fdaebb,162,2026-08-15 12:51:04,6950.0,last_touch,t_000110,cmp_002,pl_005,cr_004,bot_start,2026-08-12 05:32:59.541586974,1.0,6950.0
ord_3d1a6ce6c8dc,263,2026-08-25 03:19:38,6000.0,last_touch,t_000300,cmp_000,pl_001,cr_004,click,2026-08-18 12:39:52.882104748,0.0,0.0
ord_3d1a6ce6c8dc,263,2026-08-25 03:19:38,6000.0,last_touch,t_000303,cmp_002,pl_008,cr_001,lead,2026-08-18 14:45:04.309739782,0.0,0.0
ord_3d1a6ce6c8dc,263,2026-08-25 03:19:38,6000.0,last_touch,t_000301,cmp_001,pl_006,cr_002,click,2026-08-21 01:44:44.206114815,0.0,0.0
ord_3d1a6ce6c8dc,263,2026-08-25 03:19:38,6000.0,last_touch,t_000302,cmp_004,pl_003,cr_000,click,2026-08-21 23:34:29.277670855,1.0,6000.0
ord_3d5b4f37c4c9,60,2026-09-05 19:44:33,8950.0,last_touch,t_000948,cmp_002,pl_008,cr_001,click,2026-09-01 16:22:24.721345733,1.0,8950.0
ord_3d681b7851ef,239,2026-08-31 17:06:09,8450.0,last_touch,t_000257,cmp_001,pl_006,cr_002,click,2026-08-25 14:51:12.933324279,1.0,8450.0
ord_3e34ca82d5e8,583,2026-08-25 04:27:38,8950.0,last_touch,t_000908,cmp_003,pl_009,cr_000,click,2026-08-19 13:12:57.281637545,1.0,8950.0
ord_3e7123b8033f,11,2026-08-27 20:09:27,6975.0,last_touch,t_000019,cmp_000,pl_004,cr_003,bot_start,2026-08-22 09:49:42.432044547,1.0,6975.0
ord_3e8a07bb68ef,284,2026-08-30 11:56:49,6975.0,last_touch,t_000350,cmp_003,pl_007,cr_003,click,2026-08-28 18:38:02.350013115,0.0,0.0
ord_3e8a07bb68ef,284,2026-08-30 11:56:49,6975.0,last_touch,t_000349,cmp_003,pl_007,cr_003,lead,2026-08-28 21:36:09.899830300,1.0,6975.0
ord_3ea971128aef,170,2026-08-12 17:51:00,6000.0,last_touch,t_000126,cmp_003,pl_009,cr_000,click,2026-08-08 10:21:52.390834891,1.0,6000.0
ord_3f57b26c130a,576,2026-09-04 17:26:34,7475.0,last_touch,t_000894,cmp_002,pl_002,cr_002,bot_start,2026-08-31 11:53:24.427952930,0.0,0.0
ord_3f57b26c130a,576,2026-09-04 17:26:34,7475.0,last_touch,t_000895,cmp_002,pl_005,cr_004,click,2026-09-03 05:33:32.828948824,1.0,7475.0
ord_3ffcaf32e951,77,2026-08-31 17:54:30,8450.0,last_touch,t_000987,cmp_000,pl_001,cr_004,lead,2026-08-27 17:38:46.279569771,1.0,8450.0
ord_40823b74df5a,589,2026-08-09 18:06:31,5990.0,last_touch,t_000918,cmp_002,pl_002,cr_002,bot_start,2026-08-08 05:32:48.422973629,1.0,5990.0
ord_40c9525b5cf0,278,2026-09-06 17:31:06,14950.0,last_touch,t_000337,cmp_004,pl_003,cr_000,lead,2026-08-31 09:17:11.642738400,0.0,0.0
ord_40c9525b5cf0,278,2026-09-06 17:31:06,14950.0,last_touch,t_000336,cmp_002,pl_008,cr_001,click,2026-09-01 01:22:31.141802230,0.0,0.0
ord_40c9525b5cf0,278,2026-09-06 17:31:06,14950.0,last_touch,t_000338,cmp_002,pl_005,cr_004,click,2026-09-01 15:33:48.797778950,1.0,14950.0
ord_4178ae8f2bc4,410,2026-08-08 16:51:05,6490.0,last_touch,t_000571,cmp_000,pl_004,cr_003,click,2026-08-04 05:42:03.082065315,1.0,6490.0
ord_41c9d34122a1,251,2026-09-06 18:05:45,9950.0,last_touch,t_000278,cmp_002,pl_002,cr_002,click,2026-09-05 02:35:39.769403572,1.0,9950.0
ord_42324b2e3165,429,2026-09-08 13:04:06,9950.0,last_touch,t_000606,cmp_002,pl_000,cr_000,click,2026-09-06 13:42:12.037084699,1.0,9950.0
ord_44324f227c51,1,2026-09-04 19:30:57,8950.0,last_touch,t_000000,cmp_000,pl_001,cr_004,bot_start,2026-09-01 11:19:12.482361299,1.0,8950.0
ord_44a00d353e72,217,2026-08-10 14:24:20,6950.0,last_touch,t_000210,cmp_000,pl_001,cr_004,lead,2026-08-06 23:17:34.463272761,1.0,6950.0
ord_44c6df702db1,111,2026-08-24 16:49:26,8950.0,last_touch,t_000022,cmp_000,pl_004,cr_003,click,2026-08-23 12:41:34.893327015,1.0,8950.0
ord_459a77c0a24f,22,2026-09-06 14:41:56,8450.0,last_touch,t_000216,cmp_001,pl_006,cr_002,click,2026-08-31 13:47:50.338582442,1.0,8450.0
ord_45b32cd1647c,395,2026-09-03 11:18:32,8950.0,last_touch,t_000541,cmp_003,pl_009,cr_000,click,2026-08-27 13:22:54.589969091,0.0,0.0
ord_45b32cd1647c,395,2026-09-03 11:18:32,8950.0,last_touch,t_000542,cmp_001,pl_006,cr_002,click,2026-09-02 08:50:03.688962424,0.0,0.0
ord_45b32cd1647c,395,2026-09-03 11:18:32,8950.0,last_touch,t_000540,cmp_002,pl_005,cr_004,click,2026-09-02 14:08:55.588385276,1.0,8950.0
ord_45ba707a0222,343,2026-09-01 19:07:54,8950.0,last_touch,t_000456,cmp_002,pl_008,cr_001,click,2026-08-26 10:07:21.407572460,1.0,8950.0
ord_45c4aa5642cb,528,2026-09-06 16:54:20,8950.0,last_touch,t_000802,cmp_002,pl_008,cr_001,click,2026-08-31 01:37:07.804835483,0.0,0.0
ord_45c4aa5642cb,528,2026-09-06 16:54:20,8950.0,last_touch,t_000801,cmp_002,pl_000,cr_000,click,2026-09-02 21:53:44.588824111,0.0,0.0
ord_45c4aa5642cb,528,2026-09-06 16:54:20,8950.0,last_touch,t_000803,cmp_001,pl_006,cr_002,click,2026-09-04 15:02:54.257476457,1.0,8950.0
ord_45e8876f6cfa,396,2026-09-06 19:15:37,9950.0,last_touch,t_000543,cmp_003,pl_007,cr_003,bot_start,2026-09-03 00:03:45.598225466,1.0,9950.0
ord_469d6cee2a43,469,2026-08-08 19:45:24,4950.0,last_touch,t_000690,cmp_000,pl_001,cr_004,bot_start,2026-08-08 02:06:21.538884958,0.0,0.0
ord_469d6cee2a43,469,2026-08-08 19:45:24,4950.0,last_touch,t_000691,cmp_002,pl_008,cr_001,click,2026-08-08 04:35:45.350400556,1.0,4950.0
ord_46a2d9571a52,496,2026-08-22 15:01:37,8950.0,last_touch,t_000739,cmp_000,pl_001,cr_004,click,2026-08-19 05:04:02.839909810,0.0,0.0
ord_46a2d9571a52,496,2026-08-22 15:01:37,8950.0,last_touch,t_000738,cmp_002,pl_005,cr_004,click,2026-08-19 11:06:48.875410085,1.0,8950.0
ord_46c5cdbb3aa4,270,2026-09-05 14:08:51,8950.0,last_touch,t_000316,cmp_003,pl_007,cr_003,bot_start,2026-09-01 05:26:27.454880233,0.0,0.0
ord_46c5cdbb3aa4,270,2026-09-05 14:08:51,8950.0,last_touch,t_000318,cmp_004,pl_003,cr_000,click,2026-09-01 22:59:32.589555005,0.0,0.0
ord_46c5cdbb3aa4,270,2026-09-05 14:08:51,8950.0,last_touch,t_000317,cmp_002,pl_005,cr_004,bot_start,2026-09-04 10:22:29.777210576,1.0,8950.0
ord_46e1826d8353,467,2026-08-10 13:55:50,6490.0,last_touch,t_000686,cmp_002,pl_000,cr_000,click,2026-08-04 18:47:00.827174015,1.0,6490.0
ord_46ef084e2b55,477,2026-08-06 14:52:49,500.0,last_touch,t_000702,cmp_001,pl_006,cr_002,bot_start,2026-08-05 21:30:10.090425121,1.0,500.0
ord_47c290f44a1a,280,2026-08-05 16:37:02,8245.0,last_touch,t_000342,cmp_000,pl_001,cr_004,lead,2026-08-04 22:28:05.686893712,0.0,0.0
ord_47c290f44a1a,280,2026-08-05 16:37:02,8245.0,last_touch,t_000341,cmp_004,pl_003,cr_000,click,2026-08-04 23:25:03.592507266,1.0,8245.0
ord_484d54f2d8da,543,2026-08-09 14:01:24,4950.0,last_touch,t_000830,cmp_004,pl_003,cr_000,click,2026-08-08 19:42:57.427329690,1.0,4950.0
ord_485909dd6b46,341,2026-08-23 11:59:04,8950.0,last_touch,t_000454,cmp_002,pl_000,cr_000,click,2026-08-19 01:21:36.346154247,1.0,8950.0
ord_488ff8b4746b,322,2026-08-28 14:03:47,14950.0,last_touch,t_000420,cmp_003,pl_009,cr_000,click,2026-08-26 17:01:35.752997321,1.0,14950.0
ord_48af7745d102,370,2026-08-22 11:14:12,5750.0,last_touch,t_000502,cmp_002,pl_005,cr_004,click,2026-08-18 18:04:44.514215948,1.0,5750.0
ord_48dcf1cb9c5f,457,2026-08-09 10:16:31,6490.0,last_touch,t_000670,cmp_000,pl_001,cr_004,bot_start,2026-08-04 10:20:28.331936365,1.0,6490.0
ord_491116105b95,501,2026-08-20 14:06:32,8745.0,last_touch,t_000753,cmp_001,pl_006,cr_002,click,2026-08-16 13:35:51.618153931,1.0,8745.0
ord_49512fb1252c,288,2026-09-02 08:57:12,8945.0,last_touch,t_000355,cmp_002,pl_008,cr_001,bot_start,2026-08-28 15:50:12.017418938,0.0,0.0
ord_49512fb1252c,288,2026-09-02 08:57:12,8945.0,last_touch,t_000356,cmp_002,pl_008,cr_001,bot_start,2026-08-30 02:09:31.804653417,1.0,8945.0
ord_49bfe678cd06,69,2026-08-22 04:22:43,6950.0,last_touch,t_000972,cmp_002,pl_000,cr_000,lead,2026-08-19 15:15:27.246599355,1.0,6950.0
ord_49e8ed9709f3,282,2026-08-09 18:55:57,8745.0,last_touch,t_000345,cmp_002,pl_008,cr_001,click,2026-08-04 22:46:20.044445299,0.0,0.0
ord_49e8ed9709f3,282,2026-08-09 18:55:57,8745.0,last_touch,t_000344,cmp_000,pl_001,cr_004,bot_start,2026-08-07 23:26:28.351496082,0.0,0.0
ord_49e8ed9709f3,282,2026-08-09 18:55:57,8745.0,last_touch,t_000346,cmp_001,pl_006,cr_002,click,2026-08-08 16:48:07.800726498,1.0,8745.0
ord_49fa4fa4cd01,55,2026-09-06 15:35:13,2237.5,last_touch,t_000843,cmp_003,pl_009,cr_000,click,2026-09-02 04:25:23.236057338,1.0,2237.5
ord_4af0089bc92c,29,2026-08-28 18:20:56,8450.0,last_touch,t_000361,cmp_000,pl_001,cr_004,click,2026-08-22 10:46:39.282735036,0.0,0.0
ord_4af0089bc92c,29,2026-08-28 18:20:56,8450.0,last_touch,t_000359,cmp_002,pl_005,cr_004,click,2026-08-23 10:05:49.521894185,0.0,0.0
ord_4af0089bc92c,29,2026-08-28 18:20:56,8450.0,last_touch,t_000360,cmp_002,pl_002,cr_002,bot_start,2026-08-26 23:22:11.414560818,1.0,8450.0
ord_4af01b1e16da,174,2026-09-05 18:41:16,14950.0,last_touch,t_000134,cmp_001,pl_006,cr_002,lead,2026-09-05 02:48:55.329181922,1.0,14950.0
ord_4b9ab0edfa9e,74,2026-09-06 10:34:28,8450.0,last_touch,t_000983,cmp_003,pl_007,cr_003,click,2026-08-31 00:36:01.639008481,1.0,8450.0
ord_4c563cee6cb3,15,2026-09-04 15:26:00,8450.0,last_touch,t_000089,cmp_001,pl_006,cr_002,bot_start,2026-08-30 19:35:11.452202569,0.0,0.0
ord_4c563cee6cb3,15,2026-09-04 15:26:00,8450.0,last_touch,t_000090,cmp_003,pl_009,cr_000,bot_start,2026-09-03 13:19:28.487725712,1.0,8450.0
ord_4cc6f99685d5,150,2026-09-06 13:11:45,8950.0,last_touch,t_000091,cmp_002,pl_002,cr_002,bot_start,2026-09-05 02:53:03.914906418,1.0,8950.0
ord_4d5933cfffc8,94,2026-09-04 18:49:47,8950.0,last_touch,t_001020,cmp_001,pl_006,cr_002,click,2026-08-31 14:17:30.759074536,1.0,8950.0
ord_4d739afa5f94,509,2026-09-07 16:51:31,18900.0,last_touch,t_000768,cmp_003,pl_007,cr_003,click,2026-09-07 00:40:08.795678119,1.0,18900.0
ord_4d7f346be903,119,2026-09-07 11:34:36,8950.0,last_touch,t_000031,cmp_000,pl_001,cr_004,bot_start,2026-09-04 13:42:46.045382855,1.0,8950.0
ord_4dc7e574f51a,320,2026-08-08 19:54:31,9990.0,last_touch,t_000417,cmp_000,pl_001,cr_004,click,2026-08-04 04:00:00.338482596,0.0,0.0
ord_4dc7e574f51a,320,2026-08-08 19:54:31,9990.0,last_touch,t_000418,cmp_000,pl_004,cr_003,click,2026-08-04 19:28:55.404873344,1.0,9990.0
ord_4ecca7af4cf8,338,2026-08-23 06:47:37,14950.0,last_touch,t_000450,cmp_003,pl_007,cr_003,bot_start,2026-08-21 13:21:16.222847759,1.0,14950.0
ord_4eceeff432e9,480,2026-08-04 16:17:19,15695.0,last_touch,,,,,organic,,0.0,0.0
ord_4ed18a25fb1f,56,2026-09-06 12:12:33,7475.0,last_touch,t_000864,cmp_004,pl_003,cr_000,bot_start,2026-09-05 12:42:36.301986897,1.0,7475.0
ord_4f11c848d852,161,2026-08-08 19:49:42,9990.0,last_touch,t_000109,cmp_004,pl_003,cr_000,bot_start,2026-08-04 15:33:02.748862184,1.0,9990.0
ord_4f30cb642bc2,228,2026-08-09 19:02:28,6450.0,last_touch,t_000231,cmp_001,pl_006,cr_002,bot_start,2026-08-04 09:54:37.050807287,0.0,0.0
ord_4f30cb642bc2,228,2026-08-09 19:02:28,6450.0,last_touch,t_000230,cmp_003,pl_009,cr_000,bot_start,2026-08-07 01:37:34.095103151,0.0,0.0
ord_4f30cb642bc2,228,2026-08-09 19:02:28,6450.0,last_touch,t_000229,cmp_002,pl_008,cr_001,click,2026-08-07 01:47:05.022958422,1.0,6450.0
ord_4f582873a606,393,2026-08-29 09:45:18,9450.0,last_touch,t_000538,cmp_002,pl_000,cr_000,bot_start,2026-08-27 04:53:56.996044445,1.0,9450.0
ord_4f5ff86ccdec,145,2026-08-30 13:06:05,8950.0,last_touch,t_000081,cmp_002,pl_000,cr_000,click,2026-08-27 04:47:18.092709181,1.0,8950.0
ord_4fac11f0a106,415,2026-08-09 04:51:42,4995.0,last_touch,t_000580,cmp_000,pl_004,cr_003,click,2026-08-05 06:33:01.419884523,0.0,0.0
ord_4fac11f0a106,415,2026-08-09 04:51:42,4995.0,last_touch,t_000581,cmp_002,pl_008,cr_001,click,2026-08-07 21:32:31.388220603,0.0,0.0
ord_4fac11f0a106,415,2026-08-09 04:51:42,4995.0,last_touch,t_000579,cmp_003,pl_009,cr_000,click,2026-08-08 00:07:29.588494675,1.0,4995.0
ord_4ff3d6061046,361,2026-08-17 10:53:42,17490.0,last_touch,t_000487,cmp_002,pl_000,cr_000,click,2026-08-10 19:52:47.772745934,1.0,17490.0
ord_4ff6a1c6f9cf,314,2026-08-28 18:44:36,8950.0,last_touch,t_000406,cmp_003,pl_007,cr_003,lead,2026-08-25 04:48:35.374542456,0.0,0.0
ord_4ff6a1c6f9cf,314,2026-08-28 18:44:36,8950.0,last_touch,t_000407,cmp_002,pl_002,cr_002,bot_start,2026-08-25 14:24:46.248130679,1.0,8950.0
ord_50248996c935,124,2026-09-04 06:34:32,9950.0,last_touch,t_000041,cmp_002,pl_000,cr_000,click,2026-09-02 23:34:10.865400617,1.0,9950.0
ord_51aaa0b2c519,83,2026-08-10 07:52:44,6490.0,last_touch,t_001001,cmp_003,pl_007,cr_003,click,2026-08-07 08:07:52.355677697,0.0,0.0
ord_51aaa0b2c519,83,2026-08-10 07:52:44,6490.0,last_touch,t_001002,cmp_002,pl_000,cr_000,click,2026-08-08 04:03:58.681985156,1.0,6490.0
ord_51b61aa19c4c,575,2026-08-19 09:21:46,24735.0,last_touch,t_000892,cmp_001,pl_006,cr_002,click,2026-08-14 00:03:30.594554590,0.0,0.0
ord_51b61aa19c4c,575,2026-08-19 09:21:46,24735.0,last_touch,t_000891,cmp_002,pl_002,cr_002,click,2026-08-18 06:58:14.108850695,0.0,0.0
ord_51b61aa19c4c,575,2026-08-19 09:21:46,24735.0,last_touch,t_000893,cmp_002,pl_002,cr_002,click,2026-08-18 13:58:15.014288037,1.0,24735.0
ord_52b9f1d19dc9,602,2026-09-05 17:42:39,8450.0,last_touch,t_000952,cmp_000,pl_004,cr_003,bot_start,2026-09-03 23:55:57.901685040,1.0,8450.0
ord_532f25f3d6a8,233,2026-08-08 18:51:08,6490.0,last_touch,t_000245,cmp_000,pl_001,cr_004,bot_start,2026-08-04 05:55:13.184592339,0.0,0.0
ord_532f25f3d6a8,233,2026-08-08 18:51:08,6490.0,last_touch,t_000244,cmp_000,pl_001,cr_004,click,2026-08-06 03:54:39.293155529,1.0,6490.0
ord_539cd3463fa1,524,2026-09-01 11:54:01,8945.0,last_touch,t_000793,cmp_002,pl_002,cr_002,bot_start,2026-08-25 17:09:28.668114549,0.0,0.0
ord_539cd3463fa1,524,2026-09-01 11:54:01,8945.0,last_touch,t_000794,cmp_000,pl_004,cr_003,click,2026-08-28 18:22:17.278845593,1.0,8945.0
ord_54120da32129,507,2026-08-08 20:12:46,6490.0,last_touch,t_000763,cmp_002,pl_000,cr_000,bot_start,2026-08-07 20:15:25.727729185,1.0,6490.0
ord_5415f0b9b61c,180,2026-09-06 16:23:30,2237.5,last_touch,t_000148,cmp_002,pl_008,cr_001,click,2026-09-01 18:44:05.396516955,0.0,0.0
ord_5415f0b9b61c,180,2026-09-06 16:23:30,2237.5,last_touch,t_000146,cmp_000,pl_001,cr_004,bot_start,2026-09-04 15:48:15.059512167,0.0,0.0
ord_5415f0b9b61c,180,2026-09-06 16:23:30,2237.5,last_touch,t_000147,cmp_002,pl_002,cr_002,click,2026-09-06 03:41:22.729833888,1.0,2237.5
ord_552bf3c19d58,355,2026-09-02 14:30:26,8450.0,last_touch,t_000478,cmp_000,pl_004,cr_003,click,2026-08-27 15:02:27.726318286,0.0,0.0
ord_552bf3c19d58,355,2026-09-02 14:30:26,8450.0,last_touch,t_000479,cmp_002,pl_008,cr_001,click,2026-08-28 20:58:59.758414520,1.0,8450.0
ord_555c2fc09147,267,2026-08-31 08:26:17,8950.0,last_touch,t_000310,cmp_003,pl_009,cr_000,click,2026-08-27 02:07:03.222100264,0.0,0.0
ord_555c2fc09147,267,2026-08-31 08:26:17,8950.0,last_touch,t_000309,cmp_001,pl_006,cr_002,lead,2026-08-28 07:12:37.573236808,1.0,8950.0
ord_5617a1c37eba,433,2026-08-09 19:40:37,9900.0,last_touch,t_000615,cmp_003,pl_009,cr_000,click,2026-08-07 14:44:39.633712797,0.0,0.0
ord_5617a1c37eba,433,2026-08-09 19:40:37,9900.0,last_touch,t_000616,cmp_002,pl_000,cr_000,bot_start,2026-08-09 02:50:30.326788995,1.0,9900.0
ord_576fefc9db04,519,2026-08-10 16:09:27,14850.0,last_touch,t_000785,cmp_000,pl_001,cr_004,click,2026-08-09 16:57:36.984537073,1.0,14850.0
ord_57c16afa67f8,331,2026-08-09 16:31:09,9990.0,last_touch,t_000434,cmp_002,pl_005,cr_004,bot_start,2026-08-05 18:02:54.926598384,0.0,0.0
ord_57c16afa67f8,331,2026-08-09 16:31:09,9990.0,last_touch,t_000436,cmp_003,pl_007,cr_003,lead,2026-08-06 01:23:27.163501886,0.0,0.0
ord_57c16afa67f8,331,2026-08-09 16:31:09,9990.0,last_touch,t_000435,cmp_003,pl_009,cr_000,click,2026-08-08 17:18:37.851590931,1.0,9990.0
ord_57c6ba30ef10,186,2026-08-10 06:13:10,4950.0,last_touch,t_000159,cmp_002,pl_005,cr_004,bot_start,2026-08-04 12:42:32.433576630,1.0,4950.0
ord_57cb67eb8076,498,2026-08-10 18:10:53,9000.0,last_touch,t_000744,cmp_000,pl_004,cr_003,lead,2026-08-04 13:42:32.316559692,0.0,0.0
ord_57cb67eb8076,498,2026-08-10 18:10:53,9000.0,last_touch,t_000743,cmp_000,pl_004,cr_003,lead,2026-08-06 16:52:42.560728930,1.0,9000.0
ord_5812a74605dc,441,2026-08-16 09:40:30,8745.0,last_touch,t_000643,cmp_000,pl_004,cr_003,click,2026-08-12 02:52:59.289290398,0.0,0.0
ord_5812a74605dc,441,2026-08-16 09:40:30,8745.0,last_touch,t_000641,cmp_003,pl_007,cr_003,bot_start,2026-08-12 20:46:49.276591665,0.0,0.0
ord_5812a74605dc,441,2026-08-16 09:40:30,8745.0,last_touch,t_000642,cmp_002,pl_005,cr_004,click,2026-08-12 23:53:59.974232317,1.0,8745.0
ord_583e321a8c9c,72,2026-09-07 19:19:58,13950.0,last_touch,t_000981,cmp_000,pl_004,cr_003,bot_start,2026-09-01 00:30:31.956469018,0.0,0.0
ord_583e321a8c9c,72,2026-09-07 19:19:58,13950.0,last_touch,t_000980,cmp_002,pl_008,cr_001,click,2026-09-01 02:35:57.188356234,0.0,0.0
ord_583e321a8c9c,72,2026-09-07 19:19:58,13950.0,last_touch,t_000979,cmp_001,pl_006,cr_002,click,2026-09-01 18:47:10.515106288,1.0,13950.0
ord_586c838ba61d,559,2026-08-23 04:11:37,8450.0,last_touch,t_000863,cmp_002,pl_002,cr_002,bot_start,2026-08-20 03:49:08.187865459,0.0,0.0
ord_586c838ba61d,559,2026-08-23 04:11:37,8450.0,last_touch,t_000862,cmp_002,pl_008,cr_001,click,2026-08-20 16:17:36.643995456,1.0,8450.0
ord_58a3d10d1fef,271,2026-09-03 12:55:50,14950.0,last_touch,t_000321,cmp_003,pl_007,cr_003,click,2026-08-28 08:32:03.881642369,0.0,0.0
ord_58a3d10d1fef,271,2026-09-03 12:55:50,14950.0,last_touch,t_000320,cmp_000,pl_004,cr_003,click,2026-08-28 14:14:48.212442158,0.0,0.0
ord_58a3d10d1fef,271,2026-09-03 12:55:50,14950.0,last_touch,t_000319,cmp_000,pl_001,cr_004,bot_start,2026-09-02 06:27:37.074886860,1.0,14950.0
ord_590bb4ff7f1a,274,2026-08-30 23:37:30,6975.0,last_touch,t_000326,cmp_004,pl_003,cr_000,bot_start,2026-08-26 05:57:52.426807708,0.0,0.0
ord_590bb4ff7f1a,274,2026-08-30 23:37:30,6975.0,last_touch,t_000327,cmp_002,pl_008,cr_001,click,2026-08-27 16:41:48.930245677,0.0,0.0
ord_590bb4ff7f1a,274,2026-08-30 23:37:30,6975.0,last_touch,t_000328,cmp_001,pl_006,cr_002,click,2026-08-30 06:01:29.185618268,1.0,6975.0
ord_590ced3b4422,334,2026-08-07 11:16:14,19900.0,last_touch,t_000442,cmp_004,pl_003,cr_000,bot_start,2026-08-04 12:00:18.113700673,1.0,19900.0
ord_59258fb63126,136,2026-08-27 08:57:04,14950.0,last_touch,t_000060,cmp_002,pl_005,cr_004,bot_start,2026-08-26 05:05:25.059329274,1.0,14950.0
ord_59550e84122a,86,2026-08-10 16:16:30,4950.0,last_touch,t_001006,cmp_003,pl_009,cr_000,click,2026-08-06 18:33:53.821361878,1.0,4950.0
ord_5956830270d2,437,2026-08-22 08:23:59,8950.0,last_touch,t_000629,cmp_004,pl_003,cr_000,lead,2026-08-16 12:00:04.226535179,1.0,8950.0
ord_5965176b6287,345,2026-09-03 16:33:15,8950.0,last_touch,t_000460,cmp_002,pl_002,cr_002,click,2026-08-29 13:34:27.510326209,0.0,0.0
ord_5965176b6287,345,2026-09-03 16:33:15,8950.0,last_touch,t_000458,cmp_002,pl_002,cr_002,click,2026-08-31 02:06:20.997757593,0.0,0.0
ord_5965176b6287,345,2026-09-03 16:33:15,8950.0,last_touch,t_000459,cmp_003,pl_007,cr_003,click,2026-09-02 21:23:02.039170578,1.0,8950.0
ord_5aa9a464ab35,231,2026-09-01 18:08:01,41225.0,last_touch,t_000241,cmp_000,pl_001,cr_004,lead,2026-08-28 22:44:23.580376440,0.0,0.0
ord_5aa9a464ab35,231,2026-09-01 18:08:01,41225.0,last_touch,t_000240,cmp_003,pl_009,cr_000,click,2026-08-29 15:14:37.461366724,0.0,0.0
ord_5aa9a464ab35,231,2026-09-01 18:08:01,41225.0,last_touch,t_000239,cmp_004,pl_003,cr_000,bot_start,2026-08-29 20:59:06.989626650,1.0,41225.0
ord_5ab977ff1ef1,550,2026-08-09 16:24:42,5463.34,last_touch,t_000844,cmp_002,pl_008,cr_001,click,2026-08-04 09:56:11.983096236,0.0,0.0
ord_5ab977ff1ef1,550,2026-08-09 16:24:42,5463.34,last_touch,t_000845,cmp_004,pl_003,cr_000,bot_start,2026-08-04 23:48:41.258796913,0.0,0.0
ord_5ab977ff1ef1,550,2026-08-09 16:24:42,5463.34,last_touch,t_000846,cmp_002,pl_000,cr_000,click,2026-08-05 11:56:33.380341495,1.0,5463.34
ord_5af96e51050b,245,2026-09-05 15:54:58,8950.0,last_touch,t_000267,cmp_000,pl_001,cr_004,bot_start,2026-09-04 19:53:41.002800829,1.0,8950.0
ord_5b6c7d4a2790,157,2026-08-31 06:39:53,14950.0,last_touch,t_000102,cmp_000,pl_001,cr_004,click,2026-08-24 15:05:05.666881774,0.0,0.0
ord_5b6c7d4a2790,157,2026-08-31 06:39:53,14950.0,last_touch,t_000104,cmp_002,pl_005,cr_004,click,2026-08-24 15:55:55.179514997,0.0,0.0
ord_5b6c7d4a2790,157,2026-08-31 06:39:53,14950.0,last_touch,t_000103,cmp_000,pl_004,cr_003,bot_start,2026-08-26 05:29:58.829518781,1.0,14950.0
ord_5be8f3daa5c9,533,2026-09-05 10:24:14,8450.0,last_touch,t_000811,cmp_002,pl_005,cr_004,click,2026-08-31 17:24:28.081872800,1.0,8450.0
ord_5bfb4e5340dd,522,2026-08-17 16:24:17,6950.0,last_touch,t_000791,cmp_002,pl_008,cr_001,click,2026-08-13 02:21:44.524476918,1.0,6950.0
ord_5c7df7cf31eb,264,2026-09-02 18:37:57,8450.0,last_touch,t_000304,cmp_001,pl_006,cr_002,click,2026-08-30 08:16:09.285495961,1.0,8450.0
ord_5cef4c62a827,386,2026-08-19 13:53:46,7000.0,last_touch,t_000527,cmp_004,pl_003,cr_000,click,2026-08-13 06:19:06.428509007,1.0,7000.0
ord_5d605f891c4d,376,2026-09-03 15:43:04,6950.0,last_touch,t_000510,cmp_004,pl_003,cr_000,bot_start,2026-09-01 20:11:16.609032129,1.0,6950.0
ord_5e0c6a753190,600,2026-08-22 15:48:13,7450.0,last_touch,t_000949,cmp_002,pl_000,cr_000,click,2026-08-18 16:54:02.938508166,1.0,7450.0
ord_5e68f325058b,451,2026-08-08 16:24:46,8245.0,last_touch,t_000660,cmp_002,pl_008,cr_001,bot_start,2026-08-05 20:09:52.633788283,0.0,0.0
ord_5e68f325058b,451,2026-08-08 16:24:46,8245.0,last_touch,t_000659,cmp_004,pl_003,cr_000,bot_start,2026-08-07 01:06:58.446467027,1.0,8245.0
ord_5e9f45e4ab10,44,2026-09-06 12:29:18,6975.0,last_touch,t_000637,cmp_000,pl_001,cr_004,click,2026-08-30 13:33:53.678697776,0.0,0.0
ord_5e9f45e4ab10,44,2026-09-06 12:29:18,6975.0,last_touch,t_000636,cmp_003,pl_007,cr_003,bot_start,2026-08-31 19:53:00.096728996,1.0,6975.0
ord_5ef8606e1419,344,2026-09-06 14:48:52,8950.0,last_touch,t_000457,cmp_002,pl_008,cr_001,bot_start,2026-09-01 19:51:23.725236437,1.0,8950.0
ord_5f015d177d1e,23,2026-09-06 15:39:44,2237.5,last_touch,t_000236,cmp_003,pl_007,cr_003,click,2026-09-02 06:06:35.087668300,0.0,0.0
ord_5f015d177d1e,23,2026-09-06 15:39:44,2237.5,last_touch,t_000235,cmp_000,pl_004,cr_003,bot_start,2026-09-03 03:43:50.560025004,1.0,2237.5
ord_5f20ace6fc1f,389,2026-08-09 10:18:12,9900.0,last_touch,t_000532,cmp_003,pl_009,cr_000,click,2026-08-05 23:43:15.948116800,0.0,0.0
ord_5f20ace6fc1f,389,2026-08-09 10:18:12,9900.0,last_touch,t_000531,cmp_001,pl_006,cr_002,click,2026-08-06 21:12:26.681503452,0.0,0.0
ord_5f20ace6fc1f,389,2026-08-09 10:18:12,9900.0,last_touch,t_000530,cmp_000,pl_001,cr_004,lead,2026-08-08 04:30:58.822146517,0.0,0.0
ord_5f20ace6fc1f,389,2026-08-09 10:18:12,9900.0,last_touch,t_000533,cmp_002,pl_005,cr_004,bot_start,2026-08-08 15:41:25.451443711,1.0,9900.0
ord_5f2e1c033a34,549,2026-08-24 05:25:17,16445.0,last_touch,t_000842,cmp_003,pl_007,cr_003,click,2026-08-20 11:40:29.854392559,1.0,16445.0
ord_5f545fd4862d,27,2026-08-29 14:47:39,8950.0,last_touch,t_000315,cmp_000,pl_004,cr_003,click,2026-08-25 21:19:33.787079929,1.0,8950.0
ord_5f7de6c74100,365,2026-08-09 16:15:08,6490.0,last_touch,t_000493,cmp_002,pl_002,cr_002,click,2026-08-04 06:22:45.933306965,1.0,6490.0
ord_5fa8a844e62f,184,2026-08-09 17:20:07,4950.0,last_touch,t_000156,cmp_004,pl_003,cr_000,click,2026-08-07 21:49:35.572433981,1.0,4950.0
ord_602d73de5f86,418,2026-08-26 04:03:43,14950.0,last_touch,t_000586,cmp_002,pl_005,cr_004,lead,2026-08-20 18:06:25.553248290,0.0,0.0
ord_602d73de5f86,418,2026-08-26 04:03:43,14950.0,last_touch,t_000584,cmp_001,pl_006,cr_002,lead,2026-08-21 03:17:14.111516312,0.0,0.0
ord_602d73de5f86,418,2026-08-26 04:03:43,14950.0,last_touch,t_000585,cmp_002,pl_000,cr_000,click,2026-08-21 08:25:26.921887323,1.0,14950.0
ord_62b6a483edc0,5,2026-08-22 16:19:00,5750.0,last_touch,t_000748,cmp_000,pl_001,cr_004,click,2026-08-17 23:28:26.575426469,0.0,0.0
ord_62b6a483edc0,5,2026-08-22 16:19:00,5750.0,last_touch,t_000749,cmp_002,pl_000,cr_000,click,2026-08-20 05:14:12.860278131,1.0,5750.0
ord_6358eee5bb3a,357,2026-08-24 02:46:33,9950.0,last_touch,t_000482,cmp_002,pl_000,cr_000,click,2026-08-20 05:21:47.194278739,1.0,9950.0
ord_637f0af7f1cd,516,2026-08-08 16:59:49,9900.0,last_touch,t_000779,cmp_002,pl_000,cr_000,click,2026-08-04 06:50:12.309254352,1.0,9900.0
ord_64164c46bfc0,155,2026-09-05 10:20:56,14950.0,last_touch,t_000100,cmp_001,pl_006,cr_002,click,2026-08-31 09:32:04.835087492,0.0,0.0
ord_64164c46bfc0,155,2026-09-05 10:20:56,14950.0,last_touch,t_000098,cmp_002,pl_008,cr_001,bot_start,2026-09-03 04:06:37.885259924,0.0,0.0
ord_64164c46bfc0,155,2026-09-05 10:20:56,14950.0,last_touch,t_000099,cmp_002,pl_000,cr_000,bot_start,2026-09-04 17:37:19.930232579,1.0,14950.0
ord_655db1f60a22,471,2026-09-04 18:12:51,9950.0,last_touch,t_000694,cmp_002,pl_000,cr_000,click,2026-08-31 16:39:50.831442903,1.0,9950.0
ord_65c59780dcdc,134,2026-08-31 08:06:47,6975.0,last_touch,t_000057,cmp_003,pl_009,cr_000,bot_start,2026-08-25 03:36:44.224441044,0.0,0.0
ord_65c59780dcdc,134,2026-08-31 08:06:47,6975.0,last_touch,t_000058,cmp_002,pl_005,cr_004,click,2026-08-30 13:19:51.405173617,1.0,6975.0
ord_660500ab0aa9,349,2026-09-09 16:10:16,7475.0,last_touch,t_000465,cmp_001,pl_006,cr_002,lead,2026-09-09 01:23:05.285327219,1.0,7475.0
ord_661c6a5dfdd2,477,2026-08-18 15:06:11,9450.0,last_touch,t_000703,cmp_002,pl_008,cr_001,click,2026-08-13 17:56:11.560618416,1.0,9450.0
ord_6657a8b7bd30,601,2026-09-04 04:51:49,22425.0,last_touch,t_000950,cmp_003,pl_009,cr_000,click,2026-08-31 11:19:02.884329415,1.0,22425.0
ord_6696f8b1b1f9,476,2026-08-09 14:14:07,8900.0,last_touch,t_000699,cmp_000,pl_004,cr_003,bot_start,2026-08-05 09:39:24.125985001,0.0,0.0
ord_6696f8b1b1f9,476,2026-08-09 14:14:07,8900.0,last_touch,t_000701,cmp_000,pl_001,cr_004,click,2026-08-06 03:03:38.512171078,0.0,0.0
ord_6696f8b1b1f9,476,2026-08-09 14:14:07,8900.0,last_touch,t_000700,cmp_003,pl_009,cr_000,click,2026-08-08 02:57:45.162329427,1.0,8900.0
ord_6699eceec325,584,2026-08-10 15:33:39,6490.0,last_touch,t_000909,cmp_002,pl_002,cr_002,lead,2026-08-04 00:56:26.834689786,1.0,6490.0
ord_66f646faab4c,585,2026-08-29 19:40:39,13950.0,last_touch,t_000911,cmp_002,pl_008,cr_001,click,2026-08-23 01:37:53.583160767,0.0,0.0
ord_66f646faab4c,585,2026-08-29 19:40:39,13950.0,last_touch,t_000912,cmp_003,pl_007,cr_003,lead,2026-08-23 21:14:36.375373215,0.0,0.0
ord_66f646faab4c,585,2026-08-29 19:40:39,13950.0,last_touch,t_000910,cmp_001,pl_006,cr_002,click,2026-08-24 17:46:55.225440434,1.0,13950.0
ord_6788bb049619,215,2026-08-24 03:22:36,6975.0,last_touch,t_000208,cmp_002,pl_002,cr_002,click,2026-08-17 21:56:06.153242925,0.0,0.0
ord_6788bb049619,215,2026-08-24 03:22:36,6975.0,last_touch,t_000207,cmp_003,pl_007,cr_003,bot_start,2026-08-22 23:56:39.997933132,1.0,6975.0
ord_67c7c79589a4,366,2026-09-06 15:18:37,8950.0,last_touch,t_000494,cmp_002,pl_000,cr_000,lead,2026-09-03 09:13:12.284298781,1.0,8950.0
ord_683e175bdf9d,424,2026-08-23 17:45:31,14950.0,last_touch,t_000597,cmp_003,pl_009,cr_000,bot_start,2026-08-21 00:58:58.617382976,1.0,14950.0
ord_6848357bc0d8,219,2026-08-28 13:23:53,9950.0,last_touch,t_000215,cmp_003,pl_007,cr_003,click,2026-08-24 12:47:21.151667082,0.0,0.0
ord_6848357bc0d8,219,2026-08-28 13:23:53,9950.0,last_touch,t_000213,cmp_000,pl_004,cr_003,click,2026-08-26 01:54:04.598731060,0.0,0.0
ord_6848357bc0d8,219,2026-08-28 13:23:53,9950.0,last_touch,t_000214,cmp_000,pl_001,cr_004,bot_start,2026-08-27 10:16:10.217703003,1.0,9950.0
ord_6853af492b62,154,2026-09-06 13:40:03,8950.0,last_touch,t_000096,cmp_002,pl_002,cr_002,bot_start,2026-09-01 05:25:05.347130521,0.0,0.0
ord_6853af492b62,154,2026-09-06 13:40:03,8950.0,last_touch,t_000097,cmp_002,pl_000,cr_000,bot_start,2026-09-05 01:27:15.383445084,0.0,0.0
ord_6853af492b62,154,2026-09-06 13:40:03,8950.0,last_touch,t_000095,cmp_000,pl_004,cr_003,click,2026-09-05 06:10:45.861701951,1.0,8950.0
ord_68739e9f8a4a,604,2026-09-06 19:17:57,8950.0,last_touch,t_000954,cmp_002,pl_008,cr_001,lead,2026-08-31 01:41:27.782738613,0.0,0.0
ord_68739e9f8a4a,604,2026-09-06 19:17:57,8950.0,last_touch,t_000955,cmp_003,pl_007,cr_003,click,2026-09-05 20:32:40.884706998,1.0,8950.0
ord_687b58f9b32b,31,2026-09-05 11:00:21,7475.0,last_touch,t_000398,cmp_003,pl_009,cr_000,click,2026-08-30 07:41:15.940226582,1.0,7475.0
ord_688d994c970c,96,2026-08-09 16:21:43,6490.0,last_touch,t_001022,cmp_003,pl_009,cr_000,click,2026-08-07 00:11:08.639737550,1.0,6490.0
ord_690ae97f65a4,383,2026-09-04 14:11:02,8950.0,last_touch,t_000523,cmp_003,pl_009,cr_000,bot_start,2026-09-02 23:40:02.062496447,1.0,8950.0
ord_694abafc9083,197,2026-09-04 15:39:31,14950.0,last_touch,t_000176,cmp_000,pl_004,cr_003,lead,2026-09-03 06:05:54.863287802,1.0,14950.0
ord_69a14f3a5e99,534,2026-08-30 12:55:04,8450.0,last_touch,t_000812,cmp_001,pl_006,cr_002,click,2026-08-24 11:30:43.927654466,0.0,0.0
ord_69a14f3a5e99,534,2026-08-30 12:55:04,8450.0,last_touch,t_000813,cmp_004,pl_003,cr_000,click,2026-08-27 06:43:16.661516837,1.0,8450.0
ord_69b507cb1402,368,2026-08-24 14:21:10,8950.0,last_touch,t_000497,cmp_003,pl_009,cr_000,click,2026-08-22 21:15:40.981665107,1.0,8950.0
ord_69db2aa15c44,370,2026-08-08 14:10:35,6490.0,last_touch,t_000500,cmp_001,pl_006,cr_002,bot_start,2026-08-05 17:48:49.538404334,0.0,0.0
ord_69db2aa15c44,370,2026-08-08 14:10:35,6490.0,last_touch,t_000501,cmp_002,pl_000,cr_000,lead,2026-08-06 16:49:07.610770277,1.0,6490.0
ord_69fa7e46bd7f,397,2026-09-05 11:02:15,8950.0,last_touch,t_000544,cmp_003,pl_007,cr_003,click,2026-08-30 07:27:54.393626836,0.0,0.0
ord_69fa7e46bd7f,397,2026-09-05 11:02:15,8950.0,last_touch,t_000546,cmp_002,pl_005,cr_004,click,2026-08-31 17:53:14.859989793,0.0,0.0
ord_69fa7e46bd7f,397,2026-09-05 11:02:15,8950.0,last_touch,t_000545,cmp_002,pl_000,cr_000,bot_start,2026-09-03 13:17:58.155617696,1.0,8950.0
ord_6a241ad351a6,465,2026-09-07 08:21:23,4225.0,last_touch,t_000684,cmp_004,pl_003,cr_000,click,2026-09-05 06:04:50.921613276,1.0,4225.0
ord_6aa7158ecf66,417,2026-08-11 10:51:54,6950.0,last_touch,t_000583,cmp_002,pl_000,cr_000,bot_start,2026-08-06 20:19:51.410716588,1.0,6950.0
ord_6ab8da7b22bf,310,2026-09-06 16:38:02,14950.0,last_touch,t_000399,cmp_000,pl_001,cr_004,bot_start,2026-08-31 02:13:33.964647466,0.0,0.0
ord_6ab8da7b22bf,310,2026-09-06 16:38:02,14950.0,last_touch,t_000400,cmp_003,pl_007,cr_003,bot_start,2026-09-03 07:48:11.304453319,1.0,14950.0
ord_6bdfb47b0489,514,2026-08-23 09:48:08,8950.0,last_touch,t_000777,cmp_002,pl_002,cr_002,click,2026-08-19 18:22:27.862412333,1.0,8950.0
ord_6c5435c5c2c8,61,2026-08-27 19:44:33,13950.0,last_touch,t_000959,cmp_001,pl_006,cr_002,click,2026-08-26 09:07:30.809356485,1.0,13950.0
ord_6cd9a2349b64,63,2026-09-07 05:24:57,8950.0,last_touch,t_000962,cmp_000,pl_001,cr_004,click,2026-09-03 20:37:00.940815363,1.0,8950.0
ord_6d42b5728a49,71,2026-08-23 14:57:08,8450.0,last_touch,t_000978,cmp_003,pl_009,cr_000,bot_start,2026-08-20 17:44:35.704489270,1.0,8450.0
ord_6d8de48279c8,460,2026-08-12 13:12:40,8745.0,last_touch,t_000676,cmp_002,pl_002,cr_002,click,2026-08-10 23:21:13.145053335,1.0,8745.0
ord_6e0ef351a3e8,555,2026-09-02 09:38:46,14950.0,last_touch,t_000854,cmp_000,pl_001,cr_004,bot_start,2026-08-30 22:17:13.982864593,1.0,14950.0
ord_6f110cd80b95,407,2026-09-09 23:11:20,8950.0,last_touch,t_000565,cmp_003,pl_007,cr_003,click,2026-09-04 07:05:12.864470018,1.0,8950.0
ord_6f7942e5ca39,112,2026-08-11 18:41:42,16950.0,last_touch,t_000023,cmp_002,pl_002,cr_002,click,2026-08-07 12:02:58.063944259,1.0,16950.0
ord_6fcc164554b7,226,2026-09-01 17:03:44,7475.0,last_touch,t_000225,cmp_004,pl_003,cr_000,click,2026-08-30 20:39:29.990517776,0.0,0.0
ord_6fcc164554b7,226,2026-09-01 17:03:44,7475.0,last_touch,t_000226,cmp_002,pl_005,cr_004,click,2026-09-01 00:22:25.348567722,1.0,7475.0
ord_6fd3842b2c72,448,2026-08-14 14:23:30,16950.0,last_touch,t_000654,cmp_002,pl_008,cr_001,click,2026-08-10 11:34:47.411569139,1.0,16950.0
ord_70745c28f218,317,2026-09-04 13:16:14,8950.0,last_touch,t_000413,cmp_002,pl_008,cr_001,click,2026-08-28 21:49:38.721644095,1.0,8950.0
ord_709e472cc680,285,2026-08-30 08:22:49,13950.0,last_touch,t_000351,cmp_003,pl_009,cr_000,click,2026-08-23 09:11:20.956186892,0.0,0.0
ord_709e472cc680,285,2026-08-30 08:22:49,13950.0,last_touch,t_000352,cmp_000,pl_004,cr_003,click,2026-08-26 17:49:14.200256511,1.0,13950.0
ord_70ee2c00e1d2,149,2026-08-23 16:50:14,8950.0,last_touch,t_000088,cmp_004,pl_003,cr_000,bot_start,2026-08-16 17:17:59.336158419,1.0,8950.0
ord_714cff1bea2e,421,2026-08-08 20:25:37,9990.0,last_touch,t_000592,cmp_002,pl_002,cr_002,click,2026-08-04 12:01:55.387830423,1.0,9990.0
ord_71f1eec557b9,542,2026-08-23 18:26:56,8950.0,last_touch,t_000828,cmp_003,pl_009,cr_000,click,2026-08-19 14:47:09.977305579,0.0,0.0
ord_71f1eec557b9,542,2026-08-23 18:26:56,8950.0,last_touch,t_000827,cmp_003,pl_009,cr_000,click,2026-08-21 15:46:34.410990808,0.0,0.0
ord_71f1eec557b9,542,2026-08-23 18:26:56,8950.0,last_touch,t_000829,cmp_000,pl_004,cr_003,click,2026-08-23 05:20:36.865098158,1.0,8950.0
ord_726d3c5a8e0a,2,2026-09-05 16:22:48,8950.0,last_touch,t_000179,cmp_002,pl_002,cr_002,click,2026-09-01 03:47:50.721062612,1.0,8950.0
ord_729b10b8833e,85,2026-08-24 15:57:32,8950.0,last_touch,t_001005,cmp_000,pl_004,cr_003,click,2026-08-23 16:52:09.317875643,1.0,8950.0
ord_72b02976e17d,426,2026-08-13 09:26:22,6000.0,last_touch,t_000601,cmp_003,pl_007,cr_003,click,2026-08-09 15:39:28.218438982,1.0,6000.0
ord_7391151bae48,592,2026-08-19 20:38:02,8245.0,last_touch,t_000927,cmp_002,pl_008,cr_001,bot_start,2026-08-15 02:49:26.087602243,1.0,8245.0
ord_7462e1ce0d8d,68,2026-09-08 17:53:12,15000.0,last_touch,t_000971,cmp_003,pl_009,cr_000,click,2026-09-03 13:22:06.686049146,1.0,15000.0
ord_748f8bc49292,26,2026-08-08 09:23:01,6490.0,last_touch,t_000293,cmp_002,pl_002,cr_002,click,2026-08-05 13:38:02.219441247,1.0,6490.0
ord_75d75d5c2011,358,2026-09-09 06:30:33,8450.0,last_touch,t_000483,cmp_001,pl_006,cr_002,bot_start,2026-09-06 08:12:32.969581272,1.0,8450.0
ord_75f8f247326c,444,2026-09-09 16:46:07,14950.0,last_touch,t_000649,cmp_003,pl_009,cr_000,bot_start,2026-09-03 12:56:03.137544688,0.0,0.0
ord_75f8f247326c,444,2026-09-09 16:46:07,14950.0,last_touch,t_000648,cmp_002,pl_005,cr_004,click,2026-09-03 20:54:06.943909053,1.0,14950.0
ord_7602a24669d5,394,2026-09-05 10:17:43,8950.0,last_touch,t_000539,cmp_001,pl_006,cr_002,click,2026-08-30 21:53:06.120262052,1.0,8950.0
ord_76904665ef13,473,2026-08-08 13:57:16,10000.0,last_touch,t_000696,cmp_003,pl_009,cr_000,bot_start,2026-08-04 14:49:25.844750687,1.0,10000.0
ord_76d9181a8e5b,131,2026-08-04 17:05:46,8745.0,last_touch,t_000054,cmp_002,pl_005,cr_004,click,2026-08-04 03:58:21.940844328,1.0,8745.0
ord_77045b389287,139,2026-09-01 20:30:07,13950.0,last_touch,t_000066,cmp_000,pl_004,cr_003,click,2026-08-30 05:24:45.491025915,1.0,13950.0
ord_7756bc4d8e41,100,2026-09-07 09:30:42,8950.0,last_touch,t_000002,cmp_002,pl_008,cr_001,click,2026-09-05 23:42:37.005205012,1.0,8950.0
ord_78dae08be231,257,2026-08-23 20:56:06,8450.0,last_touch,t_000290,cmp_003,pl_009,cr_000,click,2026-08-19 13:33:16.823793108,0.0,0.0
ord_78dae08be231,257,2026-08-23 20:56:06,8450.0,last_touch,t_000289,cmp_002,pl_008,cr_001,click,2026-08-22 23:39:18.273669837,1.0,8450.0
ord_7901df9b4d5a,296,2026-09-01 10:46:43,8950.0,last_touch,t_000369,cmp_004,pl_003,cr_000,click,2026-08-29 02:19:20.732268026,0.0,0.0
ord_7901df9b4d5a,296,2026-09-01 10:46:43,8950.0,last_touch,t_000370,cmp_000,pl_001,cr_004,click,2026-08-29 13:10:19.372302913,1.0,8950.0
ord_790ad22a2528,580,2026-08-23 14:38:29,8950.0,last_touch,t_000905,cmp_003,pl_007,cr_003,bot_start,2026-08-20 04:19:34.770681250,1.0,8950.0
ord_7931824c632d,367,2026-08-23 18:18:15,8245.0,last_touch,t_000495,cmp_002,pl_008,cr_001,click,2026-08-17 16:13:02.507319883,0.0,0.0
ord_7931824c632d,367,2026-08-23 18:18:15,8245.0,last_touch,t_000496,cmp_002,pl_005,cr_004,bot_start,2026-08-21 10:42:14.891002982,1.0,8245.0
ord_796bc5831f67,536,2026-08-12 12:22:52,16950.0,last_touch,t_000817,cmp_002,pl_008,cr_001,lead,2026-08-07 11:23:39.387825561,1.0,16950.0
ord_79e5d7e342fa,362,2026-09-05 14:52:23,8450.0,last_touch,t_000489,cmp_002,pl_002,cr_002,click,2026-08-29 17:50:10.697943722,0.0,0.0
ord_79e5d7e342fa,362,2026-09-05 14:52:23,8450.0,last_touch,t_000488,cmp_003,pl_007,cr_003,bot_start,2026-08-31 00:00:51.783540818,1.0,8450.0
ord_7a35fe072334,557,2026-08-23 16:56:11,8950.0,last_touch,t_000859,cmp_002,pl_005,cr_004,bot_start,2026-08-19 20:42:09.262522794,0.0,0.0
ord_7a35fe072334,557,2026-08-23 16:56:11,8950.0,last_touch,t_000858,cmp_002,pl_005,cr_004,lead,2026-08-19 23:12:17.424468279,0.0,0.0
ord_7a35fe072334,557,2026-08-23 16:56:11,8950.0,last_touch,t_000857,cmp_000,pl_001,cr_004,bot_start,2026-08-21 07:18:41.136980634,1.0,8950.0
ord_7a7e6a7bfea0,474,2026-08-14 07:16:32,6950.0,last_touch,t_000697,cmp_004,pl_003,cr_000,bot_start,2026-08-12 11:26:58.216895251,1.0,6950.0
ord_7ab195cf8720,128,2026-09-02 11:55:47,8945.0,last_touch,t_000048,cmp_003,pl_007,cr_003,bot_start,2026-08-27 14:32:19.889881856,0.0,0.0
ord_7ab195cf8720,128,2026-09-02 11:55:47,8945.0,last_touch,t_000049,cmp_000,pl_004,cr_003,bot_start,2026-08-29 13:07:46.797919572,0.0,0.0
ord_7ab195cf8720,128,2026-09-02 11:55:47,8945.0,last_touch,t_000047,cmp_001,pl_006,cr_002,click,2026-09-01 21:08:49.862118524,1.0,8945.0
ord_7ab39fff47b8,504,2026-09-03 06:27:49,5975.0,last_touch,t_000760,cmp_004,pl_003,cr_000,click,2026-08-31 14:42:38.586122901,0.0,0.0
ord_7ab39fff47b8,504,2026-09-03 06:27:49,5975.0,last_touch,t_000759,cmp_004,pl_003,cr_000,click,2026-09-01 23:09:10.034844616,0.0,0.0
ord_7ab39fff47b8,504,2026-09-03 06:27:49,5975.0,last_touch,t_000758,cmp_003,pl_009,cr_000,click,2026-09-02 18:20:05.895185641,1.0,5975.0
ord_7b035e8bf027,163,2026-08-26 01:23:32,8450.0,last_touch,t_000112,cmp_004,pl_003,cr_000,click,2026-08-20 08:36:44.777315030,0.0,0.0
ord_7b035e8bf027,163,2026-08-26 01:23:32,8450.0,last_touch,t_000113,cmp_002,pl_005,cr_004,click,2026-08-22 08:18:22.051315815,0.0,0.0
ord_7b035e8bf027,163,2026-08-26 01:23:32,8450.0,last_touch,t_000114,cmp_002,pl_008,cr_001,bot_start,2026-08-25 02:09:03.583003835,1.0,8450.0
ord_7b7e5a53ef22,603,2026-08-18 16:34:39,8745.0,last_touch,t_000953,cmp_002,pl_002,cr_002,click,2026-08-16 19:51:17.412999508,1.0,8745.0
ord_7bace96e0c9b,350,2026-09-05 18:12:55,8450.0,last_touch,t_000469,cmp_002,pl_005,cr_004,click,2026-08-31 10:48:40.153080450,0.0,0.0
ord_7bace96e0c9b,350,2026-09-05 18:12:55,8450.0,last_touch,t_000467,cmp_002,pl_000,cr_000,bot_start,2026-09-01 06:27:29.051537660,0.0,0.0
ord_7bace96e0c9b,350,2026-09-05 18:12:55,8450.0,last_touch,t_000468,cmp_002,pl_008,cr_001,click,2026-09-02 13:07:25.372703362,1.0,8450.0
ord_7be70cebd233,392,2026-08-20 13:14:17,8745.0,last_touch,t_000537,cmp_002,pl_008,cr_001,click,2026-08-17 15:41:34.901377837,1.0,8745.0
ord_7c19dd623b8d,484,2026-08-15 19:17:47,8745.0,last_touch,t_000716,cmp_003,pl_009,cr_000,bot_start,2026-08-11 01:17:13.710163211,0.0,0.0
ord_7c19dd623b8d,484,2026-08-15 19:17:47,8745.0,last_touch,t_000715,cmp_002,pl_002,cr_002,bot_start,2026-08-12 00:24:12.008786564,1.0,8745.0
ord_7c32b0f95c39,160,2026-08-09 02:39:44,4995.0,last_touch,t_000108,cmp_002,pl_002,cr_002,click,2026-08-05 21:23:30.535201508,1.0,4995.0
ord_7c532e220090,30,2026-08-23 10:06:51,8950.0,last_touch,t_000381,cmp_003,pl_009,cr_000,click,2026-08-16 23:38:30.040832971,0.0,0.0
ord_7c532e220090,30,2026-08-23 10:06:51,8950.0,last_touch,t_000382,cmp_002,pl_002,cr_002,bot_start,2026-08-18 12:23:29.842122370,0.0,0.0
ord_7c532e220090,30,2026-08-23 10:06:51,8950.0,last_touch,t_000380,cmp_000,pl_001,cr_004,bot_start,2026-08-21 18:44:31.402321185,1.0,8950.0
ord_7c5a243873fc,176,2026-08-09 16:29:58,6490.0,last_touch,t_000136,cmp_002,pl_005,cr_004,lead,2026-08-04 05:42:57.472515862,0.0,0.0
ord_7c5a243873fc,176,2026-08-09 16:29:58,6490.0,last_touch,t_000137,cmp_002,pl_005,cr_004,bot_start,2026-08-04 18:46:05.246751778,0.0,0.0
ord_7c5a243873fc,176,2026-08-09 16:29:58,6490.0,last_touch,t_000138,cmp_003,pl_007,cr_003,bot_start,2026-08-08 10:41:57.153623270,1.0,6490.0
ord_7d298c57ea8b,455,2026-08-25 07:53:50,8950.0,last_touch,t_000666,cmp_003,pl_009,cr_000,bot_start,2026-08-19 15:10:23.720628643,0.0,0.0
ord_7d298c57ea8b,455,2026-08-25 07:53:50,8950.0,last_touch,t_000667,cmp_000,pl_001,cr_004,click,2026-08-19 22:15:32.741399782,1.0,8950.0
ord_7d2a580c0613,290,2026-08-23 16:53:02,7475.0,last_touch,t_000362,cmp_003,pl_007,cr_003,click,2026-08-16 23:44:26.196012092,1.0,7475.0
ord_7e2cedd89801,318,2026-09-03 17:23:38,8450.0,last_touch,t_000414,cmp_004,pl_003,cr_000,bot_start,2026-08-28 14:12:10.479862498,1.0,8450.0
ord_7e3a6c76e867,234,2026-08-12 06:04:03,4950.0,last_touch,t_000246,cmp_003,pl_007,cr_003,click,2026-08-09 23:08:37.341622078,1.0,4950.0
ord_7ea3038baaa9,489,2026-08-24 08:47:25,8850.0,last_touch,t_000724,cmp_002,pl_000,cr_000,bot_start,2026-08-23 08:23:14.675767325,1.0,8850.0
ord_7f216fc464b7,214,2026-09-07 14:02:50,8950.0,last_touch,t_000206,cmp_003,pl_009,cr_000,click,2026-09-06 05:35:39.357996475,1.0,8950.0
ord_7ff3109d35cd,299,2026-08-24 16:58:19,8950.0,last_touch,t_000377,cmp_002,pl_008,cr_001,click,2026-08-18 02:31:05.913077328,0.0,0.0
ord_7ff3109d35cd,299,2026-08-24 16:58:19,8950.0,last_touch,t_000378,cmp_001,pl_006,cr_002,click,2026-08-20 14:04:46.799295378,0.0,0.0
ord_7ff3109d35cd,299,2026-08-24 16:58:19,8950.0,last_touch,t_000376,cmp_002,pl_008,cr_001,click,2026-08-21 14:18:45.826340335,1.0,8950.0
ord_8098d1de8413,413,2026-08-18 19:40:47,8745.0,last_touch,t_000574,cmp_003,pl_007,cr_003,lead,2026-08-14 10:49:48.659846361,0.0,0.0
ord_8098d1de8413,413,2026-08-18 19:40:47,8745.0,last_touch,t_000575,cmp_003,pl_009,cr_000,click,2026-08-17 02:07:08.698731660,1.0,8745.0
ord_80a57412d276,565,2026-08-30 15:30:24,13950.0,last_touch,t_000877,cmp_003,pl_007,cr_003,click,2026-08-26 06:05:05.139351642,0.0,0.0
ord_80a57412d276,565,2026-08-30 15:30:24,13950.0,last_touch,t_000878,cmp_003,pl_009,cr_000,click,2026-08-26 07:37:09.906976822,0.0,0.0
ord_80a57412d276,565,2026-08-30 15:30:24,13950.0,last_touch,t_000876,cmp_000,pl_004,cr_003,click,2026-08-28 21:54:10.214142433,1.0,13950.0
ord_80af266e78c8,10,2026-09-06 16:25:37,8450.0,last_touch,t_000001,cmp_003,pl_007,cr_003,click,2026-08-31 22:53:01.336829796,1.0,8450.0
ord_81efa0ac2de4,409,2026-09-03 21:58:56,5000.0,last_touch,t_000568,cmp_000,pl_004,cr_003,click,2026-08-31 16:41:04.397171408,1.0,5000.0
ord_831125eff2a0,373,2026-08-22 18:58:36,14950.0,last_touch,t_000507,cmp_003,pl_009,cr_000,click,2026-08-20 17:29:52.190646154,1.0,14950.0
ord_8340200fdb32,382,2026-08-09 18:58:42,8900.0,last_touch,t_000522,cmp_004,pl_003,cr_000,lead,2026-08-04 18:49:59.982601556,1.0,8900.0
ord_83492955d9b1,120,2026-08-08 19:28:26,6490.0,last_touch,t_000035,cmp_002,pl_000,cr_000,click,2026-08-04 00:15:17.034604986,0.0,0.0
ord_83492955d9b1,120,2026-08-08 19:28:26,6490.0,last_touch,t_000037,cmp_004,pl_003,cr_000,click,2026-08-04 05:46:59.857680491,0.0,0.0
ord_83492955d9b1,120,2026-08-08 19:28:26,6490.0,last_touch,t_000036,cmp_003,pl_007,cr_003,bot_start,2026-08-07 16:44:13.519216654,1.0,6490.0
ord_837c57f2e842,437,2026-08-04 09:35:00,7890.0,last_touch,,,,,organic,,0.0,0.0
ord_83b5dfef4c64,546,2026-08-10 19:07:51,6490.0,last_touch,t_000834,cmp_002,pl_000,cr_000,click,2026-08-05 03:36:09.562053333,0.0,0.0
ord_83b5dfef4c64,546,2026-08-10 19:07:51,6490.0,last_touch,t_000835,cmp_000,pl_004,cr_003,click,2026-08-10 06:04:59.415613843,1.0,6490.0
ord_83c980e97bd6,597,2026-08-09 18:00:04,5990.0,last_touch,t_000937,cmp_002,pl_008,cr_001,lead,2026-08-04 00:56:37.194694074,0.0,0.0
ord_83c980e97bd6,597,2026-08-09 18:00:04,5990.0,last_touch,t_000938,cmp_000,pl_004,cr_003,click,2026-08-04 22:17:39.553479717,0.0,0.0
ord_83c980e97bd6,597,2026-08-09 18:00:04,5990.0,last_touch,t_000939,cmp_002,pl_005,cr_004,click,2026-08-04 22:31:26.139104292,1.0,5990.0
ord_83ec23d4d8f1,249,2026-08-07 19:38:55,6950.0,last_touch,t_000273,cmp_004,pl_003,cr_000,click,2026-08-04 04:01:55.273317128,1.0,6950.0
ord_841355f12918,354,2026-09-04 13:47:25,8245.0,last_touch,t_000477,cmp_000,pl_004,cr_003,click,2026-08-30 04:12:07.386311955,1.0,8245.0
ord_84b1459a4d92,582,2026-09-04 15:03:52,8950.0,last_touch,t_000907,cmp_000,pl_001,cr_004,click,2026-09-02 00:03:54.033964047,1.0,8950.0
ord_850e9217af8a,90,2026-08-31 01:05:18,6975.0,last_touch,t_001016,cmp_000,pl_001,cr_004,bot_start,2026-08-29 05:06:01.583869381,1.0,6975.0
ord_853a1893188e,453,2026-08-11 17:07:53,4950.0,last_touch,t_000662,cmp_000,pl_001,cr_004,click,2026-08-05 18:29:58.438583673,1.0,4950.0
ord_85560eff62d3,79,2026-08-14 04:09:52,9950.0,last_touch,t_000990,cmp_003,pl_007,cr_003,click,2026-08-11 13:44:38.786220854,1.0,9950.0
ord_85809062c312,191,2026-08-27 15:11:14,29850.0,last_touch,t_000168,cmp_000,pl_004,cr_003,click,2026-08-26 09:46:39.233191235,1.0,29850.0
ord_8580c9d6159e,540,2026-09-05 14:57:41,8950.0,last_touch,t_000824,cmp_002,pl_000,cr_000,bot_start,2026-08-30 14:19:01.682416737,0.0,0.0
ord_8580c9d6159e,540,2026-09-05 14:57:41,8950.0,last_touch,t_000825,cmp_000,pl_004,cr_003,click,2026-08-31 20:09:24.316551068,1.0,8950.0
ord_863dc0ec1562,132,2026-08-13 11:39:13,8745.0,last_touch,t_000055,cmp_000,pl_004,cr_003,click,2026-08-12 20:21:16.274025456,1.0,8745.0
ord_86b06f25a339,403,2026-08-31 10:18:44,8950.0,last_touch,t_000559,cmp_000,pl_001,cr_004,click,2026-08-25 13:20:14.258682998,0.0,0.0
ord_86b06f25a339,403,2026-08-31 10:18:44,8950.0,last_touch,t_000560,cmp_004,pl_003,cr_000,bot_start,2026-08-28 03:28:58.690095433,1.0,8950.0
ord_875f527a2aa4,499,2026-09-08 13:24:34,8950.0,last_touch,t_000747,cmp_002,pl_002,cr_002,bot_start,2026-09-01 19:44:46.600667767,0.0,0.0
ord_875f527a2aa4,499,2026-09-08 13:24:34,8950.0,last_touch,t_000745,cmp_002,pl_002,cr_002,click,2026-09-05 12:31:34.918780653,0.0,0.0
ord_875f527a2aa4,499,2026-09-08 13:24:34,8950.0,last_touch,t_000746,cmp_002,pl_000,cr_000,lead,2026-09-06 22:53:55.363891625,1.0,8950.0
ord_877431ec0c32,337,2026-09-09 15:41:19,7475.0,last_touch,t_000448,cmp_003,pl_007,cr_003,click,2026-09-05 00:22:04.970799003,0.0,0.0
ord_877431ec0c32,337,2026-09-09 15:41:19,7475.0,last_touch,t_000449,cmp_001,pl_006,cr_002,click,2026-09-06 23:39:17.361289756,1.0,7475.0
ord_890c93b1c861,241,2026-08-30 17:07:59,8950.0,last_touch,t_000260,cmp_003,pl_007,cr_003,click,2026-08-29 05:06:53.052024405,1.0,8950.0
ord_897883fd1564,435,2026-08-09 16:13:53,9900.0,last_touch,t_000621,cmp_004,pl_003,cr_000,click,2026-08-04 01:50:30.372854757,0.0,0.0
ord_897883fd1564,435,2026-08-09 16:13:53,9900.0,last_touch,t_000620,cmp_002,pl_000,cr_000,lead,2026-08-04 02:56:05.816014323,0.0,0.0
ord_897883fd1564,435,2026-08-09 16:13:53,9900.0,last_touch,t_000622,cmp_002,pl_000,cr_000,click,2026-08-09 03:37:26.047392356,1.0,9900.0
ord_8aa29fb8059d,595,2026-08-22 16:55:59,14950.0,last_touch,t_000935,cmp_002,pl_008,cr_001,click,2026-08-15 17:04:58.126168882,0.0,0.0
ord_8aa29fb8059d,595,2026-08-22 16:55:59,14950.0,last_touch,t_000934,cmp_004,pl_003,cr_000,click,2026-08-20 21:09:27.061556571,1.0,14950.0
ord_8ad3d539446f,400,2026-08-09 16:12:09,6490.0,last_touch,t_000551,cmp_002,pl_008,cr_001,lead,2026-08-04 10:24:04.558657275,1.0,6490.0
ord_8b88494f605b,401,2026-08-08 22:16:55,8245.0,last_touch,t_000552,cmp_002,pl_000,cr_000,click,2026-08-05 14:14:40.785040263,0.0,0.0
ord_8b88494f605b,401,2026-08-08 22:16:55,8245.0,last_touch,t_000553,cmp_003,pl_007,cr_003,click,2026-08-05 15:01:20.622469550,1.0,8245.0
ord_8bf454f78365,327,2026-09-06 12:45:38,8950.0,last_touch,t_000429,cmp_002,pl_002,cr_002,bot_start,2026-09-02 01:32:53.645655436,0.0,0.0
ord_8bf454f78365,327,2026-09-06 12:45:38,8950.0,last_touch,t_000428,cmp_004,pl_003,cr_000,click,2026-09-04 03:32:47.161662126,1.0,8950.0
ord_8c349454dfff,87,2026-08-22 13:23:20,7475.0,last_touch,t_001008,cmp_002,pl_002,cr_002,click,2026-08-18 13:41:49.187464065,0.0,0.0
ord_8c349454dfff,87,2026-08-22 13:23:20,7475.0,last_touch,t_001007,cmp_002,pl_000,cr_000,click,2026-08-21 22:21:41.505882560,1.0,7475.0
ord_8e10622603c1,581,2026-08-23 11:19:47,8950.0,last_touch,t_000906,cmp_002,pl_005,cr_004,click,2026-08-21 06:30:41.599380539,1.0,8950.0
ord_8eeb59be15a9,261,2026-09-06 16:06:04,8950.0,last_touch,t_000296,cmp_000,pl_001,cr_004,bot_start,2026-08-31 15:07:46.090250363,1.0,8950.0
ord_8faf6162f0f4,490,2026-09-04 10:01:44,8450.0,last_touch,t_000727,cmp_004,pl_003,cr_000,click,2026-08-30 02:13:29.981034024,1.0,8450.0
ord_90c86d611d79,223,2026-08-09 20:27:29,6490.0,last_touch,t_000220,cmp_002,pl_002,cr_002,bot_start,2026-08-04 17:39:35.294929710,1.0,6490.0
ord_90ff0d63603c,526,2026-08-27 13:32:56,8950.0,last_touch,t_000797,cmp_000,pl_004,cr_003,lead,2026-08-26 14:23:05.376765208,0.0,0.0
ord_90ff0d63603c,526,2026-08-27 13:32:56,8950.0,last_touch,t_000796,cmp_003,pl_009,cr_000,click,2026-08-26 15:53:41.116102437,1.0,8950.0
ord_91551c05a845,452,2026-08-25 21:09:34,8450.0,last_touch,t_000661,cmp_003,pl_007,cr_003,click,2026-08-22 03:37:24.284764262,1.0,8450.0
ord_925fe3b280a9,517,2026-09-05 12:48:03,8950.0,last_touch,t_000780,cmp_000,pl_001,cr_004,click,2026-08-30 01:24:42.800759053,0.0,0.0
ord_925fe3b280a9,517,2026-09-05 12:48:03,8950.0,last_touch,t_000781,cmp_000,pl_001,cr_004,click,2026-09-01 10:01:50.716950104,1.0,8950.0
ord_927b7b145717,309,2026-09-05 09:55:40,8950.0,last_touch,t_000397,cmp_004,pl_003,cr_000,bot_start,2026-08-30 09:10:20.017378705,1.0,8950.0
ord_928f10d2291e,33,2026-08-08 16:26:36,9990.0,last_touch,t_000432,cmp_000,pl_004,cr_003,bot_start,2026-08-05 07:39:11.385982223,1.0,9990.0
ord_95036dad6ba5,108,2026-09-09 04:53:08,6975.0,last_touch,t_000017,cmp_002,pl_000,cr_000,click,2026-09-02 20:04:46.494100979,0.0,0.0
ord_95036dad6ba5,108,2026-09-09 04:53:08,6975.0,last_touch,t_000015,cmp_003,pl_007,cr_003,bot_start,2026-09-03 15:24:01.492332810,0.0,0.0
ord_95036dad6ba5,108,2026-09-09 04:53:08,6975.0,last_touch,t_000016,cmp_003,pl_009,cr_000,click,2026-09-05 18:47:06.580396049,1.0,6975.0
ord_95bcaec3abcc,488,2026-08-09 16:36:09,19350.0,last_touch,t_000723,cmp_002,pl_000,cr_000,click,2026-08-04 03:47:35.944173564,1.0,19350.0
ord_95bd993ee285,336,2026-08-09 13:48:41,9900.0,last_touch,t_000445,cmp_004,pl_003,cr_000,click,2026-08-04 07:16:36.659421228,0.0,0.0
ord_95bd993ee285,336,2026-08-09 13:48:41,9900.0,last_touch,t_000446,cmp_002,pl_005,cr_004,lead,2026-08-04 23:38:28.034596683,0.0,0.0
ord_95bd993ee285,336,2026-08-09 13:48:41,9900.0,last_touch,t_000447,cmp_002,pl_005,cr_004,click,2026-08-07 07:49:37.310794073,1.0,9900.0
ord_95fe227aab34,442,2026-08-14 11:21:45,6950.0,last_touch,t_000644,cmp_000,pl_004,cr_003,bot_start,2026-08-08 18:28:20.890803397,0.0,0.0
ord_95fe227aab34,442,2026-08-14 11:21:45,6950.0,last_touch,t_000646,cmp_000,pl_001,cr_004,click,2026-08-09 04:03:05.824005953,0.0,0.0
ord_95fe227aab34,442,2026-08-14 11:21:45,6950.0,last_touch,t_000645,cmp_002,pl_002,cr_002,click,2026-08-10 04:27:50.529492006,1.0,6950.0
ord_962831a9388f,348,2026-08-12 19:17:21,6950.0,last_touch,t_000464,cmp_002,pl_000,cr_000,lead,2026-08-06 22:40:49.231228951,1.0,6950.0
ord_973b93197575,303,2026-09-04 15:21:52,14950.0,last_touch,t_000387,cmp_000,pl_001,cr_004,click,2026-08-30 06:49:14.230366256,0.0,0.0
ord_973b93197575,303,2026-09-04 15:21:52,14950.0,last_touch,t_000388,cmp_004,pl_003,cr_000,click,2026-09-02 21:54:21.466260882,1.0,14950.0
ord_973e62f3ec27,59,2026-09-06 13:32:21,8950.0,last_touch,t_000921,cmp_002,pl_000,cr_000,bot_start,2026-09-01 14:32:58.620614461,0.0,0.0
ord_973e62f3ec27,59,2026-09-06 13:32:21,8950.0,last_touch,t_000920,cmp_002,pl_005,cr_004,click,2026-09-03 12:39:31.753983255,0.0,0.0
ord_973e62f3ec27,59,2026-09-06 13:32:21,8950.0,last_touch,t_000919,cmp_002,pl_008,cr_001,click,2026-09-05 15:55:49.213790597,1.0,8950.0
ord_9787a3e1bd39,316,2026-08-14 12:59:02,4495.0,last_touch,t_000411,cmp_004,pl_003,cr_000,click,2026-08-10 19:40:10.188082239,0.0,0.0
ord_9787a3e1bd39,316,2026-08-14 12:59:02,4495.0,last_touch,t_000412,cmp_002,pl_005,cr_004,bot_start,2026-08-11 18:39:10.263848047,0.0,0.0
ord_9787a3e1bd39,316,2026-08-14 12:59:02,4495.0,last_touch,t_000410,cmp_004,pl_003,cr_000,bot_start,2026-08-12 14:38:21.328328869,1.0,4495.0
ord_97a4fc244d0b,212,2026-09-09 15:03:44,14950.0,last_touch,t_000200,cmp_002,pl_008,cr_001,bot_start,2026-09-03 06:02:32.599842893,0.0,0.0
ord_97a4fc244d0b,212,2026-09-09 15:03:44,14950.0,last_touch,t_000202,cmp_003,pl_007,cr_003,click,2026-09-04 07:03:38.034955543,0.0,0.0
ord_97a4fc244d0b,212,2026-09-09 15:03:44,14950.0,last_touch,t_000201,cmp_002,pl_008,cr_001,click,2026-09-08 11:29:01.232826535,1.0,14950.0
ord_97eddacf988d,432,2026-08-29 19:39:58,8950.0,last_touch,t_000614,cmp_003,pl_009,cr_000,bot_start,2026-08-26 16:37:56.207683319,0.0,0.0
ord_97eddacf988d,432,2026-08-29 19:39:58,8950.0,last_touch,t_000613,cmp_002,pl_000,cr_000,click,2026-08-28 04:41:22.023958092,1.0,8950.0
ord_983187abac2c,596,2026-09-05 16:26:36,8950.0,last_touch,t_000936,cmp_000,pl_001,cr_004,click,2026-08-29 23:47:11.191184431,1.0,8950.0
ord_99463ae24ffa,323,2026-08-09 18:56:09,9990.0,last_touch,t_000421,cmp_004,pl_003,cr_000,click,2026-08-04 01:46:38.583843087,1.0,9990.0
ord_99691a8dae75,508,2026-08-09 21:33:27,9900.0,last_touch,t_000765,cmp_002,pl_000,cr_000,click,2026-08-04 06:10:33.371373646,0.0,0.0
ord_99691a8dae75,508,2026-08-09 21:33:27,9900.0,last_touch,t_000764,cmp_000,pl_001,cr_004,click,2026-08-04 08:45:08.204288728,0.0,0.0
ord_99691a8dae75,508,2026-08-09 21:33:27,9900.0,last_touch,t_000766,cmp_002,pl_005,cr_004,click,2026-08-08 06:26:53.899821410,1.0,9900.0
ord_99cf42417c96,300,2026-09-06 17:58:00,6950.0,last_touch,t_000383,cmp_004,pl_003,cr_000,click,2026-09-04 12:41:21.984837598,1.0,6950.0
ord_99d63b5e26d0,229,2026-08-23 15:38:51,8450.0,last_touch,t_000234,cmp_003,pl_009,cr_000,bot_start,2026-08-22 03:53:04.319575506,1.0,8450.0
ord_9a7624552ade,307,2026-08-23 15:39:57,8450.0,last_touch,t_000393,cmp_002,pl_005,cr_004,click,2026-08-21 10:09:54.061935673,0.0,0.0
ord_9a7624552ade,307,2026-08-23 15:39:57,8450.0,last_touch,t_000394,cmp_002,pl_008,cr_001,click,2026-08-21 11:55:41.558574031,1.0,8450.0
ord_9ab228417bfb,463,2026-08-25 13:16:31,8950.0,last_touch,t_000682,cmp_000,pl_004,cr_003,bot_start,2026-08-20 14:35:43.825277983,0.0,0.0
ord_9ab228417bfb,463,2026-08-25 13:16:31,8950.0,last_touch,t_000681,cmp_002,pl_008,cr_001,bot_start,2026-08-22 01:04:43.116522094,1.0,8950.0
ord_9b3cd8fb6b42,558,2026-09-02 08:49:58,8245.0,last_touch,t_000860,cmp_001,pl_006,cr_002,bot_start,2026-08-26 12:59:25.379208300,0.0,0.0
ord_9b3cd8fb6b42,558,2026-09-02 08:49:58,8245.0,last_touch,t_000861,cmp_003,pl_007,cr_003,bot_start,2026-08-29 17:29:56.961340407,1.0,8245.0
ord_9b40c0174a7c,178,2026-08-26 09:15:13,8950.0,last_touch,t_000141,cmp_002,pl_002,cr_002,click,2026-08-20 19:59:17.099579614,1.0,8950.0
ord_9bf3d58622a1,276,2026-08-15 12:43:23,5750.0,last_touch,t_000332,cmp_002,pl_000,cr_000,click,2026-08-12 03:18:01.983593998,0.0,0.0
ord_9bf3d58622a1,276,2026-08-15 12:43:23,5750.0,last_touch,t_000333,cmp_000,pl_001,cr_004,click,2026-08-13 00:15:39.609658464,0.0,0.0
ord_9bf3d58622a1,276,2026-08-15 12:43:23,5750.0,last_touch,t_000334,cmp_003,pl_009,cr_000,lead,2026-08-13 04:05:58.835286434,1.0,5750.0
ord_9c158889661a,50,2026-09-02 10:32:55,8950.0,last_touch,t_000750,cmp_003,pl_009,cr_000,click,2026-08-28 19:53:13.194597655,0.0,0.0
ord_9c158889661a,50,2026-09-02 10:32:55,8950.0,last_touch,t_000751,cmp_003,pl_007,cr_003,click,2026-08-31 04:20:00.033578380,1.0,8950.0
ord_9c602a63a7e5,308,2026-08-08 14:05:17,9900.0,last_touch,t_000395,cmp_000,pl_004,cr_003,click,2026-08-05 11:48:48.918027385,0.0,0.0
ord_9c602a63a7e5,308,2026-08-08 14:05:17,9900.0,last_touch,t_000396,cmp_002,pl_008,cr_001,bot_start,2026-08-07 00:49:30.614147808,1.0,9900.0
ord_9c73b93ebeb1,363,2026-09-04 06:28:52,8945.0,last_touch,t_000491,cmp_000,pl_001,cr_004,bot_start,2026-08-31 19:53:23.545655906,0.0,0.0
ord_9c73b93ebeb1,363,2026-09-04 06:28:52,8945.0,last_touch,t_000490,cmp_003,pl_009,cr_000,lead,2026-09-01 14:01:13.877631994,1.0,8945.0
ord_9cd9986674a9,8,2026-08-08 16:25:39,8990.0,last_touch,t_000992,cmp_001,pl_006,cr_002,bot_start,2026-08-04 02:17:29.766793276,0.0,0.0
ord_9cd9986674a9,8,2026-08-08 16:25:39,8990.0,last_touch,t_000993,cmp_002,pl_000,cr_000,click,2026-08-04 12:26:45.363179156,0.0,0.0
ord_9cd9986674a9,8,2026-08-08 16:25:39,8990.0,last_touch,t_000991,cmp_002,pl_005,cr_004,click,2026-08-04 13:06:38.649811249,1.0,8990.0
ord_9d29fe921e72,588,2026-08-11 02:43:57,6450.0,last_touch,t_000917,cmp_002,pl_002,cr_002,click,2026-08-08 14:00:00.004667336,0.0,0.0
ord_9d29fe921e72,588,2026-08-11 02:43:57,6450.0,last_touch,t_000916,cmp_000,pl_001,cr_004,click,2026-08-08 20:04:04.613758968,1.0,6450.0
ord_9de2499866fa,64,2026-08-09 14:45:05,4995.0,last_touch,t_000963,cmp_002,pl_002,cr_002,click,2026-08-07 16:24:39.385341094,1.0,4995.0
ord_9e5c120f1921,3,2026-09-03 22:47:02,5975.0,last_touch,t_000379,cmp_002,pl_002,cr_002,lead,2026-09-03 01:44:39.894507387,1.0,5975.0
ord_9ef922fe7db1,372,2026-08-22 15:11:44,7450.0,last_touch,t_000505,cmp_002,pl_008,cr_001,bot_start,2026-08-20 23:26:28.346572886,0.0,0.0
ord_9ef922fe7db1,372,2026-08-22 15:11:44,7450.0,last_touch,t_000504,cmp_000,pl_001,cr_004,click,2026-08-21 01:47:23.760822099,0.0,0.0
ord_9ef922fe7db1,372,2026-08-22 15:11:44,7450.0,last_touch,t_000506,cmp_002,pl_005,cr_004,lead,2026-08-22 00:59:31.549679416,1.0,7450.0
ord_9f3deef3dc31,289,2026-08-28 16:24:51,8950.0,last_touch,t_000357,cmp_000,pl_004,cr_003,lead,2026-08-23 19:36:17.687674340,0.0,0.0
ord_9f3deef3dc31,289,2026-08-28 16:24:51,8950.0,last_touch,t_000358,cmp_001,pl_006,cr_002,click,2026-08-25 18:33:06.640222199,1.0,8950.0
ord_9f6085f91eb9,301,2026-08-31 20:57:15,17950.0,last_touch,t_000384,cmp_003,pl_009,cr_000,bot_start,2026-08-26 07:55:50.725856930,1.0,17950.0
ord_9f739b37aaa7,243,2026-08-24 10:40:35,8950.0,last_touch,t_000265,cmp_002,pl_000,cr_000,click,2026-08-17 10:45:59.655779697,0.0,0.0
ord_9f739b37aaa7,243,2026-08-24 10:40:35,8950.0,last_touch,t_000264,cmp_000,pl_001,cr_004,bot_start,2026-08-19 11:38:05.906590532,1.0,8950.0
ord_a13624bfbac1,117,2026-09-05 12:34:35,8450.0,last_touch,t_000029,cmp_002,pl_002,cr_002,bot_start,2026-08-31 07:09:54.824616487,1.0,8450.0
ord_a1b4949c998a,109,2026-09-05 17:57:36,8950.0,last_touch,t_000018,cmp_002,pl_000,cr_000,click,2026-09-03 06:13:50.759876994,1.0,8950.0
ord_a1e57b2d3da5,404,2026-09-02 19:30:00,7475.0,last_touch,t_000562,cmp_002,pl_000,cr_000,click,2026-08-28 13:57:02.091053631,0.0,0.0
ord_a1e57b2d3da5,404,2026-09-02 19:30:00,7475.0,last_touch,t_000561,cmp_001,pl_006,cr_002,click,2026-09-01 04:55:48.800116397,1.0,7475.0
ord_a1f9bab00b6d,579,2026-08-06 16:20:47,8245.0,last_touch,t_000901,cmp_003,pl_009,cr_000,bot_start,2026-08-04 06:07:13.508777576,0.0,0.0
ord_a1f9bab00b6d,579,2026-08-06 16:20:47,8245.0,last_touch,t_000902,cmp_000,pl_001,cr_004,click,2026-08-04 10:35:21.019598423,0.0,0.0
ord_a1f9bab00b6d,579,2026-08-06 16:20:47,8245.0,last_touch,t_000903,cmp_000,pl_004,cr_003,click,2026-08-04 12:15:29.360455071,1.0,8245.0
ord_a363fcd3a15f,513,2026-08-23 17:34:10,13950.0,last_touch,t_000776,cmp_002,pl_002,cr_002,bot_start,2026-08-17 23:32:50.476308952,1.0,13950.0
ord_a364d28f81d5,211,2026-08-22 11:08:24,14950.0,last_touch,t_000198,cmp_003,pl_009,cr_000,bot_start,2026-08-18 21:51:03.821201017,0.0,0.0
ord_a364d28f81d5,211,2026-08-22 11:08:24,14950.0,last_touch,t_000199,cmp_001,pl_006,cr_002,click,2026-08-19 12:00:28.006467050,1.0,14950.0
ord_a52a3e29f313,454,2026-09-07 04:33:26,8950.0,last_touch,t_000663,cmp_000,pl_004,cr_003,click,2026-08-31 17:10:34.012379395,0.0,0.0
ord_a52a3e29f313,454,2026-09-07 04:33:26,8950.0,last_touch,t_000665,cmp_002,pl_005,cr_004,bot_start,2026-09-03 19:05:44.914294744,0.0,0.0
ord_a52a3e29f313,454,2026-09-07 04:33:26,8950.0,last_touch,t_000664,cmp_001,pl_006,cr_002,click,2026-09-04 15:17:52.669241636,1.0,8950.0
ord_a57c67449bca,158,2026-08-10 12:37:30,9400.0,last_touch,t_000105,cmp_003,pl_009,cr_000,click,2026-08-09 06:01:37.437287347,1.0,9400.0
ord_a5b2d19baa1d,75,2026-08-18 18:53:33,16950.0,last_touch,t_000985,cmp_002,pl_008,cr_001,click,2026-08-14 01:36:57.210671594,0.0,0.0
ord_a5b2d19baa1d,75,2026-08-18 18:53:33,16950.0,last_touch,t_000984,cmp_001,pl_006,cr_002,click,2026-08-17 03:37:14.682383560,1.0,16950.0
ord_a6132404b0e8,216,2026-08-23 18:13:18,7475.0,last_touch,t_000209,cmp_003,pl_009,cr_000,click,2026-08-19 20:47:15.891552567,1.0,7475.0
ord_a61f968bd76d,66,2026-08-13 05:36:55,8745.0,last_touch,t_000967,cmp_000,pl_004,cr_003,click,2026-08-09 05:37:33.215967352,0.0,0.0
ord_a61f968bd76d,66,2026-08-13 05:36:55,8745.0,last_touch,t_000968,cmp_002,pl_002,cr_002,click,2026-08-09 12:20:54.173837712,1.0,8745.0
ord_a69b764ac27b,266,2026-09-02 11:33:22,10000.0,last_touch,t_000308,cmp_002,pl_005,cr_004,lead,2026-08-27 14:34:36.802311626,0.0,0.0
ord_a69b764ac27b,266,2026-09-02 11:33:22,10000.0,last_touch,t_000307,cmp_003,pl_007,cr_003,click,2026-08-28 01:41:30.992946924,1.0,10000.0
ord_a6bc165d7174,297,2026-08-22 17:26:07,8450.0,last_touch,t_000372,cmp_003,pl_009,cr_000,bot_start,2026-08-16 07:41:32.608734352,0.0,0.0
ord_a6bc165d7174,297,2026-08-22 17:26:07,8450.0,last_touch,t_000371,cmp_001,pl_006,cr_002,bot_start,2026-08-18 05:43:36.142175727,0.0,0.0
ord_a6bc165d7174,297,2026-08-22 17:26:07,8450.0,last_touch,t_000373,cmp_004,pl_003,cr_000,click,2026-08-21 16:46:30.913361939,1.0,8450.0
ord_a6bc419af5b7,146,2026-08-20 16:27:30,6950.0,last_touch,t_000083,cmp_002,pl_000,cr_000,click,2026-08-14 00:04:19.078941843,0.0,0.0
ord_a6bc419af5b7,146,2026-08-20 16:27:30,6950.0,last_touch,t_000084,cmp_003,pl_007,cr_003,bot_start,2026-08-14 15:46:30.285766457,0.0,0.0
ord_a6bc419af5b7,146,2026-08-20 16:27:30,6950.0,last_touch,t_000082,cmp_003,pl_009,cr_000,lead,2026-08-17 17:44:46.519693168,1.0,6950.0
ord_a74b874abcdd,97,2026-09-06 17:27:55,8950.0,last_touch,t_001023,cmp_002,pl_005,cr_004,click,2026-09-02 07:21:55.262915443,1.0,8950.0
ord_a755e94b3e12,387,2026-08-31 09:09:41,8545.0,last_touch,t_000528,cmp_003,pl_009,cr_000,click,2026-08-26 05:08:37.191746205,1.0,8545.0
ord_a76c6fb4be0f,106,2026-08-10 10:53:02,9900.0,last_touch,t_000012,cmp_002,pl_000,cr_000,click,2026-08-06 16:43:15.254301952,1.0,9900.0
ord_a7d4135925b6,53,2026-08-09 13:57:35,4950.0,last_touch,t_000805,cmp_003,pl_007,cr_003,click,2026-08-08 01:22:25.990137191,1.0,4950.0
ord_a7f780b6bb2d,165,2026-08-25 07:21:38,8450.0,last_touch,t_000116,cmp_002,pl_002,cr_002,bot_start,2026-08-19 10:19:17.404789183,0.0,0.0
ord_a7f780b6bb2d,165,2026-08-25 07:21:38,8450.0,last_touch,t_000117,cmp_000,pl_004,cr_003,bot_start,2026-08-23 19:23:48.995887548,1.0,8450.0
ord_a81c8e5f13b0,371,2026-08-09 17:17:09,9900.0,last_touch,t_000503,cmp_004,pl_003,cr_000,bot_start,2026-08-04 22:29:08.789694514,1.0,9900.0
ord_a9b9ff4a43be,399,2026-09-06 19:02:33,8950.0,last_touch,t_000548,cmp_004,pl_003,cr_000,bot_start,2026-08-31 12:30:36.049379408,1.0,8950.0
ord_a9c7e9b49e00,268,2026-08-24 12:52:49,8950.0,last_touch,t_000311,cmp_003,pl_009,cr_000,click,2026-08-20 09:06:14.643431987,1.0,8950.0
ord_aa2901beb3ca,141,2026-08-24 14:48:12,7475.0,last_touch,t_000070,cmp_003,pl_007,cr_003,click,2026-08-18 12:31:52.171228178,0.0,0.0
ord_aa2901beb3ca,141,2026-08-24 14:48:12,7475.0,last_touch,t_000069,cmp_000,pl_001,cr_004,bot_start,2026-08-22 19:13:41.580500597,0.0,0.0
ord_aa2901beb3ca,141,2026-08-24 14:48:12,7475.0,last_touch,t_000071,cmp_003,pl_009,cr_000,bot_start,2026-08-23 11:58:06.227794069,1.0,7475.0
ord_aaa5963be0ee,194,2026-08-24 16:25:21,8950.0,last_touch,t_000171,cmp_000,pl_001,cr_004,click,2026-08-21 00:03:36.673145552,1.0,8950.0
ord_aaae24f47115,568,2026-08-27 15:10:07,14950.0,last_touch,t_000881,cmp_001,pl_006,cr_002,click,2026-08-24 20:33:42.726315336,1.0,14950.0
ord_ab876d71ca89,78,2026-09-08 05:10:30,6950.0,last_touch,t_000989,cmp_003,pl_007,cr_003,click,2026-09-02 06:46:16.720957102,0.0,0.0
ord_ab876d71ca89,78,2026-09-08 05:10:30,6950.0,last_touch,t_000988,cmp_004,pl_003,cr_000,click,2026-09-06 13:23:09.864874641,1.0,6950.0
ord_ababed0c5621,346,2026-08-18 10:15:05,8745.0,last_touch,t_000461,cmp_001,pl_006,cr_002,bot_start,2026-08-12 15:48:37.127685458,0.0,0.0
ord_ababed0c5621,346,2026-08-18 10:15:05,8745.0,last_touch,t_000462,cmp_003,pl_007,cr_003,click,2026-08-17 06:12:53.813845109,1.0,8745.0
ord_abf7712e12f1,420,2026-08-14 20:17:00,6950.0,last_touch,t_000589,cmp_002,pl_002,cr_002,click,2026-08-10 06:49:14.427561134,0.0,0.0
ord_abf7712e12f1,420,2026-08-14 20:17:00,6950.0,last_touch,t_000590,cmp_003,pl_007,cr_003,click,2026-08-10 09:43:00.085536606,0.0,0.0
ord_abf7712e12f1,420,2026-08-14 20:17:00,6950.0,last_touch,t_000591,cmp_000,pl_001,cr_004,bot_start,2026-08-10 22:00:32.283182394,1.0,6950.0
ord_ac0c576450ed,530,2026-09-06 19:09:38,8950.0,last_touch,t_000806,cmp_002,pl_008,cr_001,click,2026-09-01 06:26:23.974043250,0.0,0.0
ord_ac0c576450ed,530,2026-09-06 19:09:38,8950.0,last_touch,t_000808,cmp_002,pl_000,cr_000,click,2026-09-04 03:50:43.245892402,0.0,0.0
ord_ac0c576450ed,530,2026-09-06 19:09:38,8950.0,last_touch,t_000807,cmp_002,pl_008,cr_001,click,2026-09-05 13:02:56.628682486,1.0,8950.0
ord_ad0488603d88,52,2026-08-10 18:12:59,6450.0,last_touch,t_000786,cmp_001,pl_006,cr_002,bot_start,2026-08-09 00:46:00.770959766,1.0,6450.0
ord_ad06232a1c0f,437,2026-08-04 09:08:31,8950.0,last_touch,,,,,organic,,0.0,0.0
ord_ad3def68351d,67,2026-08-10 18:01:06,6490.0,last_touch,t_000969,cmp_002,pl_002,cr_002,click,2026-08-08 12:52:03.758714090,1.0,6490.0
ord_ad439766012e,304,2026-08-11 15:52:40,6950.0,last_touch,t_000389,cmp_003,pl_007,cr_003,bot_start,2026-08-06 23:41:11.041732215,1.0,6950.0
ord_adc85f8c4113,114,2026-09-01 19:16:56,13950.0,last_touch,t_000025,cmp_002,pl_002,cr_002,lead,2026-08-29 02:43:54.951970502,1.0,13950.0
ord_adeb2ba1981c,423,2026-09-01 12:44:58,7475.0,last_touch,t_000596,cmp_004,pl_003,cr_000,lead,2026-08-29 14:30:05.802105929,1.0,7475.0
ord_ae333cc3ea02,569,2026-09-06 08:00:03,8950.0,last_touch,t_000882,cmp_003,pl_007,cr_003,click,2026-09-03 21:37:02.738138572,1.0,8950.0
ord_ae5d6129364f,434,2026-09-06 15:23:19,8450.0,last_touch,t_000618,cmp_004,pl_003,cr_000,lead,2026-09-01 21:12:33.288968458,0.0,0.0
ord_ae5d6129364f,434,2026-09-06 15:23:19,8450.0,last_touch,t_000619,cmp_004,pl_003,cr_000,bot_start,2026-09-02 12:24:20.108182304,0.0,0.0
ord_ae5d6129364f,434,2026-09-06 15:23:19,8450.0,last_touch,t_000617,cmp_004,pl_003,cr_000,click,2026-09-05 20:57:11.296944315,1.0,8450.0
ord_aeea7f764f37,445,2026-08-10 00:36:19,4950.0,last_touch,t_000650,cmp_004,pl_003,cr_000,bot_start,2026-08-04 05:53:13.034862288,1.0,4950.0
ord_af30faba21a1,294,2026-08-06 10:39:31,9950.0,last_touch,t_000366,cmp_002,pl_002,cr_002,bot_start,2026-08-04 18:46:23.047271137,0.0,0.0
ord_af30faba21a1,294,2026-08-06 10:39:31,9950.0,last_touch,t_000367,cmp_000,pl_001,cr_004,click,2026-08-04 19:41:36.131940083,1.0,9950.0
ord_af4b3d4ee812,236,2026-08-29 05:27:29,7475.0,last_touch,t_000248,cmp_003,pl_009,cr_000,click,2026-08-24 15:53:00.467077134,0.0,0.0
ord_af4b3d4ee812,236,2026-08-29 05:27:29,7475.0,last_touch,t_000249,cmp_003,pl_007,cr_003,bot_start,2026-08-26 03:06:30.882492102,0.0,0.0
ord_af4b3d4ee812,236,2026-08-29 05:27:29,7475.0,last_touch,t_000250,cmp_003,pl_009,cr_000,click,2026-08-28 13:50:04.389754061,1.0,7475.0
ord_af67053bd721,456,2026-09-08 17:57:42,9950.0,last_touch,t_000669,cmp_003,pl_007,cr_003,click,2026-09-04 02:27:59.113460422,0.0,0.0
ord_af67053bd721,456,2026-09-08 17:57:42,9950.0,last_touch,t_000668,cmp_002,pl_000,cr_000,click,2026-09-07 08:52:01.683098562,1.0,9950.0
ord_afa88efd73ac,210,2026-09-05 17:12:38,7475.0,last_touch,t_000197,cmp_004,pl_003,cr_000,click,2026-09-04 01:22:25.106560860,1.0,7475.0
ord_afab25d99b1d,14,2026-08-30 23:52:21,8950.0,last_touch,t_000067,cmp_003,pl_007,cr_003,click,2026-08-24 12:55:19.952227360,1.0,8950.0
ord_b012557d9850,486,2026-09-02 09:28:52,8950.0,last_touch,t_000721,cmp_002,pl_000,cr_000,click,2026-08-28 15:17:00.038575853,0.0,0.0
ord_b012557d9850,486,2026-09-02 09:28:52,8950.0,last_touch,t_000720,cmp_002,pl_005,cr_004,click,2026-08-29 07:50:39.134438772,1.0,8950.0
ord_b0b57718aabf,20,2026-09-06 11:07:00,14950.0,last_touch,t_000181,cmp_003,pl_009,cr_000,click,2026-08-30 13:30:40.821920332,0.0,0.0
ord_b0b57718aabf,20,2026-09-06 11:07:00,14950.0,last_touch,t_000180,cmp_002,pl_008,cr_001,click,2026-08-30 23:47:05.468805055,1.0,14950.0
ord_b23afcf540ef,46,2026-08-12 05:13:04,6450.0,last_touch,t_000675,cmp_002,pl_002,cr_002,bot_start,2026-08-09 13:55:41.201810698,1.0,6450.0
ord_b2ee6a955012,135,2026-08-08 20:00:19,9990.0,last_touch,t_000059,cmp_001,pl_006,cr_002,click,2026-08-05 15:04:06.021725088,1.0,9990.0
ord_b302ac72e01b,374,2026-08-09 19:11:48,6450.0,last_touch,t_000508,cmp_000,pl_001,cr_004,click,2026-08-07 11:37:02.337472002,1.0,6450.0
ord_b3db1ad4202a,153,2026-08-13 18:30:59,5750.0,last_touch,t_000094,cmp_002,pl_000,cr_000,click,2026-08-07 18:00:30.993814403,1.0,5750.0
ord_b4126717b5c9,601,2026-09-06 14:28:33,13950.0,last_touch,t_000950,cmp_003,pl_009,cr_000,click,2026-08-31 11:19:02.884329415,0.0,0.0
ord_b4126717b5c9,601,2026-09-06 14:28:33,13950.0,last_touch,t_000951,cmp_000,pl_004,cr_003,click,2026-09-05 11:56:01.651765955,1.0,13950.0
ord_b4c3209caa6f,195,2026-09-01 10:54:53,8450.0,last_touch,t_000173,cmp_003,pl_009,cr_000,click,2026-08-27 12:19:35.106338811,0.0,0.0
ord_b4c3209caa6f,195,2026-09-01 10:54:53,8450.0,last_touch,t_000174,cmp_000,pl_004,cr_003,lead,2026-08-29 19:19:11.807261987,0.0,0.0
ord_b4c3209caa6f,195,2026-09-01 10:54:53,8450.0,last_touch,t_000172,cmp_002,pl_005,cr_004,click,2026-08-29 20:36:22.368352523,1.0,8450.0
ord_b64cd962e103,306,2026-09-06 16:18:59,8950.0,last_touch,t_000392,cmp_003,pl_007,cr_003,click,2026-09-04 23:23:52.246794125,1.0,8950.0
ord_b72be25fba0f,35,2026-09-02 22:38:59,4225.0,last_touch,t_000466,cmp_003,pl_009,cr_000,lead,2026-08-28 11:37:07.362930179,1.0,4225.0
ord_b74961cc5b6f,232,2026-08-09 10:47:20,6490.0,last_touch,t_000242,cmp_003,pl_007,cr_003,click,2026-08-06 07:06:59.215121464,0.0,0.0
ord_b74961cc5b6f,232,2026-08-09 10:47:20,6490.0,last_touch,t_000243,cmp_002,pl_002,cr_002,bot_start,2026-08-08 08:28:47.981840462,1.0,6490.0
ord_b859f844b1a5,328,2026-09-05 10:58:26,14950.0,last_touch,t_000430,cmp_001,pl_006,cr_002,bot_start,2026-08-31 10:46:53.672280099,1.0,14950.0
ord_b8ac3ff4b8d4,436,2026-08-23 15:04:52,8450.0,last_touch,t_000623,cmp_002,pl_002,cr_002,bot_start,2026-08-20 12:18:40.512010502,1.0,8450.0
ord_b9014380f5d3,151,2026-09-06 11:31:11,7475.0,last_touch,t_000092,cmp_002,pl_002,cr_002,bot_start,2026-08-31 01:27:36.571643295,1.0,7475.0
ord_b91f1456345e,142,2026-08-11 15:49:13,6490.0,last_touch,t_000072,cmp_001,pl_006,cr_002,click,2026-08-05 01:48:49.195571329,1.0,6490.0
ord_b96cc0fc5301,315,2026-08-23 16:40:25,14950.0,last_touch,t_000408,cmp_002,pl_000,cr_000,bot_start,2026-08-16 19:47:49.051997688,0.0,0.0
ord_b96cc0fc5301,315,2026-08-23 16:40:25,14950.0,last_touch,t_000409,cmp_003,pl_007,cr_003,click,2026-08-18 04:31:24.547437141,1.0,14950.0
ord_ba0c22ffb938,302,2026-09-04 15:20:47,7475.0,last_touch,t_000385,cmp_001,pl_006,cr_002,lead,2026-08-31 10:14:39.409469496,0.0,0.0
ord_ba0c22ffb938,302,2026-09-04 15:20:47,7475.0,last_touch,t_000386,cmp_002,pl_000,cr_000,click,2026-09-03 21:19:04.355601222,1.0,7475.0
ord_ba4abfdfe864,505,2026-08-11 18:00:05,9900.0,last_touch,t_000761,cmp_003,pl_007,cr_003,lead,2026-08-09 05:18:48.095962965,1.0,9900.0
ord_ba996b6b932a,25,2026-08-30 18:34:15,8450.0,last_touch,t_000275,cmp_002,pl_005,cr_004,click,2026-08-25 09:12:27.081654117,0.0,0.0
ord_ba996b6b932a,25,2026-08-30 18:34:15,8450.0,last_touch,t_000276,cmp_002,pl_002,cr_002,click,2026-08-25 09:31:45.621168273,0.0,0.0
ord_ba996b6b932a,25,2026-08-30 18:34:15,8450.0,last_touch,t_000274,cmp_001,pl_006,cr_002,bot_start,2026-08-27 17:01:54.179525596,1.0,8450.0
ord_babbeddca1a2,461,2026-09-05 15:01:05,14950.0,last_touch,t_000678,cmp_002,pl_000,cr_000,click,2026-09-01 05:55:43.481597429,0.0,0.0
ord_babbeddca1a2,461,2026-09-05 15:01:05,14950.0,last_touch,t_000677,cmp_000,pl_004,cr_003,click,2026-09-01 11:51:53.515099609,1.0,14950.0
ord_bbcfa1b9e3c5,535,2026-08-30 08:24:30,14950.0,last_touch,t_000814,cmp_002,pl_005,cr_004,lead,2026-08-24 05:16:09.525649590,0.0,0.0
ord_bbcfa1b9e3c5,535,2026-08-30 08:24:30,14950.0,last_touch,t_000816,cmp_002,pl_005,cr_004,lead,2026-08-26 06:46:03.917837056,0.0,0.0
ord_bbcfa1b9e3c5,535,2026-08-30 08:24:30,14950.0,last_touch,t_000815,cmp_001,pl_006,cr_002,bot_start,2026-08-28 12:47:26.154333490,1.0,14950.0
ord_bd1eff6c4ded,229,2026-08-14 04:19:44,9950.0,last_touch,t_000233,cmp_002,pl_005,cr_004,click,2026-08-11 20:30:32.589642531,1.0,9950.0
ord_bd7c9b7467b9,439,2026-08-09 20:20:29,6490.0,last_touch,t_000635,cmp_002,pl_008,cr_001,bot_start,2026-08-05 14:39:42.545997225,0.0,0.0
ord_bd7c9b7467b9,439,2026-08-09 20:20:29,6490.0,last_touch,t_000633,cmp_002,pl_002,cr_002,bot_start,2026-08-07 23:41:38.841603593,0.0,0.0
ord_bd7c9b7467b9,439,2026-08-09 20:20:29,6490.0,last_touch,t_000634,cmp_000,pl_004,cr_003,bot_start,2026-08-08 01:23:37.127821094,1.0,6490.0
ord_bdc7ccd63291,187,2026-08-09 18:48:05,8990.0,last_touch,t_000161,cmp_000,pl_001,cr_004,click,2026-08-04 06:47:52.535032809,0.0,0.0
ord_bdc7ccd63291,187,2026-08-09 18:48:05,8990.0,last_touch,t_000160,cmp_004,pl_003,cr_000,click,2026-08-07 17:08:50.450190467,1.0,8990.0
ord_be126db06077,36,2026-09-09 19:26:20,44750.0,last_touch,t_000485,cmp_003,pl_007,cr_003,click,2026-09-06 20:29:46.379021311,1.0,44750.0
ord_be41abe10903,405,2026-09-05 14:29:26,8950.0,last_touch,t_000563,cmp_003,pl_009,cr_000,click,2026-08-30 16:08:52.240740811,1.0,8950.0
ord_bec010dc7db8,28,2026-09-04 15:15:34,14950.0,last_touch,t_000340,cmp_004,pl_003,cr_000,click,2026-08-30 01:35:59.095681310,1.0,14950.0
ord_becc242811f2,58,2026-08-09 16:12:46,16390.0,last_touch,t_000904,cmp_000,pl_001,cr_004,click,2026-08-04 07:25:47.002312989,1.0,16390.0
ord_beceecf62b78,206,2026-08-09 13:00:12,9990.0,last_touch,t_000190,cmp_002,pl_008,cr_001,click,2026-08-08 17:07:20.138517482,1.0,9990.0
ord_bf057dc269fd,564,2026-08-16 04:38:14,8745.0,last_touch,t_000875,cmp_003,pl_007,cr_003,bot_start,2026-08-10 06:17:49.878178754,0.0,0.0
ord_bf057dc269fd,564,2026-08-16 04:38:14,8745.0,last_touch,t_000874,cmp_000,pl_001,cr_004,click,2026-08-11 15:38:04.726491119,0.0,0.0
ord_bf057dc269fd,564,2026-08-16 04:38:14,8745.0,last_touch,t_000873,cmp_004,pl_003,cr_000,lead,2026-08-13 14:37:33.990528133,1.0,8745.0
ord_bf505f161b2e,385,2026-09-02 14:17:34,11950.0,last_touch,t_000525,cmp_004,pl_003,cr_000,click,2026-08-27 19:00:43.877395927,0.0,0.0
ord_bf505f161b2e,385,2026-09-02 14:17:34,11950.0,last_touch,t_000526,cmp_002,pl_005,cr_004,click,2026-08-29 18:22:58.347426519,1.0,11950.0
ord_bfbdd3088f00,240,2026-08-22 18:00:15,6450.0,last_touch,t_000259,cmp_001,pl_006,cr_002,click,2026-08-21 11:57:15.539639025,1.0,6450.0
ord_c00dbc4c518f,275,2026-08-13 09:51:23,8745.0,last_touch,t_000329,cmp_002,pl_002,cr_002,lead,2026-08-10 22:46:51.850863004,0.0,0.0
ord_c00dbc4c518f,275,2026-08-13 09:51:23,8745.0,last_touch,t_000330,cmp_003,pl_007,cr_003,lead,2026-08-12 14:49:06.558809670,1.0,8745.0
ord_c012ccb00c4f,422,2026-09-02 15:30:05,9450.0,last_touch,t_000594,cmp_004,pl_003,cr_000,click,2026-08-28 10:39:48.302128845,0.0,0.0
ord_c012ccb00c4f,422,2026-09-02 15:30:05,9450.0,last_touch,t_000593,cmp_002,pl_002,cr_002,bot_start,2026-08-30 05:53:10.988115809,0.0,0.0
ord_c012ccb00c4f,422,2026-09-02 15:30:05,9450.0,last_touch,t_000595,cmp_002,pl_002,cr_002,click,2026-09-01 19:38:31.738977148,1.0,9450.0
ord_c067826c2ca3,333,2026-08-08 18:25:13,6490.0,last_touch,t_000441,cmp_000,pl_001,cr_004,click,2026-08-04 02:20:12.159338420,0.0,0.0
ord_c067826c2ca3,333,2026-08-08 18:25:13,6490.0,last_touch,t_000440,cmp_002,pl_005,cr_004,bot_start,2026-08-07 04:18:40.816199829,0.0,0.0
ord_c067826c2ca3,333,2026-08-08 18:25:13,6490.0,last_touch,t_000439,cmp_002,pl_002,cr_002,lead,2026-08-07 06:21:07.596767792,1.0,6490.0
ord_c07cf6dcba37,171,2026-08-31 18:20:33,8950.0,last_touch,t_000127,cmp_002,pl_002,cr_002,bot_start,2026-08-25 18:44:33.763117357,1.0,8950.0
ord_c096b6fe94ff,352,2026-09-03 16:22:06,8450.0,last_touch,t_000473,cmp_003,pl_009,cr_000,bot_start,2026-08-31 17:22:08.586277764,0.0,0.0
ord_c096b6fe94ff,352,2026-09-03 16:22:06,8450.0,last_touch,t_000474,cmp_002,pl_008,cr_001,bot_start,2026-09-01 14:39:47.505773797,1.0,8450.0
ord_c0cdb47ceff3,402,2026-08-09 17:25:40,9990.0,last_touch,t_000554,cmp_002,pl_005,cr_004,click,2026-08-06 17:25:01.761753391,0.0,0.0
ord_c0cdb47ceff3,402,2026-08-09 17:25:40,9990.0,last_touch,t_000555,cmp_003,pl_007,cr_003,click,2026-08-07 08:34:55.152783206,1.0,9990.0
ord_c1ea22a76af1,99,2026-08-29 19:35:36,8450.0,last_touch,t_001026,cmp_000,pl_001,cr_004,bot_start,2026-08-25 19:49:16.834584171,0.0,0.0
ord_c1ea22a76af1,99,2026-08-29 19:35:36,8450.0,last_touch,t_001025,cmp_002,pl_005,cr_004,bot_start,2026-08-26 19:38:29.380247218,1.0,8450.0
ord_c1f1a16b87ae,224,2026-09-09 08:55:28,8450.0,last_touch,t_000222,cmp_002,pl_002,cr_002,bot_start,2026-09-02 18:16:53.323530500,0.0,0.0
ord_c1f1a16b87ae,224,2026-09-09 08:55:28,8450.0,last_touch,t_000221,cmp_003,pl_007,cr_003,click,2026-09-07 06:44:10.284729439,1.0,8450.0
ord_c24217158089,493,2026-09-02 16:44:53,9950.0,last_touch,t_000732,cmp_000,pl_001,cr_004,bot_start,2026-08-27 04:33:37.136525840,0.0,0.0
ord_c24217158089,493,2026-09-02 16:44:53,9950.0,last_touch,t_000731,cmp_004,pl_003,cr_000,click,2026-08-29 01:36:13.009866320,1.0,9950.0
ord_c2a3ee8d5182,462,2026-08-09 16:45:22,500.0,last_touch,t_000679,cmp_001,pl_006,cr_002,bot_start,2026-08-04 23:32:17.445227281,0.0,0.0
ord_c2a3ee8d5182,462,2026-08-09 16:45:22,500.0,last_touch,t_000680,cmp_002,pl_000,cr_000,click,2026-08-06 04:10:58.675969898,1.0,500.0
ord_c2c8da6444f1,521,2026-08-12 14:21:51,6450.0,last_touch,t_000789,cmp_003,pl_009,cr_000,click,2026-08-07 18:40:49.068775836,0.0,0.0
ord_c2c8da6444f1,521,2026-08-12 14:21:51,6450.0,last_touch,t_000788,cmp_003,pl_009,cr_000,click,2026-08-08 15:09:36.817251744,0.0,0.0
ord_c2c8da6444f1,521,2026-08-12 14:21:51,6450.0,last_touch,t_000790,cmp_000,pl_001,cr_004,click,2026-08-10 07:21:54.355311581,1.0,6450.0
ord_c3e2808e89ea,252,2026-09-03 16:36:15,8950.0,last_touch,t_000280,cmp_001,pl_006,cr_002,lead,2026-08-28 12:05:27.713811228,0.0,0.0
ord_c3e2808e89ea,252,2026-09-03 16:36:15,8950.0,last_touch,t_000279,cmp_003,pl_009,cr_000,click,2026-08-31 06:36:08.508755778,0.0,0.0
ord_c3e2808e89ea,252,2026-09-03 16:36:15,8950.0,last_touch,t_000281,cmp_003,pl_009,cr_000,click,2026-09-01 22:36:18.938653870,1.0,8950.0
ord_c4400700e0a9,26,2026-08-31 14:03:44,17950.0,last_touch,t_000294,cmp_002,pl_000,cr_000,lead,2026-08-25 07:28:37.961559909,1.0,17950.0
ord_c45100b4e16a,492,2026-08-20 14:21:52,9950.0,last_touch,t_000730,cmp_003,pl_007,cr_003,lead,2026-08-18 14:28:06.068681399,0.0,0.0
ord_c45100b4e16a,492,2026-08-20 14:21:52,9950.0,last_touch,t_000729,cmp_000,pl_004,cr_003,click,2026-08-19 16:18:32.705933324,1.0,9950.0
ord_c4644b0e0f2d,41,2026-08-12 10:22:39,6500.0,last_touch,t_000569,cmp_001,pl_006,cr_002,click,2026-08-10 07:14:40.016046484,0.0,0.0
ord_c4644b0e0f2d,41,2026-08-12 10:22:39,6500.0,last_touch,t_000570,cmp_004,pl_003,cr_000,bot_start,2026-08-10 22:59:11.865992232,1.0,6500.0
ord_c561b01f9c91,431,2026-09-05 15:28:29,8950.0,last_touch,t_000611,cmp_002,pl_008,cr_001,click,2026-09-01 20:21:11.028992175,0.0,0.0
ord_c561b01f9c91,431,2026-09-05 15:28:29,8950.0,last_touch,t_000612,cmp_002,pl_005,cr_004,click,2026-09-02 22:28:43.902382578,1.0,8950.0
ord_c56b76f5156e,21,2026-08-10 16:29:36,9900.0,last_touch,t_000196,cmp_002,pl_005,cr_004,click,2026-08-04 09:42:24.953587097,0.0,0.0
ord_c56b76f5156e,21,2026-08-10 16:29:36,9900.0,last_touch,t_000195,cmp_004,pl_003,cr_000,click,2026-08-07 12:51:04.860709507,0.0,0.0
ord_c56b76f5156e,21,2026-08-10 16:29:36,9900.0,last_touch,t_000194,cmp_001,pl_006,cr_002,bot_start,2026-08-10 02:32:52.916548215,1.0,9900.0
ord_c6935b8f98bb,440,2026-08-24 03:20:05,7475.0,last_touch,t_000639,cmp_003,pl_007,cr_003,click,2026-08-18 04:11:10.030628240,0.0,0.0
ord_c6935b8f98bb,440,2026-08-24 03:20:05,7475.0,last_touch,t_000638,cmp_002,pl_008,cr_001,click,2026-08-19 23:07:19.341419265,0.0,0.0
ord_c6935b8f98bb,440,2026-08-24 03:20:05,7475.0,last_touch,t_000640,cmp_002,pl_002,cr_002,click,2026-08-21 01:51:27.375384391,1.0,7475.0
ord_c76d4cfd3150,571,2026-08-04 17:19:52,16950.0,last_touch,t_000886,cmp_002,pl_008,cr_001,click,2026-08-04 09:07:11.861286000,1.0,16950.0
ord_c7972d1099cb,164,2026-08-10 13:08:15,8745.0,last_touch,t_000115,cmp_002,pl_000,cr_000,click,2026-08-07 21:00:47.569254332,1.0,8745.0
ord_c7c6c312aab7,105,2026-09-06 11:55:22,8950.0,last_touch,t_000011,cmp_000,pl_001,cr_004,click,2026-09-01 07:14:04.988705034,0.0,0.0
ord_c7c6c312aab7,105,2026-09-06 11:55:22,8950.0,last_touch,t_000010,cmp_001,pl_006,cr_002,click,2026-09-04 21:52:30.008179834,1.0,8950.0
ord_c857abc731f4,181,2026-09-01 18:44:37,8950.0,last_touch,t_000149,cmp_000,pl_004,cr_003,bot_start,2026-08-30 00:27:02.552613217,0.0,0.0
ord_c857abc731f4,181,2026-09-01 18:44:37,8950.0,last_touch,t_000150,cmp_002,pl_008,cr_001,click,2026-08-30 08:06:30.245531623,0.0,0.0
ord_c857abc731f4,181,2026-09-01 18:44:37,8950.0,last_touch,t_000151,cmp_000,pl_004,cr_003,bot_start,2026-08-30 11:52:15.251495955,1.0,8950.0
ord_ca370d6c27f6,491,2026-09-07 09:04:54,8950.0,last_touch,t_000728,cmp_004,pl_003,cr_000,click,2026-09-05 23:02:25.947603885,1.0,8950.0
ord_cb0980c5b821,198,2026-09-04 16:44:57,7475.0,last_touch,t_000177,cmp_003,pl_009,cr_000,click,2026-09-03 23:52:08.179154437,1.0,7475.0
ord_cb589dc00928,518,2026-08-08 12:37:37,6490.0,last_touch,t_000783,cmp_001,pl_006,cr_002,click,2026-08-04 02:26:03.988393821,0.0,0.0
ord_cb589dc00928,518,2026-08-08 12:37:37,6490.0,last_touch,t_000784,cmp_002,pl_000,cr_000,click,2026-08-04 08:26:15.227202024,0.0,0.0
ord_cb589dc00928,518,2026-08-08 12:37:37,6490.0,last_touch,t_000782,cmp_000,pl_001,cr_004,click,2026-08-06 06:21:48.107074247,1.0,6490.0
ord_cb78a1a26b80,287,2026-08-19 07:46:07,6950.0,last_touch,t_000354,cmp_002,pl_005,cr_004,click,2026-08-12 10:40:20.003936315,1.0,6950.0
ord_cbadcd188ed8,398,2026-09-05 18:06:36,8950.0,last_touch,t_000547,cmp_002,pl_008,cr_001,click,2026-08-31 16:19:14.446746210,1.0,8950.0
ord_cbb7c9da8d18,121,2026-08-25 11:38:56,8950.0,last_touch,t_000038,cmp_002,pl_002,cr_002,click,2026-08-23 19:40:58.918138614,1.0,8950.0
ord_cd11acee5329,67,2026-09-05 17:04:40,8950.0,last_touch,t_000970,cmp_001,pl_006,cr_002,click,2026-09-01 12:54:52.819909990,1.0,8950.0
ord_cd6fd80a1eaf,590,2026-09-04 11:04:11,8945.0,last_touch,t_000922,cmp_002,pl_002,cr_002,click,2026-08-30 06:17:31.266334618,0.0,0.0
ord_cd6fd80a1eaf,590,2026-09-04 11:04:11,8945.0,last_touch,t_000924,cmp_002,pl_002,cr_002,click,2026-08-30 21:40:09.163142166,0.0,0.0
ord_cd6fd80a1eaf,590,2026-09-04 11:04:11,8945.0,last_touch,t_000923,cmp_002,pl_002,cr_002,lead,2026-09-01 19:55:34.910979908,1.0,8945.0
ord_cde516ddac4a,247,2026-09-01 14:59:35,14950.0,last_touch,t_000271,cmp_004,pl_003,cr_000,click,2026-08-28 15:42:50.448545344,1.0,14950.0
ord_ce27f3cfbb16,391,2026-08-14 18:55:11,8745.0,last_touch,t_000536,cmp_002,pl_000,cr_000,click,2026-08-12 04:58:28.599869765,1.0,8745.0
ord_ce639eae7c06,201,2026-08-24 17:28:20,6950.0,last_touch,t_000184,cmp_000,pl_004,cr_003,click,2026-08-21 23:25:17.587123328,1.0,6950.0
ord_cee8bb968b2c,183,2026-08-08 10:08:11,6490.0,last_touch,t_000155,cmp_002,pl_000,cr_000,click,2026-08-04 11:55:33.593905662,0.0,0.0
ord_cee8bb968b2c,183,2026-08-08 10:08:11,6490.0,last_touch,t_000154,cmp_000,pl_004,cr_003,click,2026-08-04 16:49:16.119274424,0.0,0.0
ord_cee8bb968b2c,183,2026-08-08 10:08:11,6490.0,last_touch,t_000153,cmp_003,pl_007,cr_003,click,2026-08-07 00:47:32.170258562,1.0,6490.0
ord_cf28e880aa19,458,2026-08-22 11:58:37,8450.0,last_touch,t_000672,cmp_002,pl_008,cr_001,bot_start,2026-08-15 13:46:44.932391989,0.0,0.0
ord_cf28e880aa19,458,2026-08-22 11:58:37,8450.0,last_touch,t_000671,cmp_002,pl_005,cr_004,bot_start,2026-08-21 12:15:18.708505279,1.0,8450.0
ord_cf2add5206f8,269,2026-08-25 22:26:03,7475.0,last_touch,t_000313,cmp_003,pl_009,cr_000,click,2026-08-19 17:20:49.351130126,0.0,0.0
ord_cf2add5206f8,269,2026-08-25 22:26:03,7475.0,last_touch,t_000314,cmp_004,pl_003,cr_000,click,2026-08-21 18:16:55.245389796,0.0,0.0
ord_cf2add5206f8,269,2026-08-25 22:26:03,7475.0,last_touch,t_000312,cmp_001,pl_006,cr_002,bot_start,2026-08-25 09:34:49.302078474,1.0,7475.0
ord_cf69e33d5ed1,200,2026-08-22 19:40:16,14950.0,last_touch,t_000182,cmp_001,pl_006,cr_002,click,2026-08-18 09:57:23.831166741,0.0,0.0
ord_cf69e33d5ed1,200,2026-08-22 19:40:16,14950.0,last_touch,t_000183,cmp_002,pl_005,cr_004,click,2026-08-20 06:07:11.827741424,1.0,14950.0
ord_cf90c8fbe960,340,2026-08-29 09:29:52,11950.0,last_touch,t_000453,cmp_002,pl_000,cr_000,click,2026-08-25 02:44:53.949466386,1.0,11950.0
ord_d01dcad87e3e,166,2026-08-06 12:15:46,6950.0,last_touch,t_000118,cmp_004,pl_003,cr_000,lead,2026-08-04 23:00:08.281229844,1.0,6950.0
ord_d02c162b826d,286,2026-08-09 16:16:39,6490.0,last_touch,t_000353,cmp_003,pl_007,cr_003,bot_start,2026-08-07 16:42:52.299119461,1.0,6490.0
ord_d0522a2d891f,147,2026-09-05 19:46:01,14950.0,last_touch,t_000085,cmp_000,pl_004,cr_003,click,2026-08-31 20:44:09.281356780,1.0,14950.0
ord_d0c54d7c6c1e,12,2026-08-09 16:52:01,6490.0,last_touch,t_000032,cmp_002,pl_005,cr_004,click,2026-08-05 20:31:04.916223470,0.0,0.0
ord_d0c54d7c6c1e,12,2026-08-09 16:52:01,6490.0,last_touch,t_000034,cmp_003,pl_009,cr_000,lead,2026-08-06 08:59:30.491102294,0.0,0.0
ord_d0c54d7c6c1e,12,2026-08-09 16:52:01,6490.0,last_touch,t_000033,cmp_003,pl_009,cr_000,click,2026-08-08 03:11:17.249645939,1.0,6490.0
ord_d1119f866bd9,129,2026-08-09 10:56:45,6490.0,last_touch,t_000051,cmp_000,pl_001,cr_004,click,2026-08-04 10:53:36.690611392,0.0,0.0
ord_d1119f866bd9,129,2026-08-09 10:56:45,6490.0,last_touch,t_000050,cmp_002,pl_002,cr_002,click,2026-08-06 12:34:23.241222527,1.0,6490.0
ord_d27df1b85708,298,2026-08-23 18:48:14,6975.0,last_touch,t_000374,cmp_000,pl_004,cr_003,click,2026-08-19 14:10:11.215514770,0.0,0.0
ord_d27df1b85708,298,2026-08-23 18:48:14,6975.0,last_touch,t_000375,cmp_001,pl_006,cr_002,click,2026-08-22 13:51:12.170807914,1.0,6975.0
ord_d443d099fa5d,17,2026-08-22 17:01:20,9950.0,last_touch,t_000125,cmp_002,pl_002,cr_002,click,2026-08-21 22:03:25.071632045,1.0,9950.0
ord_d46c9dac9db3,556,2026-09-05 15:17:14,7475.0,last_touch,t_000856,cmp_004,pl_003,cr_000,click,2026-08-29 15:39:14.901629634,0.0,0.0
ord_d46c9dac9db3,556,2026-09-05 15:17:14,7475.0,last_touch,t_000855,cmp_000,pl_001,cr_004,click,2026-09-02 01:49:07.279042652,1.0,7475.0
ord_d4930b35e66c,205,2026-09-03 15:01:50,8950.0,last_touch,t_000189,cmp_002,pl_005,cr_004,click,2026-08-28 09:41:28.423448288,1.0,8950.0
ord_d4a74dc6be2e,222,2026-08-05 18:52:56,15950.0,last_touch,t_000219,cmp_004,pl_003,cr_000,click,2026-08-04 04:18:28.115050701,1.0,15950.0
ord_d4ed7a4954db,364,2026-08-13 00:01:02,8475.0,last_touch,t_000492,cmp_002,pl_000,cr_000,click,2026-08-06 03:26:31.509165471,1.0,8475.0
ord_d64b7b2d3a01,342,2026-08-13 09:48:34,9950.0,last_touch,t_000455,cmp_000,pl_004,cr_003,click,2026-08-07 02:29:35.724562574,1.0,9950.0
ord_d64f2af115f0,196,2026-09-10 06:09:12,9950.0,last_touch,t_000175,cmp_000,pl_004,cr_003,click,2026-09-05 03:09:01.003839250,1.0,9950.0
ord_d6c3baf2a59d,378,2026-09-04 15:08:47,8950.0,last_touch,t_000514,cmp_003,pl_007,cr_003,bot_start,2026-08-28 16:02:25.428981901,1.0,8950.0
ord_d77a97192b4d,115,2026-09-01 13:09:50,8945.0,last_touch,t_000026,cmp_000,pl_004,cr_003,click,2026-08-29 21:26:20.851092423,0.0,0.0
ord_d77a97192b4d,115,2026-09-01 13:09:50,8945.0,last_touch,t_000027,cmp_002,pl_008,cr_001,bot_start,2026-08-31 21:47:32.655939207,1.0,8945.0
ord_d7d444a21f3a,84,2026-08-09 19:07:32,6490.0,last_touch,t_001003,cmp_003,pl_009,cr_000,click,2026-08-05 19:13:26.447922714,0.0,0.0
ord_d7d444a21f3a,84,2026-08-09 19:07:32,6490.0,last_touch,t_001004,cmp_002,pl_002,cr_002,click,2026-08-06 05:11:02.319946863,1.0,6490.0
ord_d7f7722a09ed,273,2026-09-03 08:17:51,8950.0,last_touch,t_000324,cmp_004,pl_003,cr_000,click,2026-09-01 22:30:58.355813006,0.0,0.0
ord_d7f7722a09ed,273,2026-09-03 08:17:51,8950.0,last_touch,t_000325,cmp_000,pl_004,cr_003,lead,2026-09-02 05:11:42.420150329,1.0,8950.0
ord_d8c9fb909651,275,2026-09-06 11:58:58,13950.0,last_touch,t_000331,cmp_002,pl_002,cr_002,click,2026-08-31 13:46:06.175713993,1.0,13950.0
ord_d993cb1ed82e,54,2026-08-08 12:39:51,6490.0,last_touch,t_000823,cmp_002,pl_005,cr_004,click,2026-08-06 01:56:24.785461759,0.0,0.0
ord_d993cb1ed82e,54,2026-08-08 12:39:51,6490.0,last_touch,t_000822,cmp_002,pl_005,cr_004,click,2026-08-07 03:45:49.393680990,0.0,0.0
ord_d993cb1ed82e,54,2026-08-08 12:39:51,6490.0,last_touch,t_000821,cmp_002,pl_008,cr_001,bot_start,2026-08-07 08:56:15.330226521,1.0,6490.0
ord_d99a8c36b2d7,227,2026-08-08 20:08:33,9450.0,last_touch,t_000227,cmp_002,pl_000,cr_000,click,2026-08-05 17:40:19.580670252,0.0,0.0
ord_d99a8c36b2d7,227,2026-08-08 20:08:33,9450.0,last_touch,t_000228,cmp_000,pl_004,cr_003,lead,2026-08-07 02:55:59.608704025,1.0,9450.0
ord_d9b39ced29f7,144,2026-08-29 11:51:08,8950.0,last_touch,t_000076,cmp_002,pl_005,cr_004,click,2026-08-22 22:34:45.730036439,0.0,0.0
ord_d9b39ced29f7,144,2026-08-29 11:51:08,8950.0,last_touch,t_000078,cmp_000,pl_001,cr_004,bot_start,2026-08-26 06:32:57.578276123,0.0,0.0
ord_d9b39ced29f7,144,2026-08-29 11:51:08,8950.0,last_touch,t_000077,cmp_003,pl_007,cr_003,bot_start,2026-08-28 10:10:10.618910913,1.0,8950.0
ord_d9cbfb87ad10,487,2026-09-05 11:02:17,14950.0,last_touch,t_000722,cmp_000,pl_004,cr_003,click,2026-08-30 13:40:46.407100329,1.0,14950.0
ord_d9f1a7255d73,369,2026-08-09 18:53:23,4495.0,last_touch,t_000498,cmp_003,pl_009,cr_000,click,2026-08-06 17:45:46.942114515,1.0,4495.0
ord_da49a6b19212,279,2026-08-09 09:48:26,6490.0,last_touch,t_000339,cmp_002,pl_002,cr_002,click,2026-08-06 08:43:55.757710024,1.0,6490.0
ord_db2e2b5e4c25,527,2026-08-09 10:49:47,9900.0,last_touch,t_000799,cmp_002,pl_008,cr_001,click,2026-08-08 09:28:57.828804071,0.0,0.0
ord_db2e2b5e4c25,527,2026-08-09 10:49:47,9900.0,last_touch,t_000798,cmp_002,pl_005,cr_004,bot_start,2026-08-08 12:51:00.020183514,0.0,0.0
ord_db2e2b5e4c25,527,2026-08-09 10:49:47,9900.0,last_touch,t_000800,cmp_000,pl_001,cr_004,click,2026-08-08 20:53:06.285435046,1.0,9900.0
ord_db6be831afe4,570,2026-08-09 09:24:57,9990.0,last_touch,t_000885,cmp_000,pl_004,cr_003,click,2026-08-04 11:25:17.412021000,0.0,0.0
ord_db6be831afe4,570,2026-08-09 09:24:57,9990.0,last_touch,t_000884,cmp_004,pl_003,cr_000,lead,2026-08-07 12:14:18.884683567,1.0,9990.0
ord_db7e6f7f033e,419,2026-09-02 10:06:52,14950.0,last_touch,t_000587,cmp_002,pl_000,cr_000,click,2026-08-29 09:57:43.754734079,1.0,14950.0
ord_dba585c831db,65,2026-08-09 18:45:20,6490.0,last_touch,t_000966,cmp_002,pl_000,cr_000,click,2026-08-07 01:46:05.560327507,0.0,0.0
ord_dba585c831db,65,2026-08-09 18:45:20,6490.0,last_touch,t_000964,cmp_002,pl_000,cr_000,click,2026-08-07 04:16:41.157640775,0.0,0.0
ord_dba585c831db,65,2026-08-09 18:45:20,6490.0,last_touch,t_000965,cmp_002,pl_002,cr_002,click,2026-08-08 15:53:56.804462049,1.0,6490.0
ord_dc1bb67f9e3c,578,2026-08-21 12:29:55,8245.0,last_touch,t_000898,cmp_003,pl_007,cr_003,click,2026-08-15 11:44:12.627992932,0.0,0.0
ord_dc1bb67f9e3c,578,2026-08-21 12:29:55,8245.0,last_touch,t_000899,cmp_003,pl_007,cr_003,lead,2026-08-15 19:47:57.470647911,0.0,0.0
ord_dc1bb67f9e3c,578,2026-08-21 12:29:55,8245.0,last_touch,t_000900,cmp_002,pl_008,cr_001,bot_start,2026-08-19 09:40:01.135297034,1.0,8245.0
ord_dd5142a32d19,155,2026-09-05 12:13:44,7000.0,last_touch,t_000100,cmp_001,pl_006,cr_002,click,2026-08-31 09:32:04.835087492,0.0,0.0
ord_dd5142a32d19,155,2026-09-05 12:13:44,7000.0,last_touch,t_000098,cmp_002,pl_008,cr_001,bot_start,2026-09-03 04:06:37.885259924,0.0,0.0
ord_dd5142a32d19,155,2026-09-05 12:13:44,7000.0,last_touch,t_000099,cmp_002,pl_000,cr_000,bot_start,2026-09-04 17:37:19.930232579,1.0,7000.0
ord_ddbb4541344b,325,2026-08-06 11:41:17,9950.0,last_touch,t_000425,cmp_000,pl_004,cr_003,bot_start,2026-08-04 09:15:25.581014540,1.0,9950.0
ord_de3a87c256a3,98,2026-08-23 14:14:48,14950.0,last_touch,t_001024,cmp_002,pl_008,cr_001,click,2026-08-16 17:57:33.594576498,1.0,14950.0
ord_ded00306c96f,562,2026-08-17 22:34:23,8745.0,last_touch,t_000870,cmp_000,pl_001,cr_004,click,2026-08-11 08:37:37.638855198,0.0,0.0
ord_ded00306c96f,562,2026-08-17 22:34:23,8745.0,last_touch,t_000869,cmp_002,pl_002,cr_002,click,2026-08-14 04:23:03.950604799,0.0,0.0
ord_ded00306c96f,562,2026-08-17 22:34:23,8745.0,last_touch,t_000871,cmp_002,pl_005,cr_004,click,2026-08-15 20:07:22.160908348,1.0,8745.0
ord_e02a7725112b,332,2026-08-12 06:44:05,9900.0,last_touch,t_000437,cmp_002,pl_005,cr_004,click,2026-08-10 14:31:00.303931115,0.0,0.0
ord_e02a7725112b,332,2026-08-12 06:44:05,9900.0,last_touch,t_000438,cmp_000,pl_004,cr_003,click,2026-08-11 03:53:07.678469956,1.0,9900.0
ord_e0b548ca0023,172,2026-08-23 16:29:57,8950.0,last_touch,t_000129,cmp_002,pl_008,cr_001,click,2026-08-17 16:45:37.664761917,0.0,0.0
ord_e0b548ca0023,172,2026-08-23 16:29:57,8950.0,last_touch,t_000130,cmp_004,pl_003,cr_000,bot_start,2026-08-18 04:35:35.745759613,0.0,0.0
ord_e0b548ca0023,172,2026-08-23 16:29:57,8950.0,last_touch,t_000128,cmp_002,pl_002,cr_002,click,2026-08-20 19:18:29.731021845,1.0,8950.0
ord_e0bb824184bd,478,2026-08-10 00:13:55,6450.0,last_touch,t_000704,cmp_000,pl_001,cr_004,click,2026-08-04 23:27:21.262573904,0.0,0.0
ord_e0bb824184bd,478,2026-08-10 00:13:55,6450.0,last_touch,t_000706,cmp_002,pl_002,cr_002,click,2026-08-05 04:12:21.426756244,0.0,0.0
ord_e0bb824184bd,478,2026-08-10 00:13:55,6450.0,last_touch,t_000705,cmp_002,pl_005,cr_004,bot_start,2026-08-05 20:22:58.078722603,1.0,6450.0
ord_e0cc3db31f5c,57,2026-08-10 00:14:10,4950.0,last_touch,t_000883,cmp_003,pl_007,cr_003,click,2026-08-08 23:17:53.017237235,1.0,4950.0
ord_e0df4e4f3dc6,88,2026-09-01 19:27:16,8950.0,last_touch,t_001010,cmp_003,pl_007,cr_003,bot_start,2026-08-25 21:39:40.842631589,0.0,0.0
ord_e0df4e4f3dc6,88,2026-09-01 19:27:16,8950.0,last_touch,t_001011,cmp_001,pl_006,cr_002,click,2026-08-27 14:14:14.668181671,0.0,0.0
ord_e0df4e4f3dc6,88,2026-09-01 19:27:16,8950.0,last_touch,t_001009,cmp_003,pl_007,cr_003,bot_start,2026-08-28 16:47:14.364625822,1.0,8950.0
ord_e14bda4e827d,260,2026-08-12 05:32:11,9900.0,last_touch,t_000295,cmp_003,pl_007,cr_003,bot_start,2026-08-10 23:32:43.672356870,1.0,9900.0
ord_e2352379f316,143,2026-08-16 13:21:36,6950.0,last_touch,t_000075,cmp_002,pl_000,cr_000,click,2026-08-13 00:39:58.738085743,0.0,0.0
ord_e2352379f316,143,2026-08-16 13:21:36,6950.0,last_touch,t_000074,cmp_002,pl_005,cr_004,click,2026-08-14 22:38:18.803621490,0.0,0.0
ord_e2352379f316,143,2026-08-16 13:21:36,6950.0,last_touch,t_000073,cmp_003,pl_007,cr_003,bot_start,2026-08-15 10:31:56.370647833,1.0,6950.0
ord_e2384786940e,356,2026-08-09 13:48:05,6950.0,last_touch,t_000481,cmp_000,pl_001,cr_004,click,2026-08-07 05:05:33.941624403,0.0,0.0
ord_e2384786940e,356,2026-08-09 13:48:05,6950.0,last_touch,t_000480,cmp_003,pl_009,cr_000,bot_start,2026-08-08 01:58:54.220834659,1.0,6950.0
ord_e24d7c54ef5f,412,2026-08-08 14:06:52,9990.0,last_touch,t_000573,cmp_004,pl_003,cr_000,click,2026-08-07 14:54:14.207663717,1.0,9990.0
ord_e27b3647e4a5,577,2026-08-09 16:26:30,5463.33,last_touch,t_000896,cmp_002,pl_000,cr_000,lead,2026-08-04 18:12:03.364698114,0.0,0.0
ord_e27b3647e4a5,577,2026-08-09 16:26:30,5463.33,last_touch,t_000897,cmp_002,pl_005,cr_004,bot_start,2026-08-04 19:58:36.453371376,1.0,5463.33
ord_e31d5ca2eb37,292,2026-09-06 12:59:39,6975.0,last_touch,t_000364,cmp_002,pl_002,cr_002,click,2026-09-03 17:11:44.434135013,1.0,6975.0
ord_e34ec681fbac,244,2026-09-02 10:24:40,8950.0,last_touch,t_000266,cmp_003,pl_009,cr_000,lead,2026-08-28 04:52:03.203299168,1.0,8950.0
ord_e358e30e4391,511,2026-08-08 17:29:42,4950.0,last_touch,t_000774,cmp_003,pl_007,cr_003,click,2026-08-04 08:30:54.885813488,1.0,4950.0
ord_e36e60d34728,47,2026-08-08 12:24:55,9990.0,last_touch,t_000692,cmp_000,pl_004,cr_003,click,2026-08-06 14:35:43.407757221,1.0,9990.0
ord_e3a0f19ba7d6,475,2026-08-24 15:16:31,9950.0,last_touch,t_000698,cmp_003,pl_009,cr_000,click,2026-08-18 02:00:04.746725934,1.0,9950.0
ord_e444efef6261,82,2026-08-11 12:46:14,6490.0,last_touch,t_001000,cmp_002,pl_005,cr_004,bot_start,2026-08-05 11:14:20.798622212,0.0,0.0
ord_e444efef6261,82,2026-08-11 12:46:14,6490.0,last_touch,t_000999,cmp_000,pl_001,cr_004,click,2026-08-10 21:35:35.065178854,1.0,6490.0
ord_e5b0918b3515,277,2026-08-22 11:24:53,5750.0,last_touch,t_000335,cmp_001,pl_006,cr_002,bot_start,2026-08-17 08:59:27.868904147,1.0,5750.0
ord_e6a1286651bb,319,2026-08-09 17:25:06,4950.0,last_touch,t_000415,cmp_002,pl_005,cr_004,click,2026-08-04 03:51:07.999688392,1.0,4950.0
ord_e72652175bc8,593,2026-09-06 19:53:15,9950.0,last_touch,t_000930,cmp_002,pl_002,cr_002,click,2026-09-02 09:41:04.662577027,0.0,0.0
ord_e72652175bc8,593,2026-09-06 19:53:15,9950.0,last_touch,t_000929,cmp_002,pl_005,cr_004,click,2026-09-03 22:40:32.075640935,0.0,0.0
ord_e72652175bc8,593,2026-09-06 19:53:15,9950.0,last_touch,t_000928,cmp_001,pl_006,cr_002,click,2026-09-04 11:41:30.440712679,1.0,9950.0
ord_e7831452ced4,329,2026-08-09 16:51:47,6490.0,last_touch,t_000431,cmp_003,pl_007,cr_003,click,2026-08-06 13:03:12.869843119,1.0,6490.0
ord_e799b8fa5995,148,2026-08-25 09:49:25,7475.0,last_touch,t_000087,cmp_002,pl_000,cr_000,bot_start,2026-08-18 22:32:48.031478465,0.0,0.0
ord_e799b8fa5995,148,2026-08-25 09:49:25,7475.0,last_touch,t_000086,cmp_002,pl_005,cr_004,click,2026-08-21 22:17:24.397261934,1.0,7475.0
ord_e82f53145299,254,2026-09-07 14:53:39,14950.0,last_touch,t_000285,cmp_002,pl_002,cr_002,click,2026-09-01 17:56:33.990216107,0.0,0.0
ord_e82f53145299,254,2026-09-07 14:53:39,14950.0,last_touch,t_000283,cmp_002,pl_005,cr_004,click,2026-09-03 05:03:03.773100702,0.0,0.0
ord_e82f53145299,254,2026-09-07 14:53:39,14950.0,last_touch,t_000284,cmp_002,pl_000,cr_000,click,2026-09-05 10:18:19.297559377,1.0,14950.0
ord_e86334cd77ef,238,2026-09-05 13:28:56,8950.0,last_touch,t_000256,cmp_001,pl_006,cr_002,click,2026-09-01 06:04:20.092307656,0.0,0.0
ord_e86334cd77ef,238,2026-09-05 13:28:56,8950.0,last_touch,t_000254,cmp_004,pl_003,cr_000,click,2026-09-02 02:16:32.447560786,0.0,0.0
ord_e86334cd77ef,238,2026-09-05 13:28:56,8950.0,last_touch,t_000255,cmp_001,pl_006,cr_002,click,2026-09-03 04:20:53.811564929,1.0,8950.0
ord_ea25512b73c2,381,2026-09-09 14:46:43,8950.0,last_touch,t_000521,cmp_003,pl_007,cr_003,click,2026-09-05 10:30:55.212799511,1.0,8950.0
ord_ea81f93eaac2,311,2026-08-11 16:15:41,9900.0,last_touch,t_000403,cmp_002,pl_008,cr_001,lead,2026-08-06 01:30:22.800177665,0.0,0.0
ord_ea81f93eaac2,311,2026-08-11 16:15:41,9900.0,last_touch,t_000402,cmp_000,pl_001,cr_004,click,2026-08-07 21:26:17.480440198,0.0,0.0
ord_ea81f93eaac2,311,2026-08-11 16:15:41,9900.0,last_touch,t_000401,cmp_000,pl_004,cr_003,click,2026-08-09 15:04:50.081910267,1.0,9900.0
ord_ea9f67bdf793,321,2026-08-09 16:24:15,6490.0,last_touch,t_000419,cmp_002,pl_002,cr_002,click,2026-08-04 22:07:31.944561530,1.0,6490.0
ord_ecd9f75966a5,353,2026-08-22 11:39:22,8950.0,last_touch,t_000476,cmp_003,pl_009,cr_000,click,2026-08-17 14:28:53.979922992,0.0,0.0
ord_ecd9f75966a5,353,2026-08-22 11:39:22,8950.0,last_touch,t_000475,cmp_001,pl_006,cr_002,click,2026-08-21 00:09:46.001884330,1.0,8950.0
ord_ed0637fa4ebd,130,2026-08-15 14:59:16,9950.0,last_touch,t_000053,cmp_000,pl_004,cr_003,bot_start,2026-08-14 04:11:05.106061381,1.0,9950.0
ord_ed1071ff39c4,547,2026-09-01 15:53:22,14950.0,last_touch,t_000837,cmp_002,pl_008,cr_001,click,2026-08-29 06:08:16.290983062,0.0,0.0
ord_ed1071ff39c4,547,2026-09-01 15:53:22,14950.0,last_touch,t_000838,cmp_000,pl_004,cr_003,click,2026-08-29 12:00:25.487616960,0.0,0.0
ord_ed1071ff39c4,547,2026-09-01 15:53:22,14950.0,last_touch,t_000836,cmp_003,pl_007,cr_003,lead,2026-08-30 03:28:22.368732737,1.0,14950.0
ord_ed13c85c255c,408,2026-08-10 15:22:41,6490.0,last_touch,t_000567,cmp_002,pl_002,cr_002,bot_start,2026-08-04 09:06:35.362879214,0.0,0.0
ord_ed13c85c255c,408,2026-08-10 15:22:41,6490.0,last_touch,t_000566,cmp_000,pl_004,cr_003,click,2026-08-04 17:47:17.668000285,1.0,6490.0
ord_ed50d16d0823,539,2026-08-23 20:55:41,8950.0,last_touch,t_000820,cmp_000,pl_001,cr_004,click,2026-08-17 22:45:29.182391911,1.0,8950.0
ord_ee69a32f7ef1,481,2026-08-07 13:09:54,8745.0,last_touch,t_000710,cmp_004,pl_003,cr_000,lead,2026-08-04 03:33:02.613309527,1.0,8745.0
ord_ee706f82bf69,537,2026-08-12 04:49:43,9900.0,last_touch,t_000818,cmp_000,pl_001,cr_004,lead,2026-08-06 21:19:08.888756604,1.0,9900.0
ord_ee71e7f0fac7,175,2026-08-13 16:14:01,9950.0,last_touch,t_000135,cmp_000,pl_001,cr_004,click,2026-08-13 03:05:33.201345843,1.0,9950.0
ord_efb5eb469676,49,2026-09-06 14:51:02,14950.0,last_touch,t_000726,cmp_001,pl_006,cr_002,click,2026-08-30 22:56:22.260376470,0.0,0.0
ord_efb5eb469676,49,2026-09-06 14:51:02,14950.0,last_touch,t_000725,cmp_000,pl_004,cr_003,bot_start,2026-09-04 07:23:16.840841054,1.0,14950.0
ord_efda38df57f4,42,2026-09-06 11:42:46,8450.0,last_touch,t_000588,cmp_002,pl_002,cr_002,click,2026-09-03 08:38:44.342124820,1.0,8450.0
ord_f05ff3881547,92,2026-08-21 15:14:39,9950.0,last_touch,t_001018,cmp_001,pl_006,cr_002,click,2026-08-20 17:37:50.962511134,1.0,9950.0
ord_f0e105959a76,140,2026-08-25 16:01:50,8450.0,last_touch,t_000068,cmp_003,pl_009,cr_000,bot_start,2026-08-19 15:39:18.429504733,1.0,8450.0
ord_f0f23b0f026c,18,2026-09-05 14:29:29,8950.0,last_touch,t_000145,cmp_004,pl_003,cr_000,bot_start,2026-08-31 17:08:37.358940341,1.0,8950.0
ord_f1007240875b,544,2026-08-10 06:26:01,4995.0,last_touch,t_000832,cmp_003,pl_007,cr_003,click,2026-08-05 06:30:01.383131042,0.0,0.0
ord_f1007240875b,544,2026-08-10 06:26:01,4995.0,last_touch,t_000831,cmp_001,pl_006,cr_002,bot_start,2026-08-07 15:14:59.585558784,1.0,4995.0
ord_f10f8fc89294,159,2026-08-05 12:56:32,16950.0,last_touch,t_000106,cmp_000,pl_004,cr_003,bot_start,2026-08-04 14:39:49.324063964,1.0,16950.0
ord_f14db6e5243d,411,2026-08-30 11:21:33,8545.0,last_touch,t_000572,cmp_001,pl_006,cr_002,bot_start,2026-08-29 15:59:17.209698198,1.0,8545.0
ord_f1a6f01a94f5,272,2026-08-31 18:34:40,8950.0,last_touch,t_000323,cmp_000,pl_001,cr_004,click,2026-08-27 06:03:29.780579929,0.0,0.0
ord_f1a6f01a94f5,272,2026-08-31 18:34:40,8950.0,last_touch,t_000322,cmp_004,pl_003,cr_000,bot_start,2026-08-30 05:05:19.221196067,1.0,8950.0
ord_f26394c47bf4,262,2026-08-09 09:10:55,6490.0,last_touch,t_000299,cmp_003,pl_009,cr_000,click,2026-08-04 11:58:02.456850113,0.0,0.0
ord_f26394c47bf4,262,2026-08-09 09:10:55,6490.0,last_touch,t_000298,cmp_000,pl_004,cr_003,bot_start,2026-08-05 03:11:29.885707752,0.0,0.0
ord_f26394c47bf4,262,2026-08-09 09:10:55,6490.0,last_touch,t_000297,cmp_002,pl_002,cr_002,lead,2026-08-06 18:38:52.166724624,1.0,6490.0
ord_f2fa0bcd0338,221,2026-08-23 07:41:37,14950.0,last_touch,t_000218,cmp_004,pl_003,cr_000,click,2026-08-16 16:48:48.778055884,1.0,14950.0
ord_f339afbd01d6,605,2026-08-26 07:26:53,8950.0,last_touch,t_000957,cmp_002,pl_005,cr_004,click,2026-08-21 07:03:34.268402696,0.0,0.0
ord_f339afbd01d6,605,2026-08-26 07:26:53,8950.0,last_touch,t_000956,cmp_003,pl_007,cr_003,click,2026-08-23 05:40:37.762584449,1.0,8950.0
ord_f34bce33e183,305,2026-08-31 17:03:19,14950.0,last_touch,t_000390,cmp_002,pl_008,cr_001,click,2026-08-25 05:00:47.342925184,0.0,0.0
ord_f34bce33e183,305,2026-08-31 17:03:19,14950.0,last_touch,t_000391,cmp_003,pl_009,cr_000,click,2026-08-26 07:20:30.725576696,1.0,14950.0
ord_f35b5681754e,122,2026-08-27 20:55:44,14950.0,last_touch,t_000039,cmp_002,pl_002,cr_002,lead,2026-08-22 07:39:13.442843755,1.0,14950.0
ord_f3bb7380b854,199,2026-08-21 09:02:18,9950.0,last_touch,t_000178,cmp_000,pl_001,cr_004,click,2026-08-17 04:14:28.512478132,1.0,9950.0
ord_f48b2f5508f8,51,2026-09-06 15:46:24,2237.5,last_touch,t_000770,cmp_002,pl_005,cr_004,bot_start,2026-08-31 02:24:48.141659045,0.0,0.0
ord_f48b2f5508f8,51,2026-09-06 15:46:24,2237.5,last_touch,t_000769,cmp_002,pl_002,cr_002,click,2026-09-05 13:05:37.829393097,1.0,2237.5
ord_f4a877b19ffd,495,2026-09-01 10:30:21,14950.0,last_touch,t_000737,cmp_002,pl_002,cr_002,click,2026-08-29 01:34:09.356984769,0.0,0.0
ord_f4a877b19ffd,495,2026-09-01 10:30:21,14950.0,last_touch,t_000736,cmp_001,pl_006,cr_002,click,2026-08-30 12:52:36.489078550,1.0,14950.0
ord_f51023de2d47,599,2026-08-31 16:05:26,8950.0,last_touch,t_000946,cmp_004,pl_003,cr_000,click,2026-08-26 21:03:31.020793648,0.0,0.0
ord_f51023de2d47,599,2026-08-31 16:05:26,8950.0,last_touch,t_000945,cmp_000,pl_001,cr_004,click,2026-08-27 19:10:23.109389744,1.0,8950.0
ord_f567051e92aa,62,2026-08-09 18:47:09,9990.0,last_touch,t_000960,cmp_003,pl_009,cr_000,click,2026-08-08 18:52:24.211169783,1.0,9990.0
ord_f5738e0d34d2,225,2026-08-05 14:22:34,8745.0,last_touch,t_000224,cmp_002,pl_005,cr_004,lead,2026-08-04 06:46:21.180229031,0.0,0.0
ord_f5738e0d34d2,225,2026-08-05 14:22:34,8745.0,last_touch,t_000223,cmp_000,pl_004,cr_003,click,2026-08-04 10:25:46.250517880,1.0,8745.0
ord_f6021294c880,24,2026-09-05 18:23:21,8950.0,last_touch,t_000258,cmp_002,pl_008,cr_001,bot_start,2026-09-03 01:57:10.409673904,1.0,8950.0
ord_f6acca64ad00,347,2026-09-06 18:35:08,7475.0,last_touch,t_000463,cmp_000,pl_001,cr_004,click,2026-09-04 19:42:19.675796013,1.0,7475.0
ord_f6ef4475ce39,512,2026-08-08 16:43:12,4995.0,last_touch,t_000775,cmp_002,pl_008,cr_001,bot_start,2026-08-04 18:14:17.640752129,1.0,4995.0
ord_f712f6cc35d5,437,2026-08-30 16:16:42,1000.0,last_touch,t_000630,cmp_002,pl_008,cr_001,click,2026-08-24 02:54:49.478289351,0.0,0.0
ord_f712f6cc35d5,437,2026-08-30 16:16:42,1000.0,last_touch,t_000631,cmp_000,pl_001,cr_004,click,2026-08-26 12:51:36.020024443,1.0,1000.0
ord_f724e25b9f3d,6,2026-09-02 19:16:28,8450.0,last_touch,t_000947,cmp_002,pl_008,cr_001,lead,2026-08-31 01:17:53.912959132,1.0,8450.0
ord_f73b4b2b071f,552,2026-08-26 04:37:12,7475.0,last_touch,t_000850,cmp_002,pl_005,cr_004,click,2026-08-20 01:10:28.905487383,0.0,0.0
ord_f73b4b2b071f,552,2026-08-26 04:37:12,7475.0,last_touch,t_000849,cmp_002,pl_000,cr_000,click,2026-08-20 17:13:16.545023346,1.0,7475.0
ord_f8def145da1a,389,2026-08-10 19:12:23,5990.0,last_touch,t_000532,cmp_003,pl_009,cr_000,click,2026-08-05 23:43:15.948116800,0.0,0.0
ord_f8def145da1a,389,2026-08-10 19:12:23,5990.0,last_touch,t_000531,cmp_001,pl_006,cr_002,click,2026-08-06 21:12:26.681503452,0.0,0.0
ord_f8def145da1a,389,2026-08-10 19:12:23,5990.0,last_touch,t_000530,cmp_000,pl_001,cr_004,lead,2026-08-08 04:30:58.822146517,0.0,0.0
ord_f8def145da1a,389,2026-08-10 19:12:23,5990.0,last_touch,t_000533,cmp_002,pl_005,cr_004,bot_start,2026-08-08 15:41:25.451443711,1.0,5990.0
ord_f90039fd6408,43,2026-09-05 07:16:30,12950.0,last_touch,t_000607,cmp_004,pl_003,cr_000,click,2026-09-01 03:23:51.598662425,1.0,12950.0
ord_f9697612b046,167,2026-08-09 09:07:16,9900.0,last_touch,t_000119,cmp_000,pl_001,cr_004,bot_start,2026-08-06 08:37:04.103996095,0.0,0.0
ord_f9697612b046,167,2026-08-09 09:07:16,9900.0,last_touch,t_000120,cmp_003,pl_007,cr_003,click,2026-08-08 19:26:51.354581661,1.0,9900.0
ord_fab1063f75ae,101,2026-08-20 17:34:00,8745.0,last_touch,t_000003,cmp_003,pl_007,cr_003,bot_start,2026-08-15 21:50:59.758937915,1.0,8745.0
ord_fad9cd50221c,523,2026-09-02 11:00:48,8450.0,last_touch,t_000792,cmp_001,pl_006,cr_002,click,2026-08-30 03:24:25.208516397,1.0,8450.0
ord_fb36fe4ba9aa,538,2026-08-31 06:14:52,14950.0,last_touch,t_000819,cmp_003,pl_007,cr_003,bot_start,2026-08-26 06:18:08.893510644,1.0,14950.0
ord_fb5c1dbaecda,40,2026-08-09 16:36:02,6490.0,last_touch,t_000550,cmp_002,pl_002,cr_002,click,2026-08-07 05:56:13.319036082,1.0,6490.0
ord_fb65c20ece57,293,2026-08-22 11:35:35,8950.0,last_touch,t_000365,cmp_004,pl_003,cr_000,click,2026-08-19 23:29:35.072660083,1.0,8950.0
ord_fbd7549e3e48,102,2026-09-07 12:59:48,12950.0,last_touch,t_000005,cmp_000,pl_004,cr_003,click,2026-09-03 23:30:20.370630017,0.0,0.0
ord_fbd7549e3e48,102,2026-09-07 12:59:48,12950.0,last_touch,t_000004,cmp_003,pl_007,cr_003,click,2026-09-06 03:11:18.005851508,1.0,12950.0
ord_fd39b10c3908,330,2026-09-03 15:10:16,14950.0,last_touch,t_000433,cmp_000,pl_004,cr_003,click,2026-08-29 04:32:43.181600319,1.0,14950.0
ord_fe0111be5fd2,443,2026-08-04 10:14:38,16950.0,last_touch,t_000647,cmp_000,pl_004,cr_003,bot_start,2026-08-04 09:09:04.971322635,1.0,16950.0
ord_fe78407b22be,246,2026-09-07 16:45:55,9950.0,last_touch,t_000270,cmp_003,pl_007,cr_003,click,2026-09-01 09:27:08.779428413,0.0,0.0
ord_fe78407b22be,246,2026-09-07 16:45:55,9950.0,last_touch,t_000269,cmp_002,pl_002,cr_002,click,2026-09-01 23:44:54.693953927,0.0,0.0
ord_fe78407b22be,246,2026-09-07 16:45:55,9950.0,last_touch,t_000268,cmp_000,pl_004,cr_003,click,2026-09-04 11:45:55.375500804,1.0,9950.0
ord_0082db0829bd,503,2026-08-31 14:40:32,14943.0,linear,t_000757,cmp_000,pl_004,cr_003,bot_start,2026-08-30 16:44:38.528238527,1.0,14943.0
ord_00a180cd6c8e,479,2026-08-16 09:40:02,8745.0,linear,t_000707,cmp_003,pl_009,cr_000,lead,2026-08-15 19:55:19.519466410,1.0,8745.0
ord_00b414105480,228,2026-09-07 07:42:35,8950.0,linear,t_000232,cmp_001,pl_006,cr_002,click,2026-08-31 19:35:58.289682070,1.0,8950.0
ord_0157b9bc5064,515,2026-09-05 12:09:36,8450.0,linear,t_000778,cmp_001,pl_006,cr_002,click,2026-09-01 15:18:16.318685356,1.0,8450.0
ord_0223aaad9fb8,483,2026-08-29 19:38:52,8450.0,linear,t_000712,cmp_000,pl_001,cr_004,click,2026-08-25 11:16:04.417647216,0.3333333333333333,2816.6666666666665
ord_0223aaad9fb8,483,2026-08-29 19:38:52,8450.0,linear,t_000714,cmp_002,pl_005,cr_004,click,2026-08-25 14:07:40.478382987,0.3333333333333333,2816.6666666666665
ord_0223aaad9fb8,483,2026-08-29 19:38:52,8450.0,linear,t_000713,cmp_003,pl_009,cr_000,click,2026-08-27 05:39:24.536267564,0.3333333333333333,2816.6666666666665
ord_0273750f92b4,598,2026-08-09 09:43:34,9900.0,linear,t_000942,cmp_000,pl_001,cr_004,click,2026-08-04 07:45:57.060386859,0.3333333333333333,3300.0
ord_0273750f92b4,598,2026-08-09 09:43:34,9900.0,linear,t_000940,cmp_000,pl_001,cr_004,click,2026-08-06 07:18:56.621915721,0.3333333333333333,3300.0
ord_0273750f92b4,598,2026-08-09 09:43:34,9900.0,linear,t_000941,cmp_002,pl_005,cr_004,bot_start,2026-08-07 23:21:48.600570324,0.3333333333333333,3300.0
ord_043336d70bbd,566,2026-08-30 18:45:42,8450.0,linear,t_000879,cmp_002,pl_002,cr_002,click,2026-08-26 19:23:55.066263157,1.0,8450.0
ord_0475aef2b65b,563,2026-08-09 17:28:24,6490.0,linear,t_000872,cmp_000,pl_001,cr_004,bot_start,2026-08-07 02:22:53.216819336,1.0,6490.0
ord_04d41284e880,182,2026-09-02 10:14:11,8950.0,linear,t_000152,cmp_004,pl_003,cr_000,click,2026-09-01 09:00:20.810361996,1.0,8950.0
ord_057492a7b6c1,123,2026-09-09 16:23:01,6450.0,linear,t_000040,cmp_004,pl_003,cr_000,click,2026-09-09 02:12:34.380823075,1.0,6450.0
ord_05b980c654d8,427,2026-08-08 19:23:46,9900.0,linear,t_000603,cmp_001,pl_006,cr_002,bot_start,2026-08-04 20:20:21.556449253,0.3333333333333333,3300.0
ord_05b980c654d8,427,2026-08-08 19:23:46,9900.0,linear,t_000604,cmp_003,pl_009,cr_000,click,2026-08-05 07:13:49.805904810,0.3333333333333333,3300.0
ord_05b980c654d8,427,2026-08-08 19:23:46,9900.0,linear,t_000602,cmp_002,pl_008,cr_001,lead,2026-08-07 23:04:38.632301436,0.3333333333333333,3300.0
ord_06562c623bb5,464,2026-08-10 18:30:49,4500.0,linear,t_000683,cmp_002,pl_005,cr_004,bot_start,2026-08-09 23:23:25.060498746,1.0,4500.0
ord_06cbd83b5016,312,2026-08-23 09:59:13,7475.0,linear,t_000404,cmp_004,pl_003,cr_000,click,2026-08-18 12:13:24.007610703,1.0,7475.0
ord_07526bb6597e,93,2026-08-10 05:56:12,6950.0,linear,t_001019,cmp_003,pl_007,cr_003,click,2026-08-07 10:17:33.323713516,1.0,6950.0
ord_076397626a57,202,2026-08-25 19:24:14,14950.0,linear,t_000185,cmp_001,pl_006,cr_002,bot_start,2026-08-20 16:56:29.962040098,1.0,14950.0
ord_07bbfb66286f,138,2026-08-25 12:39:08,5750.0,linear,t_000065,cmp_000,pl_004,cr_003,click,2026-08-22 07:37:02.930597113,1.0,5750.0
ord_07c9fa467ebc,76,2026-08-30 14:48:44,13950.0,linear,t_000986,cmp_000,pl_004,cr_003,click,2026-08-27 04:30:14.561924076,1.0,13950.0
ord_08067185bfb2,548,2026-09-08 12:45:32,13950.0,linear,t_000839,cmp_002,pl_002,cr_002,bot_start,2026-09-03 10:44:29.182982504,0.3333333333333333,4650.0
ord_08067185bfb2,548,2026-09-08 12:45:32,13950.0,linear,t_000841,cmp_000,pl_001,cr_004,bot_start,2026-09-03 15:14:29.254995572,0.3333333333333333,4650.0
ord_08067185bfb2,548,2026-09-08 12:45:32,13950.0,linear,t_000840,cmp_000,pl_004,cr_003,bot_start,2026-09-04 08:56:01.172855523,0.3333333333333333,4650.0
ord_08813546fcf4,193,2026-09-06 11:49:34,8450.0,linear,t_000170,cmp_001,pl_006,cr_002,click,2026-09-05 23:34:01.346569833,1.0,8450.0
ord_0a2df2b27e22,89,2026-08-09 10:44:19,9900.0,linear,t_001014,cmp_000,pl_004,cr_003,bot_start,2026-08-05 08:34:14.420657437,0.3333333333333333,3300.0
ord_0a2df2b27e22,89,2026-08-09 10:44:19,9900.0,linear,t_001012,cmp_002,pl_008,cr_001,click,2026-08-08 01:50:51.974524162,0.3333333333333333,3300.0
ord_0a2df2b27e22,89,2026-08-09 10:44:19,9900.0,linear,t_001013,cmp_003,pl_009,cr_000,bot_start,2026-08-08 10:08:17.580029151,0.3333333333333333,3300.0
ord_0a317a84518b,472,2026-09-06 13:45:12,8950.0,linear,t_000695,cmp_000,pl_004,cr_003,click,2026-09-05 08:51:26.159140261,1.0,8950.0
ord_0a3c2680e209,137,2026-08-05 15:01:16,8475.0,linear,t_000061,cmp_000,pl_004,cr_003,bot_start,2026-08-04 11:33:34.059688742,1.0,8475.0
ord_0a4730bec9df,416,2026-09-05 21:19:33,13950.0,linear,t_000582,cmp_003,pl_009,cr_000,bot_start,2026-08-30 12:52:56.819255986,1.0,13950.0
ord_0a5bcaef7780,313,2026-08-07 11:58:49,9450.0,linear,t_000405,cmp_004,pl_003,cr_000,lead,2026-08-04 17:19:26.659104984,1.0,9450.0
ord_0a92f9a92eee,485,2026-08-22 16:02:00,8450.0,linear,t_000717,cmp_003,pl_007,cr_003,click,2026-08-18 05:27:29.652116801,0.3333333333333333,2816.6666666666665
ord_0a92f9a92eee,485,2026-08-22 16:02:00,8450.0,linear,t_000718,cmp_002,pl_000,cr_000,click,2026-08-20 14:23:29.597531160,0.3333333333333333,2816.6666666666665
ord_0a92f9a92eee,485,2026-08-22 16:02:00,8450.0,linear,t_000719,cmp_003,pl_009,cr_000,bot_start,2026-08-21 03:01:14.109032086,0.3333333333333333,2816.6666666666665
ord_0aacfa2737e8,574,2026-09-04 16:29:01,7475.0,linear,t_000890,cmp_003,pl_007,cr_003,click,2026-09-03 13:43:58.715067437,1.0,7475.0
ord_0b99cf1cbae6,189,2026-09-01 07:49:46,8945.0,linear,t_000165,cmp_000,pl_004,cr_003,click,2026-08-25 14:47:41.761129726,1.0,8945.0
ord_0bf6046efc8a,402,2026-09-03 17:30:08,8450.0,linear,t_000557,cmp_003,pl_007,cr_003,lead,2026-09-01 12:30:59.058653430,0.3333333333333333,2816.6666666666665
ord_0bf6046efc8a,402,2026-09-03 17:30:08,8450.0,linear,t_000558,cmp_002,pl_000,cr_000,click,2026-09-01 20:54:16.284436641,0.3333333333333333,2816.6666666666665
ord_0bf6046efc8a,402,2026-09-03 17:30:08,8450.0,linear,t_000556,cmp_004,pl_003,cr_000,click,2026-09-02 19:03:13.147825075,0.3333333333333333,2816.6666666666665
ord_0c344a2d8772,4,2026-08-31 15:42:34,8950.0,linear,t_000549,cmp_002,pl_002,cr_002,bot_start,2026-08-24 20:03:59.388523295,1.0,8950.0
ord_0cc9a2c8492a,482,2026-08-15 16:30:16,16950.0,linear,t_000711,cmp_001,pl_006,cr_002,click,2026-08-15 02:39:44.016078672,1.0,16950.0
ord_0d145d2e15fe,388,2026-08-12 13:28:18,7000.0,linear,t_000529,cmp_003,pl_007,cr_003,click,2026-08-05 13:30:29.786788905,1.0,7000.0
ord_0d21daf5c92f,573,2026-08-30 09:39:42,8950.0,linear,t_000888,cmp_002,pl_002,cr_002,click,2026-08-28 02:16:06.061366103,0.5,4475.0
ord_0d21daf5c92f,573,2026-08-30 09:39:42,8950.0,linear,t_000889,cmp_002,pl_000,cr_000,click,2026-08-28 18:59:06.443814578,0.5,4475.0
ord_0d76feadce87,606,2026-08-10 18:36:00,6450.0,linear,t_000958,cmp_000,pl_001,cr_004,click,2026-08-07 00:55:01.418989902,1.0,6450.0
ord_0dc8b16836b3,291,2026-08-06 10:06:16,19900.0,linear,t_000363,cmp_004,pl_003,cr_000,bot_start,2026-08-04 21:11:16.128905344,1.0,19900.0
ord_0e4bd99c6ec5,237,2026-08-23 13:29:45,8950.0,linear,t_000252,cmp_002,pl_008,cr_001,bot_start,2026-08-19 21:04:59.697778473,0.3333333333333333,2983.333333333333
ord_0e4bd99c6ec5,237,2026-08-23 13:29:45,8950.0,linear,t_000251,cmp_002,pl_008,cr_001,click,2026-08-20 23:13:48.677581038,0.3333333333333333,2983.333333333333
ord_0e4bd99c6ec5,237,2026-08-23 13:29:45,8950.0,linear,t_000253,cmp_002,pl_008,cr_001,lead,2026-08-21 11:23:59.471569878,0.3333333333333333,2983.333333333333
ord_0e5ec51cc7df,265,2026-08-08 16:25:28,5990.0,linear,t_000305,cmp_004,pl_003,cr_000,click,2026-08-05 22:29:25.579483706,0.5,2995.0
ord_0e5ec51cc7df,265,2026-08-08 16:25:28,5990.0,linear,t_000306,cmp_004,pl_003,cr_000,click,2026-08-07 13:39:38.306151144,0.5,2995.0
ord_0ecdee05efc2,470,2026-08-09 17:24:05,9900.0,linear,t_000693,cmp_002,pl_005,cr_004,click,2026-08-08 04:08:59.167070900,1.0,9900.0
ord_0f0247baca43,9,2026-09-03 14:55:45,8950.0,linear,t_001015,cmp_003,pl_009,cr_000,click,2026-08-28 08:55:48.022511603,1.0,8950.0
ord_0f90917f515e,125,2026-09-07 08:46:37,8950.0,linear,t_000042,cmp_001,pl_006,cr_002,bot_start,2026-09-01 15:20:00.666096042,0.5,4475.0
ord_0f90917f515e,125,2026-09-07 08:46:37,8950.0,linear,t_000043,cmp_002,pl_000,cr_000,click,2026-09-06 00:19:54.966725413,0.5,4475.0
ord_0fded6be3396,259,2026-08-08 07:59:01,8745.0,linear,t_000292,cmp_002,pl_000,cr_000,bot_start,2026-08-06 22:58:17.958803049,1.0,8745.0
ord_0fe6ac00a1eb,450,2026-09-03 06:06:37,8950.0,linear,t_000658,cmp_002,pl_002,cr_002,click,2026-09-01 13:47:33.622485596,1.0,8950.0
ord_102e712e189a,506,2026-08-27 12:29:06,8950.0,linear,t_000762,cmp_003,pl_009,cr_000,bot_start,2026-08-22 08:57:24.511493500,1.0,8950.0
ord_1083148850a7,48,2026-09-05 14:24:29,8950.0,linear,t_000708,cmp_002,pl_002,cr_002,click,2026-08-30 19:17:14.670587895,1.0,8950.0
ord_111f1b3401d4,70,2026-08-18 19:10:04,8475.0,linear,t_000976,cmp_004,pl_003,cr_000,click,2026-08-13 09:37:18.083568946,0.5,4237.5
ord_111f1b3401d4,70,2026-08-18 19:10:04,8475.0,linear,t_000977,cmp_001,pl_006,cr_002,click,2026-08-15 04:12:01.565327328,0.5,4237.5
ord_120e8119bbbd,220,2026-08-22 19:19:35,9950.0,linear,t_000217,cmp_002,pl_008,cr_001,bot_start,2026-08-19 16:10:08.451978059,1.0,9950.0
ord_126e2c670653,104,2026-08-23 21:00:30,14950.0,linear,t_000009,cmp_000,pl_004,cr_003,bot_start,2026-08-19 18:06:40.743245138,1.0,14950.0
ord_127af47915d1,248,2026-08-22 13:43:42,7475.0,linear,t_000272,cmp_000,pl_001,cr_004,click,2026-08-22 01:38:50.673276540,1.0,7475.0
ord_12861ede06bc,326,2026-09-04 10:55:46,14950.0,linear,t_000427,cmp_002,pl_002,cr_002,bot_start,2026-09-02 13:08:10.880274242,0.5,7475.0
ord_12861ede06bc,326,2026-09-04 10:55:46,14950.0,linear,t_000426,cmp_000,pl_001,cr_004,bot_start,2026-09-03 10:48:04.595054897,0.5,7475.0
ord_128f6f54c0bb,80,2026-09-09 04:53:08,6975.0,linear,t_000996,cmp_004,pl_003,cr_000,bot_start,2026-09-03 12:21:52.229548673,0.3333333333333333,2325.0
ord_128f6f54c0bb,80,2026-09-09 04:53:08,6975.0,linear,t_000994,cmp_003,pl_007,cr_003,bot_start,2026-09-04 20:55:21.244845413,0.3333333333333333,2325.0
ord_128f6f54c0bb,80,2026-09-09 04:53:08,6975.0,linear,t_000995,cmp_003,pl_009,cr_000,lead,2026-09-05 13:27:06.329866895,0.3333333333333333,2325.0
ord_12f6f616dabf,63,2026-08-09 19:29:08,12900.0,linear,t_000961,cmp_001,pl_006,cr_002,bot_start,2026-08-06 02:30:07.297000178,1.0,12900.0
ord_135bfa95ad03,324,2026-08-31 19:22:31,8450.0,linear,t_000422,cmp_002,pl_000,cr_000,click,2026-08-27 03:46:27.636407322,0.3333333333333333,2816.6666666666665
ord_135bfa95ad03,324,2026-08-31 19:22:31,8450.0,linear,t_000424,cmp_003,pl_007,cr_003,click,2026-08-28 06:25:17.382703961,0.3333333333333333,2816.6666666666665
ord_135bfa95ad03,324,2026-08-31 19:22:31,8450.0,linear,t_000423,cmp_003,pl_009,cr_000,click,2026-08-28 09:34:55.230593552,0.3333333333333333,2816.6666666666665
ord_142b55618fb5,449,2026-09-06 17:28:24,8950.0,linear,t_000655,cmp_000,pl_004,cr_003,bot_start,2026-09-01 09:54:22.165913343,0.5,4475.0
ord_142b55618fb5,449,2026-09-06 17:28:24,8950.0,linear,t_000656,cmp_000,pl_001,cr_004,click,2026-09-05 08:09:13.879050609,0.5,4475.0
ord_145b2c6e5078,177,2026-08-28 10:47:56,8950.0,linear,t_000139,cmp_000,pl_004,cr_003,click,2026-08-21 13:12:16.949468000,0.5,4475.0
ord_145b2c6e5078,177,2026-08-28 10:47:56,8950.0,linear,t_000140,cmp_003,pl_009,cr_000,bot_start,2026-08-23 04:20:00.035838867,0.5,4475.0
ord_146df1730fa1,185,2026-08-27 14:36:47,13950.0,linear,t_000157,cmp_000,pl_004,cr_003,bot_start,2026-08-20 20:58:35.072370487,0.5,6975.0
ord_146df1730fa1,185,2026-08-27 14:36:47,13950.0,linear,t_000158,cmp_000,pl_004,cr_003,click,2026-08-23 14:14:21.912691716,0.5,6975.0
ord_1483e99251d1,359,2026-09-06 18:40:33,7475.0,linear,t_000484,cmp_001,pl_006,cr_002,click,2026-09-06 04:31:35.637266862,1.0,7475.0
ord_154e9cd0a990,192,2026-08-24 15:05:04,14950.0,linear,t_000169,cmp_002,pl_008,cr_001,click,2026-08-22 18:47:21.263879666,1.0,14950.0
ord_15bde24eb45e,188,2026-09-06 01:03:43,6975.0,linear,t_000162,cmp_000,pl_001,cr_004,bot_start,2026-08-30 01:53:18.497798090,0.3333333333333333,2325.0
ord_15bde24eb45e,188,2026-09-06 01:03:43,6975.0,linear,t_000163,cmp_002,pl_002,cr_002,bot_start,2026-08-30 16:15:48.690886480,0.3333333333333333,2325.0
ord_15bde24eb45e,188,2026-09-06 01:03:43,6975.0,linear,t_000164,cmp_002,pl_008,cr_001,click,2026-09-04 08:10:26.279874077,0.3333333333333333,2325.0
ord_16a607842721,81,2026-08-30 13:44:26,8450.0,linear,t_000998,cmp_002,pl_005,cr_004,bot_start,2026-08-24 03:59:46.258955570,0.5,4225.0
ord_16a607842721,81,2026-08-30 13:44:26,8450.0,linear,t_000997,cmp_002,pl_000,cr_000,bot_start,2026-08-26 22:58:26.068502427,0.5,4225.0
ord_16d5fab6323f,173,2026-08-11 07:48:36,9900.0,linear,t_000131,cmp_002,pl_005,cr_004,click,2026-08-07 08:54:35.559371830,0.3333333333333333,3300.0
ord_16d5fab6323f,173,2026-08-11 07:48:36,9900.0,linear,t_000132,cmp_000,pl_004,cr_003,lead,2026-08-08 05:38:08.912236415,0.3333333333333333,3300.0
ord_16d5fab6323f,173,2026-08-11 07:48:36,9900.0,linear,t_000133,cmp_001,pl_006,cr_002,click,2026-08-09 16:07:08.303303400,0.3333333333333333,3300.0
ord_1731ed2f88ac,133,2026-08-16 09:59:37,9900.0,linear,t_000056,cmp_000,pl_001,cr_004,click,2026-08-15 13:39:57.706636579,1.0,9900.0
ord_183cfca353af,213,2026-08-23 20:58:38,8950.0,linear,t_000203,cmp_001,pl_006,cr_002,click,2026-08-19 10:00:48.982010745,0.3333333333333333,2983.333333333333
ord_183cfca353af,213,2026-08-23 20:58:38,8950.0,linear,t_000205,cmp_002,pl_005,cr_004,click,2026-08-20 08:01:31.231878504,0.3333333333333333,2983.333333333333
ord_183cfca353af,213,2026-08-23 20:58:38,8950.0,linear,t_000204,cmp_004,pl_003,cr_000,bot_start,2026-08-20 17:09:04.988565914,0.3333333333333333,2983.333333333333
ord_18a6dcc7045d,510,2026-09-05 10:34:42,8950.0,linear,t_000773,cmp_000,pl_001,cr_004,click,2026-08-30 19:14:13.630213163,0.3333333333333333,2983.333333333333
ord_18a6dcc7045d,510,2026-09-05 10:34:42,8950.0,linear,t_000772,cmp_002,pl_000,cr_000,click,2026-09-04 07:42:11.500692506,0.3333333333333333,2983.333333333333
ord_18a6dcc7045d,510,2026-09-05 10:34:42,8950.0,linear,t_000771,cmp_002,pl_000,cr_000,click,2026-09-04 12:49:02.061340797,0.3333333333333333,2983.333333333333
ord_18fbab1ad4c3,502,2026-09-05 10:11:25,8450.0,linear,t_000755,cmp_002,pl_005,cr_004,click,2026-08-30 10:40:23.491873635,0.3333333333333333,2816.6666666666665
ord_18fbab1ad4c3,502,2026-09-05 10:11:25,8450.0,linear,t_000756,cmp_003,pl_007,cr_003,click,2026-08-30 20:59:33.997936244,0.3333333333333333,2816.6666666666665
ord_18fbab1ad4c3,502,2026-09-05 10:11:25,8450.0,linear,t_000754,cmp_000,pl_001,cr_004,bot_start,2026-09-04 15:29:19.996465839,0.3333333333333333,2816.6666666666665
ord_19ea5cf660f5,113,2026-09-06 15:14:57,8950.0,linear,t_000024,cmp_003,pl_009,cr_000,click,2026-08-30 21:42:50.145843605,1.0,8950.0
ord_1a1ea7a0f815,204,2026-09-07 13:39:13,8950.0,linear,t_000188,cmp_001,pl_006,cr_002,lead,2026-09-06 23:04:01.783254333,1.0,8950.0
ord_1c11b9dc4c43,32,2026-08-09 04:36:11,6490.0,linear,t_000416,cmp_002,pl_005,cr_004,bot_start,2026-08-04 17:02:25.458436719,1.0,6490.0
ord_1c319f621766,377,2026-09-05 19:24:12,14950.0,linear,t_000512,cmp_003,pl_007,cr_003,click,2026-08-30 11:42:16.629446230,0.3333333333333333,4983.333333333333
ord_1c319f621766,377,2026-09-05 19:24:12,14950.0,linear,t_000513,cmp_000,pl_001,cr_004,click,2026-08-31 01:36:18.473908235,0.3333333333333333,4983.333333333333
ord_1c319f621766,377,2026-09-05 19:24:12,14950.0,linear,t_000511,cmp_002,pl_000,cr_000,bot_start,2026-08-31 08:06:04.644057025,0.3333333333333333,4983.333333333333
ord_1c6b616d7106,586,2026-08-12 17:45:53,8745.0,linear,t_000913,cmp_001,pl_006,cr_002,click,2026-08-05 23:58:10.075859902,1.0,8745.0
ord_1cbd61ea100d,263,2026-08-22 19:53:10,8950.0,linear,t_000300,cmp_000,pl_001,cr_004,click,2026-08-18 12:39:52.882104748,0.25,2237.5
ord_1cbd61ea100d,263,2026-08-22 19:53:10,8950.0,linear,t_000303,cmp_002,pl_008,cr_001,lead,2026-08-18 14:45:04.309739782,0.25,2237.5
ord_1cbd61ea100d,263,2026-08-22 19:53:10,8950.0,linear,t_000301,cmp_001,pl_006,cr_002,click,2026-08-21 01:44:44.206114815,0.25,2237.5
ord_1cbd61ea100d,263,2026-08-22 19:53:10,8950.0,linear,t_000302,cmp_004,pl_003,cr_000,click,2026-08-21 23:34:29.277670855,0.25,2237.5
ord_1cec027f532b,258,2026-08-10 15:03:03,6490.0,linear,t_000291,cmp_002,pl_008,cr_001,click,2026-08-08 18:45:40.134345705,1.0,6490.0
ord_1d1e325b1015,339,2026-08-11 12:22:26,6450.0,linear,t_000451,cmp_000,pl_001,cr_004,click,2026-08-07 09:57:10.199741252,1.0,6450.0
ord_1d3cac61f0bf,390,2026-09-01 02:23:30,8975.0,linear,t_000535,cmp_000,pl_004,cr_003,bot_start,2026-08-25 10:12:53.465039252,1.0,8975.0
ord_1da6e4a987d2,156,2026-08-22 10:54:14,14950.0,linear,t_000101,cmp_003,pl_007,cr_003,click,2026-08-15 14:01:10.735962366,1.0,14950.0
ord_1e3f658b7c5c,38,2026-08-09 12:15:31,6490.0,linear,t_000517,cmp_002,pl_008,cr_001,click,2026-08-06 02:20:12.845220034,0.3333333333333333,2163.333333333333
ord_1e3f658b7c5c,38,2026-08-09 12:15:31,6490.0,linear,t_000518,cmp_002,pl_000,cr_000,click,2026-08-06 10:59:31.017203656,0.3333333333333333,2163.333333333333
ord_1e3f658b7c5c,38,2026-08-09 12:15:31,6490.0,linear,t_000516,cmp_001,pl_006,cr_002,click,2026-08-07 05:12:52.170309880,0.3333333333333333,2163.333333333333
ord_1eb88d1635e9,168,2026-08-25 06:26:04,14950.0,linear,t_000121,cmp_003,pl_007,cr_003,lead,2026-08-19 07:58:15.510426987,1.0,14950.0
ord_1f8f5738f7a5,34,2026-09-01 17:23:37,8945.0,linear,t_000452,cmp_003,pl_007,cr_003,click,2026-08-27 23:04:38.801272037,1.0,8945.0
ord_1f9f13a88c1c,37,2026-09-02 04:13:14,5750.0,linear,t_000499,cmp_002,pl_005,cr_004,click,2026-08-30 23:07:06.199528880,1.0,5750.0
ord_1fceee77c844,572,2026-09-02 14:54:22,8945.0,linear,t_000887,cmp_003,pl_007,cr_003,bot_start,2026-08-30 20:57:12.343609541,1.0,8945.0
ord_1fe30b789e57,430,2026-08-23 16:17:56,8000.0,linear,t_000610,cmp_001,pl_006,cr_002,click,2026-08-16 22:50:11.207543380,1.0,8000.0
ord_1fe9a3d99b7d,144,2026-09-01 15:30:39,8950.0,linear,t_000078,cmp_000,pl_001,cr_004,bot_start,2026-08-26 06:32:57.578276123,0.25,2237.5
ord_1fe9a3d99b7d,144,2026-09-01 15:30:39,8950.0,linear,t_000077,cmp_003,pl_007,cr_003,bot_start,2026-08-28 10:10:10.618910913,0.25,2237.5
ord_1fe9a3d99b7d,144,2026-09-01 15:30:39,8950.0,linear,t_000080,cmp_003,pl_007,cr_003,click,2026-08-30 02:27:29.507117286,0.25,2237.5
ord_1fe9a3d99b7d,144,2026-09-01 15:30:39,8950.0,linear,t_000079,cmp_002,pl_008,cr_001,click,2026-08-30 09:18:26.577184846,0.25,2237.5
ord_201c822a24c4,235,2026-08-23 16:04:24,8450.0,linear,t_000247,cmp_003,pl_009,cr_000,click,2026-08-21 20:28:47.415709778,1.0,8450.0
ord_201d629a754d,468,2026-08-19 07:10:12,9450.0,linear,t_000688,cmp_003,pl_007,cr_003,click,2026-08-15 09:13:32.975337582,0.3333333333333333,3150.0
ord_201d629a754d,468,2026-08-19 07:10:12,9450.0,linear,t_000687,cmp_000,pl_001,cr_004,click,2026-08-15 19:44:16.837147622,0.3333333333333333,3150.0
ord_201d629a754d,468,2026-08-19 07:10:12,9450.0,linear,t_000689,cmp_002,pl_005,cr_004,click,2026-08-16 02:27:11.113696506,0.3333333333333333,3150.0
ord_2035e3041e35,594,2026-09-03 18:16:38,5000.0,linear,t_000933,cmp_002,pl_005,cr_004,click,2026-08-30 14:19:24.607673245,0.3333333333333333,1666.6666666666665
ord_2035e3041e35,594,2026-09-03 18:16:38,5000.0,linear,t_000932,cmp_000,pl_004,cr_003,lead,2026-09-01 00:39:30.420758446,0.3333333333333333,1666.6666666666665
ord_2035e3041e35,594,2026-09-03 18:16:38,5000.0,linear,t_000931,cmp_002,pl_000,cr_000,bot_start,2026-09-03 01:52:29.910729213,0.3333333333333333,1666.6666666666665
ord_20f6eedc8c53,447,2026-08-23 13:46:56,8450.0,linear,t_000653,cmp_002,pl_000,cr_000,click,2026-08-21 14:27:51.141304995,1.0,8450.0
ord_210787d94c0e,45,2026-08-14 10:04:52,5750.0,linear,t_000657,cmp_003,pl_007,cr_003,click,2026-08-10 07:29:40.252714490,1.0,5750.0
ord_210b0f2849cb,466,2026-08-26 13:56:39,8950.0,linear,t_000685,cmp_002,pl_005,cr_004,click,2026-08-21 02:12:46.835185128,1.0,8950.0
ord_215b1194a3e3,551,2026-09-02 09:58:19,8950.0,linear,t_000848,cmp_003,pl_009,cr_000,lead,2026-08-26 14:27:18.644783404,0.5,4475.0
ord_215b1194a3e3,551,2026-09-02 09:58:19,8950.0,linear,t_000847,cmp_002,pl_005,cr_004,lead,2026-08-28 07:38:17.743739897,0.5,4475.0
ord_22a56662eca5,91,2026-08-24 00:44:40,8950.0,linear,t_001017,cmp_002,pl_000,cr_000,bot_start,2026-08-18 16:20:24.581574546,1.0,8950.0
ord_22e8d5965c7f,126,2026-08-05 13:22:41,8745.0,linear,t_000045,cmp_002,pl_005,cr_004,click,2026-08-04 00:35:47.860055772,0.5,4372.5
ord_22e8d5965c7f,126,2026-08-05 13:22:41,8745.0,linear,t_000044,cmp_003,pl_007,cr_003,lead,2026-08-04 15:54:31.467982773,0.5,4372.5
ord_230264778ff7,560,2026-08-25 14:09:51,8950.0,linear,t_000866,cmp_002,pl_008,cr_001,click,2026-08-20 00:35:03.802848292,0.3333333333333333,2983.333333333333
ord_230264778ff7,560,2026-08-25 14:09:51,8950.0,linear,t_000865,cmp_002,pl_008,cr_001,click,2026-08-22 13:15:16.239761068,0.3333333333333333,2983.333333333333
ord_230264778ff7,560,2026-08-25 14:09:51,8950.0,linear,t_000867,cmp_000,pl_004,cr_003,bot_start,2026-08-22 22:59:06.246337776,0.3333333333333333,2983.333333333333
ord_239a0aae9906,351,2026-08-20 11:12:25,9450.0,linear,t_000471,cmp_000,pl_001,cr_004,click,2026-08-17 13:38:41.028466527,0.3333333333333333,3150.0
ord_239a0aae9906,351,2026-08-20 11:12:25,9450.0,linear,t_000470,cmp_000,pl_001,cr_004,lead,2026-08-17 22:30:05.464326961,0.3333333333333333,3150.0
ord_239a0aae9906,351,2026-08-20 11:12:25,9450.0,linear,t_000472,cmp_003,pl_007,cr_003,click,2026-08-18 12:57:09.101019306,0.3333333333333333,3150.0
ord_23c038118beb,541,2026-09-02 10:48:17,14950.0,linear,t_000826,cmp_004,pl_003,cr_000,click,2026-08-29 12:20:00.185734958,1.0,14950.0
ord_23ecd941d316,375,2026-09-04 14:19:28,7000.0,linear,t_000509,cmp_003,pl_009,cr_000,click,2026-09-01 23:10:05.947009157,1.0,7000.0
ord_2450a95b13ee,208,2026-08-13 19:25:17,6450.0,linear,t_000192,cmp_002,pl_008,cr_001,bot_start,2026-08-11 15:50:59.013114878,1.0,6450.0
ord_24dd72357c2b,599,2026-08-26 12:25:10,8950.0,linear,t_000943,cmp_000,pl_004,cr_003,bot_start,2026-08-22 11:05:05.686239324,0.5,4475.0
ord_24dd72357c2b,599,2026-08-26 12:25:10,8950.0,linear,t_000944,cmp_002,pl_008,cr_001,click,2026-08-22 16:39:20.576563431,0.5,4475.0
ord_2512a40bce72,152,2026-08-10 08:42:13,6490.0,linear,t_000093,cmp_002,pl_000,cr_000,bot_start,2026-08-09 12:38:41.913804714,1.0,6490.0
ord_25369a131dab,218,2026-08-22 09:03:23,16950.0,linear,t_000212,cmp_002,pl_002,cr_002,lead,2026-08-16 04:17:22.216256190,0.5,8475.0
ord_25369a131dab,218,2026-08-22 09:03:23,16950.0,linear,t_000211,cmp_002,pl_002,cr_002,bot_start,2026-08-19 23:04:17.949918937,0.5,8475.0
ord_256987df7f8e,209,2026-08-23 06:58:29,8950.0,linear,t_000193,cmp_003,pl_007,cr_003,click,2026-08-18 01:45:16.773143813,1.0,8950.0
ord_25de8f83c331,242,2026-08-29 13:44:52,8950.0,linear,t_000262,cmp_000,pl_001,cr_004,bot_start,2026-08-23 07:42:40.768181228,0.3333333333333333,2983.333333333333
ord_25de8f83c331,242,2026-08-29 13:44:52,8950.0,linear,t_000263,cmp_000,pl_004,cr_003,click,2026-08-23 15:52:23.553586678,0.3333333333333333,2983.333333333333
ord_25de8f83c331,242,2026-08-29 13:44:52,8950.0,linear,t_000261,cmp_003,pl_009,cr_000,click,2026-08-23 22:23:33.553860010,0.3333333333333333,2983.333333333333
ord_263e75057c5b,360,2026-08-23 20:57:22,8950.0,linear,t_000486,cmp_002,pl_008,cr_001,click,2026-08-20 00:35:43.095563181,1.0,8950.0
ord_269b81bc213b,19,2026-08-09 11:01:50,9900.0,linear,t_000166,cmp_001,pl_006,cr_002,click,2026-08-04 02:28:19.431908845,1.0,9900.0
ord_270b804b75f1,430,2026-08-04 13:38:06,8950.0,linear,,,,,organic,,0.0,0.0
ord_278aa5024390,567,2026-09-09 15:06:26,14950.0,linear,t_000880,cmp_002,pl_008,cr_001,click,2026-09-03 19:50:13.987648579,1.0,14950.0
ord_28012fba1fa8,532,2026-08-08 16:22:47,9990.0,linear,t_000810,cmp_000,pl_004,cr_003,click,2026-08-04 09:05:47.983366245,1.0,9990.0
ord_2827ece2be1b,432,2026-08-30 10:31:12,8545.0,linear,t_000614,cmp_003,pl_009,cr_000,bot_start,2026-08-26 16:37:56.207683319,0.5,4272.5
ord_2827ece2be1b,432,2026-08-30 10:31:12,8545.0,linear,t_000613,cmp_002,pl_000,cr_000,click,2026-08-28 04:41:22.023958092,0.5,4272.5
ord_29178d81a948,500,2026-08-10 13:21:01,6490.0,linear,t_000752,cmp_001,pl_006,cr_002,click,2026-08-07 21:29:58.000963690,1.0,6490.0
ord_294593978805,380,2026-08-09 17:19:11,6490.0,linear,t_000520,cmp_000,pl_004,cr_003,click,2026-08-06 12:09:06.370378630,0.5,3245.0
ord_294593978805,380,2026-08-09 17:19:11,6490.0,linear,t_000519,cmp_003,pl_009,cr_000,click,2026-08-07 02:10:54.184058258,0.5,3245.0
ord_2a26022a7bfb,190,2026-09-09 02:52:43,9950.0,linear,t_000167,cmp_003,pl_009,cr_000,click,2026-09-05 06:22:08.090814006,1.0,9950.0
ord_2aa1c00e3027,425,2026-08-24 07:03:39,8503.0,linear,t_000600,cmp_000,pl_004,cr_003,click,2026-08-18 01:12:32.016268894,0.3333333333333333,2834.333333333333
ord_2aa1c00e3027,425,2026-08-24 07:03:39,8503.0,linear,t_000598,cmp_000,pl_001,cr_004,lead,2026-08-19 20:06:35.682924799,0.3333333333333333,2834.333333333333
ord_2aa1c00e3027,425,2026-08-24 07:03:39,8503.0,linear,t_000599,cmp_000,pl_001,cr_004,lead,2026-08-23 11:06:48.799615903,0.3333333333333333,2834.333333333333
ord_2ac7f4fc1f7d,118,2026-08-23 08:24:45,8450.0,linear,t_000030,cmp_001,pl_006,cr_002,click,2026-08-16 21:30:52.747770720,1.0,8450.0
ord_2ba921bac9ba,497,2026-08-31 12:11:14,8950.0,linear,t_000742,cmp_002,pl_002,cr_002,bot_start,2026-08-26 17:20:03.147573321,0.3333333333333333,2983.333333333333
ord_2ba921bac9ba,497,2026-08-31 12:11:14,8950.0,linear,t_000740,cmp_003,pl_007,cr_003,bot_start,2026-08-27 00:52:39.606201183,0.3333333333333333,2983.333333333333
ord_2ba921bac9ba,497,2026-08-31 12:11:14,8950.0,linear,t_000741,cmp_003,pl_007,cr_003,click,2026-08-29 13:33:45.615587328,0.3333333333333333,2983.333333333333
ord_2bfa7a2baa22,253,2026-08-30 17:04:49,8950.0,linear,t_000282,cmp_002,pl_008,cr_001,click,2026-08-25 10:27:47.366553627,1.0,8950.0
ord_2c00935b67ae,384,2026-09-04 20:38:50,8450.0,linear,t_000524,cmp_002,pl_005,cr_004,click,2026-08-29 07:37:47.217320773,1.0,8450.0
ord_2dd06279231c,508,2026-09-03 08:29:32,5750.0,linear,t_000767,cmp_003,pl_009,cr_000,click,2026-08-28 05:41:47.777231210,1.0,5750.0
ord_2de2b58204c3,39,2026-08-27 17:02:28,9950.0,linear,t_000534,cmp_002,pl_008,cr_001,bot_start,2026-08-26 22:59:45.252213635,1.0,9950.0
ord_2e0ed66cf347,107,2026-08-23 18:28:17,13950.0,linear,t_000013,cmp_002,pl_002,cr_002,click,2026-08-19 04:08:50.295704433,0.5,6975.0
ord_2e0ed66cf347,107,2026-08-23 18:28:17,13950.0,linear,t_000014,cmp_004,pl_003,cr_000,click,2026-08-22 16:47:52.805312078,0.5,6975.0
ord_2e3b4bf87f0b,127,2026-09-05 17:27:41,8950.0,linear,t_000046,cmp_002,pl_002,cr_002,click,2026-09-04 07:34:06.282288907,1.0,8950.0
ord_2e52a7d56510,520,2026-08-09 09:27:27,6490.0,linear,t_000787,cmp_003,pl_009,cr_000,bot_start,2026-08-05 00:40:28.378048382,1.0,6490.0
ord_2ec716200ec9,73,2026-08-08 20:05:40,4995.0,linear,t_000982,cmp_002,pl_008,cr_001,click,2026-08-04 12:39:25.485974321,1.0,4995.0
ord_2ec99016c8d9,203,2026-08-23 20:42:20,14950.0,linear,t_000187,cmp_001,pl_006,cr_002,click,2026-08-22 05:43:34.685294129,0.5,7475.0
ord_2ec99016c8d9,203,2026-08-23 20:42:20,14950.0,linear,t_000186,cmp_003,pl_007,cr_003,click,2026-08-22 13:02:43.606475095,0.5,7475.0
ord_2ed00dbff83c,406,2026-09-05 13:55:08,8450.0,linear,t_000564,cmp_002,pl_008,cr_001,bot_start,2026-09-04 17:08:16.202629314,1.0,8450.0
ord_2f78661d82e9,438,2026-09-09 13:24:37,8950.0,linear,t_000632,cmp_000,pl_004,cr_003,click,2026-09-08 12:33:05.441120878,1.0,8950.0
ord_2fcf38bd11aa,283,2026-09-09 13:34:09,14950.0,linear,t_000347,cmp_004,pl_003,cr_000,click,2026-09-05 13:15:17.289676905,0.5,7475.0
ord_2fcf38bd11aa,283,2026-09-09 13:34:09,14950.0,linear,t_000348,cmp_003,pl_007,cr_003,bot_start,2026-09-06 23:32:04.718795742,0.5,7475.0
ord_2ff4d4d27c66,116,2026-08-25 10:01:02,14950.0,linear,t_000028,cmp_000,pl_004,cr_003,click,2026-08-21 07:35:15.301788470,1.0,14950.0
ord_3044449f7507,179,2026-08-12 02:06:02,6490.0,linear,t_000144,cmp_002,pl_005,cr_004,click,2026-08-06 05:46:39.336309251,0.3333333333333333,2163.333333333333
ord_3044449f7507,179,2026-08-12 02:06:02,6490.0,linear,t_000143,cmp_002,pl_002,cr_002,lead,2026-08-06 08:58:45.223628818,0.3333333333333333,2163.333333333333
ord_3044449f7507,179,2026-08-12 02:06:02,6490.0,linear,t_000142,cmp_002,pl_000,cr_000,click,2026-08-06 10:17:10.104245520,0.3333333333333333,2163.333333333333
ord_3225c431aef9,95,2026-08-23 19:08:11,14950.0,linear,t_001021,cmp_000,pl_001,cr_004,click,2026-08-18 20:21:00.648826209,1.0,14950.0
ord_3233f27dd951,428,2026-09-04 18:33:44,17900.0,linear,t_000605,cmp_002,pl_002,cr_002,bot_start,2026-09-02 18:15:21.626426654,1.0,17900.0
ord_33193f82cf51,529,2026-08-24 13:11:03,14950.0,linear,t_000804,cmp_002,pl_000,cr_000,click,2026-08-18 07:24:58.943048626,1.0,14950.0
ord_33ae3f4207e8,138,2026-08-09 16:33:22,6490.0,linear,t_000064,cmp_002,pl_008,cr_001,click,2026-08-05 00:47:03.266873239,0.3333333333333333,2163.333333333333
ord_33ae3f4207e8,138,2026-08-09 16:33:22,6490.0,linear,t_000062,cmp_003,pl_009,cr_000,click,2026-08-05 16:55:46.191011807,0.3333333333333333,2163.333333333333
ord_33ae3f4207e8,138,2026-08-09 16:33:22,6490.0,linear,t_000063,cmp_003,pl_009,cr_000,click,2026-08-06 04:21:33.876282682,0.3333333333333333,2163.333333333333
ord_33f6ad2fee23,553,2026-09-05 18:27:14,8950.0,linear,t_000851,cmp_003,pl_009,cr_000,click,2026-09-04 13:30:51.794743416,1.0,8950.0
ord_3485a77bffca,525,2026-08-22 15:39:49,8950.0,linear,t_000795,cmp_000,pl_001,cr_004,click,2026-08-20 01:52:20.897455468,1.0,8950.0
ord_34af20259fbd,335,2026-08-09 16:07:42,9900.0,linear,t_000444,cmp_002,pl_002,cr_002,lead,2026-08-05 09:16:01.033151486,0.5,4950.0
ord_34af20259fbd,335,2026-08-09 16:07:42,9900.0,linear,t_000443,cmp_003,pl_007,cr_003,click,2026-08-07 13:03:38.778491372,0.5,4950.0
ord_34ea914a548b,13,2026-09-07 07:54:24,8950.0,linear,t_000052,cmp_001,pl_006,cr_002,click,2026-09-01 12:31:18.982461132,1.0,8950.0
ord_352db9af8a4a,110,2026-09-07 10:27:06,8950.0,linear,t_000020,cmp_002,pl_008,cr_001,click,2026-09-02 17:04:32.148566814,0.5,4475.0
ord_352db9af8a4a,110,2026-09-07 10:27:06,8950.0,linear,t_000021,cmp_003,pl_007,cr_003,click,2026-09-06 15:57:35.479959162,0.5,4475.0
ord_3584920b3bfd,561,2026-09-03 18:55:28,18900.0,linear,t_000868,cmp_002,pl_008,cr_001,lead,2026-09-02 23:59:54.478055013,1.0,18900.0
ord_3586329512b2,545,2026-09-05 19:45:17,8950.0,linear,t_000833,cmp_002,pl_000,cr_000,bot_start,2026-08-29 21:10:46.741950035,1.0,8950.0
ord_359a7f0015d6,459,2026-08-07 11:31:08,9950.0,linear,t_000673,cmp_002,pl_005,cr_004,click,2026-08-04 23:57:26.940768582,0.5,4975.0
ord_359a7f0015d6,459,2026-08-07 11:31:08,9950.0,linear,t_000674,cmp_001,pl_006,cr_002,click,2026-08-06 13:57:19.636661635,0.5,4975.0
ord_35deb40225c1,255,2026-08-26 14:52:53,8950.0,linear,t_000286,cmp_003,pl_007,cr_003,click,2026-08-22 17:27:43.586815988,1.0,8950.0
ord_3648a6a097fd,169,2026-09-05 15:47:16,8950.0,linear,t_000123,cmp_004,pl_003,cr_000,click,2026-08-31 05:57:22.574958472,0.3333333333333333,2983.333333333333
ord_3648a6a097fd,169,2026-09-05 15:47:16,8950.0,linear,t_000124,cmp_002,pl_000,cr_000,click,2026-09-02 02:34:21.993758671,0.3333333333333333,2983.333333333333
ord_3648a6a097fd,169,2026-09-05 15:47:16,8950.0,linear,t_000122,cmp_000,pl_001,cr_004,click,2026-09-02 05:51:41.263596357,0.3333333333333333,2983.333333333333
ord_370b69ea2562,494,2026-09-05 19:15:54,8959.0,linear,t_000733,cmp_004,pl_003,cr_000,click,2026-08-30 07:57:11.952181577,0.3333333333333333,2986.333333333333
ord_370b69ea2562,494,2026-09-05 19:15:54,8959.0,linear,t_000734,cmp_001,pl_006,cr_002,click,2026-08-30 12:57:43.075685019,0.3333333333333333,2986.333333333333
ord_370b69ea2562,494,2026-09-05 19:15:54,8959.0,linear,t_000735,cmp_002,pl_008,cr_001,bot_start,2026-08-31 05:08:32.092120672,0.3333333333333333,2986.333333333333
ord_37361df7574c,230,2026-09-03 15:07:18,8950.0,linear,t_000237,cmp_002,pl_000,cr_000,click,2026-08-28 15:08:40.153569479,0.5,4475.0
ord_37361df7574c,230,2026-09-03 15:07:18,8950.0,linear,t_000238,cmp_001,pl_006,cr_002,bot_start,2026-08-31 04:58:44.282181823,0.5,4475.0
ord_37478f3e1765,591,2026-09-05 10:13:46,8450.0,linear,t_000925,cmp_002,pl_002,cr_002,bot_start,2026-09-02 01:36:44.386387733,0.5,4225.0
ord_37478f3e1765,591,2026-09-05 10:13:46,8450.0,linear,t_000926,cmp_002,pl_002,cr_002,bot_start,2026-09-04 15:59:54.614871439,0.5,4225.0
ord_377006081bf8,207,2026-08-09 10:15:38,6490.0,linear,t_000191,cmp_003,pl_009,cr_000,click,2026-08-08 19:25:39.038537694,1.0,6490.0
ord_37a094aecf1b,256,2026-08-08 17:54:37,5990.0,linear,t_000288,cmp_002,pl_000,cr_000,click,2026-08-04 01:05:20.107370842,0.5,2995.0
ord_37a094aecf1b,256,2026-08-08 17:54:37,5990.0,linear,t_000287,cmp_004,pl_003,cr_000,bot_start,2026-08-06 20:47:42.158827039,0.5,2995.0
ord_37c2fbd9d690,7,2026-08-08 14:07:56,4950.0,linear,t_000974,cmp_003,pl_009,cr_000,click,2026-08-04 13:06:26.452229843,0.3333333333333333,1650.0
ord_37c2fbd9d690,7,2026-08-08 14:07:56,4950.0,linear,t_000973,cmp_001,pl_006,cr_002,click,2026-08-04 18:26:07.392969784,0.3333333333333333,1650.0
ord_37c2fbd9d690,7,2026-08-08 14:07:56,4950.0,linear,t_000975,cmp_002,pl_000,cr_000,bot_start,2026-08-06 01:15:12.449129341,0.3333333333333333,1650.0
ord_3857f91b7ae4,281,2026-08-11 12:02:08,4950.0,linear,t_000343,cmp_004,pl_003,cr_000,click,2026-08-10 14:09:22.726360644,1.0,4950.0
ord_38c712db78c9,414,2026-09-05 16:25:16,8950.0,linear,t_000576,cmp_002,pl_002,cr_002,bot_start,2026-08-30 09:11:04.696523080,0.3333333333333333,2983.333333333333
ord_38c712db78c9,414,2026-09-05 16:25:16,8950.0,linear,t_000577,cmp_002,pl_002,cr_002,click,2026-09-01 13:42:15.249421773,0.3333333333333333,2983.333333333333
ord_38c712db78c9,414,2026-09-05 16:25:16,8950.0,linear,t_000578,cmp_002,pl_002,cr_002,lead,2026-09-03 00:58:28.530843877,0.3333333333333333,2983.333333333333
ord_38d0c03b95f5,250,2026-09-05 14:54:24,14950.0,linear,t_000277,cmp_001,pl_006,cr_002,click,2026-08-31 05:40:26.760783104,1.0,14950.0
ord_39235d472d72,295,2026-08-06 10:14:55,6950.0,linear,t_000368,cmp_002,pl_008,cr_001,click,2026-08-04 09:24:33.985936694,1.0,6950.0
ord_3947b6dd5865,379,2026-09-04 11:44:55,7475.0,linear,t_000515,cmp_002,pl_002,cr_002,bot_start,2026-09-03 18:24:59.842822690,1.0,7475.0
ord_394a1a89b5ee,587,2026-08-26 21:47:21,8450.0,linear,t_000915,cmp_002,pl_008,cr_001,bot_start,2026-08-22 18:03:56.755934996,0.5,4225.0
ord_394a1a89b5ee,587,2026-08-26 21:47:21,8450.0,linear,t_000914,cmp_003,pl_009,cr_000,click,2026-08-24 07:07:29.814958876,0.5,4225.0
ord_397422198a44,531,2026-08-30 10:04:17,8950.0,linear,t_000809,cmp_003,pl_009,cr_000,bot_start,2026-08-25 12:18:44.322473212,1.0,8950.0
ord_39a2dfe3e9ce,446,2026-08-10 09:02:50,6950.0,linear,t_000651,cmp_004,pl_003,cr_000,lead,2026-08-05 16:46:11.405950261,0.5,3475.0
ord_39a2dfe3e9ce,446,2026-08-10 09:02:50,6950.0,linear,t_000652,cmp_000,pl_001,cr_004,click,2026-08-08 06:28:30.708430918,0.5,3475.0
ord_3a3c3cfc953f,16,2026-08-10 16:56:42,9900.0,linear,t_000107,cmp_002,pl_008,cr_001,click,2026-08-06 09:10:09.210893501,1.0,9900.0
ord_3b2814eb66bc,103,2026-08-09 18:46:42,6490.0,linear,t_000008,cmp_000,pl_004,cr_003,click,2026-08-04 05:36:52.371578765,0.3333333333333333,2163.333333333333
ord_3b2814eb66bc,103,2026-08-09 18:46:42,6490.0,linear,t_000006,cmp_001,pl_006,cr_002,click,2026-08-07 07:21:43.624928037,0.3333333333333333,2163.333333333333
ord_3b2814eb66bc,103,2026-08-09 18:46:42,6490.0,linear,t_000007,cmp_004,pl_003,cr_000,click,2026-08-07 21:18:11.247744553,0.3333333333333333,2163.333333333333
ord_3b5275e2bf5b,554,2026-08-08 12:44:01,10000.0,linear,t_000853,cmp_002,pl_000,cr_000,click,2026-08-04 19:05:15.947162397,0.5,5000.0
ord_3b5275e2bf5b,554,2026-08-08 12:44:01,10000.0,linear,t_000852,cmp_000,pl_004,cr_003,click,2026-08-07 22:09:39.508958152,0.5,5000.0
ord_3bf789fdaebb,162,2026-08-15 12:51:04,6950.0,linear,t_000111,cmp_002,pl_005,cr_004,bot_start,2026-08-11 16:51:49.640228845,0.5,3475.0
ord_3bf789fdaebb,162,2026-08-15 12:51:04,6950.0,linear,t_000110,cmp_002,pl_005,cr_004,bot_start,2026-08-12 05:32:59.541586974,0.5,3475.0
ord_3d1a6ce6c8dc,263,2026-08-25 03:19:38,6000.0,linear,t_000300,cmp_000,pl_001,cr_004,click,2026-08-18 12:39:52.882104748,0.25,1500.0
ord_3d1a6ce6c8dc,263,2026-08-25 03:19:38,6000.0,linear,t_000303,cmp_002,pl_008,cr_001,lead,2026-08-18 14:45:04.309739782,0.25,1500.0
ord_3d1a6ce6c8dc,263,2026-08-25 03:19:38,6000.0,linear,t_000301,cmp_001,pl_006,cr_002,click,2026-08-21 01:44:44.206114815,0.25,1500.0
ord_3d1a6ce6c8dc,263,2026-08-25 03:19:38,6000.0,linear,t_000302,cmp_004,pl_003,cr_000,click,2026-08-21 23:34:29.277670855,0.25,1500.0
ord_3d5b4f37c4c9,60,2026-09-05 19:44:33,8950.0,linear,t_000948,cmp_002,pl_008,cr_001,click,2026-09-01 16:22:24.721345733,1.0,8950.0
ord_3d681b7851ef,239,2026-08-31 17:06:09,8450.0,linear,t_000257,cmp_001,pl_006,cr_002,click,2026-08-25 14:51:12.933324279,1.0,8450.0
ord_3e34ca82d5e8,583,2026-08-25 04:27:38,8950.0,linear,t_000908,cmp_003,pl_009,cr_000,click,2026-08-19 13:12:57.281637545,1.0,8950.0
ord_3e7123b8033f,11,2026-08-27 20:09:27,6975.0,linear,t_000019,cmp_000,pl_004,cr_003,bot_start,2026-08-22 09:49:42.432044547,1.0,6975.0
ord_3e8a07bb68ef,284,2026-08-30 11:56:49,6975.0,linear,t_000350,cmp_003,pl_007,cr_003,click,2026-08-28 18:38:02.350013115,0.5,3487.5
ord_3e8a07bb68ef,284,2026-08-30 11:56:49,6975.0,linear,t_000349,cmp_003,pl_007,cr_003,lead,2026-08-28 21:36:09.899830300,0.5,3487.5
ord_3ea971128aef,170,2026-08-12 17:51:00,6000.0,linear,t_000126,cmp_003,pl_009,cr_000,click,2026-08-08 10:21:52.390834891,1.0,6000.0
ord_3f57b26c130a,576,2026-09-04 17:26:34,7475.0,linear,t_000894,cmp_002,pl_002,cr_002,bot_start,2026-08-31 11:53:24.427952930,0.5,3737.5
ord_3f57b26c130a,576,2026-09-04 17:26:34,7475.0,linear,t_000895,cmp_002,pl_005,cr_004,click,2026-09-03 05:33:32.828948824,0.5,3737.5
ord_3ffcaf32e951,77,2026-08-31 17:54:30,8450.0,linear,t_000987,cmp_000,pl_001,cr_004,lead,2026-08-27 17:38:46.279569771,1.0,8450.0
ord_40823b74df5a,589,2026-08-09 18:06:31,5990.0,linear,t_000918,cmp_002,pl_002,cr_002,bot_start,2026-08-08 05:32:48.422973629,1.0,5990.0
ord_40c9525b5cf0,278,2026-09-06 17:31:06,14950.0,linear,t_000337,cmp_004,pl_003,cr_000,lead,2026-08-31 09:17:11.642738400,0.3333333333333333,4983.333333333333
ord_40c9525b5cf0,278,2026-09-06 17:31:06,14950.0,linear,t_000336,cmp_002,pl_008,cr_001,click,2026-09-01 01:22:31.141802230,0.3333333333333333,4983.333333333333
ord_40c9525b5cf0,278,2026-09-06 17:31:06,14950.0,linear,t_000338,cmp_002,pl_005,cr_004,click,2026-09-01 15:33:48.797778950,0.3333333333333333,4983.333333333333
ord_4178ae8f2bc4,410,2026-08-08 16:51:05,6490.0,linear,t_000571,cmp_000,pl_004,cr_003,click,2026-08-04 05:42:03.082065315,1.0,6490.0
ord_41c9d34122a1,251,2026-09-06 18:05:45,9950.0,linear,t_000278,cmp_002,pl_002,cr_002,click,2026-09-05 02:35:39.769403572,1.0,9950.0
ord_42324b2e3165,429,2026-09-08 13:04:06,9950.0,linear,t_000606,cmp_002,pl_000,cr_000,click,2026-09-06 13:42:12.037084699,1.0,9950.0
ord_44324f227c51,1,2026-09-04 19:30:57,8950.0,linear,t_000000,cmp_000,pl_001,cr_004,bot_start,2026-09-01 11:19:12.482361299,1.0,8950.0
ord_44a00d353e72,217,2026-08-10 14:24:20,6950.0,linear,t_000210,cmp_000,pl_001,cr_004,lead,2026-08-06 23:17:34.463272761,1.0,6950.0
ord_44c6df702db1,111,2026-08-24 16:49:26,8950.0,linear,t_000022,cmp_000,pl_004,cr_003,click,2026-08-23 12:41:34.893327015,1.0,8950.0
ord_459a77c0a24f,22,2026-09-06 14:41:56,8450.0,linear,t_000216,cmp_001,pl_006,cr_002,click,2026-08-31 13:47:50.338582442,1.0,8450.0
ord_45b32cd1647c,395,2026-09-03 11:18:32,8950.0,linear,t_000541,cmp_003,pl_009,cr_000,click,2026-08-27 13:22:54.589969091,0.3333333333333333,2983.333333333333
ord_45b32cd1647c,395,2026-09-03 11:18:32,8950.0,linear,t_000542,cmp_001,pl_006,cr_002,click,2026-09-02 08:50:03.688962424,0.3333333333333333,2983.333333333333
ord_45b32cd1647c,395,2026-09-03 11:18:32,8950.0,linear,t_000540,cmp_002,pl_005,cr_004,click,2026-09-02 14:08:55.588385276,0.3333333333333333,2983.333333333333
ord_45ba707a0222,343,2026-09-01 19:07:54,8950.0,linear,t_000456,cmp_002,pl_008,cr_001,click,2026-08-26 10:07:21.407572460,1.0,8950.0
ord_45c4aa5642cb,528,2026-09-06 16:54:20,8950.0,linear,t_000802,cmp_002,pl_008,cr_001,click,2026-08-31 01:37:07.804835483,0.3333333333333333,2983.333333333333
ord_45c4aa5642cb,528,2026-09-06 16:54:20,8950.0,linear,t_000801,cmp_002,pl_000,cr_000,click,2026-09-02 21:53:44.588824111,0.3333333333333333,2983.333333333333
ord_45c4aa5642cb,528,2026-09-06 16:54:20,8950.0,linear,t_000803,cmp_001,pl_006,cr_002,click,2026-09-04 15:02:54.257476457,0.3333333333333333,2983.333333333333
ord_45e8876f6cfa,396,2026-09-06 19:15:37,9950.0,linear,t_000543,cmp_003,pl_007,cr_003,bot_start,2026-09-03 00:03:45.598225466,1.0,9950.0
ord_469d6cee2a43,469,2026-08-08 19:45:24,4950.0,linear,t_000690,cmp_000,pl_001,cr_004,bot_start,2026-08-08 02:06:21.538884958,0.5,2475.0
ord_469d6cee2a43,469,2026-08-08 19:45:24,4950.0,linear,t_000691,cmp_002,pl_008,cr_001,click,2026-08-08 04:35:45.350400556,0.5,2475.0
ord_46a2d9571a52,496,2026-08-22 15:01:37,8950.0,linear,t_000739,cmp_000,pl_001,cr_004,click,2026-08-19 05:04:02.839909810,0.5,4475.0
ord_46a2d9571a52,496,2026-08-22 15:01:37,8950.0,linear,t_000738,cmp_002,pl_005,cr_004,click,2026-08-19 11:06:48.875410085,0.5,4475.0
ord_46c5cdbb3aa4,270,2026-09-05 14:08:51,8950.0,linear,t_000316,cmp_003,pl_007,cr_003,bot_start,2026-09-01 05:26:27.454880233,0.3333333333333333,2983.333333333333
ord_46c5cdbb3aa4,270,2026-09-05 14:08:51,8950.0,linear,t_000318,cmp_004,pl_003,cr_000,click,2026-09-01 22:59:32.589555005,0.3333333333333333,2983.333333333333
ord_46c5cdbb3aa4,270,2026-09-05 14:08:51,8950.0,linear,t_000317,cmp_002,pl_005,cr_004,bot_start,2026-09-04 10:22:29.777210576,0.3333333333333333,2983.333333333333
ord_46e1826d8353,467,2026-08-10 13:55:50,6490.0,linear,t_000686,cmp_002,pl_000,cr_000,click,2026-08-04 18:47:00.827174015,1.0,6490.0
ord_46ef084e2b55,477,2026-08-06 14:52:49,500.0,linear,t_000702,cmp_001,pl_006,cr_002,bot_start,2026-08-05 21:30:10.090425121,1.0,500.0
ord_47c290f44a1a,280,2026-08-05 16:37:02,8245.0,linear,t_000342,cmp_000,pl_001,cr_004,lead,2026-08-04 22:28:05.686893712,0.5,4122.5
ord_47c290f44a1a,280,2026-08-05 16:37:02,8245.0,linear,t_000341,cmp_004,pl_003,cr_000,click,2026-08-04 23:25:03.592507266,0.5,4122.5
ord_484d54f2d8da,543,2026-08-09 14:01:24,4950.0,linear,t_000830,cmp_004,pl_003,cr_000,click,2026-08-08 19:42:57.427329690,1.0,4950.0
ord_485909dd6b46,341,2026-08-23 11:59:04,8950.0,linear,t_000454,cmp_002,pl_000,cr_000,click,2026-08-19 01:21:36.346154247,1.0,8950.0
ord_488ff8b4746b,322,2026-08-28 14:03:47,14950.0,linear,t_000420,cmp_003,pl_009,cr_000,click,2026-08-26 17:01:35.752997321,1.0,14950.0
ord_48af7745d102,370,2026-08-22 11:14:12,5750.0,linear,t_000502,cmp_002,pl_005,cr_004,click,2026-08-18 18:04:44.514215948,1.0,5750.0
ord_48dcf1cb9c5f,457,2026-08-09 10:16:31,6490.0,linear,t_000670,cmp_000,pl_001,cr_004,bot_start,2026-08-04 10:20:28.331936365,1.0,6490.0
ord_491116105b95,501,2026-08-20 14:06:32,8745.0,linear,t_000753,cmp_001,pl_006,cr_002,click,2026-08-16 13:35:51.618153931,1.0,8745.0
ord_49512fb1252c,288,2026-09-02 08:57:12,8945.0,linear,t_000355,cmp_002,pl_008,cr_001,bot_start,2026-08-28 15:50:12.017418938,0.5,4472.5
ord_49512fb1252c,288,2026-09-02 08:57:12,8945.0,linear,t_000356,cmp_002,pl_008,cr_001,bot_start,2026-08-30 02:09:31.804653417,0.5,4472.5
ord_49bfe678cd06,69,2026-08-22 04:22:43,6950.0,linear,t_000972,cmp_002,pl_000,cr_000,lead,2026-08-19 15:15:27.246599355,1.0,6950.0
ord_49e8ed9709f3,282,2026-08-09 18:55:57,8745.0,linear,t_000345,cmp_002,pl_008,cr_001,click,2026-08-04 22:46:20.044445299,0.3333333333333333,2915.0
ord_49e8ed9709f3,282,2026-08-09 18:55:57,8745.0,linear,t_000344,cmp_000,pl_001,cr_004,bot_start,2026-08-07 23:26:28.351496082,0.3333333333333333,2915.0
ord_49e8ed9709f3,282,2026-08-09 18:55:57,8745.0,linear,t_000346,cmp_001,pl_006,cr_002,click,2026-08-08 16:48:07.800726498,0.3333333333333333,2915.0
ord_49fa4fa4cd01,55,2026-09-06 15:35:13,2237.5,linear,t_000843,cmp_003,pl_009,cr_000,click,2026-09-02 04:25:23.236057338,1.0,2237.5
ord_4af0089bc92c,29,2026-08-28 18:20:56,8450.0,linear,t_000361,cmp_000,pl_001,cr_004,click,2026-08-22 10:46:39.282735036,0.3333333333333333,2816.6666666666665
ord_4af0089bc92c,29,2026-08-28 18:20:56,8450.0,linear,t_000359,cmp_002,pl_005,cr_004,click,2026-08-23 10:05:49.521894185,0.3333333333333333,2816.6666666666665
ord_4af0089bc92c,29,2026-08-28 18:20:56,8450.0,linear,t_000360,cmp_002,pl_002,cr_002,bot_start,2026-08-26 23:22:11.414560818,0.3333333333333333,2816.6666666666665
ord_4af01b1e16da,174,2026-09-05 18:41:16,14950.0,linear,t_000134,cmp_001,pl_006,cr_002,lead,2026-09-05 02:48:55.329181922,1.0,14950.0
ord_4b9ab0edfa9e,74,2026-09-06 10:34:28,8450.0,linear,t_000983,cmp_003,pl_007,cr_003,click,2026-08-31 00:36:01.639008481,1.0,8450.0
ord_4c563cee6cb3,15,2026-09-04 15:26:00,8450.0,linear,t_000089,cmp_001,pl_006,cr_002,bot_start,2026-08-30 19:35:11.452202569,0.5,4225.0
ord_4c563cee6cb3,15,2026-09-04 15:26:00,8450.0,linear,t_000090,cmp_003,pl_009,cr_000,bot_start,2026-09-03 13:19:28.487725712,0.5,4225.0
ord_4cc6f99685d5,150,2026-09-06 13:11:45,8950.0,linear,t_000091,cmp_002,pl_002,cr_002,bot_start,2026-09-05 02:53:03.914906418,1.0,8950.0
ord_4d5933cfffc8,94,2026-09-04 18:49:47,8950.0,linear,t_001020,cmp_001,pl_006,cr_002,click,2026-08-31 14:17:30.759074536,1.0,8950.0
ord_4d739afa5f94,509,2026-09-07 16:51:31,18900.0,linear,t_000768,cmp_003,pl_007,cr_003,click,2026-09-07 00:40:08.795678119,1.0,18900.0
ord_4d7f346be903,119,2026-09-07 11:34:36,8950.0,linear,t_000031,cmp_000,pl_001,cr_004,bot_start,2026-09-04 13:42:46.045382855,1.0,8950.0
ord_4dc7e574f51a,320,2026-08-08 19:54:31,9990.0,linear,t_000417,cmp_000,pl_001,cr_004,click,2026-08-04 04:00:00.338482596,0.5,4995.0
ord_4dc7e574f51a,320,2026-08-08 19:54:31,9990.0,linear,t_000418,cmp_000,pl_004,cr_003,click,2026-08-04 19:28:55.404873344,0.5,4995.0
ord_4ecca7af4cf8,338,2026-08-23 06:47:37,14950.0,linear,t_000450,cmp_003,pl_007,cr_003,bot_start,2026-08-21 13:21:16.222847759,1.0,14950.0
ord_4eceeff432e9,480,2026-08-04 16:17:19,15695.0,linear,,,,,organic,,0.0,0.0
ord_4ed18a25fb1f,56,2026-09-06 12:12:33,7475.0,linear,t_000864,cmp_004,pl_003,cr_000,bot_start,2026-09-05 12:42:36.301986897,1.0,7475.0
ord_4f11c848d852,161,2026-08-08 19:49:42,9990.0,linear,t_000109,cmp_004,pl_003,cr_000,bot_start,2026-08-04 15:33:02.748862184,1.0,9990.0
ord_4f30cb642bc2,228,2026-08-09 19:02:28,6450.0,linear,t_000231,cmp_001,pl_006,cr_002,bot_start,2026-08-04 09:54:37.050807287,0.3333333333333333,2150.0
ord_4f30cb642bc2,228,2026-08-09 19:02:28,6450.0,linear,t_000230,cmp_003,pl_009,cr_000,bot_start,2026-08-07 01:37:34.095103151,0.3333333333333333,2150.0
ord_4f30cb642bc2,228,2026-08-09 19:02:28,6450.0,linear,t_000229,cmp_002,pl_008,cr_001,click,2026-08-07 01:47:05.022958422,0.3333333333333333,2150.0
ord_4f582873a606,393,2026-08-29 09:45:18,9450.0,linear,t_000538,cmp_002,pl_000,cr_000,bot_start,2026-08-27 04:53:56.996044445,1.0,9450.0
ord_4f5ff86ccdec,145,2026-08-30 13:06:05,8950.0,linear,t_000081,cmp_002,pl_000,cr_000,click,2026-08-27 04:47:18.092709181,1.0,8950.0
ord_4fac11f0a106,415,2026-08-09 04:51:42,4995.0,linear,t_000580,cmp_000,pl_004,cr_003,click,2026-08-05 06:33:01.419884523,0.3333333333333333,1665.0
ord_4fac11f0a106,415,2026-08-09 04:51:42,4995.0,linear,t_000581,cmp_002,pl_008,cr_001,click,2026-08-07 21:32:31.388220603,0.3333333333333333,1665.0
ord_4fac11f0a106,415,2026-08-09 04:51:42,4995.0,linear,t_000579,cmp_003,pl_009,cr_000,click,2026-08-08 00:07:29.588494675,0.3333333333333333,1665.0
ord_4ff3d6061046,361,2026-08-17 10:53:42,17490.0,linear,t_000487,cmp_002,pl_000,cr_000,click,2026-08-10 19:52:47.772745934,1.0,17490.0
ord_4ff6a1c6f9cf,314,2026-08-28 18:44:36,8950.0,linear,t_000406,cmp_003,pl_007,cr_003,lead,2026-08-25 04:48:35.374542456,0.5,4475.0
ord_4ff6a1c6f9cf,314,2026-08-28 18:44:36,8950.0,linear,t_000407,cmp_002,pl_002,cr_002,bot_start,2026-08-25 14:24:46.248130679,0.5,4475.0
ord_50248996c935,124,2026-09-04 06:34:32,9950.0,linear,t_000041,cmp_002,pl_000,cr_000,click,2026-09-02 23:34:10.865400617,1.0,9950.0
ord_51aaa0b2c519,83,2026-08-10 07:52:44,6490.0,linear,t_001001,cmp_003,pl_007,cr_003,click,2026-08-07 08:07:52.355677697,0.5,3245.0
ord_51aaa0b2c519,83,2026-08-10 07:52:44,6490.0,linear,t_001002,cmp_002,pl_000,cr_000,click,2026-08-08 04:03:58.681985156,0.5,3245.0
ord_51b61aa19c4c,575,2026-08-19 09:21:46,24735.0,linear,t_000892,cmp_001,pl_006,cr_002,click,2026-08-14 00:03:30.594554590,0.3333333333333333,8245.0
ord_51b61aa19c4c,575,2026-08-19 09:21:46,24735.0,linear,t_000891,cmp_002,pl_002,cr_002,click,2026-08-18 06:58:14.108850695,0.3333333333333333,8245.0
ord_51b61aa19c4c,575,2026-08-19 09:21:46,24735.0,linear,t_000893,cmp_002,pl_002,cr_002,click,2026-08-18 13:58:15.014288037,0.3333333333333333,8245.0
ord_52b9f1d19dc9,602,2026-09-05 17:42:39,8450.0,linear,t_000952,cmp_000,pl_004,cr_003,bot_start,2026-09-03 23:55:57.901685040,1.0,8450.0
ord_532f25f3d6a8,233,2026-08-08 18:51:08,6490.0,linear,t_000245,cmp_000,pl_001,cr_004,bot_start,2026-08-04 05:55:13.184592339,0.5,3245.0
ord_532f25f3d6a8,233,2026-08-08 18:51:08,6490.0,linear,t_000244,cmp_000,pl_001,cr_004,click,2026-08-06 03:54:39.293155529,0.5,3245.0
ord_539cd3463fa1,524,2026-09-01 11:54:01,8945.0,linear,t_000793,cmp_002,pl_002,cr_002,bot_start,2026-08-25 17:09:28.668114549,0.5,4472.5
ord_539cd3463fa1,524,2026-09-01 11:54:01,8945.0,linear,t_000794,cmp_000,pl_004,cr_003,click,2026-08-28 18:22:17.278845593,0.5,4472.5
ord_54120da32129,507,2026-08-08 20:12:46,6490.0,linear,t_000763,cmp_002,pl_000,cr_000,bot_start,2026-08-07 20:15:25.727729185,1.0,6490.0
ord_5415f0b9b61c,180,2026-09-06 16:23:30,2237.5,linear,t_000148,cmp_002,pl_008,cr_001,click,2026-09-01 18:44:05.396516955,0.3333333333333333,745.8333333333333
ord_5415f0b9b61c,180,2026-09-06 16:23:30,2237.5,linear,t_000146,cmp_000,pl_001,cr_004,bot_start,2026-09-04 15:48:15.059512167,0.3333333333333333,745.8333333333333
ord_5415f0b9b61c,180,2026-09-06 16:23:30,2237.5,linear,t_000147,cmp_002,pl_002,cr_002,click,2026-09-06 03:41:22.729833888,0.3333333333333333,745.8333333333333
ord_552bf3c19d58,355,2026-09-02 14:30:26,8450.0,linear,t_000478,cmp_000,pl_004,cr_003,click,2026-08-27 15:02:27.726318286,0.5,4225.0
ord_552bf3c19d58,355,2026-09-02 14:30:26,8450.0,linear,t_000479,cmp_002,pl_008,cr_001,click,2026-08-28 20:58:59.758414520,0.5,4225.0
ord_555c2fc09147,267,2026-08-31 08:26:17,8950.0,linear,t_000310,cmp_003,pl_009,cr_000,click,2026-08-27 02:07:03.222100264,0.5,4475.0
ord_555c2fc09147,267,2026-08-31 08:26:17,8950.0,linear,t_000309,cmp_001,pl_006,cr_002,lead,2026-08-28 07:12:37.573236808,0.5,4475.0
ord_5617a1c37eba,433,2026-08-09 19:40:37,9900.0,linear,t_000615,cmp_003,pl_009,cr_000,click,2026-08-07 14:44:39.633712797,0.5,4950.0
ord_5617a1c37eba,433,2026-08-09 19:40:37,9900.0,linear,t_000616,cmp_002,pl_000,cr_000,bot_start,2026-08-09 02:50:30.326788995,0.5,4950.0
ord_576fefc9db04,519,2026-08-10 16:09:27,14850.0,linear,t_000785,cmp_000,pl_001,cr_004,click,2026-08-09 16:57:36.984537073,1.0,14850.0
ord_57c16afa67f8,331,2026-08-09 16:31:09,9990.0,linear,t_000434,cmp_002,pl_005,cr_004,bot_start,2026-08-05 18:02:54.926598384,0.3333333333333333,3330.0
ord_57c16afa67f8,331,2026-08-09 16:31:09,9990.0,linear,t_000436,cmp_003,pl_007,cr_003,lead,2026-08-06 01:23:27.163501886,0.3333333333333333,3330.0
ord_57c16afa67f8,331,2026-08-09 16:31:09,9990.0,linear,t_000435,cmp_003,pl_009,cr_000,click,2026-08-08 17:18:37.851590931,0.3333333333333333,3330.0
ord_57c6ba30ef10,186,2026-08-10 06:13:10,4950.0,linear,t_000159,cmp_002,pl_005,cr_004,bot_start,2026-08-04 12:42:32.433576630,1.0,4950.0
ord_57cb67eb8076,498,2026-08-10 18:10:53,9000.0,linear,t_000744,cmp_000,pl_004,cr_003,lead,2026-08-04 13:42:32.316559692,0.5,4500.0
ord_57cb67eb8076,498,2026-08-10 18:10:53,9000.0,linear,t_000743,cmp_000,pl_004,cr_003,lead,2026-08-06 16:52:42.560728930,0.5,4500.0
ord_5812a74605dc,441,2026-08-16 09:40:30,8745.0,linear,t_000643,cmp_000,pl_004,cr_003,click,2026-08-12 02:52:59.289290398,0.3333333333333333,2915.0
ord_5812a74605dc,441,2026-08-16 09:40:30,8745.0,linear,t_000641,cmp_003,pl_007,cr_003,bot_start,2026-08-12 20:46:49.276591665,0.3333333333333333,2915.0
ord_5812a74605dc,441,2026-08-16 09:40:30,8745.0,linear,t_000642,cmp_002,pl_005,cr_004,click,2026-08-12 23:53:59.974232317,0.3333333333333333,2915.0
ord_583e321a8c9c,72,2026-09-07 19:19:58,13950.0,linear,t_000981,cmp_000,pl_004,cr_003,bot_start,2026-09-01 00:30:31.956469018,0.3333333333333333,4650.0
ord_583e321a8c9c,72,2026-09-07 19:19:58,13950.0,linear,t_000980,cmp_002,pl_008,cr_001,click,2026-09-01 02:35:57.188356234,0.3333333333333333,4650.0
ord_583e321a8c9c,72,2026-09-07 19:19:58,13950.0,linear,t_000979,cmp_001,pl_006,cr_002,click,2026-09-01 18:47:10.515106288,0.3333333333333333,4650.0
ord_586c838ba61d,559,2026-08-23 04:11:37,8450.0,linear,t_000863,cmp_002,pl_002,cr_002,bot_start,2026-08-20 03:49:08.187865459,0.5,4225.0
ord_586c838ba61d,559,2026-08-23 04:11:37,8450.0,linear,t_000862,cmp_002,pl_008,cr_001,click,2026-08-20 16:17:36.643995456,0.5,4225.0
ord_58a3d10d1fef,271,2026-09-03 12:55:50,14950.0,linear,t_000321,cmp_003,pl_007,cr_003,click,2026-08-28 08:32:03.881642369,0.3333333333333333,4983.333333333333
ord_58a3d10d1fef,271,2026-09-03 12:55:50,14950.0,linear,t_000320,cmp_000,pl_004,cr_003,click,2026-08-28 14:14:48.212442158,0.3333333333333333,4983.333333333333
ord_58a3d10d1fef,271,2026-09-03 12:55:50,14950.0,linear,t_000319,cmp_000,pl_001,cr_004,bot_start,2026-09-02 06:27:37.074886860,0.3333333333333333,4983.333333333333
ord_590bb4ff7f1a,274,2026-08-30 23:37:30,6975.0,linear,t_000326,cmp_004,pl_003,cr_000,bot_start,2026-08-26 05:57:52.426807708,0.3333333333333333,2325.0
ord_590bb4ff7f1a,274,2026-08-30 23:37:30,6975.0,linear,t_000327,cmp_002,pl_008,cr_001,click,2026-08-27 16:41:48.930245677,0.3333333333333333,2325.0
ord_590bb4ff7f1a,274,2026-08-30 23:37:30,6975.0,linear,t_000328,cmp_001,pl_006,cr_002,click,2026-08-30 06:01:29.185618268,0.3333333333333333,2325.0
ord_590ced3b4422,334,2026-08-07 11:16:14,19900.0,linear,t_000442,cmp_004,pl_003,cr_000,bot_start,2026-08-04 12:00:18.113700673,1.0,19900.0
ord_59258fb63126,136,2026-08-27 08:57:04,14950.0,linear,t_000060,cmp_002,pl_005,cr_004,bot_start,2026-08-26 05:05:25.059329274,1.0,14950.0
ord_59550e84122a,86,2026-08-10 16:16:30,4950.0,linear,t_001006,cmp_003,pl_009,cr_000,click,2026-08-06 18:33:53.821361878,1.0,4950.0
ord_5956830270d2,437,2026-08-22 08:23:59,8950.0,linear,t_000629,cmp_004,pl_003,cr_000,lead,2026-08-16 12:00:04.226535179,1.0,8950.0
ord_5965176b6287,345,2026-09-03 16:33:15,8950.0,linear,t_000460,cmp_002,pl_002,cr_002,click,2026-08-29 13:34:27.510326209,0.3333333333333333,2983.333333333333
ord_5965176b6287,345,2026-09-03 16:33:15,8950.0,linear,t_000458,cmp_002,pl_002,cr_002,click,2026-08-31 02:06:20.997757593,0.3333333333333333,2983.333333333333
ord_5965176b6287,345,2026-09-03 16:33:15,8950.0,linear,t_000459,cmp_003,pl_007,cr_003,click,2026-09-02 21:23:02.039170578,0.3333333333333333,2983.333333333333
ord_5aa9a464ab35,231,2026-09-01 18:08:01,41225.0,linear,t_000241,cmp_000,pl_001,cr_004,lead,2026-08-28 22:44:23.580376440,0.3333333333333333,13741.666666666666
ord_5aa9a464ab35,231,2026-09-01 18:08:01,41225.0,linear,t_000240,cmp_003,pl_009,cr_000,click,2026-08-29 15:14:37.461366724,0.3333333333333333,13741.666666666666
ord_5aa9a464ab35,231,2026-09-01 18:08:01,41225.0,linear,t_000239,cmp_004,pl_003,cr_000,bot_start,2026-08-29 20:59:06.989626650,0.3333333333333333,13741.666666666666
ord_5ab977ff1ef1,550,2026-08-09 16:24:42,5463.34,linear,t_000844,cmp_002,pl_008,cr_001,click,2026-08-04 09:56:11.983096236,0.3333333333333333,1821.1133333333332
ord_5ab977ff1ef1,550,2026-08-09 16:24:42,5463.34,linear,t_000845,cmp_004,pl_003,cr_000,bot_start,2026-08-04 23:48:41.258796913,0.3333333333333333,1821.1133333333332
ord_5ab977ff1ef1,550,2026-08-09 16:24:42,5463.34,linear,t_000846,cmp_002,pl_000,cr_000,click,2026-08-05 11:56:33.380341495,0.3333333333333333,1821.1133333333332
ord_5af96e51050b,245,2026-09-05 15:54:58,8950.0,linear,t_000267,cmp_000,pl_001,cr_004,bot_start,2026-09-04 19:53:41.002800829,1.0,8950.0
ord_5b6c7d4a2790,157,2026-08-31 06:39:53,14950.0,linear,t_000102,cmp_000,pl_001,cr_004,click,2026-08-24 15:05:05.666881774,0.3333333333333333,4983.333333333333
ord_5b6c7d4a2790,157,2026-08-31 06:39:53,14950.0,linear,t_000104,cmp_002,pl_005,cr_004,click,2026-08-24 15:55:55.179514997,0.3333333333333333,4983.333333333333
ord_5b6c7d4a2790,157,2026-08-31 06:39:53,14950.0,linear,t_000103,cmp_000,pl_004,cr_003,bot_start,2026-08-26 05:29:58.829518781,0.3333333333333333,4983.333333333333
ord_5be8f3daa5c9,533,2026-09-05 10:24:14,8450.0,linear,t_000811,cmp_002,pl_005,cr_004,click,2026-08-31 17:24:28.081872800,1.0,8450.0
ord_5bfb4e5340dd,522,2026-08-17 16:24:17,6950.0,linear,t_000791,cmp_002,pl_008,cr_001,click,2026-08-13 02:21:44.524476918,1.0,6950.0
ord_5c7df7cf31eb,264,2026-09-02 18:37:57,8450.0,linear,t_000304,cmp_001,pl_006,cr_002,click,2026-08-30 08:16:09.285495961,1.0,8450.0
ord_5cef4c62a827,386,2026-08-19 13:53:46,7000.0,linear,t_000527,cmp_004,pl_003,cr_000,click,2026-08-13 06:19:06.428509007,1.0,7000.0
ord_5d605f891c4d,376,2026-09-03 15:43:04,6950.0,linear,t_000510,cmp_004,pl_003,cr_000,bot_start,2026-09-01 20:11:16.609032129,1.0,6950.0
ord_5e0c6a753190,600,2026-08-22 15:48:13,7450.0,linear,t_000949,cmp_002,pl_000,cr_000,click,2026-08-18 16:54:02.938508166,1.0,7450.0
ord_5e68f325058b,451,2026-08-08 16:24:46,8245.0,linear,t_000660,cmp_002,pl_008,cr_001,bot_start,2026-08-05 20:09:52.633788283,0.5,4122.5
ord_5e68f325058b,451,2026-08-08 16:24:46,8245.0,linear,t_000659,cmp_004,pl_003,cr_000,bot_start,2026-08-07 01:06:58.446467027,0.5,4122.5
ord_5e9f45e4ab10,44,2026-09-06 12:29:18,6975.0,linear,t_000637,cmp_000,pl_001,cr_004,click,2026-08-30 13:33:53.678697776,0.5,3487.5
ord_5e9f45e4ab10,44,2026-09-06 12:29:18,6975.0,linear,t_000636,cmp_003,pl_007,cr_003,bot_start,2026-08-31 19:53:00.096728996,0.5,3487.5
ord_5ef8606e1419,344,2026-09-06 14:48:52,8950.0,linear,t_000457,cmp_002,pl_008,cr_001,bot_start,2026-09-01 19:51:23.725236437,1.0,8950.0
ord_5f015d177d1e,23,2026-09-06 15:39:44,2237.5,linear,t_000236,cmp_003,pl_007,cr_003,click,2026-09-02 06:06:35.087668300,0.5,1118.75
ord_5f015d177d1e,23,2026-09-06 15:39:44,2237.5,linear,t_000235,cmp_000,pl_004,cr_003,bot_start,2026-09-03 03:43:50.560025004,0.5,1118.75
ord_5f20ace6fc1f,389,2026-08-09 10:18:12,9900.0,linear,t_000532,cmp_003,pl_009,cr_000,click,2026-08-05 23:43:15.948116800,0.25,2475.0
ord_5f20ace6fc1f,389,2026-08-09 10:18:12,9900.0,linear,t_000531,cmp_001,pl_006,cr_002,click,2026-08-06 21:12:26.681503452,0.25,2475.0
ord_5f20ace6fc1f,389,2026-08-09 10:18:12,9900.0,linear,t_000530,cmp_000,pl_001,cr_004,lead,2026-08-08 04:30:58.822146517,0.25,2475.0
ord_5f20ace6fc1f,389,2026-08-09 10:18:12,9900.0,linear,t_000533,cmp_002,pl_005,cr_004,bot_start,2026-08-08 15:41:25.451443711,0.25,2475.0
ord_5f2e1c033a34,549,2026-08-24 05:25:17,16445.0,linear,t_000842,cmp_003,pl_007,cr_003,click,2026-08-20 11:40:29.854392559,1.0,16445.0
ord_5f545fd4862d,27,2026-08-29 14:47:39,8950.0,linear,t_000315,cmp_000,pl_004,cr_003,click,2026-08-25 21:19:33.787079929,1.0,8950.0
ord_5f7de6c74100,365,2026-08-09 16:15:08,6490.0,linear,t_000493,cmp_002,pl_002,cr_002,click,2026-08-04 06:22:45.933306965,1.0,6490.0
ord_5fa8a844e62f,184,2026-08-09 17:20:07,4950.0,linear,t_000156,cmp_004,pl_003,cr_000,click,2026-08-07 21:49:35.572433981,1.0,4950.0
ord_602d73de5f86,418,2026-08-26 04:03:43,14950.0,linear,t_000586,cmp_002,pl_005,cr_004,lead,2026-08-20 18:06:25.553248290,0.3333333333333333,4983.333333333333
ord_602d73de5f86,418,2026-08-26 04:03:43,14950.0,linear,t_000584,cmp_001,pl_006,cr_002,lead,2026-08-21 03:17:14.111516312,0.3333333333333333,4983.333333333333
ord_602d73de5f86,418,2026-08-26 04:03:43,14950.0,linear,t_000585,cmp_002,pl_000,cr_000,click,2026-08-21 08:25:26.921887323,0.3333333333333333,4983.333333333333
ord_62b6a483edc0,5,2026-08-22 16:19:00,5750.0,linear,t_000748,cmp_000,pl_001,cr_004,click,2026-08-17 23:28:26.575426469,0.5,2875.0
ord_62b6a483edc0,5,2026-08-22 16:19:00,5750.0,linear,t_000749,cmp_002,pl_000,cr_000,click,2026-08-20 05:14:12.860278131,0.5,2875.0
ord_6358eee5bb3a,357,2026-08-24 02:46:33,9950.0,linear,t_000482,cmp_002,pl_000,cr_000,click,2026-08-20 05:21:47.194278739,1.0,9950.0
ord_637f0af7f1cd,516,2026-08-08 16:59:49,9900.0,linear,t_000779,cmp_002,pl_000,cr_000,click,2026-08-04 06:50:12.309254352,1.0,9900.0
ord_64164c46bfc0,155,2026-09-05 10:20:56,14950.0,linear,t_000100,cmp_001,pl_006,cr_002,click,2026-08-31 09:32:04.835087492,0.3333333333333333,4983.333333333333
ord_64164c46bfc0,155,2026-09-05 10:20:56,14950.0,linear,t_000098,cmp_002,pl_008,cr_001,bot_start,2026-09-03 04:06:37.885259924,0.3333333333333333,4983.333333333333
ord_64164c46bfc0,155,2026-09-05 10:20:56,14950.0,linear,t_000099,cmp_002,pl_000,cr_000,bot_start,2026-09-04 17:37:19.930232579,0.3333333333333333,4983.333333333333
ord_655db1f60a22,471,2026-09-04 18:12:51,9950.0,linear,t_000694,cmp_002,pl_000,cr_000,click,2026-08-31 16:39:50.831442903,1.0,9950.0
ord_65c59780dcdc,134,2026-08-31 08:06:47,6975.0,linear,t_000057,cmp_003,pl_009,cr_000,bot_start,2026-08-25 03:36:44.224441044,0.5,3487.5
ord_65c59780dcdc,134,2026-08-31 08:06:47,6975.0,linear,t_000058,cmp_002,pl_005,cr_004,click,2026-08-30 13:19:51.405173617,0.5,3487.5
ord_660500ab0aa9,349,2026-09-09 16:10:16,7475.0,linear,t_000465,cmp_001,pl_006,cr_002,lead,2026-09-09 01:23:05.285327219,1.0,7475.0
ord_661c6a5dfdd2,477,2026-08-18 15:06:11,9450.0,linear,t_000703,cmp_002,pl_008,cr_001,click,2026-08-13 17:56:11.560618416,1.0,9450.0
ord_6657a8b7bd30,601,2026-09-04 04:51:49,22425.0,linear,t_000950,cmp_003,pl_009,cr_000,click,2026-08-31 11:19:02.884329415,1.0,22425.0
ord_6696f8b1b1f9,476,2026-08-09 14:14:07,8900.0,linear,t_000699,cmp_000,pl_004,cr_003,bot_start,2026-08-05 09:39:24.125985001,0.3333333333333333,2966.6666666666665
ord_6696f8b1b1f9,476,2026-08-09 14:14:07,8900.0,linear,t_000701,cmp_000,pl_001,cr_004,click,2026-08-06 03:03:38.512171078,0.3333333333333333,2966.6666666666665
ord_6696f8b1b1f9,476,2026-08-09 14:14:07,8900.0,linear,t_000700,cmp_003,pl_009,cr_000,click,2026-08-08 02:57:45.162329427,0.3333333333333333,2966.6666666666665
ord_6699eceec325,584,2026-08-10 15:33:39,6490.0,linear,t_000909,cmp_002,pl_002,cr_002,lead,2026-08-04 00:56:26.834689786,1.0,6490.0
ord_66f646faab4c,585,2026-08-29 19:40:39,13950.0,linear,t_000911,cmp_002,pl_008,cr_001,click,2026-08-23 01:37:53.583160767,0.3333333333333333,4650.0
ord_66f646faab4c,585,2026-08-29 19:40:39,13950.0,linear,t_000912,cmp_003,pl_007,cr_003,lead,2026-08-23 21:14:36.375373215,0.3333333333333333,4650.0
ord_66f646faab4c,585,2026-08-29 19:40:39,13950.0,linear,t_000910,cmp_001,pl_006,cr_002,click,2026-08-24 17:46:55.225440434,0.3333333333333333,4650.0
ord_6788bb049619,215,2026-08-24 03:22:36,6975.0,linear,t_000208,cmp_002,pl_002,cr_002,click,2026-08-17 21:56:06.153242925,0.5,3487.5
ord_6788bb049619,215,2026-08-24 03:22:36,6975.0,linear,t_000207,cmp_003,pl_007,cr_003,bot_start,2026-08-22 23:56:39.997933132,0.5,3487.5
ord_67c7c79589a4,366,2026-09-06 15:18:37,8950.0,linear,t_000494,cmp_002,pl_000,cr_000,lead,2026-09-03 09:13:12.284298781,1.0,8950.0
ord_683e175bdf9d,424,2026-08-23 17:45:31,14950.0,linear,t_000597,cmp_003,pl_009,cr_000,bot_start,2026-08-21 00:58:58.617382976,1.0,14950.0
ord_6848357bc0d8,219,2026-08-28 13:23:53,9950.0,linear,t_000215,cmp_003,pl_007,cr_003,click,2026-08-24 12:47:21.151667082,0.3333333333333333,3316.6666666666665
ord_6848357bc0d8,219,2026-08-28 13:23:53,9950.0,linear,t_000213,cmp_000,pl_004,cr_003,click,2026-08-26 01:54:04.598731060,0.3333333333333333,3316.6666666666665
ord_6848357bc0d8,219,2026-08-28 13:23:53,9950.0,linear,t_000214,cmp_000,pl_001,cr_004,bot_start,2026-08-27 10:16:10.217703003,0.3333333333333333,3316.6666666666665
ord_6853af492b62,154,2026-09-06 13:40:03,8950.0,linear,t_000096,cmp_002,pl_002,cr_002,bot_start,2026-09-01 05:25:05.347130521,0.3333333333333333,2983.333333333333
ord_6853af492b62,154,2026-09-06 13:40:03,8950.0,linear,t_000097,cmp_002,pl_000,cr_000,bot_start,2026-09-05 01:27:15.383445084,0.3333333333333333,2983.333333333333
ord_6853af492b62,154,2026-09-06 13:40:03,8950.0,linear,t_000095,cmp_000,pl_004,cr_003,click,2026-09-05 06:10:45.861701951,0.3333333333333333,2983.333333333333
ord_68739e9f8a4a,604,2026-09-06 19:17:57,8950.0,linear,t_000954,cmp_002,pl_008,cr_001,lead,2026-08-31 01:41:27.782738613,0.5,4475.0
ord_68739e9f8a4a,604,2026-09-06 19:17:57,8950.0,linear,t_000955,cmp_003,pl_007,cr_003,click,2026-09-05 20:32:40.884706998,0.5,4475.0
ord_687b58f9b32b,31,2026-09-05 11:00:21,7475.0,linear,t_000398,cmp_003,pl_009,cr_000,click,2026-08-30 07:41:15.940226582,1.0,7475.0
ord_688d994c970c,96,2026-08-09 16:21:43,6490.0,linear,t_001022,cmp_003,pl_009,cr_000,click,2026-08-07 00:11:08.639737550,1.0,6490.0
ord_690ae97f65a4,383,2026-09-04 14:11:02,8950.0,linear,t_000523,cmp_003,pl_009,cr_000,bot_start,2026-09-02 23:40:02.062496447,1.0,8950.0
ord_694abafc9083,197,2026-09-04 15:39:31,14950.0,linear,t_000176,cmp_000,pl_004,cr_003,lead,2026-09-03 06:05:54.863287802,1.0,14950.0
ord_69a14f3a5e99,534,2026-08-30 12:55:04,8450.0,linear,t_000812,cmp_001,pl_006,cr_002,click,2026-08-24 11:30:43.927654466,0.5,4225.0
ord_69a14f3a5e99,534,2026-08-30 12:55:04,8450.0,linear,t_000813,cmp_004,pl_003,cr_000,click,2026-08-27 06:43:16.661516837,0.5,4225.0
ord_69b507cb1402,368,2026-08-24 14:21:10,8950.0,linear,t_000497,cmp_003,pl_009,cr_000,click,2026-08-22 21:15:40.981665107,1.0,8950.0
ord_69db2aa15c44,370,2026-08-08 14:10:35,6490.0,linear,t_000500,cmp_001,pl_006,cr_002,bot_start,2026-08-05 17:48:49.538404334,0.5,3245.0
ord_69db2aa15c44,370,2026-08-08 14:10:35,6490.0,linear,t_000501,cmp_002,pl_000,cr_000,lead,2026-08-06 16:49:07.610770277,0.5,3245.0
ord_69fa7e46bd7f,397,2026-09-05 11:02:15,8950.0,linear,t_000544,cmp_003,pl_007,cr_003,click,2026-08-30 07:27:54.393626836,0.3333333333333333,2983.333333333333
ord_69fa7e46bd7f,397,2026-09-05 11:02:15,8950.0,linear,t_000546,cmp_002,pl_005,cr_004,click,2026-08-31 17:53:14.859989793,0.3333333333333333,2983.333333333333
ord_69fa7e46bd7f,397,2026-09-05 11:02:15,8950.0,linear,t_000545,cmp_002,pl_000,cr_000,bot_start,2026-09-03 13:17:58.155617696,0.3333333333333333,2983.333333333333
ord_6a241ad351a6,465,2026-09-07 08:21:23,4225.0,linear,t_000684,cmp_004,pl_003,cr_000,click,2026-09-05 06:04:50.921613276,1.0,4225.0
ord_6aa7158ecf66,417,2026-08-11 10:51:54,6950.0,linear,t_000583,cmp_002,pl_000,cr_000,bot_start,2026-08-06 20:19:51.410716588,1.0,6950.0
ord_6ab8da7b22bf,310,2026-09-06 16:38:02,14950.0,linear,t_000399,cmp_000,pl_001,cr_004,bot_start,2026-08-31 02:13:33.964647466,0.5,7475.0
ord_6ab8da7b22bf,310,2026-09-06 16:38:02,14950.0,linear,t_000400,cmp_003,pl_007,cr_003,bot_start,2026-09-03 07:48:11.304453319,0.5,7475.0
ord_6bdfb47b0489,514,2026-08-23 09:48:08,8950.0,linear,t_000777,cmp_002,pl_002,cr_002,click,2026-08-19 18:22:27.862412333,1.0,8950.0
ord_6c5435c5c2c8,61,2026-08-27 19:44:33,13950.0,linear,t_000959,cmp_001,pl_006,cr_002,click,2026-08-26 09:07:30.809356485,1.0,13950.0
ord_6cd9a2349b64,63,2026-09-07 05:24:57,8950.0,linear,t_000962,cmp_000,pl_001,cr_004,click,2026-09-03 20:37:00.940815363,1.0,8950.0
ord_6d42b5728a49,71,2026-08-23 14:57:08,8450.0,linear,t_000978,cmp_003,pl_009,cr_000,bot_start,2026-08-20 17:44:35.704489270,1.0,8450.0
ord_6d8de48279c8,460,2026-08-12 13:12:40,8745.0,linear,t_000676,cmp_002,pl_002,cr_002,click,2026-08-10 23:21:13.145053335,1.0,8745.0
ord_6e0ef351a3e8,555,2026-09-02 09:38:46,14950.0,linear,t_000854,cmp_000,pl_001,cr_004,bot_start,2026-08-30 22:17:13.982864593,1.0,14950.0
ord_6f110cd80b95,407,2026-09-09 23:11:20,8950.0,linear,t_000565,cmp_003,pl_007,cr_003,click,2026-09-04 07:05:12.864470018,1.0,8950.0
ord_6f7942e5ca39,112,2026-08-11 18:41:42,16950.0,linear,t_000023,cmp_002,pl_002,cr_002,click,2026-08-07 12:02:58.063944259,1.0,16950.0
ord_6fcc164554b7,226,2026-09-01 17:03:44,7475.0,linear,t_000225,cmp_004,pl_003,cr_000,click,2026-08-30 20:39:29.990517776,0.5,3737.5
ord_6fcc164554b7,226,2026-09-01 17:03:44,7475.0,linear,t_000226,cmp_002,pl_005,cr_004,click,2026-09-01 00:22:25.348567722,0.5,3737.5
ord_6fd3842b2c72,448,2026-08-14 14:23:30,16950.0,linear,t_000654,cmp_002,pl_008,cr_001,click,2026-08-10 11:34:47.411569139,1.0,16950.0
ord_70745c28f218,317,2026-09-04 13:16:14,8950.0,linear,t_000413,cmp_002,pl_008,cr_001,click,2026-08-28 21:49:38.721644095,1.0,8950.0
ord_709e472cc680,285,2026-08-30 08:22:49,13950.0,linear,t_000351,cmp_003,pl_009,cr_000,click,2026-08-23 09:11:20.956186892,0.5,6975.0
ord_709e472cc680,285,2026-08-30 08:22:49,13950.0,linear,t_000352,cmp_000,pl_004,cr_003,click,2026-08-26 17:49:14.200256511,0.5,6975.0
ord_70ee2c00e1d2,149,2026-08-23 16:50:14,8950.0,linear,t_000088,cmp_004,pl_003,cr_000,bot_start,2026-08-16 17:17:59.336158419,1.0,8950.0
ord_714cff1bea2e,421,2026-08-08 20:25:37,9990.0,linear,t_000592,cmp_002,pl_002,cr_002,click,2026-08-04 12:01:55.387830423,1.0,9990.0
ord_71f1eec557b9,542,2026-08-23 18:26:56,8950.0,linear,t_000828,cmp_003,pl_009,cr_000,click,2026-08-19 14:47:09.977305579,0.3333333333333333,2983.333333333333
ord_71f1eec557b9,542,2026-08-23 18:26:56,8950.0,linear,t_000827,cmp_003,pl_009,cr_000,click,2026-08-21 15:46:34.410990808,0.3333333333333333,2983.333333333333
ord_71f1eec557b9,542,2026-08-23 18:26:56,8950.0,linear,t_000829,cmp_000,pl_004,cr_003,click,2026-08-23 05:20:36.865098158,0.3333333333333333,2983.333333333333
ord_726d3c5a8e0a,2,2026-09-05 16:22:48,8950.0,linear,t_000179,cmp_002,pl_002,cr_002,click,2026-09-01 03:47:50.721062612,1.0,8950.0
ord_729b10b8833e,85,2026-08-24 15:57:32,8950.0,linear,t_001005,cmp_000,pl_004,cr_003,click,2026-08-23 16:52:09.317875643,1.0,8950.0
ord_72b02976e17d,426,2026-08-13 09:26:22,6000.0,linear,t_000601,cmp_003,pl_007,cr_003,click,2026-08-09 15:39:28.218438982,1.0,6000.0
ord_7391151bae48,592,2026-08-19 20:38:02,8245.0,linear,t_000927,cmp_002,pl_008,cr_001,bot_start,2026-08-15 02:49:26.087602243,1.0,8245.0
ord_7462e1ce0d8d,68,2026-09-08 17:53:12,15000.0,linear,t_000971,cmp_003,pl_009,cr_000,click,2026-09-03 13:22:06.686049146,1.0,15000.0
ord_748f8bc49292,26,2026-08-08 09:23:01,6490.0,linear,t_000293,cmp_002,pl_002,cr_002,click,2026-08-05 13:38:02.219441247,1.0,6490.0
ord_75d75d5c2011,358,2026-09-09 06:30:33,8450.0,linear,t_000483,cmp_001,pl_006,cr_002,bot_start,2026-09-06 08:12:32.969581272,1.0,8450.0
ord_75f8f247326c,444,2026-09-09 16:46:07,14950.0,linear,t_000649,cmp_003,pl_009,cr_000,bot_start,2026-09-03 12:56:03.137544688,0.5,7475.0
ord_75f8f247326c,444,2026-09-09 16:46:07,14950.0,linear,t_000648,cmp_002,pl_005,cr_004,click,2026-09-03 20:54:06.943909053,0.5,7475.0
ord_7602a24669d5,394,2026-09-05 10:17:43,8950.0,linear,t_000539,cmp_001,pl_006,cr_002,click,2026-08-30 21:53:06.120262052,1.0,8950.0
ord_76904665ef13,473,2026-08-08 13:57:16,10000.0,linear,t_000696,cmp_003,pl_009,cr_000,bot_start,2026-08-04 14:49:25.844750687,1.0,10000.0
ord_76d9181a8e5b,131,2026-08-04 17:05:46,8745.0,linear,t_000054,cmp_002,pl_005,cr_004,click,2026-08-04 03:58:21.940844328,1.0,8745.0
ord_77045b389287,139,2026-09-01 20:30:07,13950.0,linear,t_000066,cmp_000,pl_004,cr_003,click,2026-08-30 05:24:45.491025915,1.0,13950.0
ord_7756bc4d8e41,100,2026-09-07 09:30:42,8950.0,linear,t_000002,cmp_002,pl_008,cr_001,click,2026-09-05 23:42:37.005205012,1.0,8950.0
ord_78dae08be231,257,2026-08-23 20:56:06,8450.0,linear,t_000290,cmp_003,pl_009,cr_000,click,2026-08-19 13:33:16.823793108,0.5,4225.0
ord_78dae08be231,257,2026-08-23 20:56:06,8450.0,linear,t_000289,cmp_002,pl_008,cr_001,click,2026-08-22 23:39:18.273669837,0.5,4225.0
ord_7901df9b4d5a,296,2026-09-01 10:46:43,8950.0,linear,t_000369,cmp_004,pl_003,cr_000,click,2026-08-29 02:19:20.732268026,0.5,4475.0
ord_7901df9b4d5a,296,2026-09-01 10:46:43,8950.0,linear,t_000370,cmp_000,pl_001,cr_004,click,2026-08-29 13:10:19.372302913,0.5,4475.0
ord_790ad22a2528,580,2026-08-23 14:38:29,8950.0,linear,t_000905,cmp_003,pl_007,cr_003,bot_start,2026-08-20 04:19:34.770681250,1.0,8950.0
ord_7931824c632d,367,2026-08-23 18:18:15,8245.0,linear,t_000495,cmp_002,pl_008,cr_001,click,2026-08-17 16:13:02.507319883,0.5,4122.5
ord_7931824c632d,367,2026-08-23 18:18:15,8245.0,linear,t_000496,cmp_002,pl_005,cr_004,bot_start,2026-08-21 10:42:14.891002982,0.5,4122.5
ord_796bc5831f67,536,2026-08-12 12:22:52,16950.0,linear,t_000817,cmp_002,pl_008,cr_001,lead,2026-08-07 11:23:39.387825561,1.0,16950.0
ord_79e5d7e342fa,362,2026-09-05 14:52:23,8450.0,linear,t_000489,cmp_002,pl_002,cr_002,click,2026-08-29 17:50:10.697943722,0.5,4225.0
ord_79e5d7e342fa,362,2026-09-05 14:52:23,8450.0,linear,t_000488,cmp_003,pl_007,cr_003,bot_start,2026-08-31 00:00:51.783540818,0.5,4225.0
ord_7a35fe072334,557,2026-08-23 16:56:11,8950.0,linear,t_000859,cmp_002,pl_005,cr_004,bot_start,2026-08-19 20:42:09.262522794,0.3333333333333333,2983.333333333333
ord_7a35fe072334,557,2026-08-23 16:56:11,8950.0,linear,t_000858,cmp_002,pl_005,cr_004,lead,2026-08-19 23:12:17.424468279,0.3333333333333333,2983.333333333333
ord_7a35fe072334,557,2026-08-23 16:56:11,8950.0,linear,t_000857,cmp_000,pl_001,cr_004,bot_start,2026-08-21 07:18:41.136980634,0.3333333333333333,2983.333333333333
ord_7a7e6a7bfea0,474,2026-08-14 07:16:32,6950.0,linear,t_000697,cmp_004,pl_003,cr_000,bot_start,2026-08-12 11:26:58.216895251,1.0,6950.0
ord_7ab195cf8720,128,2026-09-02 11:55:47,8945.0,linear,t_000048,cmp_003,pl_007,cr_003,bot_start,2026-08-27 14:32:19.889881856,0.3333333333333333,2981.6666666666665
ord_7ab195cf8720,128,2026-09-02 11:55:47,8945.0,linear,t_000049,cmp_000,pl_004,cr_003,bot_start,2026-08-29 13:07:46.797919572,0.3333333333333333,2981.6666666666665
ord_7ab195cf8720,128,2026-09-02 11:55:47,8945.0,linear,t_000047,cmp_001,pl_006,cr_002,click,2026-09-01 21:08:49.862118524,0.3333333333333333,2981.6666666666665
ord_7ab39fff47b8,504,2026-09-03 06:27:49,5975.0,linear,t_000760,cmp_004,pl_003,cr_000,click,2026-08-31 14:42:38.586122901,0.3333333333333333,1991.6666666666665
ord_7ab39fff47b8,504,2026-09-03 06:27:49,5975.0,linear,t_000759,cmp_004,pl_003,cr_000,click,2026-09-01 23:09:10.034844616,0.3333333333333333,1991.6666666666665
ord_7ab39fff47b8,504,2026-09-03 06:27:49,5975.0,linear,t_000758,cmp_003,pl_009,cr_000,click,2026-09-02 18:20:05.895185641,0.3333333333333333,1991.6666666666665
ord_7b035e8bf027,163,2026-08-26 01:23:32,8450.0,linear,t_000112,cmp_004,pl_003,cr_000,click,2026-08-20 08:36:44.777315030,0.3333333333333333,2816.6666666666665
ord_7b035e8bf027,163,2026-08-26 01:23:32,8450.0,linear,t_000113,cmp_002,pl_005,cr_004,click,2026-08-22 08:18:22.051315815,0.3333333333333333,2816.6666666666665
ord_7b035e8bf027,163,2026-08-26 01:23:32,8450.0,linear,t_000114,cmp_002,pl_008,cr_001,bot_start,2026-08-25 02:09:03.583003835,0.3333333333333333,2816.6666666666665
ord_7b7e5a53ef22,603,2026-08-18 16:34:39,8745.0,linear,t_000953,cmp_002,pl_002,cr_002,click,2026-08-16 19:51:17.412999508,1.0,8745.0
ord_7bace96e0c9b,350,2026-09-05 18:12:55,8450.0,linear,t_000469,cmp_002,pl_005,cr_004,click,2026-08-31 10:48:40.153080450,0.3333333333333333,2816.6666666666665
ord_7bace96e0c9b,350,2026-09-05 18:12:55,8450.0,linear,t_000467,cmp_002,pl_000,cr_000,bot_start,2026-09-01 06:27:29.051537660,0.3333333333333333,2816.6666666666665
ord_7bace96e0c9b,350,2026-09-05 18:12:55,8450.0,linear,t_000468,cmp_002,pl_008,cr_001,click,2026-09-02 13:07:25.372703362,0.3333333333333333,2816.6666666666665
ord_7be70cebd233,392,2026-08-20 13:14:17,8745.0,linear,t_000537,cmp_002,pl_008,cr_001,click,2026-08-17 15:41:34.901377837,1.0,8745.0
ord_7c19dd623b8d,484,2026-08-15 19:17:47,8745.0,linear,t_000716,cmp_003,pl_009,cr_000,bot_start,2026-08-11 01:17:13.710163211,0.5,4372.5
ord_7c19dd623b8d,484,2026-08-15 19:17:47,8745.0,linear,t_000715,cmp_002,pl_002,cr_002,bot_start,2026-08-12 00:24:12.008786564,0.5,4372.5
ord_7c32b0f95c39,160,2026-08-09 02:39:44,4995.0,linear,t_000108,cmp_002,pl_002,cr_002,click,2026-08-05 21:23:30.535201508,1.0,4995.0
ord_7c532e220090,30,2026-08-23 10:06:51,8950.0,linear,t_000381,cmp_003,pl_009,cr_000,click,2026-08-16 23:38:30.040832971,0.3333333333333333,2983.333333333333
ord_7c532e220090,30,2026-08-23 10:06:51,8950.0,linear,t_000382,cmp_002,pl_002,cr_002,bot_start,2026-08-18 12:23:29.842122370,0.3333333333333333,2983.333333333333
ord_7c532e220090,30,2026-08-23 10:06:51,8950.0,linear,t_000380,cmp_000,pl_001,cr_004,bot_start,2026-08-21 18:44:31.402321185,0.3333333333333333,2983.333333333333
ord_7c5a243873fc,176,2026-08-09 16:29:58,6490.0,linear,t_000136,cmp_002,pl_005,cr_004,lead,2026-08-04 05:42:57.472515862,0.3333333333333333,2163.333333333333
ord_7c5a243873fc,176,2026-08-09 16:29:58,6490.0,linear,t_000137,cmp_002,pl_005,cr_004,bot_start,2026-08-04 18:46:05.246751778,0.3333333333333333,2163.333333333333
ord_7c5a243873fc,176,2026-08-09 16:29:58,6490.0,linear,t_000138,cmp_003,pl_007,cr_003,bot_start,2026-08-08 10:41:57.153623270,0.3333333333333333,2163.333333333333
ord_7d298c57ea8b,455,2026-08-25 07:53:50,8950.0,linear,t_000666,cmp_003,pl_009,cr_000,bot_start,2026-08-19 15:10:23.720628643,0.5,4475.0
ord_7d298c57ea8b,455,2026-08-25 07:53:50,8950.0,linear,t_000667,cmp_000,pl_001,cr_004,click,2026-08-19 22:15:32.741399782,0.5,4475.0
ord_7d2a580c0613,290,2026-08-23 16:53:02,7475.0,linear,t_000362,cmp_003,pl_007,cr_003,click,2026-08-16 23:44:26.196012092,1.0,7475.0
ord_7e2cedd89801,318,2026-09-03 17:23:38,8450.0,linear,t_000414,cmp_004,pl_003,cr_000,bot_start,2026-08-28 14:12:10.479862498,1.0,8450.0
ord_7e3a6c76e867,234,2026-08-12 06:04:03,4950.0,linear,t_000246,cmp_003,pl_007,cr_003,click,2026-08-09 23:08:37.341622078,1.0,4950.0
ord_7ea3038baaa9,489,2026-08-24 08:47:25,8850.0,linear,t_000724,cmp_002,pl_000,cr_000,bot_start,2026-08-23 08:23:14.675767325,1.0,8850.0
ord_7f216fc464b7,214,2026-09-07 14:02:50,8950.0,linear,t_000206,cmp_003,pl_009,cr_000,click,2026-09-06 05:35:39.357996475,1.0,8950.0
ord_7ff3109d35cd,299,2026-08-24 16:58:19,8950.0,linear,t_000377,cmp_002,pl_008,cr_001,click,2026-08-18 02:31:05.913077328,0.3333333333333333,2983.333333333333
ord_7ff3109d35cd,299,2026-08-24 16:58:19,8950.0,linear,t_000378,cmp_001,pl_006,cr_002,click,2026-08-20 14:04:46.799295378,0.3333333333333333,2983.333333333333
ord_7ff3109d35cd,299,2026-08-24 16:58:19,8950.0,linear,t_000376,cmp_002,pl_008,cr_001,click,2026-08-21 14:18:45.826340335,0.3333333333333333,2983.333333333333
ord_8098d1de8413,413,2026-08-18 19:40:47,8745.0,linear,t_000574,cmp_003,pl_007,cr_003,lead,2026-08-14 10:49:48.659846361,0.5,4372.5
ord_8098d1de8413,413,2026-08-18 19:40:47,8745.0,linear,t_000575,cmp_003,pl_009,cr_000,click,2026-08-17 02:07:08.698731660,0.5,4372.5
ord_80a57412d276,565,2026-08-30 15:30:24,13950.0,linear,t_000877,cmp_003,pl_007,cr_003,click,2026-08-26 06:05:05.139351642,0.3333333333333333,4650.0
ord_80a57412d276,565,2026-08-30 15:30:24,13950.0,linear,t_000878,cmp_003,pl_009,cr_000,click,2026-08-26 07:37:09.906976822,0.3333333333333333,4650.0
ord_80a57412d276,565,2026-08-30 15:30:24,13950.0,linear,t_000876,cmp_000,pl_004,cr_003,click,2026-08-28 21:54:10.214142433,0.3333333333333333,4650.0
ord_80af266e78c8,10,2026-09-06 16:25:37,8450.0,linear,t_000001,cmp_003,pl_007,cr_003,click,2026-08-31 22:53:01.336829796,1.0,8450.0
ord_81efa0ac2de4,409,2026-09-03 21:58:56,5000.0,linear,t_000568,cmp_000,pl_004,cr_003,click,2026-08-31 16:41:04.397171408,1.0,5000.0
ord_831125eff2a0,373,2026-08-22 18:58:36,14950.0,linear,t_000507,cmp_003,pl_009,cr_000,click,2026-08-20 17:29:52.190646154,1.0,14950.0
ord_8340200fdb32,382,2026-08-09 18:58:42,8900.0,linear,t_000522,cmp_004,pl_003,cr_000,lead,2026-08-04 18:49:59.982601556,1.0,8900.0
ord_83492955d9b1,120,2026-08-08 19:28:26,6490.0,linear,t_000035,cmp_002,pl_000,cr_000,click,2026-08-04 00:15:17.034604986,0.3333333333333333,2163.333333333333
ord_83492955d9b1,120,2026-08-08 19:28:26,6490.0,linear,t_000037,cmp_004,pl_003,cr_000,click,2026-08-04 05:46:59.857680491,0.3333333333333333,2163.333333333333
ord_83492955d9b1,120,2026-08-08 19:28:26,6490.0,linear,t_000036,cmp_003,pl_007,cr_003,bot_start,2026-08-07 16:44:13.519216654,0.3333333333333333,2163.333333333333
ord_837c57f2e842,437,2026-08-04 09:35:00,7890.0,linear,,,,,organic,,0.0,0.0
ord_83b5dfef4c64,546,2026-08-10 19:07:51,6490.0,linear,t_000834,cmp_002,pl_000,cr_000,click,2026-08-05 03:36:09.562053333,0.5,3245.0
ord_83b5dfef4c64,546,2026-08-10 19:07:51,6490.0,linear,t_000835,cmp_000,pl_004,cr_003,click,2026-08-10 06:04:59.415613843,0.5,3245.0
ord_83c980e97bd6,597,2026-08-09 18:00:04,5990.0,linear,t_000937,cmp_002,pl_008,cr_001,lead,2026-08-04 00:56:37.194694074,0.3333333333333333,1996.6666666666665
ord_83c980e97bd6,597,2026-08-09 18:00:04,5990.0,linear,t_000938,cmp_000,pl_004,cr_003,click,2026-08-04 22:17:39.553479717,0.3333333333333333,1996.6666666666665
ord_83c980e97bd6,597,2026-08-09 18:00:04,5990.0,linear,t_000939,cmp_002,pl_005,cr_004,click,2026-08-04 22:31:26.139104292,0.3333333333333333,1996.6666666666665
ord_83ec23d4d8f1,249,2026-08-07 19:38:55,6950.0,linear,t_000273,cmp_004,pl_003,cr_000,click,2026-08-04 04:01:55.273317128,1.0,6950.0
ord_841355f12918,354,2026-09-04 13:47:25,8245.0,linear,t_000477,cmp_000,pl_004,cr_003,click,2026-08-30 04:12:07.386311955,1.0,8245.0
ord_84b1459a4d92,582,2026-09-04 15:03:52,8950.0,linear,t_000907,cmp_000,pl_001,cr_004,click,2026-09-02 00:03:54.033964047,1.0,8950.0
ord_850e9217af8a,90,2026-08-31 01:05:18,6975.0,linear,t_001016,cmp_000,pl_001,cr_004,bot_start,2026-08-29 05:06:01.583869381,1.0,6975.0
ord_853a1893188e,453,2026-08-11 17:07:53,4950.0,linear,t_000662,cmp_000,pl_001,cr_004,click,2026-08-05 18:29:58.438583673,1.0,4950.0
ord_85560eff62d3,79,2026-08-14 04:09:52,9950.0,linear,t_000990,cmp_003,pl_007,cr_003,click,2026-08-11 13:44:38.786220854,1.0,9950.0
ord_85809062c312,191,2026-08-27 15:11:14,29850.0,linear,t_000168,cmp_000,pl_004,cr_003,click,2026-08-26 09:46:39.233191235,1.0,29850.0
ord_8580c9d6159e,540,2026-09-05 14:57:41,8950.0,linear,t_000824,cmp_002,pl_000,cr_000,bot_start,2026-08-30 14:19:01.682416737,0.5,4475.0
ord_8580c9d6159e,540,2026-09-05 14:57:41,8950.0,linear,t_000825,cmp_000,pl_004,cr_003,click,2026-08-31 20:09:24.316551068,0.5,4475.0
ord_863dc0ec1562,132,2026-08-13 11:39:13,8745.0,linear,t_000055,cmp_000,pl_004,cr_003,click,2026-08-12 20:21:16.274025456,1.0,8745.0
ord_86b06f25a339,403,2026-08-31 10:18:44,8950.0,linear,t_000559,cmp_000,pl_001,cr_004,click,2026-08-25 13:20:14.258682998,0.5,4475.0
ord_86b06f25a339,403,2026-08-31 10:18:44,8950.0,linear,t_000560,cmp_004,pl_003,cr_000,bot_start,2026-08-28 03:28:58.690095433,0.5,4475.0
ord_875f527a2aa4,499,2026-09-08 13:24:34,8950.0,linear,t_000747,cmp_002,pl_002,cr_002,bot_start,2026-09-01 19:44:46.600667767,0.3333333333333333,2983.333333333333
ord_875f527a2aa4,499,2026-09-08 13:24:34,8950.0,linear,t_000745,cmp_002,pl_002,cr_002,click,2026-09-05 12:31:34.918780653,0.3333333333333333,2983.333333333333
ord_875f527a2aa4,499,2026-09-08 13:24:34,8950.0,linear,t_000746,cmp_002,pl_000,cr_000,lead,2026-09-06 22:53:55.363891625,0.3333333333333333,2983.333333333333
ord_877431ec0c32,337,2026-09-09 15:41:19,7475.0,linear,t_000448,cmp_003,pl_007,cr_003,click,2026-09-05 00:22:04.970799003,0.5,3737.5
ord_877431ec0c32,337,2026-09-09 15:41:19,7475.0,linear,t_000449,cmp_001,pl_006,cr_002,click,2026-09-06 23:39:17.361289756,0.5,3737.5
ord_890c93b1c861,241,2026-08-30 17:07:59,8950.0,linear,t_000260,cmp_003,pl_007,cr_003,click,2026-08-29 05:06:53.052024405,1.0,8950.0
ord_897883fd1564,435,2026-08-09 16:13:53,9900.0,linear,t_000621,cmp_004,pl_003,cr_000,click,2026-08-04 01:50:30.372854757,0.3333333333333333,3300.0
ord_897883fd1564,435,2026-08-09 16:13:53,9900.0,linear,t_000620,cmp_002,pl_000,cr_000,lead,2026-08-04 02:56:05.816014323,0.3333333333333333,3300.0
ord_897883fd1564,435,2026-08-09 16:13:53,9900.0,linear,t_000622,cmp_002,pl_000,cr_000,click,2026-08-09 03:37:26.047392356,0.3333333333333333,3300.0
ord_8aa29fb8059d,595,2026-08-22 16:55:59,14950.0,linear,t_000935,cmp_002,pl_008,cr_001,click,2026-08-15 17:04:58.126168882,0.5,7475.0
ord_8aa29fb8059d,595,2026-08-22 16:55:59,14950.0,linear,t_000934,cmp_004,pl_003,cr_000,click,2026-08-20 21:09:27.061556571,0.5,7475.0
ord_8ad3d539446f,400,2026-08-09 16:12:09,6490.0,linear,t_000551,cmp_002,pl_008,cr_001,lead,2026-08-04 10:24:04.558657275,1.0,6490.0
ord_8b88494f605b,401,2026-08-08 22:16:55,8245.0,linear,t_000552,cmp_002,pl_000,cr_000,click,2026-08-05 14:14:40.785040263,0.5,4122.5
ord_8b88494f605b,401,2026-08-08 22:16:55,8245.0,linear,t_000553,cmp_003,pl_007,cr_003,click,2026-08-05 15:01:20.622469550,0.5,4122.5
ord_8bf454f78365,327,2026-09-06 12:45:38,8950.0,linear,t_000429,cmp_002,pl_002,cr_002,bot_start,2026-09-02 01:32:53.645655436,0.5,4475.0
ord_8bf454f78365,327,2026-09-06 12:45:38,8950.0,linear,t_000428,cmp_004,pl_003,cr_000,click,2026-09-04 03:32:47.161662126,0.5,4475.0
ord_8c349454dfff,87,2026-08-22 13:23:20,7475.0,linear,t_001008,cmp_002,pl_002,cr_002,click,2026-08-18 13:41:49.187464065,0.5,3737.5
ord_8c349454dfff,87,2026-08-22 13:23:20,7475.0,linear,t_001007,cmp_002,pl_000,cr_000,click,2026-08-21 22:21:41.505882560,0.5,3737.5
ord_8e10622603c1,581,2026-08-23 11:19:47,8950.0,linear,t_000906,cmp_002,pl_005,cr_004,click,2026-08-21 06:30:41.599380539,1.0,8950.0
ord_8eeb59be15a9,261,2026-09-06 16:06:04,8950.0,linear,t_000296,cmp_000,pl_001,cr_004,bot_start,2026-08-31 15:07:46.090250363,1.0,8950.0
ord_8faf6162f0f4,490,2026-09-04 10:01:44,8450.0,linear,t_000727,cmp_004,pl_003,cr_000,click,2026-08-30 02:13:29.981034024,1.0,8450.0
ord_90c86d611d79,223,2026-08-09 20:27:29,6490.0,linear,t_000220,cmp_002,pl_002,cr_002,bot_start,2026-08-04 17:39:35.294929710,1.0,6490.0
ord_90ff0d63603c,526,2026-08-27 13:32:56,8950.0,linear,t_000797,cmp_000,pl_004,cr_003,lead,2026-08-26 14:23:05.376765208,0.5,4475.0
ord_90ff0d63603c,526,2026-08-27 13:32:56,8950.0,linear,t_000796,cmp_003,pl_009,cr_000,click,2026-08-26 15:53:41.116102437,0.5,4475.0
ord_91551c05a845,452,2026-08-25 21:09:34,8450.0,linear,t_000661,cmp_003,pl_007,cr_003,click,2026-08-22 03:37:24.284764262,1.0,8450.0
ord_925fe3b280a9,517,2026-09-05 12:48:03,8950.0,linear,t_000780,cmp_000,pl_001,cr_004,click,2026-08-30 01:24:42.800759053,0.5,4475.0
ord_925fe3b280a9,517,2026-09-05 12:48:03,8950.0,linear,t_000781,cmp_000,pl_001,cr_004,click,2026-09-01 10:01:50.716950104,0.5,4475.0
ord_927b7b145717,309,2026-09-05 09:55:40,8950.0,linear,t_000397,cmp_004,pl_003,cr_000,bot_start,2026-08-30 09:10:20.017378705,1.0,8950.0
ord_928f10d2291e,33,2026-08-08 16:26:36,9990.0,linear,t_000432,cmp_000,pl_004,cr_003,bot_start,2026-08-05 07:39:11.385982223,1.0,9990.0
ord_95036dad6ba5,108,2026-09-09 04:53:08,6975.0,linear,t_000017,cmp_002,pl_000,cr_000,click,2026-09-02 20:04:46.494100979,0.3333333333333333,2325.0
ord_95036dad6ba5,108,2026-09-09 04:53:08,6975.0,linear,t_000015,cmp_003,pl_007,cr_003,bot_start,2026-09-03 15:24:01.492332810,0.3333333333333333,2325.0
ord_95036dad6ba5,108,2026-09-09 04:53:08,6975.0,linear,t_000016,cmp_003,pl_009,cr_000,click,2026-09-05 18:47:06.580396049,0.3333333333333333,2325.0
ord_95bcaec3abcc,488,2026-08-09 16:36:09,19350.0,linear,t_000723,cmp_002,pl_000,cr_000,click,2026-08-04 03:47:35.944173564,1.0,19350.0
ord_95bd993ee285,336,2026-08-09 13:48:41,9900.0,linear,t_000445,cmp_004,pl_003,cr_000,click,2026-08-04 07:16:36.659421228,0.3333333333333333,3300.0
ord_95bd993ee285,336,2026-08-09 13:48:41,9900.0,linear,t_000446,cmp_002,pl_005,cr_004,lead,2026-08-04 23:38:28.034596683,0.3333333333333333,3300.0
ord_95bd993ee285,336,2026-08-09 13:48:41,9900.0,linear,t_000447,cmp_002,pl_005,cr_004,click,2026-08-07 07:49:37.310794073,0.3333333333333333,3300.0
ord_95fe227aab34,442,2026-08-14 11:21:45,6950.0,linear,t_000644,cmp_000,pl_004,cr_003,bot_start,2026-08-08 18:28:20.890803397,0.3333333333333333,2316.6666666666665
ord_95fe227aab34,442,2026-08-14 11:21:45,6950.0,linear,t_000646,cmp_000,pl_001,cr_004,click,2026-08-09 04:03:05.824005953,0.3333333333333333,2316.6666666666665
ord_95fe227aab34,442,2026-08-14 11:21:45,6950.0,linear,t_000645,cmp_002,pl_002,cr_002,click,2026-08-10 04:27:50.529492006,0.3333333333333333,2316.6666666666665
ord_962831a9388f,348,2026-08-12 19:17:21,6950.0,linear,t_000464,cmp_002,pl_000,cr_000,lead,2026-08-06 22:40:49.231228951,1.0,6950.0
ord_973b93197575,303,2026-09-04 15:21:52,14950.0,linear,t_000387,cmp_000,pl_001,cr_004,click,2026-08-30 06:49:14.230366256,0.5,7475.0
ord_973b93197575,303,2026-09-04 15:21:52,14950.0,linear,t_000388,cmp_004,pl_003,cr_000,click,2026-09-02 21:54:21.466260882,0.5,7475.0
ord_973e62f3ec27,59,2026-09-06 13:32:21,8950.0,linear,t_000921,cmp_002,pl_000,cr_000,bot_start,2026-09-01 14:32:58.620614461,0.3333333333333333,2983.333333333333
ord_973e62f3ec27,59,2026-09-06 13:32:21,8950.0,linear,t_000920,cmp_002,pl_005,cr_004,click,2026-09-03 12:39:31.753983255,0.3333333333333333,2983.333333333333
ord_973e62f3ec27,59,2026-09-06 13:32:21,8950.0,linear,t_000919,cmp_002,pl_008,cr_001,click,2026-09-05 15:55:49.213790597,0.3333333333333333,2983.333333333333
ord_9787a3e1bd39,316,2026-08-14 12:59:02,4495.0,linear,t_000411,cmp_004,pl_003,cr_000,click,2026-08-10 19:40:10.188082239,0.3333333333333333,1498.3333333333333
ord_9787a3e1bd39,316,2026-08-14 12:59:02,4495.0,linear,t_000412,cmp_002,pl_005,cr_004,bot_start,2026-08-11 18:39:10.263848047,0.3333333333333333,1498.3333333333333
ord_9787a3e1bd39,316,2026-08-14 12:59:02,4495.0,linear,t_000410,cmp_004,pl_003,cr_000,bot_start,2026-08-12 14:38:21.328328869,0.3333333333333333,1498.3333333333333
ord_97a4fc244d0b,212,2026-09-09 15:03:44,14950.0,linear,t_000200,cmp_002,pl_008,cr_001,bot_start,2026-09-03 06:02:32.599842893,0.3333333333333333,4983.333333333333
ord_97a4fc244d0b,212,2026-09-09 15:03:44,14950.0,linear,t_000202,cmp_003,pl_007,cr_003,click,2026-09-04 07:03:38.034955543,0.3333333333333333,4983.333333333333
ord_97a4fc244d0b,212,2026-09-09 15:03:44,14950.0,linear,t_000201,cmp_002,pl_008,cr_001,click,2026-09-08 11:29:01.232826535,0.3333333333333333,4983.333333333333
ord_97eddacf988d,432,2026-08-29 19:39:58,8950.0,linear,t_000614,cmp_003,pl_009,cr_000,bot_start,2026-08-26 16:37:56.207683319,0.5,4475.0
ord_97eddacf988d,432,2026-08-29 19:39:58,8950.0,linear,t_000613,cmp_002,pl_000,cr_000,click,2026-08-28 04:41:22.023958092,0.5,4475.0
ord_983187abac2c,596,2026-09-05 16:26:36,8950.0,linear,t_000936,cmp_000,pl_001,cr_004,click,2026-08-29 23:47:11.191184431,1.0,8950.0
ord_99463ae24ffa,323,2026-08-09 18:56:09,9990.0,linear,t_000421,cmp_004,pl_003,cr_000,click,2026-08-04 01:46:38.583843087,1.0,9990.0
ord_99691a8dae75,508,2026-08-09 21:33:27,9900.0,linear,t_000765,cmp_002,pl_000,cr_000,click,2026-08-04 06:10:33.371373646,0.3333333333333333,3300.0
ord_99691a8dae75,508,2026-08-09 21:33:27,9900.0,linear,t_000764,cmp_000,pl_001,cr_004,click,2026-08-04 08:45:08.204288728,0.3333333333333333,3300.0
ord_99691a8dae75,508,2026-08-09 21:33:27,9900.0,linear,t_000766,cmp_002,pl_005,cr_004,click,2026-08-08 06:26:53.899821410,0.3333333333333333,3300.0
ord_99cf42417c96,300,2026-09-06 17:58:00,6950.0,linear,t_000383,cmp_004,pl_003,cr_000,click,2026-09-04 12:41:21.984837598,1.0,6950.0
ord_99d63b5e26d0,229,2026-08-23 15:38:51,8450.0,linear,t_000234,cmp_003,pl_009,cr_000,bot_start,2026-08-22 03:53:04.319575506,1.0,8450.0
ord_9a7624552ade,307,2026-08-23 15:39:57,8450.0,linear,t_000393,cmp_002,pl_005,cr_004,click,2026-08-21 10:09:54.061935673,0.5,4225.0
ord_9a7624552ade,307,2026-08-23 15:39:57,8450.0,linear,t_000394,cmp_002,pl_008,cr_001,click,2026-08-21 11:55:41.558574031,0.5,4225.0
ord_9ab228417bfb,463,2026-08-25 13:16:31,8950.0,linear,t_000682,cmp_000,pl_004,cr_003,bot_start,2026-08-20 14:35:43.825277983,0.5,4475.0
ord_9ab228417bfb,463,2026-08-25 13:16:31,8950.0,linear,t_000681,cmp_002,pl_008,cr_001,bot_start,2026-08-22 01:04:43.116522094,0.5,4475.0
ord_9b3cd8fb6b42,558,2026-09-02 08:49:58,8245.0,linear,t_000860,cmp_001,pl_006,cr_002,bot_start,2026-08-26 12:59:25.379208300,0.5,4122.5
ord_9b3cd8fb6b42,558,2026-09-02 08:49:58,8245.0,linear,t_000861,cmp_003,pl_007,cr_003,bot_start,2026-08-29 17:29:56.961340407,0.5,4122.5
ord_9b40c0174a7c,178,2026-08-26 09:15:13,8950.0,linear,t_000141,cmp_002,pl_002,cr_002,click,2026-08-20 19:59:17.099579614,1.0,8950.0
ord_9bf3d58622a1,276,2026-08-15 12:43:23,5750.0,linear,t_000332,cmp_002,pl_000,cr_000,click,2026-08-12 03:18:01.983593998,0.3333333333333333,1916.6666666666665
ord_9bf3d58622a1,276,2026-08-15 12:43:23,5750.0,linear,t_000333,cmp_000,pl_001,cr_004,click,2026-08-13 00:15:39.609658464,0.3333333333333333,1916.6666666666665
ord_9bf3d58622a1,276,2026-08-15 12:43:23,5750.0,linear,t_000334,cmp_003,pl_009,cr_000,lead,2026-08-13 04:05:58.835286434,0.3333333333333333,1916.6666666666665
ord_9c158889661a,50,2026-09-02 10:32:55,8950.0,linear,t_000750,cmp_003,pl_009,cr_000,click,2026-08-28 19:53:13.194597655,0.5,4475.0
ord_9c158889661a,50,2026-09-02 10:32:55,8950.0,linear,t_000751,cmp_003,pl_007,cr_003,click,2026-08-31 04:20:00.033578380,0.5,4475.0
ord_9c602a63a7e5,308,2026-08-08 14:05:17,9900.0,linear,t_000395,cmp_000,pl_004,cr_003,click,2026-08-05 11:48:48.918027385,0.5,4950.0
ord_9c602a63a7e5,308,2026-08-08 14:05:17,9900.0,linear,t_000396,cmp_002,pl_008,cr_001,bot_start,2026-08-07 00:49:30.614147808,0.5,4950.0
ord_9c73b93ebeb1,363,2026-09-04 06:28:52,8945.0,linear,t_000491,cmp_000,pl_001,cr_004,bot_start,2026-08-31 19:53:23.545655906,0.5,4472.5
ord_9c73b93ebeb1,363,2026-09-04 06:28:52,8945.0,linear,t_000490,cmp_003,pl_009,cr_000,lead,2026-09-01 14:01:13.877631994,0.5,4472.5
ord_9cd9986674a9,8,2026-08-08 16:25:39,8990.0,linear,t_000992,cmp_001,pl_006,cr_002,bot_start,2026-08-04 02:17:29.766793276,0.3333333333333333,2996.6666666666665
ord_9cd9986674a9,8,2026-08-08 16:25:39,8990.0,linear,t_000993,cmp_002,pl_000,cr_000,click,2026-08-04 12:26:45.363179156,0.3333333333333333,2996.6666666666665
ord_9cd9986674a9,8,2026-08-08 16:25:39,8990.0,linear,t_000991,cmp_002,pl_005,cr_004,click,2026-08-04 13:06:38.649811249,0.3333333333333333,2996.6666666666665
ord_9d29fe921e72,588,2026-08-11 02:43:57,6450.0,linear,t_000917,cmp_002,pl_002,cr_002,click,2026-08-08 14:00:00.004667336,0.5,3225.0
ord_9d29fe921e72,588,2026-08-11 02:43:57,6450.0,linear,t_000916,cmp_000,pl_001,cr_004,click,2026-08-08 20:04:04.613758968,0.5,3225.0
ord_9de2499866fa,64,2026-08-09 14:45:05,4995.0,linear,t_000963,cmp_002,pl_002,cr_002,click,2026-08-07 16:24:39.385341094,1.0,4995.0
ord_9e5c120f1921,3,2026-09-03 22:47:02,5975.0,linear,t_000379,cmp_002,pl_002,cr_002,lead,2026-09-03 01:44:39.894507387,1.0,5975.0
ord_9ef922fe7db1,372,2026-08-22 15:11:44,7450.0,linear,t_000505,cmp_002,pl_008,cr_001,bot_start,2026-08-20 23:26:28.346572886,0.3333333333333333,2483.333333333333
ord_9ef922fe7db1,372,2026-08-22 15:11:44,7450.0,linear,t_000504,cmp_000,pl_001,cr_004,click,2026-08-21 01:47:23.760822099,0.3333333333333333,2483.333333333333
ord_9ef922fe7db1,372,2026-08-22 15:11:44,7450.0,linear,t_000506,cmp_002,pl_005,cr_004,lead,2026-08-22 00:59:31.549679416,0.3333333333333333,2483.333333333333
ord_9f3deef3dc31,289,2026-08-28 16:24:51,8950.0,linear,t_000357,cmp_000,pl_004,cr_003,lead,2026-08-23 19:36:17.687674340,0.5,4475.0
ord_9f3deef3dc31,289,2026-08-28 16:24:51,8950.0,linear,t_000358,cmp_001,pl_006,cr_002,click,2026-08-25 18:33:06.640222199,0.5,4475.0
ord_9f6085f91eb9,301,2026-08-31 20:57:15,17950.0,linear,t_000384,cmp_003,pl_009,cr_000,bot_start,2026-08-26 07:55:50.725856930,1.0,17950.0
ord_9f739b37aaa7,243,2026-08-24 10:40:35,8950.0,linear,t_000265,cmp_002,pl_000,cr_000,click,2026-08-17 10:45:59.655779697,0.5,4475.0
ord_9f739b37aaa7,243,2026-08-24 10:40:35,8950.0,linear,t_000264,cmp_000,pl_001,cr_004,bot_start,2026-08-19 11:38:05.906590532,0.5,4475.0
ord_a13624bfbac1,117,2026-09-05 12:34:35,8450.0,linear,t_000029,cmp_002,pl_002,cr_002,bot_start,2026-08-31 07:09:54.824616487,1.0,8450.0
ord_a1b4949c998a,109,2026-09-05 17:57:36,8950.0,linear,t_000018,cmp_002,pl_000,cr_000,click,2026-09-03 06:13:50.759876994,1.0,8950.0
ord_a1e57b2d3da5,404,2026-09-02 19:30:00,7475.0,linear,t_000562,cmp_002,pl_000,cr_000,click,2026-08-28 13:57:02.091053631,0.5,3737.5
ord_a1e57b2d3da5,404,2026-09-02 19:30:00,7475.0,linear,t_000561,cmp_001,pl_006,cr_002,click,2026-09-01 04:55:48.800116397,0.5,3737.5
ord_a1f9bab00b6d,579,2026-08-06 16:20:47,8245.0,linear,t_000901,cmp_003,pl_009,cr_000,bot_start,2026-08-04 06:07:13.508777576,0.3333333333333333,2748.333333333333
ord_a1f9bab00b6d,579,2026-08-06 16:20:47,8245.0,linear,t_000902,cmp_000,pl_001,cr_004,click,2026-08-04 10:35:21.019598423,0.3333333333333333,2748.333333333333
ord_a1f9bab00b6d,579,2026-08-06 16:20:47,8245.0,linear,t_000903,cmp_000,pl_004,cr_003,click,2026-08-04 12:15:29.360455071,0.3333333333333333,2748.333333333333
ord_a363fcd3a15f,513,2026-08-23 17:34:10,13950.0,linear,t_000776,cmp_002,pl_002,cr_002,bot_start,2026-08-17 23:32:50.476308952,1.0,13950.0
ord_a364d28f81d5,211,2026-08-22 11:08:24,14950.0,linear,t_000198,cmp_003,pl_009,cr_000,bot_start,2026-08-18 21:51:03.821201017,0.5,7475.0
ord_a364d28f81d5,211,2026-08-22 11:08:24,14950.0,linear,t_000199,cmp_001,pl_006,cr_002,click,2026-08-19 12:00:28.006467050,0.5,7475.0
ord_a52a3e29f313,454,2026-09-07 04:33:26,8950.0,linear,t_000663,cmp_000,pl_004,cr_003,click,2026-08-31 17:10:34.012379395,0.3333333333333333,2983.333333333333
ord_a52a3e29f313,454,2026-09-07 04:33:26,8950.0,linear,t_000665,cmp_002,pl_005,cr_004,bot_start,2026-09-03 19:05:44.914294744,0.3333333333333333,2983.333333333333
ord_a52a3e29f313,454,2026-09-07 04:33:26,8950.0,linear,t_000664,cmp_001,pl_006,cr_002,click,2026-09-04 15:17:52.669241636,0.3333333333333333,2983.333333333333
ord_a57c67449bca,158,2026-08-10 12:37:30,9400.0,linear,t_000105,cmp_003,pl_009,cr_000,click,2026-08-09 06:01:37.437287347,1.0,9400.0
ord_a5b2d19baa1d,75,2026-08-18 18:53:33,16950.0,linear,t_000985,cmp_002,pl_008,cr_001,click,2026-08-14 01:36:57.210671594,0.5,8475.0
ord_a5b2d19baa1d,75,2026-08-18 18:53:33,16950.0,linear,t_000984,cmp_001,pl_006,cr_002,click,2026-08-17 03:37:14.682383560,0.5,8475.0
ord_a6132404b0e8,216,2026-08-23 18:13:18,7475.0,linear,t_000209,cmp_003,pl_009,cr_000,click,2026-08-19 20:47:15.891552567,1.0,7475.0
ord_a61f968bd76d,66,2026-08-13 05:36:55,8745.0,linear,t_000967,cmp_000,pl_004,cr_003,click,2026-08-09 05:37:33.215967352,0.5,4372.5
ord_a61f968bd76d,66,2026-08-13 05:36:55,8745.0,linear,t_000968,cmp_002,pl_002,cr_002,click,2026-08-09 12:20:54.173837712,0.5,4372.5
ord_a69b764ac27b,266,2026-09-02 11:33:22,10000.0,linear,t_000308,cmp_002,pl_005,cr_004,lead,2026-08-27 14:34:36.802311626,0.5,5000.0
ord_a69b764ac27b,266,2026-09-02 11:33:22,10000.0,linear,t_000307,cmp_003,pl_007,cr_003,click,2026-08-28 01:41:30.992946924,0.5,5000.0
ord_a6bc165d7174,297,2026-08-22 17:26:07,8450.0,linear,t_000372,cmp_003,pl_009,cr_000,bot_start,2026-08-16 07:41:32.608734352,0.3333333333333333,2816.6666666666665
ord_a6bc165d7174,297,2026-08-22 17:26:07,8450.0,linear,t_000371,cmp_001,pl_006,cr_002,bot_start,2026-08-18 05:43:36.142175727,0.3333333333333333,2816.6666666666665
ord_a6bc165d7174,297,2026-08-22 17:26:07,8450.0,linear,t_000373,cmp_004,pl_003,cr_000,click,2026-08-21 16:46:30.913361939,0.3333333333333333,2816.6666666666665
ord_a6bc419af5b7,146,2026-08-20 16:27:30,6950.0,linear,t_000083,cmp_002,pl_000,cr_000,click,2026-08-14 00:04:19.078941843,0.3333333333333333,2316.6666666666665
ord_a6bc419af5b7,146,2026-08-20 16:27:30,6950.0,linear,t_000084,cmp_003,pl_007,cr_003,bot_start,2026-08-14 15:46:30.285766457,0.3333333333333333,2316.6666666666665
ord_a6bc419af5b7,146,2026-08-20 16:27:30,6950.0,linear,t_000082,cmp_003,pl_009,cr_000,lead,2026-08-17 17:44:46.519693168,0.3333333333333333,2316.6666666666665
ord_a74b874abcdd,97,2026-09-06 17:27:55,8950.0,linear,t_001023,cmp_002,pl_005,cr_004,click,2026-09-02 07:21:55.262915443,1.0,8950.0
ord_a755e94b3e12,387,2026-08-31 09:09:41,8545.0,linear,t_000528,cmp_003,pl_009,cr_000,click,2026-08-26 05:08:37.191746205,1.0,8545.0
ord_a76c6fb4be0f,106,2026-08-10 10:53:02,9900.0,linear,t_000012,cmp_002,pl_000,cr_000,click,2026-08-06 16:43:15.254301952,1.0,9900.0
ord_a7d4135925b6,53,2026-08-09 13:57:35,4950.0,linear,t_000805,cmp_003,pl_007,cr_003,click,2026-08-08 01:22:25.990137191,1.0,4950.0
ord_a7f780b6bb2d,165,2026-08-25 07:21:38,8450.0,linear,t_000116,cmp_002,pl_002,cr_002,bot_start,2026-08-19 10:19:17.404789183,0.5,4225.0
ord_a7f780b6bb2d,165,2026-08-25 07:21:38,8450.0,linear,t_000117,cmp_000,pl_004,cr_003,bot_start,2026-08-23 19:23:48.995887548,0.5,4225.0
ord_a81c8e5f13b0,371,2026-08-09 17:17:09,9900.0,linear,t_000503,cmp_004,pl_003,cr_000,bot_start,2026-08-04 22:29:08.789694514,1.0,9900.0
ord_a9b9ff4a43be,399,2026-09-06 19:02:33,8950.0,linear,t_000548,cmp_004,pl_003,cr_000,bot_start,2026-08-31 12:30:36.049379408,1.0,8950.0
ord_a9c7e9b49e00,268,2026-08-24 12:52:49,8950.0,linear,t_000311,cmp_003,pl_009,cr_000,click,2026-08-20 09:06:14.643431987,1.0,8950.0
ord_aa2901beb3ca,141,2026-08-24 14:48:12,7475.0,linear,t_000070,cmp_003,pl_007,cr_003,click,2026-08-18 12:31:52.171228178,0.3333333333333333,2491.6666666666665
ord_aa2901beb3ca,141,2026-08-24 14:48:12,7475.0,linear,t_000069,cmp_000,pl_001,cr_004,bot_start,2026-08-22 19:13:41.580500597,0.3333333333333333,2491.6666666666665
ord_aa2901beb3ca,141,2026-08-24 14:48:12,7475.0,linear,t_000071,cmp_003,pl_009,cr_000,bot_start,2026-08-23 11:58:06.227794069,0.3333333333333333,2491.6666666666665
ord_aaa5963be0ee,194,2026-08-24 16:25:21,8950.0,linear,t_000171,cmp_000,pl_001,cr_004,click,2026-08-21 00:03:36.673145552,1.0,8950.0
ord_aaae24f47115,568,2026-08-27 15:10:07,14950.0,linear,t_000881,cmp_001,pl_006,cr_002,click,2026-08-24 20:33:42.726315336,1.0,14950.0
ord_ab876d71ca89,78,2026-09-08 05:10:30,6950.0,linear,t_000989,cmp_003,pl_007,cr_003,click,2026-09-02 06:46:16.720957102,0.5,3475.0
ord_ab876d71ca89,78,2026-09-08 05:10:30,6950.0,linear,t_000988,cmp_004,pl_003,cr_000,click,2026-09-06 13:23:09.864874641,0.5,3475.0
ord_ababed0c5621,346,2026-08-18 10:15:05,8745.0,linear,t_000461,cmp_001,pl_006,cr_002,bot_start,2026-08-12 15:48:37.127685458,0.5,4372.5
ord_ababed0c5621,346,2026-08-18 10:15:05,8745.0,linear,t_000462,cmp_003,pl_007,cr_003,click,2026-08-17 06:12:53.813845109,0.5,4372.5
ord_abf7712e12f1,420,2026-08-14 20:17:00,6950.0,linear,t_000589,cmp_002,pl_002,cr_002,click,2026-08-10 06:49:14.427561134,0.3333333333333333,2316.6666666666665
ord_abf7712e12f1,420,2026-08-14 20:17:00,6950.0,linear,t_000590,cmp_003,pl_007,cr_003,click,2026-08-10 09:43:00.085536606,0.3333333333333333,2316.6666666666665
ord_abf7712e12f1,420,2026-08-14 20:17:00,6950.0,linear,t_000591,cmp_000,pl_001,cr_004,bot_start,2026-08-10 22:00:32.283182394,0.3333333333333333,2316.6666666666665
ord_ac0c576450ed,530,2026-09-06 19:09:38,8950.0,linear,t_000806,cmp_002,pl_008,cr_001,click,2026-09-01 06:26:23.974043250,0.3333333333333333,2983.333333333333
ord_ac0c576450ed,530,2026-09-06 19:09:38,8950.0,linear,t_000808,cmp_002,pl_000,cr_000,click,2026-09-04 03:50:43.245892402,0.3333333333333333,2983.333333333333
ord_ac0c576450ed,530,2026-09-06 19:09:38,8950.0,linear,t_000807,cmp_002,pl_008,cr_001,click,2026-09-05 13:02:56.628682486,0.3333333333333333,2983.333333333333
ord_ad0488603d88,52,2026-08-10 18:12:59,6450.0,linear,t_000786,cmp_001,pl_006,cr_002,bot_start,2026-08-09 00:46:00.770959766,1.0,6450.0
ord_ad06232a1c0f,437,2026-08-04 09:08:31,8950.0,linear,,,,,organic,,0.0,0.0
ord_ad3def68351d,67,2026-08-10 18:01:06,6490.0,linear,t_000969,cmp_002,pl_002,cr_002,click,2026-08-08 12:52:03.758714090,1.0,6490.0
ord_ad439766012e,304,2026-08-11 15:52:40,6950.0,linear,t_000389,cmp_003,pl_007,cr_003,bot_start,2026-08-06 23:41:11.041732215,1.0,6950.0
ord_adc85f8c4113,114,2026-09-01 19:16:56,13950.0,linear,t_000025,cmp_002,pl_002,cr_002,lead,2026-08-29 02:43:54.951970502,1.0,13950.0
ord_adeb2ba1981c,423,2026-09-01 12:44:58,7475.0,linear,t_000596,cmp_004,pl_003,cr_000,lead,2026-08-29 14:30:05.802105929,1.0,7475.0
ord_ae333cc3ea02,569,2026-09-06 08:00:03,8950.0,linear,t_000882,cmp_003,pl_007,cr_003,click,2026-09-03 21:37:02.738138572,1.0,8950.0
ord_ae5d6129364f,434,2026-09-06 15:23:19,8450.0,linear,t_000618,cmp_004,pl_003,cr_000,lead,2026-09-01 21:12:33.288968458,0.3333333333333333,2816.6666666666665
ord_ae5d6129364f,434,2026-09-06 15:23:19,8450.0,linear,t_000619,cmp_004,pl_003,cr_000,bot_start,2026-09-02 12:24:20.108182304,0.3333333333333333,2816.6666666666665
ord_ae5d6129364f,434,2026-09-06 15:23:19,8450.0,linear,t_000617,cmp_004,pl_003,cr_000,click,2026-09-05 20:57:11.296944315,0.3333333333333333,2816.6666666666665
ord_aeea7f764f37,445,2026-08-10 00:36:19,4950.0,linear,t_000650,cmp_004,pl_003,cr_000,bot_start,2026-08-04 05:53:13.034862288,1.0,4950.0
ord_af30faba21a1,294,2026-08-06 10:39:31,9950.0,linear,t_000366,cmp_002,pl_002,cr_002,bot_start,2026-08-04 18:46:23.047271137,0.5,4975.0
ord_af30faba21a1,294,2026-08-06 10:39:31,9950.0,linear,t_000367,cmp_000,pl_001,cr_004,click,2026-08-04 19:41:36.131940083,0.5,4975.0
ord_af4b3d4ee812,236,2026-08-29 05:27:29,7475.0,linear,t_000248,cmp_003,pl_009,cr_000,click,2026-08-24 15:53:00.467077134,0.3333333333333333,2491.6666666666665
ord_af4b3d4ee812,236,2026-08-29 05:27:29,7475.0,linear,t_000249,cmp_003,pl_007,cr_003,bot_start,2026-08-26 03:06:30.882492102,0.3333333333333333,2491.6666666666665
ord_af4b3d4ee812,236,2026-08-29 05:27:29,7475.0,linear,t_000250,cmp_003,pl_009,cr_000,click,2026-08-28 13:50:04.389754061,0.3333333333333333,2491.6666666666665
ord_af67053bd721,456,2026-09-08 17:57:42,9950.0,linear,t_000669,cmp_003,pl_007,cr_003,click,2026-09-04 02:27:59.113460422,0.5,4975.0
ord_af67053bd721,456,2026-09-08 17:57:42,9950.0,linear,t_000668,cmp_002,pl_000,cr_000,click,2026-09-07 08:52:01.683098562,0.5,4975.0
ord_afa88efd73ac,210,2026-09-05 17:12:38,7475.0,linear,t_000197,cmp_004,pl_003,cr_000,click,2026-09-04 01:22:25.106560860,1.0,7475.0
ord_afab25d99b1d,14,2026-08-30 23:52:21,8950.0,linear,t_000067,cmp_003,pl_007,cr_003,click,2026-08-24 12:55:19.952227360,1.0,8950.0
ord_b012557d9850,486,2026-09-02 09:28:52,8950.0,linear,t_000721,cmp_002,pl_000,cr_000,click,2026-08-28 15:17:00.038575853,0.5,4475.0
ord_b012557d9850,486,2026-09-02 09:28:52,8950.0,linear,t_000720,cmp_002,pl_005,cr_004,click,2026-08-29 07:50:39.134438772,0.5,4475.0
ord_b0b57718aabf,20,2026-09-06 11:07:00,14950.0,linear,t_000181,cmp_003,pl_009,cr_000,click,2026-08-30 13:30:40.821920332,0.5,7475.0
ord_b0b57718aabf,20,2026-09-06 11:07:00,14950.0,linear,t_000180,cmp_002,pl_008,cr_001,click,2026-08-30 23:47:05.468805055,0.5,7475.0
ord_b23afcf540ef,46,2026-08-12 05:13:04,6450.0,linear,t_000675,cmp_002,pl_002,cr_002,bot_start,2026-08-09 13:55:41.201810698,1.0,6450.0
ord_b2ee6a955012,135,2026-08-08 20:00:19,9990.0,linear,t_000059,cmp_001,pl_006,cr_002,click,2026-08-05 15:04:06.021725088,1.0,9990.0
ord_b302ac72e01b,374,2026-08-09 19:11:48,6450.0,linear,t_000508,cmp_000,pl_001,cr_004,click,2026-08-07 11:37:02.337472002,1.0,6450.0
ord_b3db1ad4202a,153,2026-08-13 18:30:59,5750.0,linear,t_000094,cmp_002,pl_000,cr_000,click,2026-08-07 18:00:30.993814403,1.0,5750.0
ord_b4126717b5c9,601,2026-09-06 14:28:33,13950.0,linear,t_000950,cmp_003,pl_009,cr_000,click,2026-08-31 11:19:02.884329415,0.5,6975.0
ord_b4126717b5c9,601,2026-09-06 14:28:33,13950.0,linear,t_000951,cmp_000,pl_004,cr_003,click,2026-09-05 11:56:01.651765955,0.5,6975.0
ord_b4c3209caa6f,195,2026-09-01 10:54:53,8450.0,linear,t_000173,cmp_003,pl_009,cr_000,click,2026-08-27 12:19:35.106338811,0.3333333333333333,2816.6666666666665
ord_b4c3209caa6f,195,2026-09-01 10:54:53,8450.0,linear,t_000174,cmp_000,pl_004,cr_003,lead,2026-08-29 19:19:11.807261987,0.3333333333333333,2816.6666666666665
ord_b4c3209caa6f,195,2026-09-01 10:54:53,8450.0,linear,t_000172,cmp_002,pl_005,cr_004,click,2026-08-29 20:36:22.368352523,0.3333333333333333,2816.6666666666665
ord_b64cd962e103,306,2026-09-06 16:18:59,8950.0,linear,t_000392,cmp_003,pl_007,cr_003,click,2026-09-04 23:23:52.246794125,1.0,8950.0
ord_b72be25fba0f,35,2026-09-02 22:38:59,4225.0,linear,t_000466,cmp_003,pl_009,cr_000,lead,2026-08-28 11:37:07.362930179,1.0,4225.0
ord_b74961cc5b6f,232,2026-08-09 10:47:20,6490.0,linear,t_000242,cmp_003,pl_007,cr_003,click,2026-08-06 07:06:59.215121464,0.5,3245.0
ord_b74961cc5b6f,232,2026-08-09 10:47:20,6490.0,linear,t_000243,cmp_002,pl_002,cr_002,bot_start,2026-08-08 08:28:47.981840462,0.5,3245.0
ord_b859f844b1a5,328,2026-09-05 10:58:26,14950.0,linear,t_000430,cmp_001,pl_006,cr_002,bot_start,2026-08-31 10:46:53.672280099,1.0,14950.0
ord_b8ac3ff4b8d4,436,2026-08-23 15:04:52,8450.0,linear,t_000623,cmp_002,pl_002,cr_002,bot_start,2026-08-20 12:18:40.512010502,1.0,8450.0
ord_b9014380f5d3,151,2026-09-06 11:31:11,7475.0,linear,t_000092,cmp_002,pl_002,cr_002,bot_start,2026-08-31 01:27:36.571643295,1.0,7475.0
ord_b91f1456345e,142,2026-08-11 15:49:13,6490.0,linear,t_000072,cmp_001,pl_006,cr_002,click,2026-08-05 01:48:49.195571329,1.0,6490.0
ord_b96cc0fc5301,315,2026-08-23 16:40:25,14950.0,linear,t_000408,cmp_002,pl_000,cr_000,bot_start,2026-08-16 19:47:49.051997688,0.5,7475.0
ord_b96cc0fc5301,315,2026-08-23 16:40:25,14950.0,linear,t_000409,cmp_003,pl_007,cr_003,click,2026-08-18 04:31:24.547437141,0.5,7475.0
ord_ba0c22ffb938,302,2026-09-04 15:20:47,7475.0,linear,t_000385,cmp_001,pl_006,cr_002,lead,2026-08-31 10:14:39.409469496,0.5,3737.5
ord_ba0c22ffb938,302,2026-09-04 15:20:47,7475.0,linear,t_000386,cmp_002,pl_000,cr_000,click,2026-09-03 21:19:04.355601222,0.5,3737.5
ord_ba4abfdfe864,505,2026-08-11 18:00:05,9900.0,linear,t_000761,cmp_003,pl_007,cr_003,lead,2026-08-09 05:18:48.095962965,1.0,9900.0
ord_ba996b6b932a,25,2026-08-30 18:34:15,8450.0,linear,t_000275,cmp_002,pl_005,cr_004,click,2026-08-25 09:12:27.081654117,0.3333333333333333,2816.6666666666665
ord_ba996b6b932a,25,2026-08-30 18:34:15,8450.0,linear,t_000276,cmp_002,pl_002,cr_002,click,2026-08-25 09:31:45.621168273,0.3333333333333333,2816.6666666666665
ord_ba996b6b932a,25,2026-08-30 18:34:15,8450.0,linear,t_000274,cmp_001,pl_006,cr_002,bot_start,2026-08-27 17:01:54.179525596,0.3333333333333333,2816.6666666666665
ord_babbeddca1a2,461,2026-09-05 15:01:05,14950.0,linear,t_000678,cmp_002,pl_000,cr_000,click,2026-09-01 05:55:43.481597429,0.5,7475.0
ord_babbeddca1a2,461,2026-09-05 15:01:05,14950.0,linear,t_000677,cmp_000,pl_004,cr_003,click,2026-09-01 11:51:53.515099609,0.5,7475.0
ord_bbcfa1b9e3c5,535,2026-08-30 08:24:30,14950.0,linear,t_000814,cmp_002,pl_005,cr_004,lead,2026-08-24 05:16:09.525649590,0.3333333333333333,4983.333333333333
ord_bbcfa1b9e3c5,535,2026-08-30 08:24:30,14950.0,linear,t_000816,cmp_002,pl_005,cr_004,lead,2026-08-26 06:46:03.917837056,0.3333333333333333,4983.333333333333
ord_bbcfa1b9e3c5,535,2026-08-30 08:24:30,14950.0,linear,t_000815,cmp_001,pl_006,cr_002,bot_start,2026-08-28 12:47:26.154333490,0.3333333333333333,4983.333333333333
ord_bd1eff6c4ded,229,2026-08-14 04:19:44,9950.0,linear,t_000233,cmp_002,pl_005,cr_004,click,2026-08-11 20:30:32.589642531,1.0,9950.0
ord_bd7c9b7467b9,439,2026-08-09 20:20:29,6490.0,linear,t_000635,cmp_002,pl_008,cr_001,bot_start,2026-08-05 14:39:42.545997225,0.3333333333333333,2163.333333333333
ord_bd7c9b7467b9,439,2026-08-09 20:20:29,6490.0,linear,t_000633,cmp_002,pl_002,cr_002,bot_start,2026-08-07 23:41:38.841603593,0.3333333333333333,2163.333333333333
ord_bd7c9b7467b9,439,2026-08-09 20:20:29,6490.0,linear,t_000634,cmp_000,pl_004,cr_003,bot_start,2026-08-08 01:23:37.127821094,0.3333333333333333,2163.333333333333
ord_bdc7ccd63291,187,2026-08-09 18:48:05,8990.0,linear,t_000161,cmp_000,pl_001,cr_004,click,2026-08-04 06:47:52.535032809,0.5,4495.0
ord_bdc7ccd63291,187,2026-08-09 18:48:05,8990.0,linear,t_000160,cmp_004,pl_003,cr_000,click,2026-08-07 17:08:50.450190467,0.5,4495.0
ord_be126db06077,36,2026-09-09 19:26:20,44750.0,linear,t_000485,cmp_003,pl_007,cr_003,click,2026-09-06 20:29:46.379021311,1.0,44750.0
ord_be41abe10903,405,2026-09-05 14:29:26,8950.0,linear,t_000563,cmp_003,pl_009,cr_000,click,2026-08-30 16:08:52.240740811,1.0,8950.0
ord_bec010dc7db8,28,2026-09-04 15:15:34,14950.0,linear,t_000340,cmp_004,pl_003,cr_000,click,2026-08-30 01:35:59.095681310,1.0,14950.0
ord_becc242811f2,58,2026-08-09 16:12:46,16390.0,linear,t_000904,cmp_000,pl_001,cr_004,click,2026-08-04 07:25:47.002312989,1.0,16390.0
ord_beceecf62b78,206,2026-08-09 13:00:12,9990.0,linear,t_000190,cmp_002,pl_008,cr_001,click,2026-08-08 17:07:20.138517482,1.0,9990.0
ord_bf057dc269fd,564,2026-08-16 04:38:14,8745.0,linear,t_000875,cmp_003,pl_007,cr_003,bot_start,2026-08-10 06:17:49.878178754,0.3333333333333333,2915.0
ord_bf057dc269fd,564,2026-08-16 04:38:14,8745.0,linear,t_000874,cmp_000,pl_001,cr_004,click,2026-08-11 15:38:04.726491119,0.3333333333333333,2915.0
ord_bf057dc269fd,564,2026-08-16 04:38:14,8745.0,linear,t_000873,cmp_004,pl_003,cr_000,lead,2026-08-13 14:37:33.990528133,0.3333333333333333,2915.0
ord_bf505f161b2e,385,2026-09-02 14:17:34,11950.0,linear,t_000525,cmp_004,pl_003,cr_000,click,2026-08-27 19:00:43.877395927,0.5,5975.0
ord_bf505f161b2e,385,2026-09-02 14:17:34,11950.0,linear,t_000526,cmp_002,pl_005,cr_004,click,2026-08-29 18:22:58.347426519,0.5,5975.0
ord_bfbdd3088f00,240,2026-08-22 18:00:15,6450.0,linear,t_000259,cmp_001,pl_006,cr_002,click,2026-08-21 11:57:15.539639025,1.0,6450.0
ord_c00dbc4c518f,275,2026-08-13 09:51:23,8745.0,linear,t_000329,cmp_002,pl_002,cr_002,lead,2026-08-10 22:46:51.850863004,0.5,4372.5
ord_c00dbc4c518f,275,2026-08-13 09:51:23,8745.0,linear,t_000330,cmp_003,pl_007,cr_003,lead,2026-08-12 14:49:06.558809670,0.5,4372.5
ord_c012ccb00c4f,422,2026-09-02 15:30:05,9450.0,linear,t_000594,cmp_004,pl_003,cr_000,click,2026-08-28 10:39:48.302128845,0.3333333333333333,3150.0
ord_c012ccb00c4f,422,2026-09-02 15:30:05,9450.0,linear,t_000593,cmp_002,pl_002,cr_002,bot_start,2026-08-30 05:53:10.988115809,0.3333333333333333,3150.0
ord_c012ccb00c4f,422,2026-09-02 15:30:05,9450.0,linear,t_000595,cmp_002,pl_002,cr_002,click,2026-09-01 19:38:31.738977148,0.3333333333333333,3150.0
ord_c067826c2ca3,333,2026-08-08 18:25:13,6490.0,linear,t_000441,cmp_000,pl_001,cr_004,click,2026-08-04 02:20:12.159338420,0.3333333333333333,2163.333333333333
ord_c067826c2ca3,333,2026-08-08 18:25:13,6490.0,linear,t_000440,cmp_002,pl_005,cr_004,bot_start,2026-08-07 04:18:40.816199829,0.3333333333333333,2163.333333333333
ord_c067826c2ca3,333,2026-08-08 18:25:13,6490.0,linear,t_000439,cmp_002,pl_002,cr_002,lead,2026-08-07 06:21:07.596767792,0.3333333333333333,2163.333333333333
ord_c07cf6dcba37,171,2026-08-31 18:20:33,8950.0,linear,t_000127,cmp_002,pl_002,cr_002,bot_start,2026-08-25 18:44:33.763117357,1.0,8950.0
ord_c096b6fe94ff,352,2026-09-03 16:22:06,8450.0,linear,t_000473,cmp_003,pl_009,cr_000,bot_start,2026-08-31 17:22:08.586277764,0.5,4225.0
ord_c096b6fe94ff,352,2026-09-03 16:22:06,8450.0,linear,t_000474,cmp_002,pl_008,cr_001,bot_start,2026-09-01 14:39:47.505773797,0.5,4225.0
ord_c0cdb47ceff3,402,2026-08-09 17:25:40,9990.0,linear,t_000554,cmp_002,pl_005,cr_004,click,2026-08-06 17:25:01.761753391,0.5,4995.0
ord_c0cdb47ceff3,402,2026-08-09 17:25:40,9990.0,linear,t_000555,cmp_003,pl_007,cr_003,click,2026-08-07 08:34:55.152783206,0.5,4995.0
ord_c1ea22a76af1,99,2026-08-29 19:35:36,8450.0,linear,t_001026,cmp_000,pl_001,cr_004,bot_start,2026-08-25 19:49:16.834584171,0.5,4225.0
ord_c1ea22a76af1,99,2026-08-29 19:35:36,8450.0,linear,t_001025,cmp_002,pl_005,cr_004,bot_start,2026-08-26 19:38:29.380247218,0.5,4225.0
ord_c1f1a16b87ae,224,2026-09-09 08:55:28,8450.0,linear,t_000222,cmp_002,pl_002,cr_002,bot_start,2026-09-02 18:16:53.323530500,0.5,4225.0
ord_c1f1a16b87ae,224,2026-09-09 08:55:28,8450.0,linear,t_000221,cmp_003,pl_007,cr_003,click,2026-09-07 06:44:10.284729439,0.5,4225.0
ord_c24217158089,493,2026-09-02 16:44:53,9950.0,linear,t_000732,cmp_000,pl_001,cr_004,bot_start,2026-08-27 04:33:37.136525840,0.5,4975.0
ord_c24217158089,493,2026-09-02 16:44:53,9950.0,linear,t_000731,cmp_004,pl_003,cr_000,click,2026-08-29 01:36:13.009866320,0.5,4975.0
ord_c2a3ee8d5182,462,2026-08-09 16:45:22,500.0,linear,t_000679,cmp_001,pl_006,cr_002,bot_start,2026-08-04 23:32:17.445227281,0.5,250.0
ord_c2a3ee8d5182,462,2026-08-09 16:45:22,500.0,linear,t_000680,cmp_002,pl_000,cr_000,click,2026-08-06 04:10:58.675969898,0.5,250.0
ord_c2c8da6444f1,521,2026-08-12 14:21:51,6450.0,linear,t_000789,cmp_003,pl_009,cr_000,click,2026-08-07 18:40:49.068775836,0.3333333333333333,2150.0
ord_c2c8da6444f1,521,2026-08-12 14:21:51,6450.0,linear,t_000788,cmp_003,pl_009,cr_000,click,2026-08-08 15:09:36.817251744,0.3333333333333333,2150.0
ord_c2c8da6444f1,521,2026-08-12 14:21:51,6450.0,linear,t_000790,cmp_000,pl_001,cr_004,click,2026-08-10 07:21:54.355311581,0.3333333333333333,2150.0
ord_c3e2808e89ea,252,2026-09-03 16:36:15,8950.0,linear,t_000280,cmp_001,pl_006,cr_002,lead,2026-08-28 12:05:27.713811228,0.3333333333333333,2983.333333333333
ord_c3e2808e89ea,252,2026-09-03 16:36:15,8950.0,linear,t_000279,cmp_003,pl_009,cr_000,click,2026-08-31 06:36:08.508755778,0.3333333333333333,2983.333333333333
ord_c3e2808e89ea,252,2026-09-03 16:36:15,8950.0,linear,t_000281,cmp_003,pl_009,cr_000,click,2026-09-01 22:36:18.938653870,0.3333333333333333,2983.333333333333
ord_c4400700e0a9,26,2026-08-31 14:03:44,17950.0,linear,t_000294,cmp_002,pl_000,cr_000,lead,2026-08-25 07:28:37.961559909,1.0,17950.0
ord_c45100b4e16a,492,2026-08-20 14:21:52,9950.0,linear,t_000730,cmp_003,pl_007,cr_003,lead,2026-08-18 14:28:06.068681399,0.5,4975.0
ord_c45100b4e16a,492,2026-08-20 14:21:52,9950.0,linear,t_000729,cmp_000,pl_004,cr_003,click,2026-08-19 16:18:32.705933324,0.5,4975.0
ord_c4644b0e0f2d,41,2026-08-12 10:22:39,6500.0,linear,t_000569,cmp_001,pl_006,cr_002,click,2026-08-10 07:14:40.016046484,0.5,3250.0
ord_c4644b0e0f2d,41,2026-08-12 10:22:39,6500.0,linear,t_000570,cmp_004,pl_003,cr_000,bot_start,2026-08-10 22:59:11.865992232,0.5,3250.0
ord_c561b01f9c91,431,2026-09-05 15:28:29,8950.0,linear,t_000611,cmp_002,pl_008,cr_001,click,2026-09-01 20:21:11.028992175,0.5,4475.0
ord_c561b01f9c91,431,2026-09-05 15:28:29,8950.0,linear,t_000612,cmp_002,pl_005,cr_004,click,2026-09-02 22:28:43.902382578,0.5,4475.0
ord_c56b76f5156e,21,2026-08-10 16:29:36,9900.0,linear,t_000196,cmp_002,pl_005,cr_004,click,2026-08-04 09:42:24.953587097,0.3333333333333333,3300.0
ord_c56b76f5156e,21,2026-08-10 16:29:36,9900.0,linear,t_000195,cmp_004,pl_003,cr_000,click,2026-08-07 12:51:04.860709507,0.3333333333333333,3300.0
ord_c56b76f5156e,21,2026-08-10 16:29:36,9900.0,linear,t_000194,cmp_001,pl_006,cr_002,bot_start,2026-08-10 02:32:52.916548215,0.3333333333333333,3300.0
ord_c6935b8f98bb,440,2026-08-24 03:20:05,7475.0,linear,t_000639,cmp_003,pl_007,cr_003,click,2026-08-18 04:11:10.030628240,0.3333333333333333,2491.6666666666665
ord_c6935b8f98bb,440,2026-08-24 03:20:05,7475.0,linear,t_000638,cmp_002,pl_008,cr_001,click,2026-08-19 23:07:19.341419265,0.3333333333333333,2491.6666666666665
ord_c6935b8f98bb,440,2026-08-24 03:20:05,7475.0,linear,t_000640,cmp_002,pl_002,cr_002,click,2026-08-21 01:51:27.375384391,0.3333333333333333,2491.6666666666665
ord_c76d4cfd3150,571,2026-08-04 17:19:52,16950.0,linear,t_000886,cmp_002,pl_008,cr_001,click,2026-08-04 09:07:11.861286000,1.0,16950.0
ord_c7972d1099cb,164,2026-08-10 13:08:15,8745.0,linear,t_000115,cmp_002,pl_000,cr_000,click,2026-08-07 21:00:47.569254332,1.0,8745.0
ord_c7c6c312aab7,105,2026-09-06 11:55:22,8950.0,linear,t_000011,cmp_000,pl_001,cr_004,click,2026-09-01 07:14:04.988705034,0.5,4475.0
ord_c7c6c312aab7,105,2026-09-06 11:55:22,8950.0,linear,t_000010,cmp_001,pl_006,cr_002,click,2026-09-04 21:52:30.008179834,0.5,4475.0
ord_c857abc731f4,181,2026-09-01 18:44:37,8950.0,linear,t_000149,cmp_000,pl_004,cr_003,bot_start,2026-08-30 00:27:02.552613217,0.3333333333333333,2983.333333333333
ord_c857abc731f4,181,2026-09-01 18:44:37,8950.0,linear,t_000150,cmp_002,pl_008,cr_001,click,2026-08-30 08:06:30.245531623,0.3333333333333333,2983.333333333333
ord_c857abc731f4,181,2026-09-01 18:44:37,8950.0,linear,t_000151,cmp_000,pl_004,cr_003,bot_start,2026-08-30 11:52:15.251495955,0.3333333333333333,2983.333333333333
ord_ca370d6c27f6,491,2026-09-07 09:04:54,8950.0,linear,t_000728,cmp_004,pl_003,cr_000,click,2026-09-05 23:02:25.947603885,1.0,8950.0
ord_cb0980c5b821,198,2026-09-04 16:44:57,7475.0,linear,t_000177,cmp_003,pl_009,cr_000,click,2026-09-03 23:52:08.179154437,1.0,7475.0
ord_cb589dc00928,518,2026-08-08 12:37:37,6490.0,linear,t_000783,cmp_001,pl_006,cr_002,click,2026-08-04 02:26:03.988393821,0.3333333333333333,2163.333333333333
ord_cb589dc00928,518,2026-08-08 12:37:37,6490.0,linear,t_000784,cmp_002,pl_000,cr_000,click,2026-08-04 08:26:15.227202024,0.3333333333333333,2163.333333333333
ord_cb589dc00928,518,2026-08-08 12:37:37,6490.0,linear,t_000782,cmp_000,pl_001,cr_004,click,2026-08-06 06:21:48.107074247,0.3333333333333333,2163.333333333333
ord_cb78a1a26b80,287,2026-08-19 07:46:07,6950.0,linear,t_000354,cmp_002,pl_005,cr_004,click,2026-08-12 10:40:20.003936315,1.0,6950.0
ord_cbadcd188ed8,398,2026-09-05 18:06:36,8950.0,linear,t_000547,cmp_002,pl_008,cr_001,click,2026-08-31 16:19:14.446746210,1.0,8950.0
ord_cbb7c9da8d18,121,2026-08-25 11:38:56,8950.0,linear,t_000038,cmp_002,pl_002,cr_002,click,2026-08-23 19:40:58.918138614,1.0,8950.0
ord_cd11acee5329,67,2026-09-05 17:04:40,8950.0,linear,t_000970,cmp_001,pl_006,cr_002,click,2026-09-01 12:54:52.819909990,1.0,8950.0
ord_cd6fd80a1eaf,590,2026-09-04 11:04:11,8945.0,linear,t_000922,cmp_002,pl_002,cr_002,click,2026-08-30 06:17:31.266334618,0.3333333333333333,2981.6666666666665
ord_cd6fd80a1eaf,590,2026-09-04 11:04:11,8945.0,linear,t_000924,cmp_002,pl_002,cr_002,click,2026-08-30 21:40:09.163142166,0.3333333333333333,2981.6666666666665
ord_cd6fd80a1eaf,590,2026-09-04 11:04:11,8945.0,linear,t_000923,cmp_002,pl_002,cr_002,lead,2026-09-01 19:55:34.910979908,0.3333333333333333,2981.6666666666665
ord_cde516ddac4a,247,2026-09-01 14:59:35,14950.0,linear,t_000271,cmp_004,pl_003,cr_000,click,2026-08-28 15:42:50.448545344,1.0,14950.0
ord_ce27f3cfbb16,391,2026-08-14 18:55:11,8745.0,linear,t_000536,cmp_002,pl_000,cr_000,click,2026-08-12 04:58:28.599869765,1.0,8745.0
ord_ce639eae7c06,201,2026-08-24 17:28:20,6950.0,linear,t_000184,cmp_000,pl_004,cr_003,click,2026-08-21 23:25:17.587123328,1.0,6950.0
ord_cee8bb968b2c,183,2026-08-08 10:08:11,6490.0,linear,t_000155,cmp_002,pl_000,cr_000,click,2026-08-04 11:55:33.593905662,0.3333333333333333,2163.333333333333
ord_cee8bb968b2c,183,2026-08-08 10:08:11,6490.0,linear,t_000154,cmp_000,pl_004,cr_003,click,2026-08-04 16:49:16.119274424,0.3333333333333333,2163.333333333333
ord_cee8bb968b2c,183,2026-08-08 10:08:11,6490.0,linear,t_000153,cmp_003,pl_007,cr_003,click,2026-08-07 00:47:32.170258562,0.3333333333333333,2163.333333333333
ord_cf28e880aa19,458,2026-08-22 11:58:37,8450.0,linear,t_000672,cmp_002,pl_008,cr_001,bot_start,2026-08-15 13:46:44.932391989,0.5,4225.0
ord_cf28e880aa19,458,2026-08-22 11:58:37,8450.0,linear,t_000671,cmp_002,pl_005,cr_004,bot_start,2026-08-21 12:15:18.708505279,0.5,4225.0
ord_cf2add5206f8,269,2026-08-25 22:26:03,7475.0,linear,t_000313,cmp_003,pl_009,cr_000,click,2026-08-19 17:20:49.351130126,0.3333333333333333,2491.6666666666665
ord_cf2add5206f8,269,2026-08-25 22:26:03,7475.0,linear,t_000314,cmp_004,pl_003,cr_000,click,2026-08-21 18:16:55.245389796,0.3333333333333333,2491.6666666666665
ord_cf2add5206f8,269,2026-08-25 22:26:03,7475.0,linear,t_000312,cmp_001,pl_006,cr_002,bot_start,2026-08-25 09:34:49.302078474,0.3333333333333333,2491.6666666666665
ord_cf69e33d5ed1,200,2026-08-22 19:40:16,14950.0,linear,t_000182,cmp_001,pl_006,cr_002,click,2026-08-18 09:57:23.831166741,0.5,7475.0
ord_cf69e33d5ed1,200,2026-08-22 19:40:16,14950.0,linear,t_000183,cmp_002,pl_005,cr_004,click,2026-08-20 06:07:11.827741424,0.5,7475.0
ord_cf90c8fbe960,340,2026-08-29 09:29:52,11950.0,linear,t_000453,cmp_002,pl_000,cr_000,click,2026-08-25 02:44:53.949466386,1.0,11950.0
ord_d01dcad87e3e,166,2026-08-06 12:15:46,6950.0,linear,t_000118,cmp_004,pl_003,cr_000,lead,2026-08-04 23:00:08.281229844,1.0,6950.0
ord_d02c162b826d,286,2026-08-09 16:16:39,6490.0,linear,t_000353,cmp_003,pl_007,cr_003,bot_start,2026-08-07 16:42:52.299119461,1.0,6490.0
ord_d0522a2d891f,147,2026-09-05 19:46:01,14950.0,linear,t_000085,cmp_000,pl_004,cr_003,click,2026-08-31 20:44:09.281356780,1.0,14950.0
ord_d0c54d7c6c1e,12,2026-08-09 16:52:01,6490.0,linear,t_000032,cmp_002,pl_005,cr_004,click,2026-08-05 20:31:04.916223470,0.3333333333333333,2163.333333333333
ord_d0c54d7c6c1e,12,2026-08-09 16:52:01,6490.0,linear,t_000034,cmp_003,pl_009,cr_000,lead,2026-08-06 08:59:30.491102294,0.3333333333333333,2163.333333333333
ord_d0c54d7c6c1e,12,2026-08-09 16:52:01,6490.0,linear,t_000033,cmp_003,pl_009,cr_000,click,2026-08-08 03:11:17.249645939,0.3333333333333333,2163.333333333333
ord_d1119f866bd9,129,2026-08-09 10:56:45,6490.0,linear,t_000051,cmp_000,pl_001,cr_004,click,2026-08-04 10:53:36.690611392,0.5,3245.0
ord_d1119f866bd9,129,2026-08-09 10:56:45,6490.0,linear,t_000050,cmp_002,pl_002,cr_002,click,2026-08-06 12:34:23.241222527,0.5,3245.0
ord_d27df1b85708,298,2026-08-23 18:48:14,6975.0,linear,t_000374,cmp_000,pl_004,cr_003,click,2026-08-19 14:10:11.215514770,0.5,3487.5
ord_d27df1b85708,298,2026-08-23 18:48:14,6975.0,linear,t_000375,cmp_001,pl_006,cr_002,click,2026-08-22 13:51:12.170807914,0.5,3487.5
ord_d443d099fa5d,17,2026-08-22 17:01:20,9950.0,linear,t_000125,cmp_002,pl_002,cr_002,click,2026-08-21 22:03:25.071632045,1.0,9950.0
ord_d46c9dac9db3,556,2026-09-05 15:17:14,7475.0,linear,t_000856,cmp_004,pl_003,cr_000,click,2026-08-29 15:39:14.901629634,0.5,3737.5
ord_d46c9dac9db3,556,2026-09-05 15:17:14,7475.0,linear,t_000855,cmp_000,pl_001,cr_004,click,2026-09-02 01:49:07.279042652,0.5,3737.5
ord_d4930b35e66c,205,2026-09-03 15:01:50,8950.0,linear,t_000189,cmp_002,pl_005,cr_004,click,2026-08-28 09:41:28.423448288,1.0,8950.0
ord_d4a74dc6be2e,222,2026-08-05 18:52:56,15950.0,linear,t_000219,cmp_004,pl_003,cr_000,click,2026-08-04 04:18:28.115050701,1.0,15950.0
ord_d4ed7a4954db,364,2026-08-13 00:01:02,8475.0,linear,t_000492,cmp_002,pl_000,cr_000,click,2026-08-06 03:26:31.509165471,1.0,8475.0
ord_d64b7b2d3a01,342,2026-08-13 09:48:34,9950.0,linear,t_000455,cmp_000,pl_004,cr_003,click,2026-08-07 02:29:35.724562574,1.0,9950.0
ord_d64f2af115f0,196,2026-09-10 06:09:12,9950.0,linear,t_000175,cmp_000,pl_004,cr_003,click,2026-09-05 03:09:01.003839250,1.0,9950.0
ord_d6c3baf2a59d,378,2026-09-04 15:08:47,8950.0,linear,t_000514,cmp_003,pl_007,cr_003,bot_start,2026-08-28 16:02:25.428981901,1.0,8950.0
ord_d77a97192b4d,115,2026-09-01 13:09:50,8945.0,linear,t_000026,cmp_000,pl_004,cr_003,click,2026-08-29 21:26:20.851092423,0.5,4472.5
ord_d77a97192b4d,115,2026-09-01 13:09:50,8945.0,linear,t_000027,cmp_002,pl_008,cr_001,bot_start,2026-08-31 21:47:32.655939207,0.5,4472.5
ord_d7d444a21f3a,84,2026-08-09 19:07:32,6490.0,linear,t_001003,cmp_003,pl_009,cr_000,click,2026-08-05 19:13:26.447922714,0.5,3245.0
ord_d7d444a21f3a,84,2026-08-09 19:07:32,6490.0,linear,t_001004,cmp_002,pl_002,cr_002,click,2026-08-06 05:11:02.319946863,0.5,3245.0
ord_d7f7722a09ed,273,2026-09-03 08:17:51,8950.0,linear,t_000324,cmp_004,pl_003,cr_000,click,2026-09-01 22:30:58.355813006,0.5,4475.0
ord_d7f7722a09ed,273,2026-09-03 08:17:51,8950.0,linear,t_000325,cmp_000,pl_004,cr_003,lead,2026-09-02 05:11:42.420150329,0.5,4475.0
ord_d8c9fb909651,275,2026-09-06 11:58:58,13950.0,linear,t_000331,cmp_002,pl_002,cr_002,click,2026-08-31 13:46:06.175713993,1.0,13950.0
ord_d993cb1ed82e,54,2026-08-08 12:39:51,6490.0,linear,t_000823,cmp_002,pl_005,cr_004,click,2026-08-06 01:56:24.785461759,0.3333333333333333,2163.333333333333
ord_d993cb1ed82e,54,2026-08-08 12:39:51,6490.0,linear,t_000822,cmp_002,pl_005,cr_004,click,2026-08-07 03:45:49.393680990,0.3333333333333333,2163.333333333333
ord_d993cb1ed82e,54,2026-08-08 12:39:51,6490.0,linear,t_000821,cmp_002,pl_008,cr_001,bot_start,2026-08-07 08:56:15.330226521,0.3333333333333333,2163.333333333333
ord_d99a8c36b2d7,227,2026-08-08 20:08:33,9450.0,linear,t_000227,cmp_002,pl_000,cr_000,click,2026-08-05 17:40:19.580670252,0.5,4725.0
ord_d99a8c36b2d7,227,2026-08-08 20:08:33,9450.0,linear,t_000228,cmp_000,pl_004,cr_003,lead,2026-08-07 02:55:59.608704025,0.5,4725.0
ord_d9b39ced29f7,144,2026-08-29 11:51:08,8950.0,linear,t_000076,cmp_002,pl_005,cr_004,click,2026-08-22 22:34:45.730036439,0.3333333333333333,2983.333333333333
ord_d9b39ced29f7,144,2026-08-29 11:51:08,8950.0,linear,t_000078,cmp_000,pl_001,cr_004,bot_start,2026-08-26 06:32:57.578276123,0.3333333333333333,2983.333333333333
ord_d9b39ced29f7,144,2026-08-29 11:51:08,8950.0,linear,t_000077,cmp_003,pl_007,cr_003,bot_start,2026-08-28 10:10:10.618910913,0.3333333333333333,2983.333333333333
ord_d9cbfb87ad10,487,2026-09-05 11:02:17,14950.0,linear,t_000722,cmp_000,pl_004,cr_003,click,2026-08-30 13:40:46.407100329,1.0,14950.0
ord_d9f1a7255d73,369,2026-08-09 18:53:23,4495.0,linear,t_000498,cmp_003,pl_009,cr_000,click,2026-08-06 17:45:46.942114515,1.0,4495.0
ord_da49a6b19212,279,2026-08-09 09:48:26,6490.0,linear,t_000339,cmp_002,pl_002,cr_002,click,2026-08-06 08:43:55.757710024,1.0,6490.0
ord_db2e2b5e4c25,527,2026-08-09 10:49:47,9900.0,linear,t_000799,cmp_002,pl_008,cr_001,click,2026-08-08 09:28:57.828804071,0.3333333333333333,3300.0
ord_db2e2b5e4c25,527,2026-08-09 10:49:47,9900.0,linear,t_000798,cmp_002,pl_005,cr_004,bot_start,2026-08-08 12:51:00.020183514,0.3333333333333333,3300.0
ord_db2e2b5e4c25,527,2026-08-09 10:49:47,9900.0,linear,t_000800,cmp_000,pl_001,cr_004,click,2026-08-08 20:53:06.285435046,0.3333333333333333,3300.0
ord_db6be831afe4,570,2026-08-09 09:24:57,9990.0,linear,t_000885,cmp_000,pl_004,cr_003,click,2026-08-04 11:25:17.412021000,0.5,4995.0
ord_db6be831afe4,570,2026-08-09 09:24:57,9990.0,linear,t_000884,cmp_004,pl_003,cr_000,lead,2026-08-07 12:14:18.884683567,0.5,4995.0
ord_db7e6f7f033e,419,2026-09-02 10:06:52,14950.0,linear,t_000587,cmp_002,pl_000,cr_000,click,2026-08-29 09:57:43.754734079,1.0,14950.0
ord_dba585c831db,65,2026-08-09 18:45:20,6490.0,linear,t_000966,cmp_002,pl_000,cr_000,click,2026-08-07 01:46:05.560327507,0.3333333333333333,2163.333333333333
ord_dba585c831db,65,2026-08-09 18:45:20,6490.0,linear,t_000964,cmp_002,pl_000,cr_000,click,2026-08-07 04:16:41.157640775,0.3333333333333333,2163.333333333333
ord_dba585c831db,65,2026-08-09 18:45:20,6490.0,linear,t_000965,cmp_002,pl_002,cr_002,click,2026-08-08 15:53:56.804462049,0.3333333333333333,2163.333333333333
ord_dc1bb67f9e3c,578,2026-08-21 12:29:55,8245.0,linear,t_000898,cmp_003,pl_007,cr_003,click,2026-08-15 11:44:12.627992932,0.3333333333333333,2748.333333333333
ord_dc1bb67f9e3c,578,2026-08-21 12:29:55,8245.0,linear,t_000899,cmp_003,pl_007,cr_003,lead,2026-08-15 19:47:57.470647911,0.3333333333333333,2748.333333333333
ord_dc1bb67f9e3c,578,2026-08-21 12:29:55,8245.0,linear,t_000900,cmp_002,pl_008,cr_001,bot_start,2026-08-19 09:40:01.135297034,0.3333333333333333,2748.333333333333
ord_dd5142a32d19,155,2026-09-05 12:13:44,7000.0,linear,t_000100,cmp_001,pl_006,cr_002,click,2026-08-31 09:32:04.835087492,0.3333333333333333,2333.333333333333
ord_dd5142a32d19,155,2026-09-05 12:13:44,7000.0,linear,t_000098,cmp_002,pl_008,cr_001,bot_start,2026-09-03 04:06:37.885259924,0.3333333333333333,2333.333333333333
ord_dd5142a32d19,155,2026-09-05 12:13:44,7000.0,linear,t_000099,cmp_002,pl_000,cr_000,bot_start,2026-09-04 17:37:19.930232579,0.3333333333333333,2333.333333333333
ord_ddbb4541344b,325,2026-08-06 11:41:17,9950.0,linear,t_000425,cmp_000,pl_004,cr_003,bot_start,2026-08-04 09:15:25.581014540,1.0,9950.0
ord_de3a87c256a3,98,2026-08-23 14:14:48,14950.0,linear,t_001024,cmp_002,pl_008,cr_001,click,2026-08-16 17:57:33.594576498,1.0,14950.0
ord_ded00306c96f,562,2026-08-17 22:34:23,8745.0,linear,t_000870,cmp_000,pl_001,cr_004,click,2026-08-11 08:37:37.638855198,0.3333333333333333,2915.0
ord_ded00306c96f,562,2026-08-17 22:34:23,8745.0,linear,t_000869,cmp_002,pl_002,cr_002,click,2026-08-14 04:23:03.950604799,0.3333333333333333,2915.0
ord_ded00306c96f,562,2026-08-17 22:34:23,8745.0,linear,t_000871,cmp_002,pl_005,cr_004,click,2026-08-15 20:07:22.160908348,0.3333333333333333,2915.0
ord_e02a7725112b,332,2026-08-12 06:44:05,9900.0,linear,t_000437,cmp_002,pl_005,cr_004,click,2026-08-10 14:31:00.303931115,0.5,4950.0
ord_e02a7725112b,332,2026-08-12 06:44:05,9900.0,linear,t_000438,cmp_000,pl_004,cr_003,click,2026-08-11 03:53:07.678469956,0.5,4950.0
ord_e0b548ca0023,172,2026-08-23 16:29:57,8950.0,linear,t_000129,cmp_002,pl_008,cr_001,click,2026-08-17 16:45:37.664761917,0.3333333333333333,2983.333333333333
ord_e0b548ca0023,172,2026-08-23 16:29:57,8950.0,linear,t_000130,cmp_004,pl_003,cr_000,bot_start,2026-08-18 04:35:35.745759613,0.3333333333333333,2983.333333333333
ord_e0b548ca0023,172,2026-08-23 16:29:57,8950.0,linear,t_000128,cmp_002,pl_002,cr_002,click,2026-08-20 19:18:29.731021845,0.3333333333333333,2983.333333333333
ord_e0bb824184bd,478,2026-08-10 00:13:55,6450.0,linear,t_000704,cmp_000,pl_001,cr_004,click,2026-08-04 23:27:21.262573904,0.3333333333333333,2150.0
ord_e0bb824184bd,478,2026-08-10 00:13:55,6450.0,linear,t_000706,cmp_002,pl_002,cr_002,click,2026-08-05 04:12:21.426756244,0.3333333333333333,2150.0
ord_e0bb824184bd,478,2026-08-10 00:13:55,6450.0,linear,t_000705,cmp_002,pl_005,cr_004,bot_start,2026-08-05 20:22:58.078722603,0.3333333333333333,2150.0
ord_e0cc3db31f5c,57,2026-08-10 00:14:10,4950.0,linear,t_000883,cmp_003,pl_007,cr_003,click,2026-08-08 23:17:53.017237235,1.0,4950.0
ord_e0df4e4f3dc6,88,2026-09-01 19:27:16,8950.0,linear,t_001010,cmp_003,pl_007,cr_003,bot_start,2026-08-25 21:39:40.842631589,0.3333333333333333,2983.333333333333
ord_e0df4e4f3dc6,88,2026-09-01 19:27:16,8950.0,linear,t_001011,cmp_001,pl_006,cr_002,click,2026-08-27 14:14:14.668181671,0.3333333333333333,2983.333333333333
ord_e0df4e4f3dc6,88,2026-09-01 19:27:16,8950.0,linear,t_001009,cmp_003,pl_007,cr_003,bot_start,2026-08-28 16:47:14.364625822,0.3333333333333333,2983.333333333333
ord_e14bda4e827d,260,2026-08-12 05:32:11,9900.0,linear,t_000295,cmp_003,pl_007,cr_003,bot_start,2026-08-10 23:32:43.672356870,1.0,9900.0
ord_e2352379f316,143,2026-08-16 13:21:36,6950.0,linear,t_000075,cmp_002,pl_000,cr_000,click,2026-08-13 00:39:58.738085743,0.3333333333333333,2316.6666666666665
ord_e2352379f316,143,2026-08-16 13:21:36,6950.0,linear,t_000074,cmp_002,pl_005,cr_004,click,2026-08-14 22:38:18.803621490,0.3333333333333333,2316.6666666666665
ord_e2352379f316,143,2026-08-16 13:21:36,6950.0,linear,t_000073,cmp_003,pl_007,cr_003,bot_start,2026-08-15 10:31:56.370647833,0.3333333333333333,2316.6666666666665
ord_e2384786940e,356,2026-08-09 13:48:05,6950.0,linear,t_000481,cmp_000,pl_001,cr_004,click,2026-08-07 05:05:33.941624403,0.5,3475.0
ord_e2384786940e,356,2026-08-09 13:48:05,6950.0,linear,t_000480,cmp_003,pl_009,cr_000,bot_start,2026-08-08 01:58:54.220834659,0.5,3475.0
ord_e24d7c54ef5f,412,2026-08-08 14:06:52,9990.0,linear,t_000573,cmp_004,pl_003,cr_000,click,2026-08-07 14:54:14.207663717,1.0,9990.0
ord_e27b3647e4a5,577,2026-08-09 16:26:30,5463.33,linear,t_000896,cmp_002,pl_000,cr_000,lead,2026-08-04 18:12:03.364698114,0.5,2731.665
ord_e27b3647e4a5,577,2026-08-09 16:26:30,5463.33,linear,t_000897,cmp_002,pl_005,cr_004,bot_start,2026-08-04 19:58:36.453371376,0.5,2731.665
ord_e31d5ca2eb37,292,2026-09-06 12:59:39,6975.0,linear,t_000364,cmp_002,pl_002,cr_002,click,2026-09-03 17:11:44.434135013,1.0,6975.0
ord_e34ec681fbac,244,2026-09-02 10:24:40,8950.0,linear,t_000266,cmp_003,pl_009,cr_000,lead,2026-08-28 04:52:03.203299168,1.0,8950.0
ord_e358e30e4391,511,2026-08-08 17:29:42,4950.0,linear,t_000774,cmp_003,pl_007,cr_003,click,2026-08-04 08:30:54.885813488,1.0,4950.0
ord_e36e60d34728,47,2026-08-08 12:24:55,9990.0,linear,t_000692,cmp_000,pl_004,cr_003,click,2026-08-06 14:35:43.407757221,1.0,9990.0
ord_e3a0f19ba7d6,475,2026-08-24 15:16:31,9950.0,linear,t_000698,cmp_003,pl_009,cr_000,click,2026-08-18 02:00:04.746725934,1.0,9950.0
ord_e444efef6261,82,2026-08-11 12:46:14,6490.0,linear,t_001000,cmp_002,pl_005,cr_004,bot_start,2026-08-05 11:14:20.798622212,0.5,3245.0
ord_e444efef6261,82,2026-08-11 12:46:14,6490.0,linear,t_000999,cmp_000,pl_001,cr_004,click,2026-08-10 21:35:35.065178854,0.5,3245.0
ord_e5b0918b3515,277,2026-08-22 11:24:53,5750.0,linear,t_000335,cmp_001,pl_006,cr_002,bot_start,2026-08-17 08:59:27.868904147,1.0,5750.0
ord_e6a1286651bb,319,2026-08-09 17:25:06,4950.0,linear,t_000415,cmp_002,pl_005,cr_004,click,2026-08-04 03:51:07.999688392,1.0,4950.0
ord_e72652175bc8,593,2026-09-06 19:53:15,9950.0,linear,t_000930,cmp_002,pl_002,cr_002,click,2026-09-02 09:41:04.662577027,0.3333333333333333,3316.6666666666665
ord_e72652175bc8,593,2026-09-06 19:53:15,9950.0,linear,t_000929,cmp_002,pl_005,cr_004,click,2026-09-03 22:40:32.075640935,0.3333333333333333,3316.6666666666665
ord_e72652175bc8,593,2026-09-06 19:53:15,9950.0,linear,t_000928,cmp_001,pl_006,cr_002,click,2026-09-04 11:41:30.440712679,0.3333333333333333,3316.6666666666665
ord_e7831452ced4,329,2026-08-09 16:51:47,6490.0,linear,t_000431,cmp_003,pl_007,cr_003,click,2026-08-06 13:03:12.869843119,1.0,6490.0
ord_e799b8fa5995,148,2026-08-25 09:49:25,7475.0,linear,t_000087,cmp_002,pl_000,cr_000,bot_start,2026-08-18 22:32:48.031478465,0.5,3737.5
ord_e799b8fa5995,148,2026-08-25 09:49:25,7475.0,linear,t_000086,cmp_002,pl_005,cr_004,click,2026-08-21 22:17:24.397261934,0.5,3737.5
ord_e82f53145299,254,2026-09-07 14:53:39,14950.0,linear,t_000285,cmp_002,pl_002,cr_002,click,2026-09-01 17:56:33.990216107,0.3333333333333333,4983.333333333333
ord_e82f53145299,254,2026-09-07 14:53:39,14950.0,linear,t_000283,cmp_002,pl_005,cr_004,click,2026-09-03 05:03:03.773100702,0.3333333333333333,4983.333333333333
ord_e82f53145299,254,2026-09-07 14:53:39,14950.0,linear,t_000284,cmp_002,pl_000,cr_000,click,2026-09-05 10:18:19.297559377,0.3333333333333333,4983.333333333333
ord_e86334cd77ef,238,2026-09-05 13:28:56,8950.0,linear,t_000256,cmp_001,pl_006,cr_002,click,2026-09-01 06:04:20.092307656,0.3333333333333333,2983.333333333333
ord_e86334cd77ef,238,2026-09-05 13:28:56,8950.0,linear,t_000254,cmp_004,pl_003,cr_000,click,2026-09-02 02:16:32.447560786,0.3333333333333333,2983.333333333333
ord_e86334cd77ef,238,2026-09-05 13:28:56,8950.0,linear,t_000255,cmp_001,pl_006,cr_002,click,2026-09-03 04:20:53.811564929,0.3333333333333333,2983.333333333333
ord_ea25512b73c2,381,2026-09-09 14:46:43,8950.0,linear,t_000521,cmp_003,pl_007,cr_003,click,2026-09-05 10:30:55.212799511,1.0,8950.0
ord_ea81f93eaac2,311,2026-08-11 16:15:41,9900.0,linear,t_000403,cmp_002,pl_008,cr_001,lead,2026-08-06 01:30:22.800177665,0.3333333333333333,3300.0
ord_ea81f93eaac2,311,2026-08-11 16:15:41,9900.0,linear,t_000402,cmp_000,pl_001,cr_004,click,2026-08-07 21:26:17.480440198,0.3333333333333333,3300.0
ord_ea81f93eaac2,311,2026-08-11 16:15:41,9900.0,linear,t_000401,cmp_000,pl_004,cr_003,click,2026-08-09 15:04:50.081910267,0.3333333333333333,3300.0
ord_ea9f67bdf793,321,2026-08-09 16:24:15,6490.0,linear,t_000419,cmp_002,pl_002,cr_002,click,2026-08-04 22:07:31.944561530,1.0,6490.0
ord_ecd9f75966a5,353,2026-08-22 11:39:22,8950.0,linear,t_000476,cmp_003,pl_009,cr_000,click,2026-08-17 14:28:53.979922992,0.5,4475.0
ord_ecd9f75966a5,353,2026-08-22 11:39:22,8950.0,linear,t_000475,cmp_001,pl_006,cr_002,click,2026-08-21 00:09:46.001884330,0.5,4475.0
ord_ed0637fa4ebd,130,2026-08-15 14:59:16,9950.0,linear,t_000053,cmp_000,pl_004,cr_003,bot_start,2026-08-14 04:11:05.106061381,1.0,9950.0
ord_ed1071ff39c4,547,2026-09-01 15:53:22,14950.0,linear,t_000837,cmp_002,pl_008,cr_001,click,2026-08-29 06:08:16.290983062,0.3333333333333333,4983.333333333333
ord_ed1071ff39c4,547,2026-09-01 15:53:22,14950.0,linear,t_000838,cmp_000,pl_004,cr_003,click,2026-08-29 12:00:25.487616960,0.3333333333333333,4983.333333333333
ord_ed1071ff39c4,547,2026-09-01 15:53:22,14950.0,linear,t_000836,cmp_003,pl_007,cr_003,lead,2026-08-30 03:28:22.368732737,0.3333333333333333,4983.333333333333
ord_ed13c85c255c,408,2026-08-10 15:22:41,6490.0,linear,t_000567,cmp_002,pl_002,cr_002,bot_start,2026-08-04 09:06:35.362879214,0.5,3245.0
ord_ed13c85c255c,408,2026-08-10 15:22:41,6490.0,linear,t_000566,cmp_000,pl_004,cr_003,click,2026-08-04 17:47:17.668000285,0.5,3245.0
ord_ed50d16d0823,539,2026-08-23 20:55:41,8950.0,linear,t_000820,cmp_000,pl_001,cr_004,click,2026-08-17 22:45:29.182391911,1.0,8950.0
ord_ee69a32f7ef1,481,2026-08-07 13:09:54,8745.0,linear,t_000710,cmp_004,pl_003,cr_000,lead,2026-08-04 03:33:02.613309527,1.0,8745.0
ord_ee706f82bf69,537,2026-08-12 04:49:43,9900.0,linear,t_000818,cmp_000,pl_001,cr_004,lead,2026-08-06 21:19:08.888756604,1.0,9900.0
ord_ee71e7f0fac7,175,2026-08-13 16:14:01,9950.0,linear,t_000135,cmp_000,pl_001,cr_004,click,2026-08-13 03:05:33.201345843,1.0,9950.0
ord_efb5eb469676,49,2026-09-06 14:51:02,14950.0,linear,t_000726,cmp_001,pl_006,cr_002,click,2026-08-30 22:56:22.260376470,0.5,7475.0
ord_efb5eb469676,49,2026-09-06 14:51:02,14950.0,linear,t_000725,cmp_000,pl_004,cr_003,bot_start,2026-09-04 07:23:16.840841054,0.5,7475.0
ord_efda38df57f4,42,2026-09-06 11:42:46,8450.0,linear,t_000588,cmp_002,pl_002,cr_002,click,2026-09-03 08:38:44.342124820,1.0,8450.0
ord_f05ff3881547,92,2026-08-21 15:14:39,9950.0,linear,t_001018,cmp_001,pl_006,cr_002,click,2026-08-20 17:37:50.962511134,1.0,9950.0
ord_f0e105959a76,140,2026-08-25 16:01:50,8450.0,linear,t_000068,cmp_003,pl_009,cr_000,bot_start,2026-08-19 15:39:18.429504733,1.0,8450.0
ord_f0f23b0f026c,18,2026-09-05 14:29:29,8950.0,linear,t_000145,cmp_004,pl_003,cr_000,bot_start,2026-08-31 17:08:37.358940341,1.0,8950.0
ord_f1007240875b,544,2026-08-10 06:26:01,4995.0,linear,t_000832,cmp_003,pl_007,cr_003,click,2026-08-05 06:30:01.383131042,0.5,2497.5
ord_f1007240875b,544,2026-08-10 06:26:01,4995.0,linear,t_000831,cmp_001,pl_006,cr_002,bot_start,2026-08-07 15:14:59.585558784,0.5,2497.5
ord_f10f8fc89294,159,2026-08-05 12:56:32,16950.0,linear,t_000106,cmp_000,pl_004,cr_003,bot_start,2026-08-04 14:39:49.324063964,1.0,16950.0
ord_f14db6e5243d,411,2026-08-30 11:21:33,8545.0,linear,t_000572,cmp_001,pl_006,cr_002,bot_start,2026-08-29 15:59:17.209698198,1.0,8545.0
ord_f1a6f01a94f5,272,2026-08-31 18:34:40,8950.0,linear,t_000323,cmp_000,pl_001,cr_004,click,2026-08-27 06:03:29.780579929,0.5,4475.0
ord_f1a6f01a94f5,272,2026-08-31 18:34:40,8950.0,linear,t_000322,cmp_004,pl_003,cr_000,bot_start,2026-08-30 05:05:19.221196067,0.5,4475.0
ord_f26394c47bf4,262,2026-08-09 09:10:55,6490.0,linear,t_000299,cmp_003,pl_009,cr_000,click,2026-08-04 11:58:02.456850113,0.3333333333333333,2163.333333333333
ord_f26394c47bf4,262,2026-08-09 09:10:55,6490.0,linear,t_000298,cmp_000,pl_004,cr_003,bot_start,2026-08-05 03:11:29.885707752,0.3333333333333333,2163.333333333333
ord_f26394c47bf4,262,2026-08-09 09:10:55,6490.0,linear,t_000297,cmp_002,pl_002,cr_002,lead,2026-08-06 18:38:52.166724624,0.3333333333333333,2163.333333333333
ord_f2fa0bcd0338,221,2026-08-23 07:41:37,14950.0,linear,t_000218,cmp_004,pl_003,cr_000,click,2026-08-16 16:48:48.778055884,1.0,14950.0
ord_f339afbd01d6,605,2026-08-26 07:26:53,8950.0,linear,t_000957,cmp_002,pl_005,cr_004,click,2026-08-21 07:03:34.268402696,0.5,4475.0
ord_f339afbd01d6,605,2026-08-26 07:26:53,8950.0,linear,t_000956,cmp_003,pl_007,cr_003,click,2026-08-23 05:40:37.762584449,0.5,4475.0
ord_f34bce33e183,305,2026-08-31 17:03:19,14950.0,linear,t_000390,cmp_002,pl_008,cr_001,click,2026-08-25 05:00:47.342925184,0.5,7475.0
ord_f34bce33e183,305,2026-08-31 17:03:19,14950.0,linear,t_000391,cmp_003,pl_009,cr_000,click,2026-08-26 07:20:30.725576696,0.5,7475.0
ord_f35b5681754e,122,2026-08-27 20:55:44,14950.0,linear,t_000039,cmp_002,pl_002,cr_002,lead,2026-08-22 07:39:13.442843755,1.0,14950.0
ord_f3bb7380b854,199,2026-08-21 09:02:18,9950.0,linear,t_000178,cmp_000,pl_001,cr_004,click,2026-08-17 04:14:28.512478132,1.0,9950.0
ord_f48b2f5508f8,51,2026-09-06 15:46:24,2237.5,linear,t_000770,cmp_002,pl_005,cr_004,bot_start,2026-08-31 02:24:48.141659045,0.5,1118.75
ord_f48b2f5508f8,51,2026-09-06 15:46:24,2237.5,linear,t_000769,cmp_002,pl_002,cr_002,click,2026-09-05 13:05:37.829393097,0.5,1118.75
ord_f4a877b19ffd,495,2026-09-01 10:30:21,14950.0,linear,t_000737,cmp_002,pl_002,cr_002,click,2026-08-29 01:34:09.356984769,0.5,7475.0
ord_f4a877b19ffd,495,2026-09-01 10:30:21,14950.0,linear,t_000736,cmp_001,pl_006,cr_002,click,2026-08-30 12:52:36.489078550,0.5,7475.0
ord_f51023de2d47,599,2026-08-31 16:05:26,8950.0,linear,t_000946,cmp_004,pl_003,cr_000,click,2026-08-26 21:03:31.020793648,0.5,4475.0
ord_f51023de2d47,599,2026-08-31 16:05:26,8950.0,linear,t_000945,cmp_000,pl_001,cr_004,click,2026-08-27 19:10:23.109389744,0.5,4475.0
ord_f567051e92aa,62,2026-08-09 18:47:09,9990.0,linear,t_000960,cmp_003,pl_009,cr_000,click,2026-08-08 18:52:24.211169783,1.0,9990.0
ord_f5738e0d34d2,225,2026-08-05 14:22:34,8745.0,linear,t_000224,cmp_002,pl_005,cr_004,lead,2026-08-04 06:46:21.180229031,0.5,4372.5
ord_f5738e0d34d2,225,2026-08-05 14:22:34,8745.0,linear,t_000223,cmp_000,pl_004,cr_003,click,2026-08-04 10:25:46.250517880,0.5,4372.5
ord_f6021294c880,24,2026-09-05 18:23:21,8950.0,linear,t_000258,cmp_002,pl_008,cr_001,bot_start,2026-09-03 01:57:10.409673904,1.0,8950.0
ord_f6acca64ad00,347,2026-09-06 18:35:08,7475.0,linear,t_000463,cmp_000,pl_001,cr_004,click,2026-09-04 19:42:19.675796013,1.0,7475.0
ord_f6ef4475ce39,512,2026-08-08 16:43:12,4995.0,linear,t_000775,cmp_002,pl_008,cr_001,bot_start,2026-08-04 18:14:17.640752129,1.0,4995.0
ord_f712f6cc35d5,437,2026-08-30 16:16:42,1000.0,linear,t_000630,cmp_002,pl_008,cr_001,click,2026-08-24 02:54:49.478289351,0.5,500.0
ord_f712f6cc35d5,437,2026-08-30 16:16:42,1000.0,linear,t_000631,cmp_000,pl_001,cr_004,click,2026-08-26 12:51:36.020024443,0.5,500.0
ord_f724e25b9f3d,6,2026-09-02 19:16:28,8450.0,linear,t_000947,cmp_002,pl_008,cr_001,lead,2026-08-31 01:17:53.912959132,1.0,8450.0
ord_f73b4b2b071f,552,2026-08-26 04:37:12,7475.0,linear,t_000850,cmp_002,pl_005,cr_004,click,2026-08-20 01:10:28.905487383,0.5,3737.5
ord_f73b4b2b071f,552,2026-08-26 04:37:12,7475.0,linear,t_000849,cmp_002,pl_000,cr_000,click,2026-08-20 17:13:16.545023346,0.5,3737.5
ord_f8def145da1a,389,2026-08-10 19:12:23,5990.0,linear,t_000532,cmp_003,pl_009,cr_000,click,2026-08-05 23:43:15.948116800,0.25,1497.5
ord_f8def145da1a,389,2026-08-10 19:12:23,5990.0,linear,t_000531,cmp_001,pl_006,cr_002,click,2026-08-06 21:12:26.681503452,0.25,1497.5
ord_f8def145da1a,389,2026-08-10 19:12:23,5990.0,linear,t_000530,cmp_000,pl_001,cr_004,lead,2026-08-08 04:30:58.822146517,0.25,1497.5
ord_f8def145da1a,389,2026-08-10 19:12:23,5990.0,linear,t_000533,cmp_002,pl_005,cr_004,bot_start,2026-08-08 15:41:25.451443711,0.25,1497.5
ord_f90039fd6408,43,2026-09-05 07:16:30,12950.0,linear,t_000607,cmp_004,pl_003,cr_000,click,2026-09-01 03:23:51.598662425,1.0,12950.0
ord_f9697612b046,167,2026-08-09 09:07:16,9900.0,linear,t_000119,cmp_000,pl_001,cr_004,bot_start,2026-08-06 08:37:04.103996095,0.5,4950.0
ord_f9697612b046,167,2026-08-09 09:07:16,9900.0,linear,t_000120,cmp_003,pl_007,cr_003,click,2026-08-08 19:26:51.354581661,0.5,4950.0
ord_fab1063f75ae,101,2026-08-20 17:34:00,8745.0,linear,t_000003,cmp_003,pl_007,cr_003,bot_start,2026-08-15 21:50:59.758937915,1.0,8745.0
ord_fad9cd50221c,523,2026-09-02 11:00:48,8450.0,linear,t_000792,cmp_001,pl_006,cr_002,click,2026-08-30 03:24:25.208516397,1.0,8450.0
ord_fb36fe4ba9aa,538,2026-08-31 06:14:52,14950.0,linear,t_000819,cmp_003,pl_007,cr_003,bot_start,2026-08-26 06:18:08.893510644,1.0,14950.0
ord_fb5c1dbaecda,40,2026-08-09 16:36:02,6490.0,linear,t_000550,cmp_002,pl_002,cr_002,click,2026-08-07 05:56:13.319036082,1.0,6490.0
ord_fb65c20ece57,293,2026-08-22 11:35:35,8950.0,linear,t_000365,cmp_004,pl_003,cr_000,click,2026-08-19 23:29:35.072660083,1.0,8950.0
ord_fbd7549e3e48,102,2026-09-07 12:59:48,12950.0,linear,t_000005,cmp_000,pl_004,cr_003,click,2026-09-03 23:30:20.370630017,0.5,6475.0
ord_fbd7549e3e48,102,2026-09-07 12:59:48,12950.0,linear,t_000004,cmp_003,pl_007,cr_003,click,2026-09-06 03:11:18.005851508,0.5,6475.0
ord_fd39b10c3908,330,2026-09-03 15:10:16,14950.0,linear,t_000433,cmp_000,pl_004,cr_003,click,2026-08-29 04:32:43.181600319,1.0,14950.0
ord_fe0111be5fd2,443,2026-08-04 10:14:38,16950.0,linear,t_000647,cmp_000,pl_004,cr_003,bot_start,2026-08-04 09:09:04.971322635,1.0,16950.0
ord_fe78407b22be,246,2026-09-07 16:45:55,9950.0,linear,t_000270,cmp_003,pl_007,cr_003,click,2026-09-01 09:27:08.779428413,0.3333333333333333,3316.6666666666665
ord_fe78407b22be,246,2026-09-07 16:45:55,9950.0,linear,t_000269,cmp_002,pl_002,cr_002,click,2026-09-01 23:44:54.693953927,0.3333333333333333,3316.6666666666665
ord_fe78407b22be,246,2026-09-07 16:45:55,9950.0,linear,t_000268,cmp_000,pl_004,cr_003,click,2026-09-04 11:45:55.375500804,0.3333333333333333,3316.6666666666665
ord_0082db0829bd,503,2026-08-31 14:40:32,14943.0,time_decay,t_000757,cmp_000,pl_004,cr_003,bot_start,2026-08-30 16:44:38.528238527,1.0,14943.0
ord_00a180cd6c8e,479,2026-08-16 09:40:02,8745.0,time_decay,t_000707,cmp_003,pl_009,cr_000,lead,2026-08-15 19:55:19.519466410,1.0,8745.0
ord_00b414105480,228,2026-09-07 07:42:35,8950.0,time_decay,t_000232,cmp_001,pl_006,cr_002,click,2026-08-31 19:35:58.289682070,1.0,8950.0
ord_0157b9bc5064,515,2026-09-05 12:09:36,8450.0,time_decay,t_000778,cmp_001,pl_006,cr_002,click,2026-09-01 15:18:16.318685356,1.0,8450.0
ord_0223aaad9fb8,483,2026-08-29 19:38:52,8450.0,time_decay,t_000712,cmp_000,pl_001,cr_004,click,2026-08-25 11:16:04.417647216,0.2831382483101368,2392.518198220656
ord_0223aaad9fb8,483,2026-08-29 19:38:52,8450.0,time_decay,t_000714,cmp_002,pl_005,cr_004,click,2026-08-25 14:07:40.478382987,0.2910423522757926,2459.307876730448
ord_0223aaad9fb8,483,2026-08-29 19:38:52,8450.0,time_decay,t_000713,cmp_003,pl_009,cr_000,click,2026-08-27 05:39:24.536267564,0.42581939941407065,3598.173925048897
ord_0273750f92b4,598,2026-08-09 09:43:34,9900.0,time_decay,t_000942,cmp_000,pl_001,cr_004,click,2026-08-04 07:45:57.060386859,0.2038912324217619,2018.523200975443
ord_0273750f92b4,598,2026-08-09 09:43:34,9900.0,time_decay,t_000940,cmp_000,pl_001,cr_004,click,2026-08-06 07:18:56.621915721,0.3222576739525256,3190.3509721300034
ord_0273750f92b4,598,2026-08-09 09:43:34,9900.0,time_decay,t_000941,cmp_002,pl_005,cr_004,bot_start,2026-08-07 23:21:48.600570324,0.47385109362571254,4691.125826894554
ord_043336d70bbd,566,2026-08-30 18:45:42,8450.0,time_decay,t_000879,cmp_002,pl_002,cr_002,click,2026-08-26 19:23:55.066263157,1.0,8450.0
ord_0475aef2b65b,563,2026-08-09 17:28:24,6490.0,time_decay,t_000872,cmp_000,pl_001,cr_004,bot_start,2026-08-07 02:22:53.216819336,1.0,6490.0
ord_04d41284e880,182,2026-09-02 10:14:11,8950.0,time_decay,t_000152,cmp_004,pl_003,cr_000,click,2026-09-01 09:00:20.810361996,1.0,8950.0
ord_057492a7b6c1,123,2026-09-09 16:23:01,6450.0,time_decay,t_000040,cmp_004,pl_003,cr_000,click,2026-09-09 02:12:34.380823075,1.0,6450.0
ord_05b980c654d8,427,2026-08-08 19:23:46,9900.0,time_decay,t_000603,cmp_001,pl_006,cr_002,bot_start,2026-08-04 20:20:21.556449253,0.24015577349879028,2377.5421576380236
ord_05b980c654d8,427,2026-08-08 19:23:46,9900.0,time_decay,t_000604,cmp_003,pl_009,cr_000,click,2026-08-05 07:13:49.805904810,0.2667035238549875,2640.3648861643765
ord_05b980c654d8,427,2026-08-08 19:23:46,9900.0,time_decay,t_000602,cmp_002,pl_008,cr_001,lead,2026-08-07 23:04:38.632301436,0.4931407026462222,4882.0929561976
ord_06562c623bb5,464,2026-08-10 18:30:49,4500.0,time_decay,t_000683,cmp_002,pl_005,cr_004,bot_start,2026-08-09 23:23:25.060498746,1.0,4500.0
ord_06cbd83b5016,312,2026-08-23 09:59:13,7475.0,time_decay,t_000404,cmp_004,pl_003,cr_000,click,2026-08-18 12:13:24.007610703,1.0,7475.0
ord_07526bb6597e,93,2026-08-10 05:56:12,6950.0,time_decay,t_001019,cmp_003,pl_007,cr_003,click,2026-08-07 10:17:33.323713516,1.0,6950.0
ord_076397626a57,202,2026-08-25 19:24:14,14950.0,time_decay,t_000185,cmp_001,pl_006,cr_002,bot_start,2026-08-20 16:56:29.962040098,1.0,14950.0
ord_07bbfb66286f,138,2026-08-25 12:39:08,5750.0,time_decay,t_000065,cmp_000,pl_004,cr_003,click,2026-08-22 07:37:02.930597113,1.0,5750.0
ord_07c9fa467ebc,76,2026-08-30 14:48:44,13950.0,time_decay,t_000986,cmp_000,pl_004,cr_003,click,2026-08-27 04:30:14.561924076,1.0,13950.0
ord_08067185bfb2,548,2026-09-08 12:45:32,13950.0,time_decay,t_000839,cmp_002,pl_002,cr_002,bot_start,2026-09-03 10:44:29.182982504,0.30464978478228394,4249.864497712861
ord_08067185bfb2,548,2026-09-08 12:45:32,13950.0,time_decay,t_000841,cmp_000,pl_001,cr_004,bot_start,2026-09-03 15:14:29.254995572,0.3181378443359466,4438.022928486455
ord_08067185bfb2,548,2026-09-08 12:45:32,13950.0,time_decay,t_000840,cmp_000,pl_004,cr_003,bot_start,2026-09-04 08:56:01.172855523,0.3772123708817694,5262.112573800683
ord_08813546fcf4,193,2026-09-06 11:49:34,8450.0,time_decay,t_000170,cmp_001,pl_006,cr_002,click,2026-09-05 23:34:01.346569833,1.0,8450.0
ord_0a2df2b27e22,89,2026-08-09 10:44:19,9900.0,time_decay,t_001014,cmp_000,pl_004,cr_003,bot_start,2026-08-05 08:34:14.420657437,0.2038708076574701,2018.320995808954
ord_0a2df2b27e22,89,2026-08-09 10:44:19,9900.0,time_decay,t_001012,cmp_002,pl_008,cr_001,click,2026-08-08 01:50:51.974524162,0.38218776005102156,3783.6588245051134
ord_0a2df2b27e22,89,2026-08-09 10:44:19,9900.0,time_decay,t_001013,cmp_003,pl_009,cr_000,bot_start,2026-08-08 10:08:17.580029151,0.41394143229150837,4098.020179685933
ord_0a317a84518b,472,2026-09-06 13:45:12,8950.0,time_decay,t_000695,cmp_000,pl_004,cr_003,click,2026-09-05 08:51:26.159140261,1.0,8950.0
ord_0a3c2680e209,137,2026-08-05 15:01:16,8475.0,time_decay,t_000061,cmp_000,pl_004,cr_003,bot_start,2026-08-04 11:33:34.059688742,1.0,8475.0
ord_0a4730bec9df,416,2026-09-05 21:19:33,13950.0,time_decay,t_000582,cmp_003,pl_009,cr_000,bot_start,2026-08-30 12:52:56.819255986,1.0,13950.0
ord_0a5bcaef7780,313,2026-08-07 11:58:49,9450.0,time_decay,t_000405,cmp_004,pl_003,cr_000,lead,2026-08-04 17:19:26.659104984,1.0,9450.0
ord_0a92f9a92eee,485,2026-08-22 16:02:00,8450.0,time_decay,t_000717,cmp_003,pl_007,cr_003,click,2026-08-18 05:27:29.652116801,0.21351216392928024,1804.1777852024181
ord_0a92f9a92eee,485,2026-08-22 16:02:00,8450.0,time_decay,t_000718,cmp_002,pl_000,cr_000,click,2026-08-20 14:23:29.597531160,0.36936797670387006,3121.159403147702
ord_0a92f9a92eee,485,2026-08-22 16:02:00,8450.0,time_decay,t_000719,cmp_003,pl_009,cr_000,bot_start,2026-08-21 03:01:14.109032086,0.41711985936684975,3524.6628116498805
ord_0aacfa2737e8,574,2026-09-04 16:29:01,7475.0,time_decay,t_000890,cmp_003,pl_007,cr_003,click,2026-09-03 13:43:58.715067437,1.0,7475.0
ord_0b99cf1cbae6,189,2026-09-01 07:49:46,8945.0,time_decay,t_000165,cmp_000,pl_004,cr_003,click,2026-08-25 14:47:41.761129726,1.0,8945.0
ord_0bf6046efc8a,402,2026-09-03 17:30:08,8450.0,time_decay,t_000557,cmp_003,pl_007,cr_003,lead,2026-09-01 12:30:59.058653430,0.2918971236608733,2466.5306949343794
ord_0bf6046efc8a,402,2026-09-03 17:30:08,8450.0,time_decay,t_000558,cmp_002,pl_000,cr_000,click,2026-09-01 20:54:16.284436641,0.31644650574512223,2673.972973546283
ord_0bf6046efc8a,402,2026-09-03 17:30:08,8450.0,time_decay,t_000556,cmp_004,pl_003,cr_000,click,2026-09-02 19:03:13.147825075,0.3916563705940045,3309.496331519338
ord_0c344a2d8772,4,2026-08-31 15:42:34,8950.0,time_decay,t_000549,cmp_002,pl_002,cr_002,bot_start,2026-08-24 20:03:59.388523295,1.0,8950.0
ord_0cc9a2c8492a,482,2026-08-15 16:30:16,16950.0,time_decay,t_000711,cmp_001,pl_006,cr_002,click,2026-08-15 02:39:44.016078672,1.0,16950.0
ord_0d145d2e15fe,388,2026-08-12 13:28:18,7000.0,time_decay,t_000529,cmp_003,pl_007,cr_003,click,2026-08-05 13:30:29.786788905,1.0,7000.0
ord_0d21daf5c92f,573,2026-08-30 09:39:42,8950.0,time_decay,t_000888,cmp_002,pl_002,cr_002,click,2026-08-28 02:16:06.061366103,0.4598533329286034,4115.6873297110005
ord_0d21daf5c92f,573,2026-08-30 09:39:42,8950.0,time_decay,t_000889,cmp_002,pl_000,cr_000,click,2026-08-28 18:59:06.443814578,0.5401466670713967,4834.312670289
ord_0d76feadce87,606,2026-08-10 18:36:00,6450.0,time_decay,t_000958,cmp_000,pl_001,cr_004,click,2026-08-07 00:55:01.418989902,1.0,6450.0
ord_0dc8b16836b3,291,2026-08-06 10:06:16,19900.0,time_decay,t_000363,cmp_004,pl_003,cr_000,bot_start,2026-08-04 21:11:16.128905344,1.0,19900.0
ord_0e4bd99c6ec5,237,2026-08-23 13:29:45,8950.0,time_decay,t_000252,cmp_002,pl_008,cr_001,bot_start,2026-08-19 21:04:59.697778473,0.2679283822196854,2397.9590208661843
ord_0e4bd99c6ec5,237,2026-08-23 13:29:45,8950.0,time_decay,t_000251,cmp_002,pl_008,cr_001,click,2026-08-20 23:13:48.677581038,0.3446183074863342,3084.333852002691
ord_0e4bd99c6ec5,237,2026-08-23 13:29:45,8950.0,time_decay,t_000253,cmp_002,pl_008,cr_001,lead,2026-08-21 11:23:59.471569878,0.3874533102939804,3467.7071271311247
ord_0e5ec51cc7df,265,2026-08-08 16:25:28,5990.0,time_decay,t_000305,cmp_004,pl_003,cr_000,click,2026-08-05 22:29:25.579483706,0.4068281574080627,2436.900662874296
ord_0e5ec51cc7df,265,2026-08-08 16:25:28,5990.0,time_decay,t_000306,cmp_004,pl_003,cr_000,click,2026-08-07 13:39:38.306151144,0.5931718425919373,3553.0993371257046
ord_0ecdee05efc2,470,2026-08-09 17:24:05,9900.0,time_decay,t_000693,cmp_002,pl_005,cr_004,click,2026-08-08 04:08:59.167070900,1.0,9900.0
ord_0f0247baca43,9,2026-09-03 14:55:45,8950.0,time_decay,t_001015,cmp_003,pl_009,cr_000,click,2026-08-28 08:55:48.022511603,1.0,8950.0
ord_0f90917f515e,125,2026-09-07 08:46:37,8950.0,time_decay,t_000042,cmp_001,pl_006,cr_002,bot_start,2026-09-01 15:20:00.666096042,0.26681854590174187,2388.0259858205895
ord_0f90917f515e,125,2026-09-07 08:46:37,8950.0,time_decay,t_000043,cmp_002,pl_000,cr_000,click,2026-09-06 00:19:54.966725413,0.7331814540982581,6561.97401417941
ord_0fded6be3396,259,2026-08-08 07:59:01,8745.0,time_decay,t_000292,cmp_002,pl_000,cr_000,bot_start,2026-08-06 22:58:17.958803049,1.0,8745.0
ord_0fe6ac00a1eb,450,2026-09-03 06:06:37,8950.0,time_decay,t_000658,cmp_002,pl_002,cr_002,click,2026-09-01 13:47:33.622485596,1.0,8950.0
ord_102e712e189a,506,2026-08-27 12:29:06,8950.0,time_decay,t_000762,cmp_003,pl_009,cr_000,bot_start,2026-08-22 08:57:24.511493500,1.0,8950.0
ord_1083148850a7,48,2026-09-05 14:24:29,8950.0,time_decay,t_000708,cmp_002,pl_002,cr_002,click,2026-08-30 19:17:14.670587895,1.0,8950.0
ord_111f1b3401d4,70,2026-08-18 19:10:04,8475.0,time_decay,t_000976,cmp_004,pl_003,cr_000,click,2026-08-13 09:37:18.083568946,0.39893431110815997,3380.9682866416556
ord_111f1b3401d4,70,2026-08-18 19:10:04,8475.0,time_decay,t_000977,cmp_001,pl_006,cr_002,click,2026-08-15 04:12:01.565327328,0.6010656888918401,5094.031713358345
ord_120e8119bbbd,220,2026-08-22 19:19:35,9950.0,time_decay,t_000217,cmp_002,pl_008,cr_001,bot_start,2026-08-19 16:10:08.451978059,1.0,9950.0
ord_126e2c670653,104,2026-08-23 21:00:30,14950.0,time_decay,t_000009,cmp_000,pl_004,cr_003,bot_start,2026-08-19 18:06:40.743245138,1.0,14950.0
ord_127af47915d1,248,2026-08-22 13:43:42,7475.0,time_decay,t_000272,cmp_000,pl_001,cr_004,click,2026-08-22 01:38:50.673276540,1.0,7475.0
ord_12861ede06bc,326,2026-09-04 10:55:46,14950.0,time_decay,t_000427,cmp_002,pl_002,cr_002,bot_start,2026-09-02 13:08:10.880274242,0.44804591454379666,6698.28642242976
ord_12861ede06bc,326,2026-09-04 10:55:46,14950.0,time_decay,t_000426,cmp_000,pl_001,cr_004,bot_start,2026-09-03 10:48:04.595054897,0.5519540854562033,8251.713577570239
ord_128f6f54c0bb,80,2026-09-09 04:53:08,6975.0,time_decay,t_000996,cmp_004,pl_003,cr_000,bot_start,2026-09-03 12:21:52.229548673,0.25174813152658243,1755.9432173979123
ord_128f6f54c0bb,80,2026-09-09 04:53:08,6975.0,time_decay,t_000994,cmp_003,pl_007,cr_003,bot_start,2026-09-04 20:55:21.244845413,0.34442177264056106,2402.3418641679136
ord_128f6f54c0bb,80,2026-09-09 04:53:08,6975.0,time_decay,t_000995,cmp_003,pl_009,cr_000,lead,2026-09-05 13:27:06.329866895,0.4038300958328566,2816.7149184341747
ord_12f6f616dabf,63,2026-08-09 19:29:08,12900.0,time_decay,t_000961,cmp_001,pl_006,cr_002,bot_start,2026-08-06 02:30:07.297000178,1.0,12900.0
ord_135bfa95ad03,324,2026-08-31 19:22:31,8450.0,time_decay,t_000422,cmp_002,pl_000,cr_000,click,2026-08-27 03:46:27.636407322,0.27587635051485543,2331.155161850528
ord_135bfa95ad03,324,2026-08-31 19:22:31,8450.0,time_decay,t_000424,cmp_003,pl_007,cr_003,click,2026-08-28 06:25:17.382703961,0.35655413047342466,3012.8824025004383
ord_135bfa95ad03,324,2026-08-31 19:22:31,8450.0,time_decay,t_000423,cmp_003,pl_009,cr_000,click,2026-08-28 09:34:55.230593552,0.36756951901172,3105.9624356490344
ord_142b55618fb5,449,2026-09-06 17:28:24,8950.0,time_decay,t_000655,cmp_000,pl_004,cr_003,bot_start,2026-09-01 09:54:22.165913343,0.2875471776230359,2573.547239726171
ord_142b55618fb5,449,2026-09-06 17:28:24,8950.0,time_decay,t_000656,cmp_000,pl_001,cr_004,click,2026-09-05 08:09:13.879050609,0.7124528223769641,6376.452760273828
ord_145b2c6e5078,177,2026-08-28 10:47:56,8950.0,time_decay,t_000139,cmp_000,pl_004,cr_003,click,2026-08-21 13:12:16.949468000,0.40692472841100386,3641.9763192784844
ord_145b2c6e5078,177,2026-08-28 10:47:56,8950.0,time_decay,t_000140,cmp_003,pl_009,cr_000,bot_start,2026-08-23 04:20:00.035838867,0.5930752715889962,5308.023680721516
ord_146df1730fa1,185,2026-08-27 14:36:47,13950.0,time_decay,t_000157,cmp_000,pl_004,cr_003,bot_start,2026-08-20 20:58:35.072370487,0.34789840070329164,4853.182689810918
ord_146df1730fa1,185,2026-08-27 14:36:47,13950.0,time_decay,t_000158,cmp_000,pl_004,cr_003,click,2026-08-23 14:14:21.912691716,0.6521015992967083,9096.81731018908
ord_1483e99251d1,359,2026-09-06 18:40:33,7475.0,time_decay,t_000484,cmp_001,pl_006,cr_002,click,2026-09-06 04:31:35.637266862,1.0,7475.0
ord_154e9cd0a990,192,2026-08-24 15:05:04,14950.0,time_decay,t_000169,cmp_002,pl_008,cr_001,click,2026-08-22 18:47:21.263879666,1.0,14950.0
ord_15bde24eb45e,188,2026-09-06 01:03:43,6975.0,time_decay,t_000162,cmp_000,pl_001,cr_004,bot_start,2026-08-30 01:53:18.497798090,0.1811178937928267,1263.2973092049663
ord_15bde24eb45e,188,2026-09-06 01:03:43,6975.0,time_decay,t_000163,cmp_002,pl_002,cr_002,bot_start,2026-08-30 16:15:48.690886480,0.20799986746502075,1450.7990755685198
ord_15bde24eb45e,188,2026-09-06 01:03:43,6975.0,time_decay,t_000164,cmp_002,pl_008,cr_001,click,2026-09-04 08:10:26.279874077,0.6108822387421525,4260.9036152265135
ord_16a607842721,81,2026-08-30 13:44:26,8450.0,time_decay,t_000998,cmp_002,pl_005,cr_004,bot_start,2026-08-24 03:59:46.258955570,0.34416286096755555,2908.1761751758445
ord_16a607842721,81,2026-08-30 13:44:26,8450.0,time_decay,t_000997,cmp_002,pl_000,cr_000,bot_start,2026-08-26 22:58:26.068502427,0.6558371390324446,5541.823824824157
ord_16d5fab6323f,173,2026-08-11 07:48:36,9900.0,time_decay,t_000131,cmp_002,pl_005,cr_004,click,2026-08-07 08:54:35.559371830,0.2549517056146469,2524.0218855850044
ord_16d5fab6323f,173,2026-08-11 07:48:36,9900.0,time_decay,t_000132,cmp_000,pl_004,cr_003,lead,2026-08-08 05:38:08.912236415,0.31125222431614624,3081.397020729848
ord_16d5fab6323f,173,2026-08-11 07:48:36,9900.0,time_decay,t_000133,cmp_001,pl_006,cr_002,click,2026-08-09 16:07:08.303303400,0.4337960700692069,4294.5810936851485
ord_1731ed2f88ac,133,2026-08-16 09:59:37,9900.0,time_decay,t_000056,cmp_000,pl_001,cr_004,click,2026-08-15 13:39:57.706636579,1.0,9900.0
ord_183cfca353af,213,2026-08-23 20:58:38,8950.0,time_decay,t_000203,cmp_001,pl_006,cr_002,click,2026-08-19 10:00:48.982010745,0.27889526147311694,2496.1125901843966
ord_183cfca353af,213,2026-08-23 20:58:38,8950.0,time_decay,t_000205,cmp_002,pl_005,cr_004,click,2026-08-20 08:01:31.231878504,0.3447240562299351,3085.2803032579195
ord_183cfca353af,213,2026-08-23 20:58:38,8950.0,time_decay,t_000204,cmp_004,pl_003,cr_000,bot_start,2026-08-20 17:09:04.988565914,0.376380682296948,3368.6071065576843
ord_18a6dcc7045d,510,2026-09-05 10:34:42,8950.0,time_decay,t_000773,cmp_000,pl_001,cr_004,click,2026-08-30 19:14:13.630213163,0.1465057158983953,1311.226157290638
ord_18a6dcc7045d,510,2026-09-05 10:34:42,8950.0,time_decay,t_000772,cmp_002,pl_000,cr_000,click,2026-09-04 07:42:11.500692506,0.41624421396042766,3725.3857149458277
ord_18a6dcc7045d,510,2026-09-05 10:34:42,8950.0,time_decay,t_000771,cmp_002,pl_000,cr_000,click,2026-09-04 12:49:02.061340797,0.43725007014117706,3913.3881277635346
ord_18fbab1ad4c3,502,2026-09-05 10:11:25,8450.0,time_decay,t_000755,cmp_002,pl_005,cr_004,click,2026-08-30 10:40:23.491873635,0.18416533138402125,1556.1970501949795
ord_18fbab1ad4c3,502,2026-09-05 10:11:25,8450.0,time_decay,t_000756,cmp_003,pl_007,cr_003,click,2026-08-30 20:59:33.997936244,0.20340132444420614,1718.741191553542
ord_18fbab1ad4c3,502,2026-09-05 10:11:25,8450.0,time_decay,t_000754,cmp_000,pl_001,cr_004,bot_start,2026-09-04 15:29:19.996465839,0.6124333441717725,5175.061758251478
ord_19ea5cf660f5,113,2026-09-06 15:14:57,8950.0,time_decay,t_000024,cmp_003,pl_009,cr_000,click,2026-08-30 21:42:50.145843605,1.0,8950.0
ord_1a1ea7a0f815,204,2026-09-07 13:39:13,8950.0,time_decay,t_000188,cmp_001,pl_006,cr_002,lead,2026-09-06 23:04:01.783254333,1.0,8950.0
ord_1c11b9dc4c43,32,2026-08-09 04:36:11,6490.0,time_decay,t_000416,cmp_002,pl_005,cr_004,bot_start,2026-08-04 17:02:25.458436719,1.0,6490.0
ord_1c319f621766,377,2026-09-05 19:24:12,14950.0,time_decay,t_000512,cmp_003,pl_007,cr_003,click,2026-08-30 11:42:16.629446230,0.2976055399475119,4449.202822215302
ord_1c319f621766,377,2026-09-05 19:24:12,14950.0,time_decay,t_000513,cmp_000,pl_001,cr_004,click,2026-08-31 01:36:18.473908235,0.34021908054494593,5086.275254146942
ord_1c319f621766,377,2026-09-05 19:24:12,14950.0,time_decay,t_000511,cmp_002,pl_000,cr_000,bot_start,2026-08-31 08:06:04.644057025,0.36217537950754225,5414.521923637757
ord_1c6b616d7106,586,2026-08-12 17:45:53,8745.0,time_decay,t_000913,cmp_001,pl_006,cr_002,click,2026-08-05 23:58:10.075859902,1.0,8745.0
ord_1cbd61ea100d,263,2026-08-22 19:53:10,8950.0,time_decay,t_000300,cmp_000,pl_001,cr_004,click,2026-08-18 12:39:52.882104748,0.1655021287850301,1481.2440526260193
ord_1cbd61ea100d,263,2026-08-22 19:53:10,8950.0,time_decay,t_000303,cmp_002,pl_008,cr_001,lead,2026-08-18 14:45:04.309739782,0.16886016713998503,1511.298495902866
ord_1cbd61ea100d,263,2026-08-22 19:53:10,8950.0,time_decay,t_000301,cmp_001,pl_006,cr_002,click,2026-08-21 01:44:44.206114815,0.2979759577789395,2666.8848221215085
ord_1cbd61ea100d,263,2026-08-22 19:53:10,8950.0,time_decay,t_000302,cmp_004,pl_003,cr_000,click,2026-08-21 23:34:29.277670855,0.36766174629604537,3290.572629349606
ord_1cec027f532b,258,2026-08-10 15:03:03,6490.0,time_decay,t_000291,cmp_002,pl_008,cr_001,click,2026-08-08 18:45:40.134345705,1.0,6490.0
ord_1d1e325b1015,339,2026-08-11 12:22:26,6450.0,time_decay,t_000451,cmp_000,pl_001,cr_004,click,2026-08-07 09:57:10.199741252,1.0,6450.0
ord_1d3cac61f0bf,390,2026-09-01 02:23:30,8975.0,time_decay,t_000535,cmp_000,pl_004,cr_003,bot_start,2026-08-25 10:12:53.465039252,1.0,8975.0
ord_1da6e4a987d2,156,2026-08-22 10:54:14,14950.0,time_decay,t_000101,cmp_003,pl_007,cr_003,click,2026-08-15 14:01:10.735962366,1.0,14950.0
ord_1e3f658b7c5c,38,2026-08-09 12:15:31,6490.0,time_decay,t_000517,cmp_002,pl_008,cr_001,click,2026-08-06 02:20:12.845220034,0.2956651491486399,1918.8668179746728
ord_1e3f658b7c5c,38,2026-08-09 12:15:31,6490.0,time_decay,t_000518,cmp_002,pl_000,cr_000,click,2026-08-06 10:59:31.017203656,0.3213561752899079,2085.601577631502
ord_1e3f658b7c5c,38,2026-08-09 12:15:31,6490.0,time_decay,t_000516,cmp_001,pl_006,cr_002,click,2026-08-07 05:12:52.170309880,0.3829786755614523,2485.5316043938255
ord_1eb88d1635e9,168,2026-08-25 06:26:04,14950.0,time_decay,t_000121,cmp_003,pl_007,cr_003,lead,2026-08-19 07:58:15.510426987,1.0,14950.0
ord_1f8f5738f7a5,34,2026-09-01 17:23:37,8945.0,time_decay,t_000452,cmp_003,pl_007,cr_003,click,2026-08-27 23:04:38.801272037,1.0,8945.0
ord_1f9f13a88c1c,37,2026-09-02 04:13:14,5750.0,time_decay,t_000499,cmp_002,pl_005,cr_004,click,2026-08-30 23:07:06.199528880,1.0,5750.0
ord_1fceee77c844,572,2026-09-02 14:54:22,8945.0,time_decay,t_000887,cmp_003,pl_007,cr_003,bot_start,2026-08-30 20:57:12.343609541,1.0,8945.0
ord_1fe30b789e57,430,2026-08-23 16:17:56,8000.0,time_decay,t_000610,cmp_001,pl_006,cr_002,click,2026-08-16 22:50:11.207543380,1.0,8000.0
ord_1fe9a3d99b7d,144,2026-09-01 15:30:39,8950.0,time_decay,t_000078,cmp_000,pl_001,cr_004,bot_start,2026-08-26 06:32:57.578276123,0.13065281780873822,1169.3427193882071
ord_1fe9a3d99b7d,144,2026-09-01 15:30:39,8950.0,time_decay,t_000077,cmp_003,pl_007,cr_003,bot_start,2026-08-28 10:10:10.618910913,0.2147542524382499,1922.0505593223365
ord_1fe9a3d99b7d,144,2026-09-01 15:30:39,8950.0,time_decay,t_000080,cmp_003,pl_007,cr_003,click,2026-08-30 02:27:29.507117286,0.3165098309052086,2832.7629866016173
ord_1fe9a3d99b7d,144,2026-09-01 15:30:39,8950.0,time_decay,t_000079,cmp_002,pl_008,cr_001,click,2026-08-30 09:18:26.577184846,0.33808309884780335,3025.84373468784
ord_201c822a24c4,235,2026-08-23 16:04:24,8450.0,time_decay,t_000247,cmp_003,pl_009,cr_000,click,2026-08-21 20:28:47.415709778,1.0,8450.0
ord_201d629a754d,468,2026-08-19 07:10:12,9450.0,time_decay,t_000688,cmp_003,pl_007,cr_003,click,2026-08-15 09:13:32.975337582,0.3042387294287995,2875.0559931021553
ord_201d629a754d,468,2026-08-19 07:10:12,9450.0,time_decay,t_000687,cmp_000,pl_001,cr_004,click,2026-08-15 19:44:16.837147622,0.33663994460545416,3181.2474765215416
ord_201d629a754d,468,2026-08-19 07:10:12,9450.0,time_decay,t_000689,cmp_002,pl_005,cr_004,click,2026-08-16 02:27:11.113696506,0.35912132596574636,3393.696530376303
ord_2035e3041e35,594,2026-09-03 18:16:38,5000.0,time_decay,t_000933,cmp_002,pl_005,cr_004,click,2026-08-30 14:19:24.607673245,0.21612385327352404,1080.6192663676202
ord_2035e3041e35,594,2026-09-03 18:16:38,5000.0,time_decay,t_000932,cmp_000,pl_004,cr_003,lead,2026-09-01 00:39:30.420758446,0.3007849928461059,1503.9249642305294
ord_2035e3041e35,594,2026-09-03 18:16:38,5000.0,time_decay,t_000931,cmp_002,pl_000,cr_000,bot_start,2026-09-03 01:52:29.910729213,0.4830911538803701,2415.4557694018504
ord_20f6eedc8c53,447,2026-08-23 13:46:56,8450.0,time_decay,t_000653,cmp_002,pl_000,cr_000,click,2026-08-21 14:27:51.141304995,1.0,8450.0
ord_210787d94c0e,45,2026-08-14 10:04:52,5750.0,time_decay,t_000657,cmp_003,pl_007,cr_003,click,2026-08-10 07:29:40.252714490,1.0,5750.0
ord_210b0f2849cb,466,2026-08-26 13:56:39,8950.0,time_decay,t_000685,cmp_002,pl_005,cr_004,click,2026-08-21 02:12:46.835185128,1.0,8950.0
ord_215b1194a3e3,551,2026-09-02 09:58:19,8950.0,time_decay,t_000848,cmp_003,pl_009,cr_000,lead,2026-08-26 14:27:18.644783404,0.40216042809018643,3599.3358314071684
ord_215b1194a3e3,551,2026-09-02 09:58:19,8950.0,time_decay,t_000847,cmp_002,pl_005,cr_004,lead,2026-08-28 07:38:17.743739897,0.5978395719098136,5350.664168592832
ord_22a56662eca5,91,2026-08-24 00:44:40,8950.0,time_decay,t_001017,cmp_002,pl_000,cr_000,bot_start,2026-08-18 16:20:24.581574546,1.0,8950.0
ord_22e8d5965c7f,126,2026-08-05 13:22:41,8745.0,time_decay,t_000045,cmp_002,pl_005,cr_004,click,2026-08-04 00:35:47.860055772,0.46321399086086734,4050.806350078285
ord_22e8d5965c7f,126,2026-08-05 13:22:41,8745.0,time_decay,t_000044,cmp_003,pl_007,cr_003,lead,2026-08-04 15:54:31.467982773,0.5367860091391327,4694.193649921715
ord_230264778ff7,560,2026-08-25 14:09:51,8950.0,time_decay,t_000866,cmp_002,pl_008,cr_001,click,2026-08-20 00:35:03.802848292,0.2099617680347019,1879.157823910582
ord_230264778ff7,560,2026-08-25 14:09:51,8950.0,time_decay,t_000865,cmp_002,pl_008,cr_001,click,2026-08-22 13:15:16.239761068,0.3765306289078352,3369.949128725125
ord_230264778ff7,560,2026-08-25 14:09:51,8950.0,time_decay,t_000867,cmp_000,pl_004,cr_003,bot_start,2026-08-22 22:59:06.246337776,0.41350760305746304,3700.893047364294
ord_239a0aae9906,351,2026-08-20 11:12:25,9450.0,time_decay,t_000471,cmp_000,pl_001,cr_004,click,2026-08-17 13:38:41.028466527,0.2993511594394464,2828.8684567027685
ord_239a0aae9906,351,2026-08-20 11:12:25,9450.0,time_decay,t_000470,cmp_000,pl_001,cr_004,lead,2026-08-17 22:30:05.464326961,0.3259949913726294,3080.6526684713476
ord_239a0aae9906,351,2026-08-20 11:12:25,9450.0,time_decay,t_000472,cmp_003,pl_007,cr_003,click,2026-08-18 12:57:09.101019306,0.37465384918792416,3540.4788748258834
ord_23c038118beb,541,2026-09-02 10:48:17,14950.0,time_decay,t_000826,cmp_004,pl_003,cr_000,click,2026-08-29 12:20:00.185734958,1.0,14950.0
ord_23ecd941d316,375,2026-09-04 14:19:28,7000.0,time_decay,t_000509,cmp_003,pl_009,cr_000,click,2026-09-01 23:10:05.947009157,1.0,7000.0
ord_2450a95b13ee,208,2026-08-13 19:25:17,6450.0,time_decay,t_000192,cmp_002,pl_008,cr_001,bot_start,2026-08-11 15:50:59.013114878,1.0,6450.0
ord_24dd72357c2b,599,2026-08-26 12:25:10,8950.0,time_decay,t_000943,cmp_000,pl_004,cr_003,bot_start,2026-08-22 11:05:05.686239324,0.48659562134624323,4355.030811048877
ord_24dd72357c2b,599,2026-08-26 12:25:10,8950.0,time_decay,t_000944,cmp_002,pl_008,cr_001,click,2026-08-22 16:39:20.576563431,0.5134043786537567,4594.969188951122
ord_2512a40bce72,152,2026-08-10 08:42:13,6490.0,time_decay,t_000093,cmp_002,pl_000,cr_000,bot_start,2026-08-09 12:38:41.913804714,1.0,6490.0
ord_25369a131dab,218,2026-08-22 09:03:23,16950.0,time_decay,t_000212,cmp_002,pl_002,cr_002,lead,2026-08-16 04:17:22.216256190,0.29443019768446443,4990.591850751673
ord_25369a131dab,218,2026-08-22 09:03:23,16950.0,time_decay,t_000211,cmp_002,pl_002,cr_002,bot_start,2026-08-19 23:04:17.949918937,0.7055698023155356,11959.408149248327
ord_256987df7f8e,209,2026-08-23 06:58:29,8950.0,time_decay,t_000193,cmp_003,pl_007,cr_003,click,2026-08-18 01:45:16.773143813,1.0,8950.0
ord_25de8f83c331,242,2026-08-29 13:44:52,8950.0,time_decay,t_000262,cmp_000,pl_001,cr_004,bot_start,2026-08-23 07:42:40.768181228,0.3092568651312309,2767.8489429245165
ord_25de8f83c331,242,2026-08-29 13:44:52,8950.0,time_decay,t_000263,cmp_000,pl_004,cr_003,click,2026-08-23 15:52:23.553586678,0.33453684941303236,2994.10480224664
ord_25de8f83c331,242,2026-08-29 13:44:52,8950.0,time_decay,t_000261,cmp_003,pl_009,cr_000,click,2026-08-23 22:23:33.553860010,0.35620628545573685,3188.0462548288447
ord_263e75057c5b,360,2026-08-23 20:57:22,8950.0,time_decay,t_000486,cmp_002,pl_008,cr_001,click,2026-08-20 00:35:43.095563181,1.0,8950.0
ord_269b81bc213b,19,2026-08-09 11:01:50,9900.0,time_decay,t_000166,cmp_001,pl_006,cr_002,click,2026-08-04 02:28:19.431908845,1.0,9900.0
ord_270b804b75f1,430,2026-08-04 13:38:06,8950.0,time_decay,,,,,organic,,0.0,0.0
ord_278aa5024390,567,2026-09-09 15:06:26,14950.0,time_decay,t_000880,cmp_002,pl_008,cr_001,click,2026-09-03 19:50:13.987648579,1.0,14950.0
ord_28012fba1fa8,532,2026-08-08 16:22:47,9990.0,time_decay,t_000810,cmp_000,pl_004,cr_003,click,2026-08-04 09:05:47.983366245,1.0,9990.0
ord_2827ece2be1b,432,2026-08-30 10:31:12,8545.0,time_decay,t_000614,cmp_003,pl_009,cr_000,bot_start,2026-08-26 16:37:56.207683319,0.4140800217838553,3538.313786143043
ord_2827ece2be1b,432,2026-08-30 10:31:12,8545.0,time_decay,t_000613,cmp_002,pl_000,cr_000,click,2026-08-28 04:41:22.023958092,0.5859199782161448,5006.686213856958
ord_29178d81a948,500,2026-08-10 13:21:01,6490.0,time_decay,t_000752,cmp_001,pl_006,cr_002,click,2026-08-07 21:29:58.000963690,1.0,6490.0
ord_294593978805,380,2026-08-09 17:19:11,6490.0,time_decay,t_000520,cmp_000,pl_004,cr_003,click,2026-08-06 12:09:06.370378630,0.46628450773451446,3026.186455196999
ord_294593978805,380,2026-08-09 17:19:11,6490.0,time_decay,t_000519,cmp_003,pl_009,cr_000,click,2026-08-07 02:10:54.184058258,0.5337154922654854,3463.8135448030002
ord_2a26022a7bfb,190,2026-09-09 02:52:43,9950.0,time_decay,t_000167,cmp_003,pl_009,cr_000,click,2026-09-05 06:22:08.090814006,1.0,9950.0
ord_2aa1c00e3027,425,2026-08-24 07:03:39,8503.0,time_decay,t_000600,cmp_000,pl_004,cr_003,click,2026-08-18 01:12:32.016268894,0.16656143683858973,1416.2718974385284
ord_2aa1c00e3027,425,2026-08-24 07:03:39,8503.0,time_decay,t_000598,cmp_000,pl_001,cr_004,lead,2026-08-19 20:06:35.682924799,0.2517343165040604,2140.4968932340257
ord_2aa1c00e3027,425,2026-08-24 07:03:39,8503.0,time_decay,t_000599,cmp_000,pl_001,cr_004,lead,2026-08-23 11:06:48.799615903,0.5817042466573498,4946.231209327445
ord_2ac7f4fc1f7d,118,2026-08-23 08:24:45,8450.0,time_decay,t_000030,cmp_001,pl_006,cr_002,click,2026-08-16 21:30:52.747770720,1.0,8450.0
ord_2ba921bac9ba,497,2026-08-31 12:11:14,8950.0,time_decay,t_000742,cmp_002,pl_002,cr_002,bot_start,2026-08-26 17:20:03.147573321,0.24974973997848773,2235.260172807465
ord_2ba921bac9ba,497,2026-08-31 12:11:14,8950.0,time_decay,t_000740,cmp_003,pl_007,cr_003,bot_start,2026-08-27 00:52:39.606201183,0.26856167941961384,2403.6270308055437
ord_2ba921bac9ba,497,2026-08-31 12:11:14,8950.0,time_decay,t_000741,cmp_003,pl_007,cr_003,click,2026-08-29 13:33:45.615587328,0.4816885806018984,4311.11279638699
ord_2bfa7a2baa22,253,2026-08-30 17:04:49,8950.0,time_decay,t_000282,cmp_002,pl_008,cr_001,click,2026-08-25 10:27:47.366553627,1.0,8950.0
ord_2c00935b67ae,384,2026-09-04 20:38:50,8450.0,time_decay,t_000524,cmp_002,pl_005,cr_004,click,2026-08-29 07:37:47.217320773,1.0,8450.0
ord_2dd06279231c,508,2026-09-03 08:29:32,5750.0,time_decay,t_000767,cmp_003,pl_009,cr_000,click,2026-08-28 05:41:47.777231210,1.0,5750.0
ord_2de2b58204c3,39,2026-08-27 17:02:28,9950.0,time_decay,t_000534,cmp_002,pl_008,cr_001,bot_start,2026-08-26 22:59:45.252213635,1.0,9950.0
ord_2e0ed66cf347,107,2026-08-23 18:28:17,13950.0,time_decay,t_000013,cmp_002,pl_002,cr_002,click,2026-08-19 04:08:50.295704433,0.3068396624994102,4280.413291866772
ord_2e0ed66cf347,107,2026-08-23 18:28:17,13950.0,time_decay,t_000014,cmp_004,pl_003,cr_000,click,2026-08-22 16:47:52.805312078,0.6931603375005898,9669.586708133227
ord_2e3b4bf87f0b,127,2026-09-05 17:27:41,8950.0,time_decay,t_000046,cmp_002,pl_002,cr_002,click,2026-09-04 07:34:06.282288907,1.0,8950.0
ord_2e52a7d56510,520,2026-08-09 09:27:27,6490.0,time_decay,t_000787,cmp_003,pl_009,cr_000,bot_start,2026-08-05 00:40:28.378048382,1.0,6490.0
ord_2ec716200ec9,73,2026-08-08 20:05:40,4995.0,time_decay,t_000982,cmp_002,pl_008,cr_001,click,2026-08-04 12:39:25.485974321,1.0,4995.0
ord_2ec99016c8d9,203,2026-08-23 20:42:20,14950.0,time_decay,t_000187,cmp_001,pl_006,cr_002,click,2026-08-22 05:43:34.685294129,0.4823918520453023,7211.75818807727
ord_2ec99016c8d9,203,2026-08-23 20:42:20,14950.0,time_decay,t_000186,cmp_003,pl_007,cr_003,click,2026-08-22 13:02:43.606475095,0.5176081479546977,7738.24181192273
ord_2ed00dbff83c,406,2026-09-05 13:55:08,8450.0,time_decay,t_000564,cmp_002,pl_008,cr_001,bot_start,2026-09-04 17:08:16.202629314,1.0,8450.0
ord_2f78661d82e9,438,2026-09-09 13:24:37,8950.0,time_decay,t_000632,cmp_000,pl_004,cr_003,click,2026-09-08 12:33:05.441120878,1.0,8950.0
ord_2fcf38bd11aa,283,2026-09-09 13:34:09,14950.0,time_decay,t_000347,cmp_004,pl_003,cr_000,click,2026-09-05 13:15:17.289676905,0.4182373268070682,6252.64803576567
ord_2fcf38bd11aa,283,2026-09-09 13:34:09,14950.0,time_decay,t_000348,cmp_003,pl_007,cr_003,bot_start,2026-09-06 23:32:04.718795742,0.5817626731929318,8697.35196423433
ord_2ff4d4d27c66,116,2026-08-25 10:01:02,14950.0,time_decay,t_000028,cmp_000,pl_004,cr_003,click,2026-08-21 07:35:15.301788470,1.0,14950.0
ord_3044449f7507,179,2026-08-12 02:06:02,6490.0,time_decay,t_000144,cmp_002,pl_005,cr_004,click,2026-08-06 05:46:39.336309251,0.325133264579181,2110.114887118885
ord_3044449f7507,179,2026-08-12 02:06:02,6490.0,time_decay,t_000143,cmp_002,pl_002,cr_002,lead,2026-08-06 08:58:45.223628818,0.33531065425144463,2176.166146091876
ord_3044449f7507,179,2026-08-12 02:06:02,6490.0,time_decay,t_000142,cmp_002,pl_000,cr_000,click,2026-08-06 10:17:10.104245520,0.33955608116937436,2203.7189667892394
ord_3225c431aef9,95,2026-08-23 19:08:11,14950.0,time_decay,t_001021,cmp_000,pl_001,cr_004,click,2026-08-18 20:21:00.648826209,1.0,14950.0
ord_3233f27dd951,428,2026-09-04 18:33:44,17900.0,time_decay,t_000605,cmp_002,pl_002,cr_002,bot_start,2026-09-02 18:15:21.626426654,1.0,17900.0
ord_33193f82cf51,529,2026-08-24 13:11:03,14950.0,time_decay,t_000804,cmp_002,pl_000,cr_000,click,2026-08-18 07:24:58.943048626,1.0,14950.0
ord_33ae3f4207e8,138,2026-08-09 16:33:22,6490.0,time_decay,t_000064,cmp_002,pl_008,cr_001,click,2026-08-05 00:47:03.266873239,0.28800169783283336,1869.1310189350886
ord_33ae3f4207e8,138,2026-08-09 16:33:22,6490.0,time_decay,t_000062,cmp_003,pl_009,cr_000,click,2026-08-05 16:55:46.191011807,0.33643247990500363,2183.4467945834735
ord_33ae3f4207e8,138,2026-08-09 16:33:22,6490.0,time_decay,t_000063,cmp_003,pl_009,cr_000,click,2026-08-06 04:21:33.876282682,0.3755658222621631,2437.4221864814385
ord_33f6ad2fee23,553,2026-09-05 18:27:14,8950.0,time_decay,t_000851,cmp_003,pl_009,cr_000,click,2026-09-04 13:30:51.794743416,1.0,8950.0
ord_3485a77bffca,525,2026-08-22 15:39:49,8950.0,time_decay,t_000795,cmp_000,pl_001,cr_004,click,2026-08-20 01:52:20.897455468,1.0,8950.0
ord_34af20259fbd,335,2026-08-09 16:07:42,9900.0,time_decay,t_000444,cmp_002,pl_002,cr_002,lead,2026-08-05 09:16:01.033151486,0.377864705376361,3740.860583225974
ord_34af20259fbd,335,2026-08-09 16:07:42,9900.0,time_decay,t_000443,cmp_003,pl_007,cr_003,click,2026-08-07 13:03:38.778491372,0.6221352946236389,6159.139416774025
ord_34ea914a548b,13,2026-09-07 07:54:24,8950.0,time_decay,t_000052,cmp_001,pl_006,cr_002,click,2026-09-01 12:31:18.982461132,1.0,8950.0
ord_352db9af8a4a,110,2026-09-07 10:27:06,8950.0,time_decay,t_000020,cmp_002,pl_008,cr_001,click,2026-09-02 17:04:32.148566814,0.286293368178359,2562.325645196313
ord_352db9af8a4a,110,2026-09-07 10:27:06,8950.0,time_decay,t_000021,cmp_003,pl_007,cr_003,click,2026-09-06 15:57:35.479959162,0.7137066318216411,6387.6743548036875
ord_3584920b3bfd,561,2026-09-03 18:55:28,18900.0,time_decay,t_000868,cmp_002,pl_008,cr_001,lead,2026-09-02 23:59:54.478055013,1.0,18900.0
ord_3586329512b2,545,2026-09-05 19:45:17,8950.0,time_decay,t_000833,cmp_002,pl_000,cr_000,bot_start,2026-08-29 21:10:46.741950035,1.0,8950.0
ord_359a7f0015d6,459,2026-08-07 11:31:08,9950.0,time_decay,t_000673,cmp_002,pl_005,cr_004,click,2026-08-04 23:57:26.940768582,0.40955430823752564,4075.0653669633803
ord_359a7f0015d6,459,2026-08-07 11:31:08,9950.0,time_decay,t_000674,cmp_001,pl_006,cr_002,click,2026-08-06 13:57:19.636661635,0.5904456917624744,5874.934633036621
ord_35deb40225c1,255,2026-08-26 14:52:53,8950.0,time_decay,t_000286,cmp_003,pl_007,cr_003,click,2026-08-22 17:27:43.586815988,1.0,8950.0
ord_3648a6a097fd,169,2026-09-05 15:47:16,8950.0,time_decay,t_000123,cmp_004,pl_003,cr_000,click,2026-08-31 05:57:22.574958472,0.24257240563684992,2171.023030449807
ord_3648a6a097fd,169,2026-09-05 15:47:16,8950.0,time_decay,t_000124,cmp_002,pl_000,cr_000,click,2026-09-02 02:34:21.993758671,0.3727191967642229,3335.8368110397946
ord_3648a6a097fd,169,2026-09-05 15:47:16,8950.0,time_decay,t_000122,cmp_000,pl_001,cr_004,click,2026-09-02 05:51:41.263596357,0.3847083975989273,3443.140158510399
ord_370b69ea2562,494,2026-09-05 19:15:54,8959.0,time_decay,t_000733,cmp_004,pl_003,cr_000,click,2026-08-30 07:57:11.952181577,0.3052799601202256,2735.0031627171015
ord_370b69ea2562,494,2026-09-05 19:15:54,8959.0,time_decay,t_000734,cmp_001,pl_006,cr_002,click,2026-08-30 12:57:43.075685019,0.3203607512004157,2870.111970004524
ord_370b69ea2562,494,2026-09-05 19:15:54,8959.0,time_decay,t_000735,cmp_002,pl_008,cr_001,bot_start,2026-08-31 05:08:32.092120672,0.37435928867935864,3353.884867278374
ord_37361df7574c,230,2026-09-03 15:07:18,8950.0,time_decay,t_000237,cmp_002,pl_000,cr_000,click,2026-08-28 15:08:40.153569479,0.35542354666374054,3181.0407426404777
ord_37361df7574c,230,2026-09-03 15:07:18,8950.0,time_decay,t_000238,cmp_001,pl_006,cr_002,bot_start,2026-08-31 04:58:44.282181823,0.6445764533362596,5768.959257359523
ord_37478f3e1765,591,2026-09-05 10:13:46,8450.0,time_decay,t_000925,cmp_002,pl_002,cr_002,bot_start,2026-09-02 01:36:44.386387733,0.35420770280657,2993.0550887155164
ord_37478f3e1765,591,2026-09-05 10:13:46,8450.0,time_decay,t_000926,cmp_002,pl_002,cr_002,bot_start,2026-09-04 15:59:54.614871439,0.64579229719343,5456.944911284483
ord_377006081bf8,207,2026-08-09 10:15:38,6490.0,time_decay,t_000191,cmp_003,pl_009,cr_000,click,2026-08-08 19:25:39.038537694,1.0,6490.0
ord_37a094aecf1b,256,2026-08-08 17:54:37,5990.0,time_decay,t_000288,cmp_002,pl_000,cr_000,click,2026-08-04 01:05:20.107370842,0.3425818054532693,2052.065014665083
ord_37a094aecf1b,256,2026-08-08 17:54:37,5990.0,time_decay,t_000287,cmp_004,pl_003,cr_000,bot_start,2026-08-06 20:47:42.158827039,0.6574181945467308,3937.934985334917
ord_37c2fbd9d690,7,2026-08-08 14:07:56,4950.0,time_decay,t_000974,cmp_003,pl_009,cr_000,click,2026-08-04 13:06:26.452229843,0.28828116096770806,1426.9917467901548
ord_37c2fbd9d690,7,2026-08-08 14:07:56,4950.0,time_decay,t_000973,cmp_001,pl_006,cr_002,click,2026-08-04 18:26:07.392969784,0.3034538455594328,1502.0965355191922
ord_37c2fbd9d690,7,2026-08-08 14:07:56,4950.0,time_decay,t_000975,cmp_002,pl_000,cr_000,bot_start,2026-08-06 01:15:12.449129341,0.4082649934728591,2020.9117176906525
ord_3857f91b7ae4,281,2026-08-11 12:02:08,4950.0,time_decay,t_000343,cmp_004,pl_003,cr_000,click,2026-08-10 14:09:22.726360644,1.0,4950.0
ord_38c712db78c9,414,2026-09-05 16:25:16,8950.0,time_decay,t_000576,cmp_002,pl_002,cr_002,bot_start,2026-08-30 09:11:04.696523080,0.20054792887716624,1794.9039634506378
ord_38c712db78c9,414,2026-09-05 16:25:16,8950.0,time_decay,t_000577,cmp_002,pl_002,cr_002,click,2026-09-01 13:42:15.249421773,0.3325072801959428,2975.940157753688
ord_38c712db78c9,414,2026-09-05 16:25:16,8950.0,time_decay,t_000578,cmp_002,pl_002,cr_002,lead,2026-09-03 00:58:28.530843877,0.46694479092689095,4179.155878795674
ord_38d0c03b95f5,250,2026-09-05 14:54:24,14950.0,time_decay,t_000277,cmp_001,pl_006,cr_002,click,2026-08-31 05:40:26.760783104,1.0,14950.0
ord_39235d472d72,295,2026-08-06 10:14:55,6950.0,time_decay,t_000368,cmp_002,pl_008,cr_001,click,2026-08-04 09:24:33.985936694,1.0,6950.0
ord_3947b6dd5865,379,2026-09-04 11:44:55,7475.0,time_decay,t_000515,cmp_002,pl_002,cr_002,bot_start,2026-09-03 18:24:59.842822690,1.0,7475.0
ord_394a1a89b5ee,587,2026-08-26 21:47:21,8450.0,time_decay,t_000915,cmp_002,pl_008,cr_001,bot_start,2026-08-22 18:03:56.755934996,0.41174158707056024,3479.216410746234
ord_394a1a89b5ee,587,2026-08-26 21:47:21,8450.0,time_decay,t_000914,cmp_003,pl_009,cr_000,click,2026-08-24 07:07:29.814958876,0.5882584129294397,4970.783589253765
ord_397422198a44,531,2026-08-30 10:04:17,8950.0,time_decay,t_000809,cmp_003,pl_009,cr_000,bot_start,2026-08-25 12:18:44.322473212,1.0,8950.0
ord_39a2dfe3e9ce,446,2026-08-10 09:02:50,6950.0,time_decay,t_000651,cmp_004,pl_003,cr_000,lead,2026-08-05 16:46:11.405950261,0.3557083726639852,2472.173190014697
ord_39a2dfe3e9ce,446,2026-08-10 09:02:50,6950.0,time_decay,t_000652,cmp_000,pl_001,cr_004,click,2026-08-08 06:28:30.708430918,0.6442916273360149,4477.826809985303
ord_3a3c3cfc953f,16,2026-08-10 16:56:42,9900.0,time_decay,t_000107,cmp_002,pl_008,cr_001,click,2026-08-06 09:10:09.210893501,1.0,9900.0
ord_3b2814eb66bc,103,2026-08-09 18:46:42,6490.0,time_decay,t_000008,cmp_000,pl_004,cr_003,click,2026-08-04 05:36:52.371578765,0.18656694283461678,1210.819458996663
ord_3b2814eb66bc,103,2026-08-09 18:46:42,6490.0,time_decay,t_000006,cmp_001,pl_006,cr_002,click,2026-08-07 07:21:43.624928037,0.379464570931486,2462.7250653453443
ord_3b2814eb66bc,103,2026-08-09 18:46:42,6490.0,time_decay,t_000007,cmp_004,pl_003,cr_000,click,2026-08-07 21:18:11.247744553,0.4339684862338971,2816.4554756579923
ord_3b5275e2bf5b,554,2026-08-08 12:44:01,10000.0,time_decay,t_000853,cmp_002,pl_000,cr_000,click,2026-08-04 19:05:15.947162397,0.32679141445516646,3267.914144551665
ord_3b5275e2bf5b,554,2026-08-08 12:44:01,10000.0,time_decay,t_000852,cmp_000,pl_004,cr_003,click,2026-08-07 22:09:39.508958152,0.6732085855448336,6732.085855448337
ord_3bf789fdaebb,162,2026-08-15 12:51:04,6950.0,time_decay,t_000111,cmp_002,pl_005,cr_004,bot_start,2026-08-11 16:51:49.640228845,0.4695055221598383,3263.0633790108764
ord_3bf789fdaebb,162,2026-08-15 12:51:04,6950.0,time_decay,t_000110,cmp_002,pl_005,cr_004,bot_start,2026-08-12 05:32:59.541586974,0.5304944778401617,3686.9366209891236
ord_3d1a6ce6c8dc,263,2026-08-25 03:19:38,6000.0,time_decay,t_000300,cmp_000,pl_001,cr_004,click,2026-08-18 12:39:52.882104748,0.16550212878503012,993.0127727101807
ord_3d1a6ce6c8dc,263,2026-08-25 03:19:38,6000.0,time_decay,t_000303,cmp_002,pl_008,cr_001,lead,2026-08-18 14:45:04.309739782,0.16886016713998503,1013.1610028399102
ord_3d1a6ce6c8dc,263,2026-08-25 03:19:38,6000.0,time_decay,t_000301,cmp_001,pl_006,cr_002,click,2026-08-21 01:44:44.206114815,0.29797595777893954,1787.8557466736372
ord_3d1a6ce6c8dc,263,2026-08-25 03:19:38,6000.0,time_decay,t_000302,cmp_004,pl_003,cr_000,click,2026-08-21 23:34:29.277670855,0.3676617462960453,2205.9704777762718
ord_3d5b4f37c4c9,60,2026-09-05 19:44:33,8950.0,time_decay,t_000948,cmp_002,pl_008,cr_001,click,2026-09-01 16:22:24.721345733,1.0,8950.0
ord_3d681b7851ef,239,2026-08-31 17:06:09,8450.0,time_decay,t_000257,cmp_001,pl_006,cr_002,click,2026-08-25 14:51:12.933324279,1.0,8450.0
ord_3e34ca82d5e8,583,2026-08-25 04:27:38,8950.0,time_decay,t_000908,cmp_003,pl_009,cr_000,click,2026-08-19 13:12:57.281637545,1.0,8950.0
ord_3e7123b8033f,11,2026-08-27 20:09:27,6975.0,time_decay,t_000019,cmp_000,pl_004,cr_003,bot_start,2026-08-22 09:49:42.432044547,1.0,6975.0
ord_3e8a07bb68ef,284,2026-08-30 11:56:49,6975.0,time_decay,t_000350,cmp_003,pl_007,cr_003,click,2026-08-28 18:38:02.350013115,0.49285538117460936,3437.6662836929004
ord_3e8a07bb68ef,284,2026-08-30 11:56:49,6975.0,time_decay,t_000349,cmp_003,pl_007,cr_003,lead,2026-08-28 21:36:09.899830300,0.5071446188253906,3537.3337163070996
ord_3ea971128aef,170,2026-08-12 17:51:00,6000.0,time_decay,t_000126,cmp_003,pl_009,cr_000,click,2026-08-08 10:21:52.390834891,1.0,6000.0
ord_3f57b26c130a,576,2026-09-04 17:26:34,7475.0,time_decay,t_000894,cmp_002,pl_002,cr_002,bot_start,2026-08-31 11:53:24.427952930,0.3470122321119582,2593.9164350368874
ord_3f57b26c130a,576,2026-09-04 17:26:34,7475.0,time_decay,t_000895,cmp_002,pl_005,cr_004,click,2026-09-03 05:33:32.828948824,0.6529877678880418,4881.083564963113
ord_3ffcaf32e951,77,2026-08-31 17:54:30,8450.0,time_decay,t_000987,cmp_000,pl_001,cr_004,lead,2026-08-27 17:38:46.279569771,1.0,8450.0
ord_40823b74df5a,589,2026-08-09 18:06:31,5990.0,time_decay,t_000918,cmp_002,pl_002,cr_002,bot_start,2026-08-08 05:32:48.422973629,1.0,5990.0
ord_40c9525b5cf0,278,2026-09-06 17:31:06,14950.0,time_decay,t_000337,cmp_004,pl_003,cr_000,lead,2026-08-31 09:17:11.642738400,0.28523100703744614,4264.20355520982
ord_40c9525b5cf0,278,2026-09-06 17:31:06,14950.0,time_decay,t_000336,cmp_002,pl_008,cr_001,click,2026-09-01 01:22:31.141802230,0.3330146581287311,4978.56913902453
ord_40c9525b5cf0,278,2026-09-06 17:31:06,14950.0,time_decay,t_000338,cmp_002,pl_005,cr_004,click,2026-09-01 15:33:48.797778950,0.38175433483382276,5707.22730576565
ord_4178ae8f2bc4,410,2026-08-08 16:51:05,6490.0,time_decay,t_000571,cmp_000,pl_004,cr_003,click,2026-08-04 05:42:03.082065315,1.0,6490.0
ord_41c9d34122a1,251,2026-09-06 18:05:45,9950.0,time_decay,t_000278,cmp_002,pl_002,cr_002,click,2026-09-05 02:35:39.769403572,1.0,9950.0
ord_42324b2e3165,429,2026-09-08 13:04:06,9950.0,time_decay,t_000606,cmp_002,pl_000,cr_000,click,2026-09-06 13:42:12.037084699,1.0,9950.0
ord_44324f227c51,1,2026-09-04 19:30:57,8950.0,time_decay,t_000000,cmp_000,pl_001,cr_004,bot_start,2026-09-01 11:19:12.482361299,1.0,8950.0
ord_44a00d353e72,217,2026-08-10 14:24:20,6950.0,time_decay,t_000210,cmp_000,pl_001,cr_004,lead,2026-08-06 23:17:34.463272761,1.0,6950.0
ord_44c6df702db1,111,2026-08-24 16:49:26,8950.0,time_decay,t_000022,cmp_000,pl_004,cr_003,click,2026-08-23 12:41:34.893327015,1.0,8950.0
ord_459a77c0a24f,22,2026-09-06 14:41:56,8450.0,time_decay,t_000216,cmp_001,pl_006,cr_002,click,2026-08-31 13:47:50.338582442,1.0,8450.0
ord_45b32cd1647c,395,2026-09-03 11:18:32,8950.0,time_decay,t_000541,cmp_003,pl_009,cr_000,click,2026-08-27 13:22:54.589969091,0.11288840277890948,1010.3512048712398
ord_45b32cd1647c,395,2026-09-03 11:18:32,8950.0,time_decay,t_000542,cmp_001,pl_006,cr_002,click,2026-09-02 08:50:03.688962424,0.4322116449605059,3868.294222396528
ord_45b32cd1647c,395,2026-09-03 11:18:32,8950.0,time_decay,t_000540,cmp_002,pl_005,cr_004,click,2026-09-02 14:08:55.588385276,0.4548999522605846,4071.354572732232
ord_45ba707a0222,343,2026-09-01 19:07:54,8950.0,time_decay,t_000456,cmp_002,pl_008,cr_001,click,2026-08-26 10:07:21.407572460,1.0,8950.0
ord_45c4aa5642cb,528,2026-09-06 16:54:20,8950.0,time_decay,t_000802,cmp_002,pl_008,cr_001,click,2026-08-31 01:37:07.804835483,0.17249686426546296,1543.8469351758936
ord_45c4aa5642cb,528,2026-09-06 16:54:20,8950.0,time_decay,t_000801,cmp_002,pl_000,cr_000,click,2026-09-02 21:53:44.588824111,0.3328472382544503,2978.98278237733
ord_45c4aa5642cb,528,2026-09-06 16:54:20,8950.0,time_decay,t_000803,cmp_001,pl_006,cr_002,click,2026-09-04 15:02:54.257476457,0.49465589748008676,4427.170282446777
ord_45e8876f6cfa,396,2026-09-06 19:15:37,9950.0,time_decay,t_000543,cmp_003,pl_007,cr_003,bot_start,2026-09-03 00:03:45.598225466,1.0,9950.0
ord_469d6cee2a43,469,2026-08-08 19:45:24,4950.0,time_decay,t_000690,cmp_000,pl_001,cr_004,bot_start,2026-08-08 02:06:21.538884958,0.4940075779465456,2445.3375108354007
ord_469d6cee2a43,469,2026-08-08 19:45:24,4950.0,time_decay,t_000691,cmp_002,pl_008,cr_001,click,2026-08-08 04:35:45.350400556,0.5059924220534544,2504.6624891645993
ord_46a2d9571a52,496,2026-08-22 15:01:37,8950.0,time_decay,t_000739,cmp_000,pl_001,cr_004,click,2026-08-19 05:04:02.839909810,0.48545253854428844,4344.800219971382
ord_46a2d9571a52,496,2026-08-22 15:01:37,8950.0,time_decay,t_000738,cmp_002,pl_005,cr_004,click,2026-08-19 11:06:48.875410085,0.5145474614557115,4605.199780028618
ord_46c5cdbb3aa4,270,2026-09-05 14:08:51,8950.0,time_decay,t_000316,cmp_003,pl_007,cr_003,bot_start,2026-09-01 05:26:27.454880233,0.2335698613951234,2090.4502594863543
ord_46c5cdbb3aa4,270,2026-09-05 14:08:51,8950.0,time_decay,t_000318,cmp_004,pl_003,cr_000,click,2026-09-01 22:59:32.589555005,0.27656602501302185,2475.2659238665456
ord_46c5cdbb3aa4,270,2026-09-05 14:08:51,8950.0,time_decay,t_000317,cmp_002,pl_005,cr_004,bot_start,2026-09-04 10:22:29.777210576,0.4898641135918547,4384.2838166471
ord_46e1826d8353,467,2026-08-10 13:55:50,6490.0,time_decay,t_000686,cmp_002,pl_000,cr_000,click,2026-08-04 18:47:00.827174015,1.0,6490.0
ord_46ef084e2b55,477,2026-08-06 14:52:49,500.0,time_decay,t_000702,cmp_001,pl_006,cr_002,bot_start,2026-08-05 21:30:10.090425121,1.0,500.0
ord_47c290f44a1a,280,2026-08-05 16:37:02,8245.0,time_decay,t_000342,cmp_000,pl_001,cr_004,lead,2026-08-04 22:28:05.686893712,0.49771499310727524,4103.660118169484
ord_47c290f44a1a,280,2026-08-05 16:37:02,8245.0,time_decay,t_000341,cmp_004,pl_003,cr_000,click,2026-08-04 23:25:03.592507266,0.5022850068927248,4141.339881830516
ord_484d54f2d8da,543,2026-08-09 14:01:24,4950.0,time_decay,t_000830,cmp_004,pl_003,cr_000,click,2026-08-08 19:42:57.427329690,1.0,4950.0
ord_485909dd6b46,341,2026-08-23 11:59:04,8950.0,time_decay,t_000454,cmp_002,pl_000,cr_000,click,2026-08-19 01:21:36.346154247,1.0,8950.0
ord_488ff8b4746b,322,2026-08-28 14:03:47,14950.0,time_decay,t_000420,cmp_003,pl_009,cr_000,click,2026-08-26 17:01:35.752997321,1.0,14950.0
ord_48af7745d102,370,2026-08-22 11:14:12,5750.0,time_decay,t_000502,cmp_002,pl_005,cr_004,click,2026-08-18 18:04:44.514215948,1.0,5750.0
ord_48dcf1cb9c5f,457,2026-08-09 10:16:31,6490.0,time_decay,t_000670,cmp_000,pl_001,cr_004,bot_start,2026-08-04 10:20:28.331936365,1.0,6490.0
ord_491116105b95,501,2026-08-20 14:06:32,8745.0,time_decay,t_000753,cmp_001,pl_006,cr_002,click,2026-08-16 13:35:51.618153931,1.0,8745.0
ord_49512fb1252c,288,2026-09-02 08:57:12,8945.0,time_decay,t_000355,cmp_002,pl_008,cr_001,bot_start,2026-08-28 15:50:12.017418938,0.4181381956384173,3740.246159985643
ord_49512fb1252c,288,2026-09-02 08:57:12,8945.0,time_decay,t_000356,cmp_002,pl_008,cr_001,bot_start,2026-08-30 02:09:31.804653417,0.5818618043615826,5204.753840014357
ord_49bfe678cd06,69,2026-08-22 04:22:43,6950.0,time_decay,t_000972,cmp_002,pl_000,cr_000,lead,2026-08-19 15:15:27.246599355,1.0,6950.0
ord_49e8ed9709f3,282,2026-08-09 18:55:57,8745.0,time_decay,t_000345,cmp_002,pl_008,cr_001,click,2026-08-04 22:46:20.044445299,0.1854591927106279,1621.840640254441
ord_49e8ed9709f3,282,2026-08-09 18:55:57,8745.0,time_decay,t_000344,cmp_000,pl_001,cr_004,bot_start,2026-08-07 23:26:28.351496082,0.3733148991068326,3264.6387926892507
ord_49e8ed9709f3,282,2026-08-09 18:55:57,8745.0,time_decay,t_000346,cmp_001,pl_006,cr_002,click,2026-08-08 16:48:07.800726498,0.4412259081825395,3858.5205670563078
ord_49fa4fa4cd01,55,2026-09-06 15:35:13,2237.5,time_decay,t_000843,cmp_003,pl_009,cr_000,click,2026-09-02 04:25:23.236057338,1.0,2237.5
ord_4af0089bc92c,29,2026-08-28 18:20:56,8450.0,time_decay,t_000361,cmp_000,pl_001,cr_004,click,2026-08-22 10:46:39.282735036,0.19622101111050827,1658.0675438837948
ord_4af0089bc92c,29,2026-08-28 18:20:56,8450.0,time_decay,t_000359,cmp_002,pl_005,cr_004,click,2026-08-23 10:05:49.521894185,0.24560869359238496,2075.393460855653
ord_4af0089bc92c,29,2026-08-28 18:20:56,8450.0,time_decay,t_000360,cmp_002,pl_002,cr_002,bot_start,2026-08-26 23:22:11.414560818,0.5581702952971068,4716.538995260553
ord_4af01b1e16da,174,2026-09-05 18:41:16,14950.0,time_decay,t_000134,cmp_001,pl_006,cr_002,lead,2026-09-05 02:48:55.329181922,1.0,14950.0
ord_4b9ab0edfa9e,74,2026-09-06 10:34:28,8450.0,time_decay,t_000983,cmp_003,pl_007,cr_003,click,2026-08-31 00:36:01.639008481,1.0,8450.0
ord_4c563cee6cb3,15,2026-09-04 15:26:00,8450.0,time_decay,t_000089,cmp_001,pl_006,cr_002,bot_start,2026-08-30 19:35:11.452202569,0.2965225985111131,2505.615957418906
ord_4c563cee6cb3,15,2026-09-04 15:26:00,8450.0,time_decay,t_000090,cmp_003,pl_009,cr_000,bot_start,2026-09-03 13:19:28.487725712,0.7034774014888869,5944.384042581095
ord_4cc6f99685d5,150,2026-09-06 13:11:45,8950.0,time_decay,t_000091,cmp_002,pl_002,cr_002,bot_start,2026-09-05 02:53:03.914906418,1.0,8950.0
ord_4d5933cfffc8,94,2026-09-04 18:49:47,8950.0,time_decay,t_001020,cmp_001,pl_006,cr_002,click,2026-08-31 14:17:30.759074536,1.0,8950.0
ord_4d739afa5f94,509,2026-09-07 16:51:31,18900.0,time_decay,t_000768,cmp_003,pl_007,cr_003,click,2026-09-07 00:40:08.795678119,1.0,18900.0
ord_4d7f346be903,119,2026-09-07 11:34:36,8950.0,time_decay,t_000031,cmp_000,pl_001,cr_004,bot_start,2026-09-04 13:42:46.045382855,1.0,8950.0
ord_4dc7e574f51a,320,2026-08-08 19:54:31,9990.0,time_decay,t_000417,cmp_000,pl_001,cr_004,click,2026-08-04 04:00:00.338482596,0.4628074407706973,4623.446333299266
ord_4dc7e574f51a,320,2026-08-08 19:54:31,9990.0,time_decay,t_000418,cmp_000,pl_004,cr_003,click,2026-08-04 19:28:55.404873344,0.5371925592293028,5366.5536667007345
ord_4ecca7af4cf8,338,2026-08-23 06:47:37,14950.0,time_decay,t_000450,cmp_003,pl_007,cr_003,bot_start,2026-08-21 13:21:16.222847759,1.0,14950.0
ord_4eceeff432e9,480,2026-08-04 16:17:19,15695.0,time_decay,,,,,organic,,0.0,0.0
ord_4ed18a25fb1f,56,2026-09-06 12:12:33,7475.0,time_decay,t_000864,cmp_004,pl_003,cr_000,bot_start,2026-09-05 12:42:36.301986897,1.0,7475.0
ord_4f11c848d852,161,2026-08-08 19:49:42,9990.0,time_decay,t_000109,cmp_004,pl_003,cr_000,bot_start,2026-08-04 15:33:02.748862184,1.0,9990.0
ord_4f30cb642bc2,228,2026-08-09 19:02:28,6450.0,time_decay,t_000231,cmp_001,pl_006,cr_002,bot_start,2026-08-04 09:54:37.050807287,0.21293797785095217,1373.4499571386416
ord_4f30cb642bc2,228,2026-08-09 19:02:28,6450.0,time_decay,t_000230,cmp_003,pl_009,cr_000,bot_start,2026-08-07 01:37:34.095103151,0.3932305967910806,2536.3373493024696
ord_4f30cb642bc2,228,2026-08-09 19:02:28,6450.0,time_decay,t_000229,cmp_002,pl_008,cr_001,click,2026-08-07 01:47:05.022958422,0.39383142535796734,2540.2126935588894
ord_4f582873a606,393,2026-08-29 09:45:18,9450.0,time_decay,t_000538,cmp_002,pl_000,cr_000,bot_start,2026-08-27 04:53:56.996044445,1.0,9450.0
ord_4f5ff86ccdec,145,2026-08-30 13:06:05,8950.0,time_decay,t_000081,cmp_002,pl_000,cr_000,click,2026-08-27 04:47:18.092709181,1.0,8950.0
ord_4fac11f0a106,415,2026-08-09 04:51:42,4995.0,time_decay,t_000580,cmp_000,pl_004,cr_003,click,2026-08-05 06:33:01.419884523,0.2121389159529746,1059.633885185108
ord_4fac11f0a106,415,2026-08-09 04:51:42,4995.0,time_decay,t_000581,cmp_002,pl_008,cr_001,click,2026-08-07 21:32:31.388220603,0.38903324276876194,1943.2210476299658
ord_4fac11f0a106,415,2026-08-09 04:51:42,4995.0,time_decay,t_000579,cmp_003,pl_009,cr_000,click,2026-08-08 00:07:29.588494675,0.39882784127826343,1992.145067184926
ord_4ff3d6061046,361,2026-08-17 10:53:42,17490.0,time_decay,t_000487,cmp_002,pl_000,cr_000,click,2026-08-10 19:52:47.772745934,1.0,17490.0
ord_4ff6a1c6f9cf,314,2026-08-28 18:44:36,8950.0,time_decay,t_000406,cmp_003,pl_007,cr_003,lead,2026-08-25 04:48:35.374542456,0.47690427163392635,4268.293231123641
ord_4ff6a1c6f9cf,314,2026-08-28 18:44:36,8950.0,time_decay,t_000407,cmp_002,pl_002,cr_002,bot_start,2026-08-25 14:24:46.248130679,0.5230957283660737,4681.706768876359
ord_50248996c935,124,2026-09-04 06:34:32,9950.0,time_decay,t_000041,cmp_002,pl_000,cr_000,click,2026-09-02 23:34:10.865400617,1.0,9950.0
ord_51aaa0b2c519,83,2026-08-10 07:52:44,6490.0,time_decay,t_001001,cmp_003,pl_007,cr_003,click,2026-08-07 08:07:52.355677697,0.45216772260932026,2934.5685197344883
ord_51aaa0b2c519,83,2026-08-10 07:52:44,6490.0,time_decay,t_001002,cmp_002,pl_000,cr_000,click,2026-08-08 04:03:58.681985156,0.5478322773906797,3555.4314802655117
ord_51b61aa19c4c,575,2026-08-19 09:21:46,24735.0,time_decay,t_000892,cmp_001,pl_006,cr_002,click,2026-08-14 00:03:30.594554590,0.1521096275814474,3762.4316382271013
ord_51b61aa19c4c,575,2026-08-19 09:21:46,24735.0,time_decay,t_000891,cmp_002,pl_002,cr_002,click,2026-08-18 06:58:14.108850695,0.4096653904082288,10133.07343174754
ord_51b61aa19c4c,575,2026-08-19 09:21:46,24735.0,time_decay,t_000893,cmp_002,pl_002,cr_002,click,2026-08-18 13:58:15.014288037,0.4382249820103238,10839.49493002536
ord_52b9f1d19dc9,602,2026-09-05 17:42:39,8450.0,time_decay,t_000952,cmp_000,pl_004,cr_003,bot_start,2026-09-03 23:55:57.901685040,1.0,8450.0
ord_532f25f3d6a8,233,2026-08-08 18:51:08,6490.0,time_decay,t_000245,cmp_000,pl_001,cr_004,bot_start,2026-08-04 05:55:13.184592339,0.3910850850094975,2538.142201711639
ord_532f25f3d6a8,233,2026-08-08 18:51:08,6490.0,time_decay,t_000244,cmp_000,pl_001,cr_004,click,2026-08-06 03:54:39.293155529,0.6089149149905025,3951.8577982883617
ord_539cd3463fa1,524,2026-09-01 11:54:01,8945.0,time_decay,t_000793,cmp_002,pl_002,cr_002,bot_start,2026-08-25 17:09:28.668114549,0.33074230843076674,2958.4899489132085
ord_539cd3463fa1,524,2026-09-01 11:54:01,8945.0,time_decay,t_000794,cmp_000,pl_004,cr_003,click,2026-08-28 18:22:17.278845593,0.6692576915692332,5986.5100510867915
ord_54120da32129,507,2026-08-08 20:12:46,6490.0,time_decay,t_000763,cmp_002,pl_000,cr_000,bot_start,2026-08-07 20:15:25.727729185,1.0,6490.0
ord_5415f0b9b61c,180,2026-09-06 16:23:30,2237.5,time_decay,t_000148,cmp_002,pl_008,cr_001,click,2026-09-01 18:44:05.396516955,0.1757137640863952,393.1595471433092
ord_5415f0b9b61c,180,2026-09-06 16:23:30,2237.5,time_decay,t_000146,cmp_000,pl_001,cr_004,bot_start,2026-09-04 15:48:15.059512167,0.34165109363221147,764.4443220020731
ord_5415f0b9b61c,180,2026-09-06 16:23:30,2237.5,time_decay,t_000147,cmp_002,pl_002,cr_002,click,2026-09-06 03:41:22.729833888,0.48263514228139326,1079.8961308546175
ord_552bf3c19d58,355,2026-09-02 14:30:26,8450.0,time_decay,t_000478,cmp_000,pl_004,cr_003,click,2026-08-27 15:02:27.726318286,0.4284310809997022,3620.2426344474834
ord_552bf3c19d58,355,2026-09-02 14:30:26,8450.0,time_decay,t_000479,cmp_002,pl_008,cr_001,click,2026-08-28 20:58:59.758414520,0.5715689190002978,4829.757365552517
ord_555c2fc09147,267,2026-08-31 08:26:17,8950.0,time_decay,t_000310,cmp_003,pl_009,cr_000,click,2026-08-27 02:07:03.222100264,0.43043455638440514,3852.389279640426
ord_555c2fc09147,267,2026-08-31 08:26:17,8950.0,time_decay,t_000309,cmp_001,pl_006,cr_002,lead,2026-08-28 07:12:37.573236808,0.5695654436155948,5097.610720359574
ord_5617a1c37eba,433,2026-08-09 19:40:37,9900.0,time_decay,t_000615,cmp_003,pl_009,cr_000,click,2026-08-07 14:44:39.633712797,0.4139860283675004,4098.461680838254
ord_5617a1c37eba,433,2026-08-09 19:40:37,9900.0,time_decay,t_000616,cmp_002,pl_000,cr_000,bot_start,2026-08-09 02:50:30.326788995,0.5860139716324996,5801.538319161746
ord_576fefc9db04,519,2026-08-10 16:09:27,14850.0,time_decay,t_000785,cmp_000,pl_001,cr_004,click,2026-08-09 16:57:36.984537073,1.0,14850.0
ord_57c16afa67f8,331,2026-08-09 16:31:09,9990.0,time_decay,t_000434,cmp_002,pl_005,cr_004,bot_start,2026-08-05 18:02:54.926598384,0.24636112433510143,2461.1476321076634
ord_57c16afa67f8,331,2026-08-09 16:31:09,9990.0,time_decay,t_000436,cmp_003,pl_007,cr_003,lead,2026-08-06 01:23:27.163501886,0.2644052531022963,2641.40847849194
ord_57c16afa67f8,331,2026-08-09 16:31:09,9990.0,time_decay,t_000435,cmp_003,pl_009,cr_000,click,2026-08-08 17:18:37.851590931,0.48923362256260233,4887.443889400397
ord_57c6ba30ef10,186,2026-08-10 06:13:10,4950.0,time_decay,t_000159,cmp_002,pl_005,cr_004,bot_start,2026-08-04 12:42:32.433576630,1.0,4950.0
ord_57cb67eb8076,498,2026-08-10 18:10:53,9000.0,time_decay,t_000744,cmp_000,pl_004,cr_003,lead,2026-08-04 13:42:32.316559692,0.3792786394680819,3413.507755212737
ord_57cb67eb8076,498,2026-08-10 18:10:53,9000.0,time_decay,t_000743,cmp_000,pl_004,cr_003,lead,2026-08-06 16:52:42.560728930,0.6207213605319181,5586.492244787262
ord_5812a74605dc,441,2026-08-16 09:40:30,8745.0,time_decay,t_000643,cmp_000,pl_004,cr_003,click,2026-08-12 02:52:59.289290398,0.2930589112443145,2562.80017883153
ord_5812a74605dc,441,2026-08-16 09:40:30,8745.0,time_decay,t_000641,cmp_003,pl_007,cr_003,bot_start,2026-08-12 20:46:49.276591665,0.34816307141874864,3044.686059556957
ord_5812a74605dc,441,2026-08-16 09:40:30,8745.0,time_decay,t_000642,cmp_002,pl_005,cr_004,click,2026-08-12 23:53:59.974232317,0.35877801733693676,3137.513761611512
ord_583e321a8c9c,72,2026-09-07 19:19:58,13950.0,time_decay,t_000981,cmp_000,pl_004,cr_003,bot_start,2026-09-01 00:30:31.956469018,0.311263254475356,4342.122399931217
ord_583e321a8c9c,72,2026-09-07 19:19:58,13950.0,time_decay,t_000980,cmp_002,pl_008,cr_001,click,2026-09-01 02:35:57.188356234,0.31759050986328335,4430.387612592803
ord_583e321a8c9c,72,2026-09-07 19:19:58,13950.0,time_decay,t_000979,cmp_001,pl_006,cr_002,click,2026-09-01 18:47:10.515106288,0.37114623566136057,5177.48998747598
ord_586c838ba61d,559,2026-08-23 04:11:37,8450.0,time_decay,t_000863,cmp_002,pl_002,cr_002,bot_start,2026-08-20 03:49:08.187865459,0.4700127201491987,3971.607485260729
ord_586c838ba61d,559,2026-08-23 04:11:37,8450.0,time_decay,t_000862,cmp_002,pl_008,cr_001,click,2026-08-20 16:17:36.643995456,0.5299872798508012,4478.39251473927
ord_58a3d10d1fef,271,2026-09-03 12:55:50,14950.0,time_decay,t_000321,cmp_003,pl_007,cr_003,click,2026-08-28 08:32:03.881642369,0.19347708973791145,2892.4824915817762
ord_58a3d10d1fef,271,2026-09-03 12:55:50,14950.0,time_decay,t_000320,cmp_000,pl_004,cr_003,click,2026-08-28 14:14:48.212442158,0.2044149111413613,3056.0029215633513
ord_58a3d10d1fef,271,2026-09-03 12:55:50,14950.0,time_decay,t_000319,cmp_000,pl_001,cr_004,bot_start,2026-09-02 06:27:37.074886860,0.6021079991207272,9001.514586854872
ord_590bb4ff7f1a,274,2026-08-30 23:37:30,6975.0,time_decay,t_000326,cmp_004,pl_003,cr_000,bot_start,2026-08-26 05:57:52.426807708,0.20331967797044226,1418.1547538438347
ord_590bb4ff7f1a,274,2026-08-30 23:37:30,6975.0,time_decay,t_000327,cmp_002,pl_008,cr_001,click,2026-08-27 16:41:48.930245677,0.2840497766264826,1981.2471919697164
ord_590bb4ff7f1a,274,2026-08-30 23:37:30,6975.0,time_decay,t_000328,cmp_001,pl_006,cr_002,click,2026-08-30 06:01:29.185618268,0.5126305454030751,3575.5980541864487
ord_590ced3b4422,334,2026-08-07 11:16:14,19900.0,time_decay,t_000442,cmp_004,pl_003,cr_000,bot_start,2026-08-04 12:00:18.113700673,1.0,19900.0
ord_59258fb63126,136,2026-08-27 08:57:04,14950.0,time_decay,t_000060,cmp_002,pl_005,cr_004,bot_start,2026-08-26 05:05:25.059329274,1.0,14950.0
ord_59550e84122a,86,2026-08-10 16:16:30,4950.0,time_decay,t_001006,cmp_003,pl_009,cr_000,click,2026-08-06 18:33:53.821361878,1.0,4950.0
ord_5956830270d2,437,2026-08-22 08:23:59,8950.0,time_decay,t_000629,cmp_004,pl_003,cr_000,lead,2026-08-16 12:00:04.226535179,1.0,8950.0
ord_5965176b6287,345,2026-09-03 16:33:15,8950.0,time_decay,t_000460,cmp_002,pl_002,cr_002,click,2026-08-29 13:34:27.510326209,0.1946258218210098,1741.9011052980377
ord_5965176b6287,345,2026-09-03 16:33:15,8950.0,time_decay,t_000458,cmp_002,pl_002,cr_002,click,2026-08-31 02:06:20.997757593,0.2766545043009339,2476.0578134933585
ord_5965176b6287,345,2026-09-03 16:33:15,8950.0,time_decay,t_000459,cmp_003,pl_007,cr_003,click,2026-09-02 21:23:02.039170578,0.5287196738780563,4732.041081208604
ord_5aa9a464ab35,231,2026-09-01 18:08:01,41225.0,time_decay,t_000241,cmp_000,pl_001,cr_004,lead,2026-08-28 22:44:23.580376440,0.2931675438241086,12085.831994148877
ord_5aa9a464ab35,231,2026-09-01 18:08:01,41225.0,time_decay,t_000240,cmp_003,pl_009,cr_000,click,2026-08-29 15:14:37.461366724,0.34365134679346626,14167.026771560646
ord_5aa9a464ab35,231,2026-09-01 18:08:01,41225.0,time_decay,t_000239,cmp_004,pl_003,cr_000,bot_start,2026-08-29 20:59:06.989626650,0.3631811093824253,14972.141234290484
ord_5ab977ff1ef1,550,2026-08-09 16:24:42,5463.34,time_decay,t_000844,cmp_002,pl_008,cr_001,click,2026-08-04 09:56:11.983096236,0.29176692712263086,1594.0219236261541
ord_5ab977ff1ef1,550,2026-08-09 16:24:42,5463.34,time_decay,t_000845,cmp_004,pl_003,cr_000,bot_start,2026-08-04 23:48:41.258796913,0.3334618912697032,1821.8156890494204
ord_5ab977ff1ef1,550,2026-08-09 16:24:42,5463.34,time_decay,t_000846,cmp_002,pl_000,cr_000,click,2026-08-05 11:56:33.380341495,0.374771181607666,2047.5023873244259
ord_5af96e51050b,245,2026-09-05 15:54:58,8950.0,time_decay,t_000267,cmp_000,pl_001,cr_004,bot_start,2026-09-04 19:53:41.002800829,1.0,8950.0
ord_5b6c7d4a2790,157,2026-08-31 06:39:53,14950.0,time_decay,t_000102,cmp_000,pl_001,cr_004,click,2026-08-24 15:05:05.666881774,0.2893800454983433,4326.231680200232
ord_5b6c7d4a2790,157,2026-08-31 06:39:53,14950.0,time_decay,t_000104,cmp_002,pl_005,cr_004,click,2026-08-24 15:55:55.179514997,0.29174957165943294,4361.656096308522
ord_5b6c7d4a2790,157,2026-08-31 06:39:53,14950.0,time_decay,t_000103,cmp_000,pl_004,cr_003,bot_start,2026-08-26 05:29:58.829518781,0.4188703828422237,6262.112223491245
ord_5be8f3daa5c9,533,2026-09-05 10:24:14,8450.0,time_decay,t_000811,cmp_002,pl_005,cr_004,click,2026-08-31 17:24:28.081872800,1.0,8450.0
ord_5bfb4e5340dd,522,2026-08-17 16:24:17,6950.0,time_decay,t_000791,cmp_002,pl_008,cr_001,click,2026-08-13 02:21:44.524476918,1.0,6950.0
ord_5c7df7cf31eb,264,2026-09-02 18:37:57,8450.0,time_decay,t_000304,cmp_001,pl_006,cr_002,click,2026-08-30 08:16:09.285495961,1.0,8450.0
ord_5cef4c62a827,386,2026-08-19 13:53:46,7000.0,time_decay,t_000527,cmp_004,pl_003,cr_000,click,2026-08-13 06:19:06.428509007,1.0,7000.0
ord_5d605f891c4d,376,2026-09-03 15:43:04,6950.0,time_decay,t_000510,cmp_004,pl_003,cr_000,bot_start,2026-09-01 20:11:16.609032129,1.0,6950.0
ord_5e0c6a753190,600,2026-08-22 15:48:13,7450.0,time_decay,t_000949,cmp_002,pl_000,cr_000,click,2026-08-18 16:54:02.938508166,1.0,7450.0
ord_5e68f325058b,451,2026-08-08 16:24:46,8245.0,time_decay,t_000660,cmp_002,pl_008,cr_001,bot_start,2026-08-05 20:09:52.633788283,0.4307679874411318,3551.6820564521317
ord_5e68f325058b,451,2026-08-08 16:24:46,8245.0,time_decay,t_000659,cmp_004,pl_003,cr_000,bot_start,2026-08-07 01:06:58.446467027,0.5692320125588681,4693.317943547868
ord_5e9f45e4ab10,44,2026-09-06 12:29:18,6975.0,time_decay,t_000637,cmp_000,pl_001,cr_004,click,2026-08-30 13:33:53.678697776,0.4275443958434173,2982.1221610078355
ord_5e9f45e4ab10,44,2026-09-06 12:29:18,6975.0,time_decay,t_000636,cmp_003,pl_007,cr_003,bot_start,2026-08-31 19:53:00.096728996,0.5724556041565827,3992.8778389921645
ord_5ef8606e1419,344,2026-09-06 14:48:52,8950.0,time_decay,t_000457,cmp_002,pl_008,cr_001,bot_start,2026-09-01 19:51:23.725236437,1.0,8950.0
ord_5f015d177d1e,23,2026-09-06 15:39:44,2237.5,time_decay,t_000236,cmp_003,pl_007,cr_003,click,2026-09-02 06:06:35.087668300,0.44815056675433695,1002.736893112829
ord_5f015d177d1e,23,2026-09-06 15:39:44,2237.5,time_decay,t_000235,cmp_000,pl_004,cr_003,bot_start,2026-09-03 03:43:50.560025004,0.551849433245663,1234.763106887171
ord_5f20ace6fc1f,389,2026-08-09 10:18:12,9900.0,time_decay,t_000532,cmp_003,pl_009,cr_000,click,2026-08-05 23:43:15.948116800,0.17411290347775432,1723.717744429768
ord_5f20ace6fc1f,389,2026-08-09 10:18:12,9900.0,time_decay,t_000531,cmp_001,pl_006,cr_002,click,2026-08-06 21:12:26.681503452,0.2141236520268518,2119.8241550658327
ord_5f20ace6fc1f,389,2026-08-09 10:18:12,9900.0,time_decay,t_000530,cmp_000,pl_001,cr_004,lead,2026-08-08 04:30:58.822146517,0.28944523086642143,2865.507785577572
ord_5f20ace6fc1f,389,2026-08-09 10:18:12,9900.0,time_decay,t_000533,cmp_002,pl_005,cr_004,bot_start,2026-08-08 15:41:25.451443711,0.3223182136289725,3190.950314926828
ord_5f2e1c033a34,549,2026-08-24 05:25:17,16445.0,time_decay,t_000842,cmp_003,pl_007,cr_003,click,2026-08-20 11:40:29.854392559,1.0,16445.0
ord_5f545fd4862d,27,2026-08-29 14:47:39,8950.0,time_decay,t_000315,cmp_000,pl_004,cr_003,click,2026-08-25 21:19:33.787079929,1.0,8950.0
ord_5f7de6c74100,365,2026-08-09 16:15:08,6490.0,time_decay,t_000493,cmp_002,pl_002,cr_002,click,2026-08-04 06:22:45.933306965,1.0,6490.0
ord_5fa8a844e62f,184,2026-08-09 17:20:07,4950.0,time_decay,t_000156,cmp_004,pl_003,cr_000,click,2026-08-07 21:49:35.572433981,1.0,4950.0
ord_602d73de5f86,418,2026-08-26 04:03:43,14950.0,time_decay,t_000586,cmp_002,pl_005,cr_004,lead,2026-08-20 18:06:25.553248290,0.30862463083317776,4613.938230956008
ord_602d73de5f86,418,2026-08-26 04:03:43,14950.0,time_decay,t_000584,cmp_001,pl_006,cr_002,lead,2026-08-21 03:17:14.111516312,0.3371417651267647,5040.2693886451325
ord_602d73de5f86,418,2026-08-26 04:03:43,14950.0,time_decay,t_000585,cmp_002,pl_000,cr_000,click,2026-08-21 08:25:26.921887323,0.35423360404005766,5295.792380398862
ord_62b6a483edc0,5,2026-08-22 16:19:00,5750.0,time_decay,t_000748,cmp_000,pl_001,cr_004,click,2026-08-17 23:28:26.575426469,0.37341889324742117,2147.158636172672
ord_62b6a483edc0,5,2026-08-22 16:19:00,5750.0,time_decay,t_000749,cmp_002,pl_000,cr_000,click,2026-08-20 05:14:12.860278131,0.6265811067525787,3602.8413638273278
ord_6358eee5bb3a,357,2026-08-24 02:46:33,9950.0,time_decay,t_000482,cmp_002,pl_000,cr_000,click,2026-08-20 05:21:47.194278739,1.0,9950.0
ord_637f0af7f1cd,516,2026-08-08 16:59:49,9900.0,time_decay,t_000779,cmp_002,pl_000,cr_000,click,2026-08-04 06:50:12.309254352,1.0,9900.0
ord_64164c46bfc0,155,2026-09-05 10:20:56,14950.0,time_decay,t_000100,cmp_001,pl_006,cr_002,click,2026-08-31 09:32:04.835087492,0.17786894030479694,2659.1406575567144
ord_64164c46bfc0,155,2026-09-05 10:20:56,14950.0,time_decay,t_000098,cmp_002,pl_008,cr_001,bot_start,2026-09-03 04:06:37.885259924,0.33763843746634176,5047.694640121809
ord_64164c46bfc0,155,2026-09-05 10:20:56,14950.0,time_decay,t_000099,cmp_002,pl_000,cr_000,bot_start,2026-09-04 17:37:19.930232579,0.48449262222886136,7243.164702321477
ord_655db1f60a22,471,2026-09-04 18:12:51,9950.0,time_decay,t_000694,cmp_002,pl_000,cr_000,click,2026-08-31 16:39:50.831442903,1.0,9950.0
ord_65c59780dcdc,134,2026-08-31 08:06:47,6975.0,time_decay,t_000057,cmp_003,pl_009,cr_000,bot_start,2026-08-25 03:36:44.224441044,0.22290667217949942,1554.7740384520084
ord_65c59780dcdc,134,2026-08-31 08:06:47,6975.0,time_decay,t_000058,cmp_002,pl_005,cr_004,click,2026-08-30 13:19:51.405173617,0.7770933278205006,5420.225961547992
ord_660500ab0aa9,349,2026-09-09 16:10:16,7475.0,time_decay,t_000465,cmp_001,pl_006,cr_002,lead,2026-09-09 01:23:05.285327219,1.0,7475.0
ord_661c6a5dfdd2,477,2026-08-18 15:06:11,9450.0,time_decay,t_000703,cmp_002,pl_008,cr_001,click,2026-08-13 17:56:11.560618416,1.0,9450.0
ord_6657a8b7bd30,601,2026-09-04 04:51:49,22425.0,time_decay,t_000950,cmp_003,pl_009,cr_000,click,2026-08-31 11:19:02.884329415,1.0,22425.0
ord_6696f8b1b1f9,476,2026-08-09 14:14:07,8900.0,time_decay,t_000699,cmp_000,pl_004,cr_003,bot_start,2026-08-05 09:39:24.125985001,0.24645239512139258,2193.426316580394
ord_6696f8b1b1f9,476,2026-08-09 14:14:07,8900.0,time_decay,t_000701,cmp_000,pl_001,cr_004,click,2026-08-06 03:03:38.512171078,0.29140611879468314,2593.51445727268
ord_6696f8b1b1f9,476,2026-08-09 14:14:07,8900.0,time_decay,t_000700,cmp_003,pl_009,cr_000,click,2026-08-08 02:57:45.162329427,0.4621414860839243,4113.059226146926
ord_6699eceec325,584,2026-08-10 15:33:39,6490.0,time_decay,t_000909,cmp_002,pl_002,cr_002,lead,2026-08-04 00:56:26.834689786,1.0,6490.0
ord_66f646faab4c,585,2026-08-29 19:40:39,13950.0,time_decay,t_000911,cmp_002,pl_008,cr_001,click,2026-08-23 01:37:53.583160767,0.2717635247045698,3791.101169628749
ord_66f646faab4c,585,2026-08-29 19:40:39,13950.0,time_decay,t_000912,cmp_003,pl_007,cr_003,lead,2026-08-23 21:14:36.375373215,0.3282372905223698,4578.910202787059
ord_66f646faab4c,585,2026-08-29 19:40:39,13950.0,time_decay,t_000910,cmp_001,pl_006,cr_002,click,2026-08-24 17:46:55.225440434,0.39999918477306035,5579.988627584192
ord_6788bb049619,215,2026-08-24 03:22:36,6975.0,time_decay,t_000208,cmp_002,pl_002,cr_002,click,2026-08-17 21:56:06.153242925,0.23602634128484293,1646.2837304617794
ord_6788bb049619,215,2026-08-24 03:22:36,6975.0,time_decay,t_000207,cmp_003,pl_007,cr_003,bot_start,2026-08-22 23:56:39.997933132,0.7639736587151571,5328.71626953822
ord_67c7c79589a4,366,2026-09-06 15:18:37,8950.0,time_decay,t_000494,cmp_002,pl_000,cr_000,lead,2026-09-03 09:13:12.284298781,1.0,8950.0
ord_683e175bdf9d,424,2026-08-23 17:45:31,14950.0,time_decay,t_000597,cmp_003,pl_009,cr_000,bot_start,2026-08-21 00:58:58.617382976,1.0,14950.0
ord_6848357bc0d8,219,2026-08-28 13:23:53,9950.0,time_decay,t_000215,cmp_003,pl_007,cr_003,click,2026-08-24 12:47:21.151667082,0.22823210809252698,2270.9094755206434
ord_6848357bc0d8,219,2026-08-28 13:23:53,9950.0,time_decay,t_000213,cmp_000,pl_004,cr_003,click,2026-08-26 01:54:04.598731060,0.3262430491656307,3246.1183391980253
ord_6848357bc0d8,219,2026-08-28 13:23:53,9950.0,time_decay,t_000214,cmp_000,pl_001,cr_004,bot_start,2026-08-27 10:16:10.217703003,0.4455248427418423,4432.972185281331
ord_6853af492b62,154,2026-09-06 13:40:03,8950.0,time_decay,t_000096,cmp_002,pl_002,cr_002,bot_start,2026-09-01 05:25:05.347130521,0.16767629186849844,1500.702812223061
ord_6853af492b62,154,2026-09-06 13:40:03,8950.0,time_decay,t_000097,cmp_002,pl_000,cr_000,bot_start,2026-09-05 01:27:15.383445084,0.40669807959292975,3639.9478123567214
ord_6853af492b62,154,2026-09-06 13:40:03,8950.0,time_decay,t_000095,cmp_000,pl_004,cr_003,click,2026-09-05 06:10:45.861701951,0.4256256285385718,3809.3493754202173
ord_68739e9f8a4a,604,2026-09-06 19:17:57,8950.0,time_decay,t_000954,cmp_002,pl_008,cr_001,lead,2026-08-31 01:41:27.782738613,0.20804500806235965,1862.0028221581188
ord_68739e9f8a4a,604,2026-09-06 19:17:57,8950.0,time_decay,t_000955,cmp_003,pl_007,cr_003,click,2026-09-05 20:32:40.884706998,0.7919549919376403,7087.99717784188
ord_687b58f9b32b,31,2026-09-05 11:00:21,7475.0,time_decay,t_000398,cmp_003,pl_009,cr_000,click,2026-08-30 07:41:15.940226582,1.0,7475.0
ord_688d994c970c,96,2026-08-09 16:21:43,6490.0,time_decay,t_001022,cmp_003,pl_009,cr_000,click,2026-08-07 00:11:08.639737550,1.0,6490.0
ord_690ae97f65a4,383,2026-09-04 14:11:02,8950.0,time_decay,t_000523,cmp_003,pl_009,cr_000,bot_start,2026-09-02 23:40:02.062496447,1.0,8950.0
ord_694abafc9083,197,2026-09-04 15:39:31,14950.0,time_decay,t_000176,cmp_000,pl_004,cr_003,lead,2026-09-03 06:05:54.863287802,1.0,14950.0
ord_69a14f3a5e99,534,2026-08-30 12:55:04,8450.0,time_decay,t_000812,cmp_001,pl_006,cr_002,click,2026-08-24 11:30:43.927654466,0.34366028107062335,2903.9293750467673
ord_69a14f3a5e99,534,2026-08-30 12:55:04,8450.0,time_decay,t_000813,cmp_004,pl_003,cr_000,click,2026-08-27 06:43:16.661516837,0.6563397189293766,5546.070624953232
ord_69b507cb1402,368,2026-08-24 14:21:10,8950.0,time_decay,t_000497,cmp_003,pl_009,cr_000,click,2026-08-22 21:15:40.981665107,1.0,8950.0
ord_69db2aa15c44,370,2026-08-08 14:10:35,6490.0,time_decay,t_000500,cmp_001,pl_006,cr_002,bot_start,2026-08-05 17:48:49.538404334,0.4448576201778105,2887.12595495399
ord_69db2aa15c44,370,2026-08-08 14:10:35,6490.0,time_decay,t_000501,cmp_002,pl_000,cr_000,lead,2026-08-06 16:49:07.610770277,0.5551423798221895,3602.87404504601
ord_69fa7e46bd7f,397,2026-09-05 11:02:15,8950.0,time_decay,t_000544,cmp_003,pl_007,cr_003,click,2026-08-30 07:27:54.393626836,0.1976939753417843,1769.3610793089695
ord_69fa7e46bd7f,397,2026-09-05 11:02:15,8950.0,time_decay,t_000546,cmp_002,pl_005,cr_004,click,2026-08-31 17:53:14.859989793,0.27536727636401864,2464.537123457967
ord_69fa7e46bd7f,397,2026-09-05 11:02:15,8950.0,time_decay,t_000545,cmp_002,pl_000,cr_000,bot_start,2026-09-03 13:17:58.155617696,0.5269387482941972,4716.101797233065
ord_6a241ad351a6,465,2026-09-07 08:21:23,4225.0,time_decay,t_000684,cmp_004,pl_003,cr_000,click,2026-09-05 06:04:50.921613276,1.0,4225.0
ord_6aa7158ecf66,417,2026-08-11 10:51:54,6950.0,time_decay,t_000583,cmp_002,pl_000,cr_000,bot_start,2026-08-06 20:19:51.410716588,1.0,6950.0
ord_6ab8da7b22bf,310,2026-09-06 16:38:02,14950.0,time_decay,t_000399,cmp_000,pl_001,cr_004,bot_start,2026-08-31 02:13:33.964647466,0.32151076646031646,4806.585958581731
ord_6ab8da7b22bf,310,2026-09-06 16:38:02,14950.0,time_decay,t_000400,cmp_003,pl_007,cr_003,bot_start,2026-09-03 07:48:11.304453319,0.6784892335396836,10143.41404141827
ord_6bdfb47b0489,514,2026-08-23 09:48:08,8950.0,time_decay,t_000777,cmp_002,pl_002,cr_002,click,2026-08-19 18:22:27.862412333,1.0,8950.0
ord_6c5435c5c2c8,61,2026-08-27 19:44:33,13950.0,time_decay,t_000959,cmp_001,pl_006,cr_002,click,2026-08-26 09:07:30.809356485,1.0,13950.0
ord_6cd9a2349b64,63,2026-09-07 05:24:57,8950.0,time_decay,t_000962,cmp_000,pl_001,cr_004,click,2026-09-03 20:37:00.940815363,1.0,8950.0
ord_6d42b5728a49,71,2026-08-23 14:57:08,8450.0,time_decay,t_000978,cmp_003,pl_009,cr_000,bot_start,2026-08-20 17:44:35.704489270,1.0,8450.0
ord_6d8de48279c8,460,2026-08-12 13:12:40,8745.0,time_decay,t_000676,cmp_002,pl_002,cr_002,click,2026-08-10 23:21:13.145053335,1.0,8745.0
ord_6e0ef351a3e8,555,2026-09-02 09:38:46,14950.0,time_decay,t_000854,cmp_000,pl_001,cr_004,bot_start,2026-08-30 22:17:13.982864593,1.0,14950.0
ord_6f110cd80b95,407,2026-09-09 23:11:20,8950.0,time_decay,t_000565,cmp_003,pl_007,cr_003,click,2026-09-04 07:05:12.864470018,1.0,8950.0
ord_6f7942e5ca39,112,2026-08-11 18:41:42,16950.0,time_decay,t_000023,cmp_002,pl_002,cr_002,click,2026-08-07 12:02:58.063944259,1.0,16950.0
ord_6fcc164554b7,226,2026-09-01 17:03:44,7475.0,time_decay,t_000225,cmp_004,pl_003,cr_000,click,2026-08-30 20:39:29.990517776,0.4336886436145336,3241.8226110186383
ord_6fcc164554b7,226,2026-09-01 17:03:44,7475.0,time_decay,t_000226,cmp_002,pl_005,cr_004,click,2026-09-01 00:22:25.348567722,0.5663113563854664,4233.177388981361
ord_6fd3842b2c72,448,2026-08-14 14:23:30,16950.0,time_decay,t_000654,cmp_002,pl_008,cr_001,click,2026-08-10 11:34:47.411569139,1.0,16950.0
ord_70745c28f218,317,2026-09-04 13:16:14,8950.0,time_decay,t_000413,cmp_002,pl_008,cr_001,click,2026-08-28 21:49:38.721644095,1.0,8950.0
ord_709e472cc680,285,2026-08-30 08:22:49,13950.0,time_decay,t_000351,cmp_003,pl_009,cr_000,click,2026-08-23 09:11:20.956186892,0.31513025720979515,4396.067088076642
ord_709e472cc680,285,2026-08-30 08:22:49,13950.0,time_decay,t_000352,cmp_000,pl_004,cr_003,click,2026-08-26 17:49:14.200256511,0.6848697427902048,9553.932911923357
ord_70ee2c00e1d2,149,2026-08-23 16:50:14,8950.0,time_decay,t_000088,cmp_004,pl_003,cr_000,bot_start,2026-08-16 17:17:59.336158419,1.0,8950.0
ord_714cff1bea2e,421,2026-08-08 20:25:37,9990.0,time_decay,t_000592,cmp_002,pl_002,cr_002,click,2026-08-04 12:01:55.387830423,1.0,9990.0
ord_71f1eec557b9,542,2026-08-23 18:26:56,8950.0,time_decay,t_000828,cmp_003,pl_009,cr_000,click,2026-08-19 14:47:09.977305579,0.20393652523740982,1825.231900874818
ord_71f1eec557b9,542,2026-08-23 18:26:56,8950.0,time_decay,t_000827,cmp_003,pl_009,cr_000,click,2026-08-21 15:46:34.410990808,0.3268295719998886,2925.124669399003
ord_71f1eec557b9,542,2026-08-23 18:26:56,8950.0,time_decay,t_000829,cmp_000,pl_004,cr_003,click,2026-08-23 05:20:36.865098158,0.46923390276270155,4199.6434297261785
ord_726d3c5a8e0a,2,2026-09-05 16:22:48,8950.0,time_decay,t_000179,cmp_002,pl_002,cr_002,click,2026-09-01 03:47:50.721062612,1.0,8950.0
ord_729b10b8833e,85,2026-08-24 15:57:32,8950.0,time_decay,t_001005,cmp_000,pl_004,cr_003,click,2026-08-23 16:52:09.317875643,1.0,8950.0
ord_72b02976e17d,426,2026-08-13 09:26:22,6000.0,time_decay,t_000601,cmp_003,pl_007,cr_003,click,2026-08-09 15:39:28.218438982,1.0,6000.0
ord_7391151bae48,592,2026-08-19 20:38:02,8245.0,time_decay,t_000927,cmp_002,pl_008,cr_001,bot_start,2026-08-15 02:49:26.087602243,1.0,8245.0
ord_7462e1ce0d8d,68,2026-09-08 17:53:12,15000.0,time_decay,t_000971,cmp_003,pl_009,cr_000,click,2026-09-03 13:22:06.686049146,1.0,15000.0
ord_748f8bc49292,26,2026-08-08 09:23:01,6490.0,time_decay,t_000293,cmp_002,pl_002,cr_002,click,2026-08-05 13:38:02.219441247,1.0,6490.0
ord_75d75d5c2011,358,2026-09-09 06:30:33,8450.0,time_decay,t_000483,cmp_001,pl_006,cr_002,bot_start,2026-09-06 08:12:32.969581272,1.0,8450.0
ord_75f8f247326c,444,2026-09-09 16:46:07,14950.0,time_decay,t_000649,cmp_003,pl_009,cr_000,bot_start,2026-09-03 12:56:03.137544688,0.4808329892039837,7188.453188599557
ord_75f8f247326c,444,2026-09-09 16:46:07,14950.0,time_decay,t_000648,cmp_002,pl_005,cr_004,click,2026-09-03 20:54:06.943909053,0.5191670107960162,7761.5468114004425
ord_7602a24669d5,394,2026-09-05 10:17:43,8950.0,time_decay,t_000539,cmp_001,pl_006,cr_002,click,2026-08-30 21:53:06.120262052,1.0,8950.0
ord_76904665ef13,473,2026-08-08 13:57:16,10000.0,time_decay,t_000696,cmp_003,pl_009,cr_000,bot_start,2026-08-04 14:49:25.844750687,1.0,10000.0
ord_76d9181a8e5b,131,2026-08-04 17:05:46,8745.0,time_decay,t_000054,cmp_002,pl_005,cr_004,click,2026-08-04 03:58:21.940844328,1.0,8745.0
ord_77045b389287,139,2026-09-01 20:30:07,13950.0,time_decay,t_000066,cmp_000,pl_004,cr_003,click,2026-08-30 05:24:45.491025915,1.0,13950.0
ord_7756bc4d8e41,100,2026-09-07 09:30:42,8950.0,time_decay,t_000002,cmp_002,pl_008,cr_001,click,2026-09-05 23:42:37.005205012,1.0,8950.0
ord_78dae08be231,257,2026-08-23 20:56:06,8450.0,time_decay,t_000290,cmp_003,pl_009,cr_000,click,2026-08-19 13:33:16.823793108,0.3120861793325039,2637.1282153596576
ord_78dae08be231,257,2026-08-23 20:56:06,8450.0,time_decay,t_000289,cmp_002,pl_008,cr_001,click,2026-08-22 23:39:18.273669837,0.6879138206674961,5812.8717846403415
ord_7901df9b4d5a,296,2026-09-01 10:46:43,8950.0,time_decay,t_000369,cmp_004,pl_003,cr_000,click,2026-08-29 02:19:20.732268026,0.4739112660464127,4241.505831115393
ord_7901df9b4d5a,296,2026-09-01 10:46:43,8950.0,time_decay,t_000370,cmp_000,pl_001,cr_004,click,2026-08-29 13:10:19.372302913,0.5260887339535872,4708.494168884606
ord_790ad22a2528,580,2026-08-23 14:38:29,8950.0,time_decay,t_000905,cmp_003,pl_007,cr_003,bot_start,2026-08-20 04:19:34.770681250,1.0,8950.0
ord_7931824c632d,367,2026-08-23 18:18:15,8245.0,time_decay,t_000495,cmp_002,pl_008,cr_001,click,2026-08-17 16:13:02.507319883,0.2950212728022514,2432.4503942545625
ord_7931824c632d,367,2026-08-23 18:18:15,8245.0,time_decay,t_000496,cmp_002,pl_005,cr_004,bot_start,2026-08-21 10:42:14.891002982,0.7049787271977487,5812.5496057454375
ord_796bc5831f67,536,2026-08-12 12:22:52,16950.0,time_decay,t_000817,cmp_002,pl_008,cr_001,lead,2026-08-07 11:23:39.387825561,1.0,16950.0
ord_79e5d7e342fa,362,2026-09-05 14:52:23,8450.0,time_decay,t_000489,cmp_002,pl_002,cr_002,click,2026-08-29 17:50:10.697943722,0.4278751711846336,3615.545196510154
ord_79e5d7e342fa,362,2026-09-05 14:52:23,8450.0,time_decay,t_000488,cmp_003,pl_007,cr_003,bot_start,2026-08-31 00:00:51.783540818,0.5721248288153664,4834.454803489846
ord_7a35fe072334,557,2026-08-23 16:56:11,8950.0,time_decay,t_000859,cmp_002,pl_005,cr_004,bot_start,2026-08-19 20:42:09.262522794,0.29241632351822133,2617.126095488081
ord_7a35fe072334,557,2026-08-23 16:56:11,8950.0,time_decay,t_000858,cmp_002,pl_005,cr_004,lead,2026-08-19 23:12:17.424468279,0.2995459982520097,2680.936684355487
ord_7a35fe072334,557,2026-08-23 16:56:11,8950.0,time_decay,t_000857,cmp_000,pl_001,cr_004,bot_start,2026-08-21 07:18:41.136980634,0.40803767822976894,3651.937220156432
ord_7a7e6a7bfea0,474,2026-08-14 07:16:32,6950.0,time_decay,t_000697,cmp_004,pl_003,cr_000,bot_start,2026-08-12 11:26:58.216895251,1.0,6950.0
ord_7ab195cf8720,128,2026-09-02 11:55:47,8945.0,time_decay,t_000048,cmp_003,pl_007,cr_003,bot_start,2026-08-27 14:32:19.889881856,0.16808550142665094,1503.5248102613925
ord_7ab195cf8720,128,2026-09-02 11:55:47,8945.0,time_decay,t_000049,cmp_000,pl_004,cr_003,bot_start,2026-08-29 13:07:46.797919572,0.2632237817869458,2354.53672808423
ord_7ab195cf8720,128,2026-09-02 11:55:47,8945.0,time_decay,t_000047,cmp_001,pl_006,cr_002,click,2026-09-01 21:08:49.862118524,0.5686907167864034,5086.938461654378
ord_7ab39fff47b8,504,2026-09-03 06:27:49,5975.0,time_decay,t_000760,cmp_004,pl_003,cr_000,click,2026-08-31 14:42:38.586122901,0.24935429785500693,1489.8919296836664
ord_7ab39fff47b8,504,2026-09-03 06:27:49,5975.0,time_decay,t_000759,cmp_004,pl_003,cr_000,click,2026-09-01 23:09:10.034844616,0.34076599168239247,2036.076800302295
ord_7ab39fff47b8,504,2026-09-03 06:27:49,5975.0,time_decay,t_000758,cmp_003,pl_009,cr_000,click,2026-09-02 18:20:05.895185641,0.40987971046260063,2449.031270014039
ord_7b035e8bf027,163,2026-08-26 01:23:32,8450.0,time_decay,t_000112,cmp_004,pl_003,cr_000,click,2026-08-20 08:36:44.777315030,0.17966034323871666,1518.1299003671559
ord_7b035e8bf027,163,2026-08-26 01:23:32,8450.0,time_decay,t_000113,cmp_002,pl_005,cr_004,click,2026-08-22 08:18:22.051315815,0.2843532547653379,2402.785002767105
ord_7b035e8bf027,163,2026-08-26 01:23:32,8450.0,time_decay,t_000114,cmp_002,pl_008,cr_001,bot_start,2026-08-25 02:09:03.583003835,0.5359864019959454,4529.085096865739
ord_7b7e5a53ef22,603,2026-08-18 16:34:39,8745.0,time_decay,t_000953,cmp_002,pl_002,cr_002,click,2026-08-16 19:51:17.412999508,1.0,8745.0
ord_7bace96e0c9b,350,2026-09-05 18:12:55,8450.0,time_decay,t_000469,cmp_002,pl_005,cr_004,click,2026-08-31 10:48:40.153080450,0.2610046016300492,2205.4888837739154
ord_7bace96e0c9b,350,2026-09-05 18:12:55,8450.0,time_decay,t_000467,cmp_002,pl_000,cr_000,bot_start,2026-09-01 06:27:29.051537660,0.3153489389562547,2664.6985341803525
ord_7bace96e0c9b,350,2026-09-05 18:12:55,8450.0,time_decay,t_000468,cmp_002,pl_008,cr_001,click,2026-09-02 13:07:25.372703362,0.42364645941369616,3579.8125820457326
ord_7be70cebd233,392,2026-08-20 13:14:17,8745.0,time_decay,t_000537,cmp_002,pl_008,cr_001,click,2026-08-17 15:41:34.901377837,1.0,8745.0
ord_7c19dd623b8d,484,2026-08-15 19:17:47,8745.0,time_decay,t_000716,cmp_003,pl_009,cr_000,bot_start,2026-08-11 01:17:13.710163211,0.44459332101534077,3887.968592279155
ord_7c19dd623b8d,484,2026-08-15 19:17:47,8745.0,time_decay,t_000715,cmp_002,pl_002,cr_002,bot_start,2026-08-12 00:24:12.008786564,0.5554066789846593,4857.031407720846
ord_7c32b0f95c39,160,2026-08-09 02:39:44,4995.0,time_decay,t_000108,cmp_002,pl_002,cr_002,click,2026-08-05 21:23:30.535201508,1.0,4995.0
ord_7c532e220090,30,2026-08-23 10:06:51,8950.0,time_decay,t_000381,cmp_003,pl_009,cr_000,click,2026-08-16 23:38:30.040832971,0.1833856970855283,1641.3019889154782
ord_7c532e220090,30,2026-08-23 10:06:51,8950.0,time_decay,t_000382,cmp_002,pl_002,cr_002,bot_start,2026-08-18 12:23:29.842122370,0.26122573308878655,2337.9703111446397
ord_7c532e220090,30,2026-08-23 10:06:51,8950.0,time_decay,t_000380,cmp_000,pl_001,cr_004,bot_start,2026-08-21 18:44:31.402321185,0.5553885698256851,4970.727699939882
ord_7c5a243873fc,176,2026-08-09 16:29:58,6490.0,time_decay,t_000136,cmp_002,pl_005,cr_004,lead,2026-08-04 05:42:57.472515862,0.20931165229259469,1358.4326233789395
ord_7c5a243873fc,176,2026-08-09 16:29:58,6490.0,time_decay,t_000137,cmp_002,pl_005,cr_004,bot_start,2026-08-04 18:46:05.246751778,0.2373362748647061,1540.3124238719427
ord_7c5a243873fc,176,2026-08-09 16:29:58,6490.0,time_decay,t_000138,cmp_003,pl_007,cr_003,bot_start,2026-08-08 10:41:57.153623270,0.5533520728426993,3591.2549527491183
ord_7d298c57ea8b,455,2026-08-25 07:53:50,8950.0,time_decay,t_000666,cmp_003,pl_009,cr_000,bot_start,2026-08-19 15:10:23.720628643,0.48295268860731294,4322.426563035451
ord_7d298c57ea8b,455,2026-08-25 07:53:50,8950.0,time_decay,t_000667,cmp_000,pl_001,cr_004,click,2026-08-19 22:15:32.741399782,0.5170473113926871,4627.57343696455
ord_7d2a580c0613,290,2026-08-23 16:53:02,7475.0,time_decay,t_000362,cmp_003,pl_007,cr_003,click,2026-08-16 23:44:26.196012092,1.0,7475.0
ord_7e2cedd89801,318,2026-09-03 17:23:38,8450.0,time_decay,t_000414,cmp_004,pl_003,cr_000,bot_start,2026-08-28 14:12:10.479862498,1.0,8450.0
ord_7e3a6c76e867,234,2026-08-12 06:04:03,4950.0,time_decay,t_000246,cmp_003,pl_007,cr_003,click,2026-08-09 23:08:37.341622078,1.0,4950.0
ord_7ea3038baaa9,489,2026-08-24 08:47:25,8850.0,time_decay,t_000724,cmp_002,pl_000,cr_000,bot_start,2026-08-23 08:23:14.675767325,1.0,8850.0
ord_7f216fc464b7,214,2026-09-07 14:02:50,8950.0,time_decay,t_000206,cmp_003,pl_009,cr_000,click,2026-09-06 05:35:39.357996475,1.0,8950.0
ord_7ff3109d35cd,299,2026-08-24 16:58:19,8950.0,time_decay,t_000377,cmp_002,pl_008,cr_001,click,2026-08-18 02:31:05.913077328,0.19941075818341614,1784.7262857415744
ord_7ff3109d35cd,299,2026-08-24 16:58:19,8950.0,time_decay,t_000378,cmp_001,pl_006,cr_002,click,2026-08-20 14:04:46.799295378,0.3538123282955877,3166.6203382455096
ord_7ff3109d35cd,299,2026-08-24 16:58:19,8950.0,time_decay,t_000376,cmp_002,pl_008,cr_001,click,2026-08-21 14:18:45.826340335,0.44677691352099613,3998.6533760129155
ord_8098d1de8413,413,2026-08-18 19:40:47,8745.0,time_decay,t_000574,cmp_003,pl_007,cr_003,lead,2026-08-14 10:49:48.659846361,0.3522223087872826,3080.1840903447865
ord_8098d1de8413,413,2026-08-18 19:40:47,8745.0,time_decay,t_000575,cmp_003,pl_009,cr_000,click,2026-08-17 02:07:08.698731660,0.6477776912127174,5664.815909655214
ord_80a57412d276,565,2026-08-30 15:30:24,13950.0,time_decay,t_000877,cmp_003,pl_007,cr_003,click,2026-08-26 06:05:05.139351642,0.25883983139337213,3610.815647937541
ord_80a57412d276,565,2026-08-30 15:30:24,13950.0,time_decay,t_000878,cmp_003,pl_009,cr_000,click,2026-08-26 07:37:09.906976822,0.2626923763782741,3664.5586504769235
ord_80a57412d276,565,2026-08-30 15:30:24,13950.0,time_decay,t_000876,cmp_000,pl_004,cr_003,click,2026-08-28 21:54:10.214142433,0.4784677922283539,6674.625701585537
ord_80af266e78c8,10,2026-09-06 16:25:37,8450.0,time_decay,t_000001,cmp_003,pl_007,cr_003,click,2026-08-31 22:53:01.336829796,1.0,8450.0
ord_81efa0ac2de4,409,2026-09-03 21:58:56,5000.0,time_decay,t_000568,cmp_000,pl_004,cr_003,click,2026-08-31 16:41:04.397171408,1.0,5000.0
ord_831125eff2a0,373,2026-08-22 18:58:36,14950.0,time_decay,t_000507,cmp_003,pl_009,cr_000,click,2026-08-20 17:29:52.190646154,1.0,14950.0
ord_8340200fdb32,382,2026-08-09 18:58:42,8900.0,time_decay,t_000522,cmp_004,pl_003,cr_000,lead,2026-08-04 18:49:59.982601556,1.0,8900.0
ord_83492955d9b1,120,2026-08-08 19:28:26,6490.0,time_decay,t_000035,cmp_002,pl_000,cr_000,click,2026-08-04 00:15:17.034604986,0.22734595415538522,1475.47524246845
ord_83492955d9b1,120,2026-08-08 19:28:26,6490.0,time_decay,t_000037,cmp_004,pl_003,cr_000,click,2026-08-04 05:46:59.857680491,0.23977394765263932,1556.132920265629
ord_83492955d9b1,120,2026-08-08 19:28:26,6490.0,time_decay,t_000036,cmp_003,pl_007,cr_003,bot_start,2026-08-07 16:44:13.519216654,0.5328800981919753,3458.39183726592
ord_837c57f2e842,437,2026-08-04 09:35:00,7890.0,time_decay,,,,,organic,,0.0,0.0
ord_83b5dfef4c64,546,2026-08-10 19:07:51,6490.0,time_decay,t_000834,cmp_002,pl_000,cr_000,click,2026-08-05 03:36:09.562053333,0.23520950117076186,1526.5096625982444
ord_83b5dfef4c64,546,2026-08-10 19:07:51,6490.0,time_decay,t_000835,cmp_000,pl_004,cr_003,click,2026-08-10 06:04:59.415613843,0.7647904988292381,4963.490337401755
ord_83c980e97bd6,597,2026-08-09 18:00:04,5990.0,time_decay,t_000937,cmp_002,pl_008,cr_001,lead,2026-08-04 00:56:37.194694074,0.28909227507996405,1731.6627277289847
ord_83c980e97bd6,597,2026-08-09 18:00:04,5990.0,time_decay,t_000938,cmp_000,pl_004,cr_003,click,2026-08-04 22:17:39.553479717,0.3550610082811729,2126.8154396042255
ord_83c980e97bd6,597,2026-08-09 18:00:04,5990.0,time_decay,t_000939,cmp_002,pl_005,cr_004,click,2026-08-04 22:31:26.139104292,0.355846716638863,2131.5218326667896
ord_83ec23d4d8f1,249,2026-08-07 19:38:55,6950.0,time_decay,t_000273,cmp_004,pl_003,cr_000,click,2026-08-04 04:01:55.273317128,1.0,6950.0
ord_841355f12918,354,2026-09-04 13:47:25,8245.0,time_decay,t_000477,cmp_000,pl_004,cr_003,click,2026-08-30 04:12:07.386311955,1.0,8245.0
ord_84b1459a4d92,582,2026-09-04 15:03:52,8950.0,time_decay,t_000907,cmp_000,pl_001,cr_004,click,2026-09-02 00:03:54.033964047,1.0,8950.0
ord_850e9217af8a,90,2026-08-31 01:05:18,6975.0,time_decay,t_001016,cmp_000,pl_001,cr_004,bot_start,2026-08-29 05:06:01.583869381,1.0,6975.0
ord_853a1893188e,453,2026-08-11 17:07:53,4950.0,time_decay,t_000662,cmp_000,pl_001,cr_004,click,2026-08-05 18:29:58.438583673,1.0,4950.0
ord_85560eff62d3,79,2026-08-14 04:09:52,9950.0,time_decay,t_000990,cmp_003,pl_007,cr_003,click,2026-08-11 13:44:38.786220854,1.0,9950.0
ord_85809062c312,191,2026-08-27 15:11:14,29850.0,time_decay,t_000168,cmp_000,pl_004,cr_003,click,2026-08-26 09:46:39.233191235,1.0,29850.0
ord_8580c9d6159e,540,2026-09-05 14:57:41,8950.0,time_decay,t_000824,cmp_002,pl_000,cr_000,bot_start,2026-08-30 14:19:01.682416737,0.428672997339331,3836.6233261870125
ord_8580c9d6159e,540,2026-09-05 14:57:41,8950.0,time_decay,t_000825,cmp_000,pl_004,cr_003,click,2026-08-31 20:09:24.316551068,0.5713270026606689,5113.376673812987
ord_863dc0ec1562,132,2026-08-13 11:39:13,8745.0,time_decay,t_000055,cmp_000,pl_004,cr_003,click,2026-08-12 20:21:16.274025456,1.0,8745.0
ord_86b06f25a339,403,2026-08-31 10:18:44,8950.0,time_decay,t_000559,cmp_000,pl_001,cr_004,click,2026-08-25 13:20:14.258682998,0.35473749294008844,3174.9005618137917
ord_86b06f25a339,403,2026-08-31 10:18:44,8950.0,time_decay,t_000560,cmp_004,pl_003,cr_000,bot_start,2026-08-28 03:28:58.690095433,0.6452625070599115,5775.099438186208
ord_875f527a2aa4,499,2026-09-08 13:24:34,8950.0,time_decay,t_000747,cmp_002,pl_002,cr_002,bot_start,2026-09-01 19:44:46.600667767,0.15098270612332915,1351.2952198037958
ord_875f527a2aa4,499,2026-09-08 13:24:34,8950.0,time_decay,t_000745,cmp_002,pl_002,cr_002,click,2026-09-05 12:31:34.918780653,0.35490676946862826,3176.4155867442228
ord_875f527a2aa4,499,2026-09-08 13:24:34,8950.0,time_decay,t_000746,cmp_002,pl_000,cr_000,lead,2026-09-06 22:53:55.363891625,0.49411052440804265,4422.289193451982
ord_877431ec0c32,337,2026-09-09 15:41:19,7475.0,time_decay,t_000448,cmp_003,pl_007,cr_003,click,2026-09-05 00:22:04.970799003,0.3881175638070537,2901.1787894577265
ord_877431ec0c32,337,2026-09-09 15:41:19,7475.0,time_decay,t_000449,cmp_001,pl_006,cr_002,click,2026-09-06 23:39:17.361289756,0.6118824361929462,4573.821210542274
ord_890c93b1c861,241,2026-08-30 17:07:59,8950.0,time_decay,t_000260,cmp_003,pl_007,cr_003,click,2026-08-29 05:06:53.052024405,1.0,8950.0
ord_897883fd1564,435,2026-08-09 16:13:53,9900.0,time_decay,t_000621,cmp_004,pl_003,cr_000,click,2026-08-04 01:50:30.372854757,0.19082801559654006,1889.1973544057466
ord_897883fd1564,435,2026-08-09 16:13:53,9900.0,time_decay,t_000620,cmp_002,pl_000,cr_000,lead,2026-08-04 02:56:05.816014323,0.19284690961403367,1909.1844051789333
ord_897883fd1564,435,2026-08-09 16:13:53,9900.0,time_decay,t_000622,cmp_002,pl_000,cr_000,click,2026-08-09 03:37:26.047392356,0.6163250747894263,6101.6182404153205
ord_8aa29fb8059d,595,2026-08-22 16:55:59,14950.0,time_decay,t_000935,cmp_002,pl_008,cr_001,click,2026-08-15 17:04:58.126168882,0.2324599588150029,3475.2763842842933
ord_8aa29fb8059d,595,2026-08-22 16:55:59,14950.0,time_decay,t_000934,cmp_004,pl_003,cr_000,click,2026-08-20 21:09:27.061556571,0.7675400411849971,11474.723615715706
ord_8ad3d539446f,400,2026-08-09 16:12:09,6490.0,time_decay,t_000551,cmp_002,pl_008,cr_001,lead,2026-08-04 10:24:04.558657275,1.0,6490.0
ord_8b88494f605b,401,2026-08-08 22:16:55,8245.0,time_decay,t_000552,cmp_002,pl_000,cr_000,click,2026-08-05 14:14:40.785040263,0.49812819217397475,4107.066944474422
ord_8b88494f605b,401,2026-08-08 22:16:55,8245.0,time_decay,t_000553,cmp_003,pl_007,cr_003,click,2026-08-05 15:01:20.622469550,0.5018718078260253,4137.933055525578
ord_8bf454f78365,327,2026-09-06 12:45:38,8950.0,time_decay,t_000429,cmp_002,pl_002,cr_002,bot_start,2026-09-02 01:32:53.645655436,0.38193696485194945,3418.3358354249476
ord_8bf454f78365,327,2026-09-06 12:45:38,8950.0,time_decay,t_000428,cmp_004,pl_003,cr_000,click,2026-09-04 03:32:47.161662126,0.6180630351480505,5531.664164575052
ord_8c349454dfff,87,2026-08-22 13:23:20,7475.0,time_decay,t_001008,cmp_002,pl_002,cr_002,click,2026-08-18 13:41:49.187464065,0.3150615375194006,2355.0849929575193
ord_8c349454dfff,87,2026-08-22 13:23:20,7475.0,time_decay,t_001007,cmp_002,pl_000,cr_000,click,2026-08-21 22:21:41.505882560,0.6849384624805994,5119.91500704248
ord_8e10622603c1,581,2026-08-23 11:19:47,8950.0,time_decay,t_000906,cmp_002,pl_005,cr_004,click,2026-08-21 06:30:41.599380539,1.0,8950.0
ord_8eeb59be15a9,261,2026-09-06 16:06:04,8950.0,time_decay,t_000296,cmp_000,pl_001,cr_004,bot_start,2026-08-31 15:07:46.090250363,1.0,8950.0
ord_8faf6162f0f4,490,2026-09-04 10:01:44,8450.0,time_decay,t_000727,cmp_004,pl_003,cr_000,click,2026-08-30 02:13:29.981034024,1.0,8450.0
ord_90c86d611d79,223,2026-08-09 20:27:29,6490.0,time_decay,t_000220,cmp_002,pl_002,cr_002,bot_start,2026-08-04 17:39:35.294929710,1.0,6490.0
ord_90ff0d63603c,526,2026-08-27 13:32:56,8950.0,time_decay,t_000797,cmp_000,pl_004,cr_003,lead,2026-08-26 14:23:05.376765208,0.4963660290766214,4442.475960235762
ord_90ff0d63603c,526,2026-08-27 13:32:56,8950.0,time_decay,t_000796,cmp_003,pl_009,cr_000,click,2026-08-26 15:53:41.116102437,0.5036339709233786,4507.524039764238
ord_91551c05a845,452,2026-08-25 21:09:34,8450.0,time_decay,t_000661,cmp_003,pl_007,cr_003,click,2026-08-22 03:37:24.284764262,1.0,8450.0
ord_925fe3b280a9,517,2026-09-05 12:48:03,8950.0,time_decay,t_000780,cmp_000,pl_001,cr_004,click,2026-08-30 01:24:42.800759053,0.36700842218981805,3284.7253785988714
ord_925fe3b280a9,517,2026-09-05 12:48:03,8950.0,time_decay,t_000781,cmp_000,pl_001,cr_004,click,2026-09-01 10:01:50.716950104,0.6329915778101819,5665.274621401128
ord_927b7b145717,309,2026-09-05 09:55:40,8950.0,time_decay,t_000397,cmp_004,pl_003,cr_000,bot_start,2026-08-30 09:10:20.017378705,1.0,8950.0
ord_928f10d2291e,33,2026-08-08 16:26:36,9990.0,time_decay,t_000432,cmp_000,pl_004,cr_003,bot_start,2026-08-05 07:39:11.385982223,1.0,9990.0
ord_95036dad6ba5,108,2026-09-09 04:53:08,6975.0,time_decay,t_000017,cmp_002,pl_000,cr_000,click,2026-09-02 20:04:46.494100979,0.2392540798499536,1668.7972069534262
ord_95036dad6ba5,108,2026-09-09 04:53:08,6975.0,time_decay,t_000015,cmp_003,pl_007,cr_003,bot_start,2026-09-03 15:24:01.492332810,0.28816366331003845,2009.9415515875182
ord_95036dad6ba5,108,2026-09-09 04:53:08,6975.0,time_decay,t_000016,cmp_003,pl_009,cr_000,click,2026-09-05 18:47:06.580396049,0.47258225684000793,3296.2612414590553
ord_95bcaec3abcc,488,2026-08-09 16:36:09,19350.0,time_decay,t_000723,cmp_002,pl_000,cr_000,click,2026-08-04 03:47:35.944173564,1.0,19350.0
ord_95bd993ee285,336,2026-08-09 13:48:41,9900.0,time_decay,t_000445,cmp_004,pl_003,cr_000,click,2026-08-04 07:16:36.659421228,0.23916302117179283,2367.713909600749
ord_95bd993ee285,336,2026-08-09 13:48:41,9900.0,time_decay,t_000446,cmp_002,pl_005,cr_004,lead,2026-08-04 23:38:28.034596683,0.27997070565255777,2771.709985960322
ord_95bd993ee285,336,2026-08-09 13:48:41,9900.0,time_decay,t_000447,cmp_002,pl_005,cr_004,click,2026-08-07 07:49:37.310794073,0.4808662731756494,4760.576104438929
ord_95fe227aab34,442,2026-08-14 11:21:45,6950.0,time_decay,t_000644,cmp_000,pl_004,cr_003,bot_start,2026-08-08 18:28:20.890803397,0.28704808922062314,1994.984220083331
ord_95fe227aab34,442,2026-08-14 11:21:45,6950.0,time_decay,t_000646,cmp_000,pl_001,cr_004,click,2026-08-09 04:03:05.824005953,0.31477831904337195,2187.709317351435
ord_95fe227aab34,442,2026-08-14 11:21:45,6950.0,time_decay,t_000645,cmp_002,pl_002,cr_002,click,2026-08-10 04:27:50.529492006,0.39817359173600486,2767.3064625652337
ord_962831a9388f,348,2026-08-12 19:17:21,6950.0,time_decay,t_000464,cmp_002,pl_000,cr_000,lead,2026-08-06 22:40:49.231228951,1.0,6950.0
ord_973b93197575,303,2026-09-04 15:21:52,14950.0,time_decay,t_000387,cmp_000,pl_001,cr_004,click,2026-08-30 06:49:14.230366256,0.30187725467221116,4513.064957349557
ord_973b93197575,303,2026-09-04 15:21:52,14950.0,time_decay,t_000388,cmp_004,pl_003,cr_000,click,2026-09-02 21:54:21.466260882,0.6981227453277888,10436.935042650442
ord_973e62f3ec27,59,2026-09-06 13:32:21,8950.0,time_decay,t_000921,cmp_002,pl_000,cr_000,bot_start,2026-09-01 14:32:58.620614461,0.19560562493842346,1750.67034319889
ord_973e62f3ec27,59,2026-09-06 13:32:21,8950.0,time_decay,t_000920,cmp_002,pl_005,cr_004,click,2026-09-03 12:39:31.753983255,0.3049036592932523,2728.887750674608
ord_973e62f3ec27,59,2026-09-06 13:32:21,8950.0,time_decay,t_000919,cmp_002,pl_008,cr_001,click,2026-09-05 15:55:49.213790597,0.4994907157683242,4470.441906126502
ord_9787a3e1bd39,316,2026-08-14 12:59:02,4495.0,time_decay,t_000411,cmp_004,pl_003,cr_000,click,2026-08-10 19:40:10.188082239,0.2659566931753826,1195.475335823345
ord_9787a3e1bd39,316,2026-08-14 12:59:02,4495.0,time_decay,t_000412,cmp_002,pl_005,cr_004,bot_start,2026-08-11 18:39:10.263848047,0.331820863591821,1491.5347818452353
ord_9787a3e1bd39,316,2026-08-14 12:59:02,4495.0,time_decay,t_000410,cmp_004,pl_003,cr_000,bot_start,2026-08-12 14:38:21.328328869,0.4022224432327964,1807.9898823314197
ord_97a4fc244d0b,212,2026-09-09 15:03:44,14950.0,time_decay,t_000200,cmp_002,pl_008,cr_001,bot_start,2026-09-03 06:02:32.599842893,0.1780032839397965,2661.1490948999576
ord_97a4fc244d0b,212,2026-09-09 15:03:44,14950.0,time_decay,t_000202,cmp_003,pl_007,cr_003,click,2026-09-04 07:03:38.034955543,0.2264791955397903,3385.8639733198647
ord_97a4fc244d0b,212,2026-09-09 15:03:44,14950.0,time_decay,t_000201,cmp_002,pl_008,cr_001,click,2026-09-08 11:29:01.232826535,0.5955175205204132,8902.986931780177
ord_97eddacf988d,432,2026-08-29 19:39:58,8950.0,time_decay,t_000614,cmp_003,pl_009,cr_000,bot_start,2026-08-26 16:37:56.207683319,0.4140800217838553,3706.016194965505
ord_97eddacf988d,432,2026-08-29 19:39:58,8950.0,time_decay,t_000613,cmp_002,pl_000,cr_000,click,2026-08-28 04:41:22.023958092,0.5859199782161448,5243.983805034496
ord_983187abac2c,596,2026-09-05 16:26:36,8950.0,time_decay,t_000936,cmp_000,pl_001,cr_004,click,2026-08-29 23:47:11.191184431,1.0,8950.0
ord_99463ae24ffa,323,2026-08-09 18:56:09,9990.0,time_decay,t_000421,cmp_004,pl_003,cr_000,click,2026-08-04 01:46:38.583843087,1.0,9990.0
ord_99691a8dae75,508,2026-08-09 21:33:27,9900.0,time_decay,t_000765,cmp_002,pl_000,cr_000,click,2026-08-04 06:10:33.371373646,0.2197043723006433,2175.0732857763687
ord_99691a8dae75,508,2026-08-09 21:33:27,9900.0,time_decay,t_000764,cmp_000,pl_001,cr_004,click,2026-08-04 08:45:08.204288728,0.22522174343126475,2229.695259969521
ord_99691a8dae75,508,2026-08-09 21:33:27,9900.0,time_decay,t_000766,cmp_002,pl_005,cr_004,click,2026-08-08 06:26:53.899821410,0.555073884268092,5495.231454254111
ord_99cf42417c96,300,2026-09-06 17:58:00,6950.0,time_decay,t_000383,cmp_004,pl_003,cr_000,click,2026-09-04 12:41:21.984837598,1.0,6950.0
ord_99d63b5e26d0,229,2026-08-23 15:38:51,8450.0,time_decay,t_000234,cmp_003,pl_009,cr_000,bot_start,2026-08-22 03:53:04.319575506,1.0,8450.0
ord_9a7624552ade,307,2026-08-23 15:39:57,8450.0,time_decay,t_000393,cmp_002,pl_005,cr_004,click,2026-08-21 10:09:54.061935673,0.49575651643468704,4189.142563873105
ord_9a7624552ade,307,2026-08-23 15:39:57,8450.0,time_decay,t_000394,cmp_002,pl_008,cr_001,click,2026-08-21 11:55:41.558574031,0.5042434835653128,4260.857436126893
ord_9ab228417bfb,463,2026-08-25 13:16:31,8950.0,time_decay,t_000682,cmp_000,pl_004,cr_003,bot_start,2026-08-20 14:35:43.825277983,0.4177612042577643,3738.9627781069908
ord_9ab228417bfb,463,2026-08-25 13:16:31,8950.0,time_decay,t_000681,cmp_002,pl_008,cr_001,bot_start,2026-08-22 01:04:43.116522094,0.5822387957422357,5211.03722189301
ord_9b3cd8fb6b42,558,2026-09-02 08:49:58,8245.0,time_decay,t_000860,cmp_001,pl_006,cr_002,bot_start,2026-08-26 12:59:25.379208300,0.32375829368355324,2669.3871314208964
ord_9b3cd8fb6b42,558,2026-09-02 08:49:58,8245.0,time_decay,t_000861,cmp_003,pl_007,cr_003,bot_start,2026-08-29 17:29:56.961340407,0.6762417063164469,5575.6128685791045
ord_9b40c0174a7c,178,2026-08-26 09:15:13,8950.0,time_decay,t_000141,cmp_002,pl_002,cr_002,click,2026-08-20 19:59:17.099579614,1.0,8950.0
ord_9bf3d58622a1,276,2026-08-15 12:43:23,5750.0,time_decay,t_000332,cmp_002,pl_000,cr_000,click,2026-08-12 03:18:01.983593998,0.28626728300679777,1646.0368772890872
ord_9bf3d58622a1,276,2026-08-15 12:43:23,5750.0,time_decay,t_000333,cmp_000,pl_001,cr_004,click,2026-08-13 00:15:39.609658464,0.35027309604636586,2014.0703022666037
ord_9bf3d58622a1,276,2026-08-15 12:43:23,5750.0,time_decay,t_000334,cmp_003,pl_009,cr_000,lead,2026-08-13 04:05:58.835286434,0.3634596209468364,2089.8928204443096
ord_9c158889661a,50,2026-09-02 10:32:55,8950.0,time_decay,t_000750,cmp_003,pl_009,cr_000,click,2026-08-28 19:53:13.194597655,0.36739434980722646,3288.179430774677
ord_9c158889661a,50,2026-09-02 10:32:55,8950.0,time_decay,t_000751,cmp_003,pl_007,cr_003,click,2026-08-31 04:20:00.033578380,0.6326056501927736,5661.820569225324
ord_9c602a63a7e5,308,2026-08-08 14:05:17,9900.0,time_decay,t_000395,cmp_000,pl_004,cr_003,click,2026-08-05 11:48:48.918027385,0.41185258572511974,4077.340598678685
ord_9c602a63a7e5,308,2026-08-08 14:05:17,9900.0,time_decay,t_000396,cmp_002,pl_008,cr_001,bot_start,2026-08-07 00:49:30.614147808,0.5881474142748802,5822.659401321313
ord_9c73b93ebeb1,363,2026-09-04 06:28:52,8945.0,time_decay,t_000491,cmp_000,pl_001,cr_004,bot_start,2026-08-31 19:53:23.545655906,0.4564743109207559,4083.1627111861617
ord_9c73b93ebeb1,363,2026-09-04 06:28:52,8945.0,time_decay,t_000490,cmp_003,pl_009,cr_000,lead,2026-09-01 14:01:13.877631994,0.543525689079244,4861.837288813838
ord_9cd9986674a9,8,2026-08-08 16:25:39,8990.0,time_decay,t_000992,cmp_001,pl_006,cr_002,bot_start,2026-08-04 02:17:29.766793276,0.3112871666600167,2798.4716282735503
ord_9cd9986674a9,8,2026-08-08 16:25:39,8990.0,time_decay,t_000993,cmp_002,pl_000,cr_000,click,2026-08-04 12:26:45.363179156,0.3432544666915462,3085.8576555570003
ord_9cd9986674a9,8,2026-08-08 16:25:39,8990.0,time_decay,t_000991,cmp_002,pl_005,cr_004,click,2026-08-04 13:06:38.649811249,0.3454583666484372,3105.6707161694503
ord_9d29fe921e72,588,2026-08-11 02:43:57,6450.0,time_decay,t_000917,cmp_002,pl_002,cr_002,click,2026-08-08 14:00:00.004667336,0.48540005321153,3130.8303432143684
ord_9d29fe921e72,588,2026-08-11 02:43:57,6450.0,time_decay,t_000916,cmp_000,pl_001,cr_004,click,2026-08-08 20:04:04.613758968,0.5145999467884701,3319.169656785632
ord_9de2499866fa,64,2026-08-09 14:45:05,4995.0,time_decay,t_000963,cmp_002,pl_002,cr_002,click,2026-08-07 16:24:39.385341094,1.0,4995.0
ord_9e5c120f1921,3,2026-09-03 22:47:02,5975.0,time_decay,t_000379,cmp_002,pl_002,cr_002,lead,2026-09-03 01:44:39.894507387,1.0,5975.0
ord_9ef922fe7db1,372,2026-08-22 15:11:44,7450.0,time_decay,t_000505,cmp_002,pl_008,cr_001,bot_start,2026-08-20 23:26:28.346572886,0.30287039877752325,2256.384470892548
ord_9ef922fe7db1,372,2026-08-22 15:11:44,7450.0,time_decay,t_000504,cmp_000,pl_001,cr_004,click,2026-08-21 01:47:23.760822099,0.3097967006197864,2307.9854196174088
ord_9ef922fe7db1,372,2026-08-22 15:11:44,7450.0,time_decay,t_000506,cmp_002,pl_005,cr_004,lead,2026-08-22 00:59:31.549679416,0.3873329006026904,2885.630109490043
ord_9f3deef3dc31,289,2026-08-28 16:24:51,8950.0,time_decay,t_000357,cmp_000,pl_004,cr_003,lead,2026-08-23 19:36:17.687674340,0.38889481662596487,3480.608608802386
ord_9f3deef3dc31,289,2026-08-28 16:24:51,8950.0,time_decay,t_000358,cmp_001,pl_006,cr_002,click,2026-08-25 18:33:06.640222199,0.6111051833740352,5469.391391197615
ord_9f6085f91eb9,301,2026-08-31 20:57:15,17950.0,time_decay,t_000384,cmp_003,pl_009,cr_000,bot_start,2026-08-26 07:55:50.725856930,1.0,17950.0
ord_9f739b37aaa7,243,2026-08-24 10:40:35,8950.0,time_decay,t_000265,cmp_002,pl_000,cr_000,click,2026-08-17 10:45:59.655779697,0.3845077819309075,3441.344648281622
ord_9f739b37aaa7,243,2026-08-24 10:40:35,8950.0,time_decay,t_000264,cmp_000,pl_001,cr_004,bot_start,2026-08-19 11:38:05.906590532,0.6154922180690924,5508.655351718377
ord_a13624bfbac1,117,2026-09-05 12:34:35,8450.0,time_decay,t_000029,cmp_002,pl_002,cr_002,bot_start,2026-08-31 07:09:54.824616487,1.0,8450.0
ord_a1b4949c998a,109,2026-09-05 17:57:36,8950.0,time_decay,t_000018,cmp_002,pl_000,cr_000,click,2026-09-03 06:13:50.759876994,1.0,8950.0
ord_a1e57b2d3da5,404,2026-09-02 19:30:00,7475.0,time_decay,t_000562,cmp_002,pl_000,cr_000,click,2026-08-28 13:57:02.091053631,0.3020917537640958,2258.135859386616
ord_a1e57b2d3da5,404,2026-09-02 19:30:00,7475.0,time_decay,t_000561,cmp_001,pl_006,cr_002,click,2026-09-01 04:55:48.800116397,0.6979082462359042,5216.864140613384
ord_a1f9bab00b6d,579,2026-08-06 16:20:47,8245.0,time_decay,t_000901,cmp_003,pl_009,cr_000,bot_start,2026-08-04 06:07:13.508777576,0.32207897439693733,2655.5411439027484
ord_a1f9bab00b6d,579,2026-08-06 16:20:47,8245.0,time_decay,t_000902,cmp_000,pl_001,cr_004,click,2026-08-04 10:35:21.019598423,0.3362374679439353,2772.2779231977465
ord_a1f9bab00b6d,579,2026-08-06 16:20:47,8245.0,time_decay,t_000903,cmp_000,pl_004,cr_003,click,2026-08-04 12:15:29.360455071,0.3416835576591273,2817.1809328995046
ord_a363fcd3a15f,513,2026-08-23 17:34:10,13950.0,time_decay,t_000776,cmp_002,pl_002,cr_002,bot_start,2026-08-17 23:32:50.476308952,1.0,13950.0
ord_a364d28f81d5,211,2026-08-22 11:08:24,14950.0,time_decay,t_000198,cmp_003,pl_009,cr_000,bot_start,2026-08-18 21:51:03.821201017,0.46598080274038406,6966.4130009687415
ord_a364d28f81d5,211,2026-08-22 11:08:24,14950.0,time_decay,t_000199,cmp_001,pl_006,cr_002,click,2026-08-19 12:00:28.006467050,0.5340191972596159,7983.586999031258
ord_a52a3e29f313,454,2026-09-07 04:33:26,8950.0,time_decay,t_000663,cmp_000,pl_004,cr_003,click,2026-08-31 17:10:34.012379395,0.18142248963681293,1623.7312822494757
ord_a52a3e29f313,454,2026-09-07 04:33:26,8950.0,time_decay,t_000665,cmp_002,pl_005,cr_004,bot_start,2026-09-03 19:05:44.914294744,0.369613060889863,3308.036894964274
ord_a52a3e29f313,454,2026-09-07 04:33:26,8950.0,time_decay,t_000664,cmp_001,pl_006,cr_002,click,2026-09-04 15:17:52.669241636,0.4489644494733239,4018.2318227862493
ord_a57c67449bca,158,2026-08-10 12:37:30,9400.0,time_decay,t_000105,cmp_003,pl_009,cr_000,click,2026-08-09 06:01:37.437287347,1.0,9400.0
ord_a5b2d19baa1d,75,2026-08-18 18:53:33,16950.0,time_decay,t_000985,cmp_002,pl_008,cr_001,click,2026-08-14 01:36:57.210671594,0.32905814939434014,5577.535632234065
ord_a5b2d19baa1d,75,2026-08-18 18:53:33,16950.0,time_decay,t_000984,cmp_001,pl_006,cr_002,click,2026-08-17 03:37:14.682383560,0.6709418506056598,11372.464367765933
ord_a6132404b0e8,216,2026-08-23 18:13:18,7475.0,time_decay,t_000209,cmp_003,pl_009,cr_000,click,2026-08-19 20:47:15.891552567,1.0,7475.0
ord_a61f968bd76d,66,2026-08-13 05:36:55,8745.0,time_decay,t_000967,cmp_000,pl_004,cr_003,click,2026-08-09 05:37:33.215967352,0.4838262218161057,4231.060309781844
ord_a61f968bd76d,66,2026-08-13 05:36:55,8745.0,time_decay,t_000968,cmp_002,pl_002,cr_002,click,2026-08-09 12:20:54.173837712,0.5161737781838942,4513.939690218155
ord_a69b764ac27b,266,2026-09-02 11:33:22,10000.0,time_decay,t_000308,cmp_002,pl_005,cr_004,lead,2026-08-27 14:34:36.802311626,0.4732742197419183,4732.742197419183
ord_a69b764ac27b,266,2026-09-02 11:33:22,10000.0,time_decay,t_000307,cmp_003,pl_007,cr_003,click,2026-08-28 01:41:30.992946924,0.5267257802580816,5267.257802580816
ord_a6bc165d7174,297,2026-08-22 17:26:07,8450.0,time_decay,t_000372,cmp_003,pl_009,cr_000,bot_start,2026-08-16 07:41:32.608734352,0.16604253751905737,1403.0594420360349
ord_a6bc165d7174,297,2026-08-22 17:26:07,8450.0,time_decay,t_000371,cmp_001,pl_006,cr_002,bot_start,2026-08-18 05:43:36.142175727,0.25863515178150914,2185.4670325537522
ord_a6bc165d7174,297,2026-08-22 17:26:07,8450.0,time_decay,t_000373,cmp_004,pl_003,cr_000,click,2026-08-21 16:46:30.913361939,0.5753223106994335,4861.473525410213
ord_a6bc419af5b7,146,2026-08-20 16:27:30,6950.0,time_decay,t_000083,cmp_002,pl_000,cr_000,click,2026-08-14 00:04:19.078941843,0.22054763991249726,1532.806097391856
ord_a6bc419af5b7,146,2026-08-20 16:27:30,6950.0,time_decay,t_000084,cmp_003,pl_007,cr_003,bot_start,2026-08-14 15:46:30.285766457,0.2565409467105188,1782.9595796381057
ord_a6bc419af5b7,146,2026-08-20 16:27:30,6950.0,time_decay,t_000082,cmp_003,pl_009,cr_000,lead,2026-08-17 17:44:46.519693168,0.5229114133769839,3634.234322970038
ord_a74b874abcdd,97,2026-09-06 17:27:55,8950.0,time_decay,t_001023,cmp_002,pl_005,cr_004,click,2026-09-02 07:21:55.262915443,1.0,8950.0
ord_a755e94b3e12,387,2026-08-31 09:09:41,8545.0,time_decay,t_000528,cmp_003,pl_009,cr_000,click,2026-08-26 05:08:37.191746205,1.0,8545.0
ord_a76c6fb4be0f,106,2026-08-10 10:53:02,9900.0,time_decay,t_000012,cmp_002,pl_000,cr_000,click,2026-08-06 16:43:15.254301952,1.0,9900.0
ord_a7d4135925b6,53,2026-08-09 13:57:35,4950.0,time_decay,t_000805,cmp_003,pl_007,cr_003,click,2026-08-08 01:22:25.990137191,1.0,4950.0
ord_a7f780b6bb2d,165,2026-08-25 07:21:38,8450.0,time_decay,t_000116,cmp_002,pl_002,cr_002,bot_start,2026-08-19 10:19:17.404789183,0.2666735092440926,2253.3911531125827
ord_a7f780b6bb2d,165,2026-08-25 07:21:38,8450.0,time_decay,t_000117,cmp_000,pl_004,cr_003,bot_start,2026-08-23 19:23:48.995887548,0.7333264907559074,6196.608846887418
ord_a81c8e5f13b0,371,2026-08-09 17:17:09,9900.0,time_decay,t_000503,cmp_004,pl_003,cr_000,bot_start,2026-08-04 22:29:08.789694514,1.0,9900.0
ord_a9b9ff4a43be,399,2026-09-06 19:02:33,8950.0,time_decay,t_000548,cmp_004,pl_003,cr_000,bot_start,2026-08-31 12:30:36.049379408,1.0,8950.0
ord_a9c7e9b49e00,268,2026-08-24 12:52:49,8950.0,time_decay,t_000311,cmp_003,pl_009,cr_000,click,2026-08-20 09:06:14.643431987,1.0,8950.0
ord_aa2901beb3ca,141,2026-08-24 14:48:12,7475.0,time_decay,t_000070,cmp_003,pl_007,cr_003,click,2026-08-18 12:31:52.171228178,0.14608556054629748,1091.9895650835738
ord_aa2901beb3ca,141,2026-08-24 14:48:12,7475.0,time_decay,t_000069,cmp_000,pl_001,cr_004,bot_start,2026-08-22 19:13:41.580500597,0.39262760647095424,2934.891358370383
ord_aa2901beb3ca,141,2026-08-24 14:48:12,7475.0,time_decay,t_000071,cmp_003,pl_009,cr_000,bot_start,2026-08-23 11:58:06.227794069,0.46128683298274825,3448.1190765460433
ord_aaa5963be0ee,194,2026-08-24 16:25:21,8950.0,time_decay,t_000171,cmp_000,pl_001,cr_004,click,2026-08-21 00:03:36.673145552,1.0,8950.0
ord_aaae24f47115,568,2026-08-27 15:10:07,14950.0,time_decay,t_000881,cmp_001,pl_006,cr_002,click,2026-08-24 20:33:42.726315336,1.0,14950.0
ord_ab876d71ca89,78,2026-09-08 05:10:30,6950.0,time_decay,t_000989,cmp_003,pl_007,cr_003,click,2026-09-02 06:46:16.720957102,0.27133164371169105,1885.7549237962528
ord_ab876d71ca89,78,2026-09-08 05:10:30,6950.0,time_decay,t_000988,cmp_004,pl_003,cr_000,click,2026-09-06 13:23:09.864874641,0.728668356288309,5064.245076203747
ord_ababed0c5621,346,2026-08-18 10:15:05,8745.0,time_decay,t_000461,cmp_001,pl_006,cr_002,bot_start,2026-08-12 15:48:37.127685458,0.2567613191034393,2245.3777355595766
ord_ababed0c5621,346,2026-08-18 10:15:05,8745.0,time_decay,t_000462,cmp_003,pl_007,cr_003,click,2026-08-17 06:12:53.813845109,0.7432386808965608,6499.622264440423
ord_abf7712e12f1,420,2026-08-14 20:17:00,6950.0,time_decay,t_000589,cmp_002,pl_002,cr_002,click,2026-08-10 06:49:14.427561134,0.31390065672653766,2181.609564249437
ord_abf7712e12f1,420,2026-08-14 20:17:00,6950.0,time_decay,t_000590,cmp_003,pl_007,cr_003,click,2026-08-10 09:43:00.085536606,0.32277536954627456,2243.288818346608
ord_abf7712e12f1,420,2026-08-14 20:17:00,6950.0,time_decay,t_000591,cmp_000,pl_001,cr_004,bot_start,2026-08-10 22:00:32.283182394,0.36332397372718783,2525.1016174039555
ord_ac0c576450ed,530,2026-09-06 19:09:38,8950.0,time_decay,t_000806,cmp_002,pl_008,cr_001,click,2026-09-01 06:26:23.974043250,0.1774295202525719,1587.9942062605185
ord_ac0c576450ed,530,2026-09-06 19:09:38,8950.0,time_decay,t_000808,cmp_002,pl_000,cr_000,click,2026-09-04 03:50:43.245892402,0.34610488437116,3097.638715121882
ord_ac0c576450ed,530,2026-09-06 19:09:38,8950.0,time_decay,t_000807,cmp_002,pl_008,cr_001,click,2026-09-05 13:02:56.628682486,0.47646559537626815,4264.3670786176
ord_ad0488603d88,52,2026-08-10 18:12:59,6450.0,time_decay,t_000786,cmp_001,pl_006,cr_002,bot_start,2026-08-09 00:46:00.770959766,1.0,6450.0
ord_ad06232a1c0f,437,2026-08-04 09:08:31,8950.0,time_decay,,,,,organic,,0.0,0.0
ord_ad3def68351d,67,2026-08-10 18:01:06,6490.0,time_decay,t_000969,cmp_002,pl_002,cr_002,click,2026-08-08 12:52:03.758714090,1.0,6490.0
ord_ad439766012e,304,2026-08-11 15:52:40,6950.0,time_decay,t_000389,cmp_003,pl_007,cr_003,bot_start,2026-08-06 23:41:11.041732215,1.0,6950.0
ord_adc85f8c4113,114,2026-09-01 19:16:56,13950.0,time_decay,t_000025,cmp_002,pl_002,cr_002,lead,2026-08-29 02:43:54.951970502,1.0,13950.0
ord_adeb2ba1981c,423,2026-09-01 12:44:58,7475.0,time_decay,t_000596,cmp_004,pl_003,cr_000,lead,2026-08-29 14:30:05.802105929,1.0,7475.0
ord_ae333cc3ea02,569,2026-09-06 08:00:03,8950.0,time_decay,t_000882,cmp_003,pl_007,cr_003,click,2026-09-03 21:37:02.738138572,1.0,8950.0
ord_ae5d6129364f,434,2026-09-06 15:23:19,8450.0,time_decay,t_000618,cmp_004,pl_003,cr_000,lead,2026-09-01 21:12:33.288968458,0.21407887741776824,1808.9665141801415
ord_ae5d6129364f,434,2026-09-06 15:23:19,8450.0,time_decay,t_000619,cmp_004,pl_003,cr_000,bot_start,2026-09-02 12:24:20.108182304,0.24780455650176572,2093.9485024399205
ord_ae5d6129364f,434,2026-09-06 15:23:19,8450.0,time_decay,t_000617,cmp_004,pl_003,cr_000,click,2026-09-05 20:57:11.296944315,0.5381165660804661,4547.084983379938
ord_aeea7f764f37,445,2026-08-10 00:36:19,4950.0,time_decay,t_000650,cmp_004,pl_003,cr_000,bot_start,2026-08-04 05:53:13.034862288,1.0,4950.0
ord_af30faba21a1,294,2026-08-06 10:39:31,9950.0,time_decay,t_000366,cmp_002,pl_002,cr_002,bot_start,2026-08-04 18:46:23.047271137,0.4977850691786964,4952.9614383280295
ord_af30faba21a1,294,2026-08-06 10:39:31,9950.0,time_decay,t_000367,cmp_000,pl_001,cr_004,click,2026-08-04 19:41:36.131940083,0.5022149308213035,4997.0385616719705
ord_af4b3d4ee812,236,2026-08-29 05:27:29,7475.0,time_decay,t_000248,cmp_003,pl_009,cr_000,click,2026-08-24 15:53:00.467077134,0.20515647128313078,1533.5446228414025
ord_af4b3d4ee812,236,2026-08-29 05:27:29,7475.0,time_decay,t_000249,cmp_003,pl_007,cr_003,bot_start,2026-08-26 03:06:30.882492102,0.28797875339573725,2152.641181633136
ord_af4b3d4ee812,236,2026-08-29 05:27:29,7475.0,time_decay,t_000250,cmp_003,pl_009,cr_000,click,2026-08-28 13:50:04.389754061,0.506864775321132,3788.8141955254623
ord_af67053bd721,456,2026-09-08 17:57:42,9950.0,time_decay,t_000669,cmp_003,pl_007,cr_003,click,2026-09-04 02:27:59.113460422,0.3197834544464394,3181.845371742072
ord_af67053bd721,456,2026-09-08 17:57:42,9950.0,time_decay,t_000668,cmp_002,pl_000,cr_000,click,2026-09-07 08:52:01.683098562,0.6802165455535606,6768.1546282579275
ord_afa88efd73ac,210,2026-09-05 17:12:38,7475.0,time_decay,t_000197,cmp_004,pl_003,cr_000,click,2026-09-04 01:22:25.106560860,1.0,7475.0
ord_afab25d99b1d,14,2026-08-30 23:52:21,8950.0,time_decay,t_000067,cmp_003,pl_007,cr_003,click,2026-08-24 12:55:19.952227360,1.0,8950.0
ord_b012557d9850,486,2026-09-02 09:28:52,8950.0,time_decay,t_000721,cmp_002,pl_000,cr_000,click,2026-08-28 15:17:00.038575853,0.46022618130437204,4119.0243226741295
ord_b012557d9850,486,2026-09-02 09:28:52,8950.0,time_decay,t_000720,cmp_002,pl_005,cr_004,click,2026-08-29 07:50:39.134438772,0.539773818695628,4830.9756773258705
ord_b0b57718aabf,20,2026-09-06 11:07:00,14950.0,time_decay,t_000181,cmp_003,pl_009,cr_000,click,2026-08-30 13:30:40.821920332,0.4752942449242068,7105.648961616892
ord_b0b57718aabf,20,2026-09-06 11:07:00,14950.0,time_decay,t_000180,cmp_002,pl_008,cr_001,click,2026-08-30 23:47:05.468805055,0.5247057550757932,7844.351038383108
ord_b23afcf540ef,46,2026-08-12 05:13:04,6450.0,time_decay,t_000675,cmp_002,pl_002,cr_002,bot_start,2026-08-09 13:55:41.201810698,1.0,6450.0
ord_b2ee6a955012,135,2026-08-08 20:00:19,9990.0,time_decay,t_000059,cmp_001,pl_006,cr_002,click,2026-08-05 15:04:06.021725088,1.0,9990.0
ord_b302ac72e01b,374,2026-08-09 19:11:48,6450.0,time_decay,t_000508,cmp_000,pl_001,cr_004,click,2026-08-07 11:37:02.337472002,1.0,6450.0
ord_b3db1ad4202a,153,2026-08-13 18:30:59,5750.0,time_decay,t_000094,cmp_002,pl_000,cr_000,click,2026-08-07 18:00:30.993814403,1.0,5750.0
ord_b4126717b5c9,601,2026-09-06 14:28:33,13950.0,time_decay,t_000950,cmp_003,pl_009,cr_000,click,2026-08-31 11:19:02.884329415,0.2384531784555686,3326.4218394551817
ord_b4126717b5c9,601,2026-09-06 14:28:33,13950.0,time_decay,t_000951,cmp_000,pl_004,cr_003,click,2026-09-05 11:56:01.651765955,0.7615468215444314,10623.57816054482
ord_b4c3209caa6f,195,2026-09-01 10:54:53,8450.0,time_decay,t_000173,cmp_003,pl_009,cr_000,click,2026-08-27 12:19:35.106338811,0.22639450966875077,1913.0336067009441
ord_b4c3209caa6f,195,2026-09-01 10:54:53,8450.0,time_decay,t_000174,cmp_000,pl_004,cr_003,lead,2026-08-29 19:19:11.807261987,0.3844078964462844,3248.2467249711035
ord_b4c3209caa6f,195,2026-09-01 10:54:53,8450.0,time_decay,t_000172,cmp_002,pl_005,cr_004,click,2026-08-29 20:36:22.368352523,0.38919759388496483,3288.7196683279526
ord_b64cd962e103,306,2026-09-06 16:18:59,8950.0,time_decay,t_000392,cmp_003,pl_007,cr_003,click,2026-09-04 23:23:52.246794125,1.0,8950.0
ord_b72be25fba0f,35,2026-09-02 22:38:59,4225.0,time_decay,t_000466,cmp_003,pl_009,cr_000,lead,2026-08-28 11:37:07.362930179,1.0,4225.0
ord_b74961cc5b6f,232,2026-08-09 10:47:20,6490.0,time_decay,t_000242,cmp_003,pl_007,cr_003,click,2026-08-06 07:06:59.215121464,0.3833802944391402,2488.13811091002
ord_b74961cc5b6f,232,2026-08-09 10:47:20,6490.0,time_decay,t_000243,cmp_002,pl_002,cr_002,bot_start,2026-08-08 08:28:47.981840462,0.6166197055608598,4001.8618890899797
ord_b859f844b1a5,328,2026-09-05 10:58:26,14950.0,time_decay,t_000430,cmp_001,pl_006,cr_002,bot_start,2026-08-31 10:46:53.672280099,1.0,14950.0
ord_b8ac3ff4b8d4,436,2026-08-23 15:04:52,8450.0,time_decay,t_000623,cmp_002,pl_002,cr_002,bot_start,2026-08-20 12:18:40.512010502,1.0,8450.0
ord_b9014380f5d3,151,2026-09-06 11:31:11,7475.0,time_decay,t_000092,cmp_002,pl_002,cr_002,bot_start,2026-08-31 01:27:36.571643295,1.0,7475.0
ord_b91f1456345e,142,2026-08-11 15:49:13,6490.0,time_decay,t_000072,cmp_001,pl_006,cr_002,click,2026-08-05 01:48:49.195571329,1.0,6490.0
ord_b96cc0fc5301,315,2026-08-23 16:40:25,14950.0,time_decay,t_000408,cmp_002,pl_000,cr_000,bot_start,2026-08-16 19:47:49.051997688,0.4218802023798964,6307.109025579451
ord_b96cc0fc5301,315,2026-08-23 16:40:25,14950.0,time_decay,t_000409,cmp_003,pl_007,cr_003,click,2026-08-18 04:31:24.547437141,0.5781197976201036,8642.890974420548
ord_ba0c22ffb938,302,2026-09-04 15:20:47,7475.0,time_decay,t_000385,cmp_001,pl_006,cr_002,lead,2026-08-31 10:14:39.409469496,0.3100783185725765,2317.835431330009
ord_ba0c22ffb938,302,2026-09-04 15:20:47,7475.0,time_decay,t_000386,cmp_002,pl_000,cr_000,click,2026-09-03 21:19:04.355601222,0.6899216814274235,5157.16456866999
ord_ba4abfdfe864,505,2026-08-11 18:00:05,9900.0,time_decay,t_000761,cmp_003,pl_007,cr_003,lead,2026-08-09 05:18:48.095962965,1.0,9900.0
ord_ba996b6b932a,25,2026-08-30 18:34:15,8450.0,time_decay,t_000275,cmp_002,pl_005,cr_004,click,2026-08-25 09:12:27.081654117,0.26920135127981676,2274.7514183144517
ord_ba996b6b932a,25,2026-08-30 18:34:15,8450.0,time_decay,t_000276,cmp_002,pl_002,cr_002,click,2026-08-25 09:31:45.621168273,0.270036668581392,2281.8098495127624
ord_ba996b6b932a,25,2026-08-30 18:34:15,8450.0,time_decay,t_000274,cmp_001,pl_006,cr_002,bot_start,2026-08-27 17:01:54.179525596,0.4607619801387911,3893.438732172785
ord_babbeddca1a2,461,2026-09-05 15:01:05,14950.0,time_decay,t_000678,cmp_002,pl_000,cr_000,click,2026-09-01 05:55:43.481597429,0.4857170635347791,7261.470099844948
ord_babbeddca1a2,461,2026-09-05 15:01:05,14950.0,time_decay,t_000677,cmp_000,pl_004,cr_003,click,2026-09-01 11:51:53.515099609,0.5142829364652208,7688.529900155051
ord_bbcfa1b9e3c5,535,2026-08-30 08:24:30,14950.0,time_decay,t_000814,cmp_002,pl_005,cr_004,lead,2026-08-24 05:16:09.525649590,0.18798644937337977,2810.3974181320277
ord_bbcfa1b9e3c5,535,2026-08-30 08:24:30,14950.0,time_decay,t_000816,cmp_002,pl_005,cr_004,lead,2026-08-26 06:46:03.917837056,0.3027458191538932,4526.049996350704
ord_bbcfa1b9e3c5,535,2026-08-30 08:24:30,14950.0,time_decay,t_000815,cmp_001,pl_006,cr_002,bot_start,2026-08-28 12:47:26.154333490,0.5092677314727271,7613.55258551727
ord_bd1eff6c4ded,229,2026-08-14 04:19:44,9950.0,time_decay,t_000233,cmp_002,pl_005,cr_004,click,2026-08-11 20:30:32.589642531,1.0,9950.0
ord_bd7c9b7467b9,439,2026-08-09 20:20:29,6490.0,time_decay,t_000635,cmp_002,pl_008,cr_001,bot_start,2026-08-05 14:39:42.545997225,0.22262850739653203,1444.859013003493
ord_bd7c9b7467b9,439,2026-08-09 20:20:29,6490.0,time_decay,t_000633,cmp_002,pl_002,cr_002,bot_start,2026-08-07 23:41:38.841603593,0.38550609727644386,2501.9345713241205
ord_bd7c9b7467b9,439,2026-08-09 20:20:29,6490.0,time_decay,t_000634,cmp_000,pl_004,cr_003,bot_start,2026-08-08 01:23:37.127821094,0.391865395327024,2543.206415672386
ord_bdc7ccd63291,187,2026-08-09 18:48:05,8990.0,time_decay,t_000161,cmp_000,pl_001,cr_004,click,2026-08-04 06:47:52.535032809,0.31157173699656576,2801.029915599126
ord_bdc7ccd63291,187,2026-08-09 18:48:05,8990.0,time_decay,t_000160,cmp_004,pl_003,cr_000,click,2026-08-07 17:08:50.450190467,0.6884282630034342,6188.970084400873
ord_be126db06077,36,2026-09-09 19:26:20,44750.0,time_decay,t_000485,cmp_003,pl_007,cr_003,click,2026-09-06 20:29:46.379021311,1.0,44750.0
ord_be41abe10903,405,2026-09-05 14:29:26,8950.0,time_decay,t_000563,cmp_003,pl_009,cr_000,click,2026-08-30 16:08:52.240740811,1.0,8950.0
ord_bec010dc7db8,28,2026-09-04 15:15:34,14950.0,time_decay,t_000340,cmp_004,pl_003,cr_000,click,2026-08-30 01:35:59.095681310,1.0,14950.0
ord_becc242811f2,58,2026-08-09 16:12:46,16390.0,time_decay,t_000904,cmp_000,pl_001,cr_004,click,2026-08-04 07:25:47.002312989,1.0,16390.0
ord_beceecf62b78,206,2026-08-09 13:00:12,9990.0,time_decay,t_000190,cmp_002,pl_008,cr_001,click,2026-08-08 17:07:20.138517482,1.0,9990.0
ord_bf057dc269fd,564,2026-08-16 04:38:14,8745.0,time_decay,t_000875,cmp_003,pl_007,cr_003,bot_start,2026-08-10 06:17:49.878178754,0.22000288701001244,1923.925246902559
ord_bf057dc269fd,564,2026-08-16 04:38:14,8745.0,time_decay,t_000874,cmp_000,pl_001,cr_004,click,2026-08-11 15:38:04.726491119,0.30325736928910224,2651.985694433199
ord_bf057dc269fd,564,2026-08-16 04:38:14,8745.0,time_decay,t_000873,cmp_004,pl_003,cr_000,lead,2026-08-13 14:37:33.990528133,0.4767397437008853,4169.089058664242
ord_bf505f161b2e,385,2026-09-02 14:17:34,11950.0,time_decay,t_000525,cmp_004,pl_003,cr_000,click,2026-08-27 19:00:43.877395927,0.387925739434985,4635.712586248071
ord_bf505f161b2e,385,2026-09-02 14:17:34,11950.0,time_decay,t_000526,cmp_002,pl_005,cr_004,click,2026-08-29 18:22:58.347426519,0.612074260565015,7314.287413751929
ord_bfbdd3088f00,240,2026-08-22 18:00:15,6450.0,time_decay,t_000259,cmp_001,pl_006,cr_002,click,2026-08-21 11:57:15.539639025,1.0,6450.0
ord_c00dbc4c518f,275,2026-08-13 09:51:23,8745.0,time_decay,t_000329,cmp_002,pl_002,cr_002,lead,2026-08-10 22:46:51.850863004,0.40481502622251786,3540.1074043159188
ord_c00dbc4c518f,275,2026-08-13 09:51:23,8745.0,time_decay,t_000330,cmp_003,pl_007,cr_003,lead,2026-08-12 14:49:06.558809670,0.595184973777482,5204.89259568408
ord_c012ccb00c4f,422,2026-09-02 15:30:05,9450.0,time_decay,t_000594,cmp_004,pl_003,cr_000,click,2026-08-28 10:39:48.302128845,0.18999138707902521,1795.4186078967882
ord_c012ccb00c4f,422,2026-09-02 15:30:05,9450.0,time_decay,t_000593,cmp_002,pl_002,cr_002,bot_start,2026-08-30 05:53:10.988115809,0.2880367757126959,2721.9475304849766
ord_c012ccb00c4f,422,2026-09-02 15:30:05,9450.0,time_decay,t_000595,cmp_002,pl_002,cr_002,click,2026-09-01 19:38:31.738977148,0.5219718372082788,4932.633861618235
ord_c067826c2ca3,333,2026-08-08 18:25:13,6490.0,time_decay,t_000441,cmp_000,pl_001,cr_004,click,2026-08-04 02:20:12.159338420,0.19541899077642844,1268.2692501390206
ord_c067826c2ca3,333,2026-08-08 18:25:13,6490.0,time_decay,t_000440,cmp_002,pl_005,cr_004,bot_start,2026-08-07 04:18:40.816199829,0.3983388102291374,2585.218878387102
ord_c067826c2ca3,333,2026-08-08 18:25:13,6490.0,time_decay,t_000439,cmp_002,pl_002,cr_002,lead,2026-08-07 06:21:07.596767792,0.40624219899443414,2636.511871473878
ord_c07cf6dcba37,171,2026-08-31 18:20:33,8950.0,time_decay,t_000127,cmp_002,pl_002,cr_002,bot_start,2026-08-25 18:44:33.763117357,1.0,8950.0
ord_c096b6fe94ff,352,2026-09-03 16:22:06,8450.0,time_decay,t_000473,cmp_003,pl_009,cr_000,bot_start,2026-08-31 17:22:08.586277764,0.4489288128574004,3793.4484686450332
ord_c096b6fe94ff,352,2026-09-03 16:22:06,8450.0,time_decay,t_000474,cmp_002,pl_008,cr_001,bot_start,2026-09-01 14:39:47.505773797,0.5510711871425996,4656.551531354967
ord_c0cdb47ceff3,402,2026-08-09 17:25:40,9990.0,time_decay,t_000554,cmp_002,pl_005,cr_004,click,2026-08-06 17:25:01.761753391,0.4635665641960673,4631.029976318712
ord_c0cdb47ceff3,402,2026-08-09 17:25:40,9990.0,time_decay,t_000555,cmp_003,pl_007,cr_003,click,2026-08-07 08:34:55.152783206,0.5364334358039328,5358.970023681289
ord_c1ea22a76af1,99,2026-08-29 19:35:36,8450.0,time_decay,t_001026,cmp_000,pl_001,cr_004,bot_start,2026-08-25 19:49:16.834584171,0.4429205028400374,3742.678248998316
ord_c1ea22a76af1,99,2026-08-29 19:35:36,8450.0,time_decay,t_001025,cmp_002,pl_005,cr_004,bot_start,2026-08-26 19:38:29.380247218,0.5570794971599626,4707.321751001684
ord_c1f1a16b87ae,224,2026-09-09 08:55:28,8450.0,time_decay,t_000222,cmp_002,pl_002,cr_002,bot_start,2026-09-02 18:16:53.323530500,0.26035999896689127,2200.0419912702314
ord_c1f1a16b87ae,224,2026-09-09 08:55:28,8450.0,time_decay,t_000221,cmp_003,pl_007,cr_003,click,2026-09-07 06:44:10.284729439,0.7396400010331088,6249.958008729769
ord_c24217158089,493,2026-09-02 16:44:53,9950.0,time_decay,t_000732,cmp_000,pl_001,cr_004,bot_start,2026-08-27 04:33:37.136525840,0.39325894331529176,3912.9264859871532
ord_c24217158089,493,2026-09-02 16:44:53,9950.0,time_decay,t_000731,cmp_004,pl_003,cr_000,click,2026-08-29 01:36:13.009866320,0.6067410566847082,6037.073514012847
ord_c2a3ee8d5182,462,2026-08-09 16:45:22,500.0,time_decay,t_000679,cmp_001,pl_006,cr_002,bot_start,2026-08-04 23:32:17.445227281,0.43149243948933425,215.74621974466712
ord_c2a3ee8d5182,462,2026-08-09 16:45:22,500.0,time_decay,t_000680,cmp_002,pl_000,cr_000,click,2026-08-06 04:10:58.675969898,0.5685075605106659,284.2537802553329
ord_c2c8da6444f1,521,2026-08-12 14:21:51,6450.0,time_decay,t_000789,cmp_003,pl_009,cr_000,click,2026-08-07 18:40:49.068775836,0.24928186269285818,1607.8680143689353
ord_c2c8da6444f1,521,2026-08-12 14:21:51,6450.0,time_decay,t_000788,cmp_003,pl_009,cr_000,click,2026-08-08 15:09:36.817251744,0.30361043840187185,1958.2873276920734
ord_c2c8da6444f1,521,2026-08-12 14:21:51,6450.0,time_decay,t_000790,cmp_000,pl_001,cr_004,click,2026-08-10 07:21:54.355311581,0.44710769890527,2883.8446579389915
ord_c3e2808e89ea,252,2026-09-03 16:36:15,8950.0,time_decay,t_000280,cmp_001,pl_006,cr_002,lead,2026-08-28 12:05:27.713811228,0.1758915127083458,1574.229038739695
ord_c3e2808e89ea,252,2026-09-03 16:36:15,8950.0,time_decay,t_000279,cmp_003,pl_009,cr_000,click,2026-08-31 06:36:08.508755778,0.333677490939214,2986.4135439059655
ord_c3e2808e89ea,252,2026-09-03 16:36:15,8950.0,time_decay,t_000281,cmp_003,pl_009,cr_000,click,2026-09-01 22:36:18.938653870,0.4904309963524402,4389.357417354339
ord_c4400700e0a9,26,2026-08-31 14:03:44,17950.0,time_decay,t_000294,cmp_002,pl_000,cr_000,lead,2026-08-25 07:28:37.961559909,1.0,17950.0
ord_c45100b4e16a,492,2026-08-20 14:21:52,9950.0,time_decay,t_000730,cmp_003,pl_007,cr_003,lead,2026-08-18 14:28:06.068681399,0.4381262981822644,4359.356666913531
ord_c45100b4e16a,492,2026-08-20 14:21:52,9950.0,time_decay,t_000729,cmp_000,pl_004,cr_003,click,2026-08-19 16:18:32.705933324,0.5618737018177357,5590.64333308647
ord_c4644b0e0f2d,41,2026-08-12 10:22:39,6500.0,time_decay,t_000569,cmp_001,pl_006,cr_002,click,2026-08-10 07:14:40.016046484,0.46218468271519614,3004.200437648775
ord_c4644b0e0f2d,41,2026-08-12 10:22:39,6500.0,time_decay,t_000570,cmp_004,pl_003,cr_000,bot_start,2026-08-10 22:59:11.865992232,0.5378153172848039,3495.7995623512256
ord_c561b01f9c91,431,2026-09-05 15:28:29,8950.0,time_decay,t_000611,cmp_002,pl_008,cr_001,click,2026-09-01 20:21:11.028992175,0.4374508348390613,3915.184971809598
ord_c561b01f9c91,431,2026-09-05 15:28:29,8950.0,time_decay,t_000612,cmp_002,pl_005,cr_004,click,2026-09-02 22:28:43.902382578,0.5625491651609388,5034.815028190402
ord_c56b76f5156e,21,2026-08-10 16:29:36,9900.0,time_decay,t_000196,cmp_002,pl_005,cr_004,click,2026-08-04 09:42:24.953587097,0.14716535439433442,1456.9370085039109
ord_c56b76f5156e,21,2026-08-10 16:29:36,9900.0,time_decay,t_000195,cmp_004,pl_003,cr_000,click,2026-08-07 12:51:04.860709507,0.3033767559808394,3003.4298842103103
ord_c56b76f5156e,21,2026-08-10 16:29:36,9900.0,time_decay,t_000194,cmp_001,pl_006,cr_002,bot_start,2026-08-10 02:32:52.916548215,0.5494578896248262,5439.633107285779
ord_c6935b8f98bb,440,2026-08-24 03:20:05,7475.0,time_decay,t_000639,cmp_003,pl_007,cr_003,click,2026-08-18 04:11:10.030628240,0.2238371640917543,1673.1828015858634
ord_c6935b8f98bb,440,2026-08-24 03:20:05,7475.0,time_decay,t_000638,cmp_002,pl_008,cr_001,click,2026-08-19 23:07:19.341419265,0.33841225335691616,2529.6315938429484
ord_c6935b8f98bb,440,2026-08-24 03:20:05,7475.0,time_decay,t_000640,cmp_002,pl_002,cr_002,click,2026-08-21 01:51:27.375384391,0.4377505825513295,3272.185604571188
ord_c76d4cfd3150,571,2026-08-04 17:19:52,16950.0,time_decay,t_000886,cmp_002,pl_008,cr_001,click,2026-08-04 09:07:11.861286000,1.0,16950.0
ord_c7972d1099cb,164,2026-08-10 13:08:15,8745.0,time_decay,t_000115,cmp_002,pl_000,cr_000,click,2026-08-07 21:00:47.569254332,1.0,8745.0
ord_c7c6c312aab7,105,2026-09-06 11:55:22,8950.0,time_decay,t_000011,cmp_000,pl_001,cr_004,click,2026-09-01 07:14:04.988705034,0.3027809914926871,2709.88987385955
ord_c7c6c312aab7,105,2026-09-06 11:55:22,8950.0,time_decay,t_000010,cmp_001,pl_006,cr_002,click,2026-09-04 21:52:30.008179834,0.6972190085073129,6240.11012614045
ord_c857abc731f4,181,2026-09-01 18:44:37,8950.0,time_decay,t_000149,cmp_000,pl_004,cr_003,bot_start,2026-08-30 00:27:02.552613217,0.31321251125808963,2803.251975759902
ord_c857abc731f4,181,2026-09-01 18:44:37,8950.0,time_decay,t_000150,cmp_002,pl_008,cr_001,click,2026-08-30 08:06:30.245531623,0.3371752596973826,3017.7185742915744
ord_c857abc731f4,181,2026-09-01 18:44:37,8950.0,time_decay,t_000151,cmp_000,pl_004,cr_003,bot_start,2026-08-30 11:52:15.251495955,0.34961222904452777,3129.0294499485235
ord_ca370d6c27f6,491,2026-09-07 09:04:54,8950.0,time_decay,t_000728,cmp_004,pl_003,cr_000,click,2026-09-05 23:02:25.947603885,1.0,8950.0
ord_cb0980c5b821,198,2026-09-04 16:44:57,7475.0,time_decay,t_000177,cmp_003,pl_009,cr_000,click,2026-09-03 23:52:08.179154437,1.0,7475.0
ord_cb589dc00928,518,2026-08-08 12:37:37,6490.0,time_decay,t_000783,cmp_001,pl_006,cr_002,click,2026-08-04 02:26:03.988393821,0.26968078796368317,1750.2283138843038
ord_cb589dc00928,518,2026-08-08 12:37:37,6490.0,time_decay,t_000784,cmp_002,pl_000,cr_000,click,2026-08-04 08:26:15.227202024,0.28572542933518086,1854.3580363853237
ord_cb589dc00928,518,2026-08-08 12:37:37,6490.0,time_decay,t_000782,cmp_000,pl_001,cr_004,click,2026-08-06 06:21:48.107074247,0.44459378270113603,2885.413649730373
ord_cb78a1a26b80,287,2026-08-19 07:46:07,6950.0,time_decay,t_000354,cmp_002,pl_005,cr_004,click,2026-08-12 10:40:20.003936315,1.0,6950.0
ord_cbadcd188ed8,398,2026-09-05 18:06:36,8950.0,time_decay,t_000547,cmp_002,pl_008,cr_001,click,2026-08-31 16:19:14.446746210,1.0,8950.0
ord_cbb7c9da8d18,121,2026-08-25 11:38:56,8950.0,time_decay,t_000038,cmp_002,pl_002,cr_002,click,2026-08-23 19:40:58.918138614,1.0,8950.0
ord_cd11acee5329,67,2026-09-05 17:04:40,8950.0,time_decay,t_000970,cmp_001,pl_006,cr_002,click,2026-09-01 12:54:52.819909990,1.0,8950.0
ord_cd6fd80a1eaf,590,2026-09-04 11:04:11,8945.0,time_decay,t_000922,cmp_002,pl_002,cr_002,click,2026-08-30 06:17:31.266334618,0.25191394712797854,2253.370257059768
ord_cd6fd80a1eaf,590,2026-09-04 11:04:11,8945.0,time_decay,t_000924,cmp_002,pl_002,cr_002,click,2026-08-30 21:40:09.163142166,0.2921082553907389,2612.9083444701596
ord_cd6fd80a1eaf,590,2026-09-04 11:04:11,8945.0,time_decay,t_000923,cmp_002,pl_002,cr_002,lead,2026-09-01 19:55:34.910979908,0.45597779748128253,4078.7213984700725
ord_cde516ddac4a,247,2026-09-01 14:59:35,14950.0,time_decay,t_000271,cmp_004,pl_003,cr_000,click,2026-08-28 15:42:50.448545344,1.0,14950.0
ord_ce27f3cfbb16,391,2026-08-14 18:55:11,8745.0,time_decay,t_000536,cmp_002,pl_000,cr_000,click,2026-08-12 04:58:28.599869765,1.0,8745.0
ord_ce639eae7c06,201,2026-08-24 17:28:20,6950.0,time_decay,t_000184,cmp_000,pl_004,cr_003,click,2026-08-21 23:25:17.587123328,1.0,6950.0
ord_cee8bb968b2c,183,2026-08-08 10:08:11,6490.0,time_decay,t_000155,cmp_002,pl_000,cr_000,click,2026-08-04 11:55:33.593905662,0.26007985238688736,1687.9182419908989
ord_cee8bb968b2c,183,2026-08-08 10:08:11,6490.0,time_decay,t_000154,cmp_000,pl_004,cr_003,click,2026-08-04 16:49:16.119274424,0.27262970829337285,1769.36680682399
ord_cee8bb968b2c,183,2026-08-08 10:08:11,6490.0,time_decay,t_000153,cmp_003,pl_007,cr_003,click,2026-08-07 00:47:32.170258562,0.46729043931973985,3032.7149511851117
ord_cf28e880aa19,458,2026-08-22 11:58:37,8450.0,time_decay,t_000672,cmp_002,pl_008,cr_001,bot_start,2026-08-15 13:46:44.932391989,0.2023577179342631,1709.9227165445232
ord_cf28e880aa19,458,2026-08-22 11:58:37,8450.0,time_decay,t_000671,cmp_002,pl_005,cr_004,bot_start,2026-08-21 12:15:18.708505279,0.797642282065737,6740.077283455477
ord_cf2add5206f8,269,2026-08-25 22:26:03,7475.0,time_decay,t_000313,cmp_003,pl_009,cr_000,click,2026-08-19 17:20:49.351130126,0.15838872612289367,1183.9557277686301
ord_cf2add5206f8,269,2026-08-25 22:26:03,7475.0,time_decay,t_000314,cmp_004,pl_003,cr_000,click,2026-08-21 18:16:55.245389796,0.2536997363255146,1896.405529033222
ord_cf2add5206f8,269,2026-08-25 22:26:03,7475.0,time_decay,t_000312,cmp_001,pl_006,cr_002,bot_start,2026-08-25 09:34:49.302078474,0.5879115375515918,4394.638743198148
ord_cf69e33d5ed1,200,2026-08-22 19:40:16,14950.0,time_decay,t_000182,cmp_001,pl_006,cr_002,click,2026-08-18 09:57:23.831166741,0.395282107016233,5909.467499892684
ord_cf69e33d5ed1,200,2026-08-22 19:40:16,14950.0,time_decay,t_000183,cmp_002,pl_005,cr_004,click,2026-08-20 06:07:11.827741424,0.604717892983767,9040.532500107316
ord_cf90c8fbe960,340,2026-08-29 09:29:52,11950.0,time_decay,t_000453,cmp_002,pl_000,cr_000,click,2026-08-25 02:44:53.949466386,1.0,11950.0
ord_d01dcad87e3e,166,2026-08-06 12:15:46,6950.0,time_decay,t_000118,cmp_004,pl_003,cr_000,lead,2026-08-04 23:00:08.281229844,1.0,6950.0
ord_d02c162b826d,286,2026-08-09 16:16:39,6490.0,time_decay,t_000353,cmp_003,pl_007,cr_003,bot_start,2026-08-07 16:42:52.299119461,1.0,6490.0
ord_d0522a2d891f,147,2026-09-05 19:46:01,14950.0,time_decay,t_000085,cmp_000,pl_004,cr_003,click,2026-08-31 20:44:09.281356780,1.0,14950.0
ord_d0c54d7c6c1e,12,2026-08-09 16:52:01,6490.0,time_decay,t_000032,cmp_002,pl_005,cr_004,click,2026-08-05 20:31:04.916223470,0.2617615710820623,1698.8325963225845
ord_d0c54d7c6c1e,12,2026-08-09 16:52:01,6490.0,time_decay,t_000034,cmp_003,pl_009,cr_000,lead,2026-08-06 08:59:30.491102294,0.29516059495785146,1915.592261276456
ord_d0c54d7c6c1e,12,2026-08-09 16:52:01,6490.0,time_decay,t_000033,cmp_003,pl_009,cr_000,click,2026-08-08 03:11:17.249645939,0.44307783396008626,2875.57514240096
ord_d1119f866bd9,129,2026-08-09 10:56:45,6490.0,time_decay,t_000051,cmp_000,pl_001,cr_004,click,2026-08-04 10:53:36.690611392,0.3826612710429071,2483.471649068467
ord_d1119f866bd9,129,2026-08-09 10:56:45,6490.0,time_decay,t_000050,cmp_002,pl_002,cr_002,click,2026-08-06 12:34:23.241222527,0.617338728957093,4006.528350931533
ord_d27df1b85708,298,2026-08-23 18:48:14,6975.0,time_decay,t_000374,cmp_000,pl_004,cr_003,click,2026-08-19 14:10:11.215514770,0.3340105675897496,2329.7237089385035
ord_d27df1b85708,298,2026-08-23 18:48:14,6975.0,time_decay,t_000375,cmp_001,pl_006,cr_002,click,2026-08-22 13:51:12.170807914,0.6659894324102504,4645.2762910614965
ord_d443d099fa5d,17,2026-08-22 17:01:20,9950.0,time_decay,t_000125,cmp_002,pl_002,cr_002,click,2026-08-21 22:03:25.071632045,1.0,9950.0
ord_d46c9dac9db3,556,2026-09-05 15:17:14,7475.0,time_decay,t_000856,cmp_004,pl_003,cr_000,click,2026-08-29 15:39:14.901629634,0.31195361571440133,2331.85327746515
ord_d46c9dac9db3,556,2026-09-05 15:17:14,7475.0,time_decay,t_000855,cmp_000,pl_001,cr_004,click,2026-09-02 01:49:07.279042652,0.6880463842855987,5143.146722534851
ord_d4930b35e66c,205,2026-09-03 15:01:50,8950.0,time_decay,t_000189,cmp_002,pl_005,cr_004,click,2026-08-28 09:41:28.423448288,1.0,8950.0
ord_d4a74dc6be2e,222,2026-08-05 18:52:56,15950.0,time_decay,t_000219,cmp_004,pl_003,cr_000,click,2026-08-04 04:18:28.115050701,1.0,15950.0
ord_d4ed7a4954db,364,2026-08-13 00:01:02,8475.0,time_decay,t_000492,cmp_002,pl_000,cr_000,click,2026-08-06 03:26:31.509165471,1.0,8475.0
ord_d64b7b2d3a01,342,2026-08-13 09:48:34,9950.0,time_decay,t_000455,cmp_000,pl_004,cr_003,click,2026-08-07 02:29:35.724562574,1.0,9950.0
ord_d64f2af115f0,196,2026-09-10 06:09:12,9950.0,time_decay,t_000175,cmp_000,pl_004,cr_003,click,2026-09-05 03:09:01.003839250,1.0,9950.0
ord_d6c3baf2a59d,378,2026-09-04 15:08:47,8950.0,time_decay,t_000514,cmp_003,pl_007,cr_003,bot_start,2026-08-28 16:02:25.428981901,1.0,8950.0
ord_d77a97192b4d,115,2026-09-01 13:09:50,8945.0,time_decay,t_000026,cmp_000,pl_004,cr_003,click,2026-08-29 21:26:20.851092423,0.3856820851881443,3449.9262520079506
ord_d77a97192b4d,115,2026-09-01 13:09:50,8945.0,time_decay,t_000027,cmp_002,pl_008,cr_001,bot_start,2026-08-31 21:47:32.655939207,0.6143179148118558,5495.07374799205
ord_d7d444a21f3a,84,2026-08-09 19:07:32,6490.0,time_decay,t_001003,cmp_003,pl_009,cr_000,click,2026-08-05 19:13:26.447922714,0.47604709454298166,3089.545643583951
ord_d7d444a21f3a,84,2026-08-09 19:07:32,6490.0,time_decay,t_001004,cmp_002,pl_002,cr_002,click,2026-08-06 05:11:02.319946863,0.5239529054570184,3400.45435641605
ord_d7f7722a09ed,273,2026-09-03 08:17:51,8950.0,time_decay,t_000324,cmp_004,pl_003,cr_000,click,2026-09-01 22:30:58.355813006,0.483931003117443,4331.182477901115
ord_d7f7722a09ed,273,2026-09-03 08:17:51,8950.0,time_decay,t_000325,cmp_000,pl_004,cr_003,lead,2026-09-02 05:11:42.420150329,0.5160689968825569,4618.817522098884
ord_d8c9fb909651,275,2026-09-06 11:58:58,13950.0,time_decay,t_000331,cmp_002,pl_002,cr_002,click,2026-08-31 13:46:06.175713993,1.0,13950.0
ord_d993cb1ed82e,54,2026-08-08 12:39:51,6490.0,time_decay,t_000823,cmp_002,pl_005,cr_004,click,2026-08-06 01:56:24.785461759,0.27548569405718065,1787.9021544311024
ord_d993cb1ed82e,54,2026-08-08 12:39:51,6490.0,time_decay,t_000822,cmp_002,pl_005,cr_004,click,2026-08-07 03:45:49.393680990,0.3532371686745454,2292.5092246977997
ord_d993cb1ed82e,54,2026-08-08 12:39:51,6490.0,time_decay,t_000821,cmp_002,pl_008,cr_001,bot_start,2026-08-07 08:56:15.330226521,0.37127713726827405,2409.5886208710986
ord_d99a8c36b2d7,227,2026-08-08 20:08:33,9450.0,time_decay,t_000227,cmp_002,pl_000,cr_000,click,2026-08-05 17:40:19.580670252,0.42062548130584276,3974.910798340214
ord_d99a8c36b2d7,227,2026-08-08 20:08:33,9450.0,time_decay,t_000228,cmp_000,pl_004,cr_003,lead,2026-08-07 02:55:59.608704025,0.5793745186941573,5475.089201659787
ord_d9b39ced29f7,144,2026-08-29 11:51:08,8950.0,time_decay,t_000076,cmp_002,pl_005,cr_004,click,2026-08-22 22:34:45.730036439,0.14905217643914076,1334.01697913031
ord_d9b39ced29f7,144,2026-08-29 11:51:08,8950.0,time_decay,t_000078,cmp_000,pl_001,cr_004,bot_start,2026-08-26 06:32:57.578276123,0.32187740360074085,2880.8027622266304
ord_d9b39ced29f7,144,2026-08-29 11:51:08,8950.0,time_decay,t_000077,cmp_003,pl_007,cr_003,bot_start,2026-08-28 10:10:10.618910913,0.5290704199601184,4735.1802586430595
ord_d9cbfb87ad10,487,2026-09-05 11:02:17,14950.0,time_decay,t_000722,cmp_000,pl_004,cr_003,click,2026-08-30 13:40:46.407100329,1.0,14950.0
ord_d9f1a7255d73,369,2026-08-09 18:53:23,4495.0,time_decay,t_000498,cmp_003,pl_009,cr_000,click,2026-08-06 17:45:46.942114515,1.0,4495.0
ord_da49a6b19212,279,2026-08-09 09:48:26,6490.0,time_decay,t_000339,cmp_002,pl_002,cr_002,click,2026-08-06 08:43:55.757710024,1.0,6490.0
ord_db2e2b5e4c25,527,2026-08-09 10:49:47,9900.0,time_decay,t_000799,cmp_002,pl_008,cr_001,click,2026-08-08 09:28:57.828804071,0.3175641113817007,3143.884702678837
ord_db2e2b5e4c25,527,2026-08-09 10:49:47,9900.0,time_decay,t_000798,cmp_002,pl_005,cr_004,bot_start,2026-08-08 12:51:00.020183514,0.32802723301475006,3247.4696068460257
ord_db2e2b5e4c25,527,2026-08-09 10:49:47,9900.0,time_decay,t_000800,cmp_000,pl_001,cr_004,click,2026-08-08 20:53:06.285435046,0.3544086556035492,3508.645690475137
ord_db6be831afe4,570,2026-08-09 09:24:57,9990.0,time_decay,t_000885,cmp_000,pl_004,cr_003,click,2026-08-04 11:25:17.412021000,0.3315876255780053,3312.5603795242732
ord_db6be831afe4,570,2026-08-09 09:24:57,9990.0,time_decay,t_000884,cmp_004,pl_003,cr_000,lead,2026-08-07 12:14:18.884683567,0.6684123744219947,6677.439620475728
ord_db7e6f7f033e,419,2026-09-02 10:06:52,14950.0,time_decay,t_000587,cmp_002,pl_000,cr_000,click,2026-08-29 09:57:43.754734079,1.0,14950.0
ord_dba585c831db,65,2026-08-09 18:45:20,6490.0,time_decay,t_000966,cmp_002,pl_000,cr_000,click,2026-08-07 01:46:05.560327507,0.2883521438319767,1871.4054134695289
ord_dba585c831db,65,2026-08-09 18:45:20,6490.0,time_decay,t_000964,cmp_002,pl_000,cr_000,click,2026-08-07 04:16:41.157640775,0.29540439817942676,1917.1745441844796
ord_dba585c831db,65,2026-08-09 18:45:20,6490.0,time_decay,t_000965,cmp_002,pl_002,cr_002,click,2026-08-08 15:53:56.804462049,0.4162434579885966,2701.420042345992
ord_dc1bb67f9e3c,578,2026-08-21 12:29:55,8245.0,time_decay,t_000898,cmp_003,pl_007,cr_003,click,2026-08-15 11:44:12.627992932,0.2197398232135156,1811.754842395436
ord_dc1bb67f9e3c,578,2026-08-21 12:29:55,8245.0,time_decay,t_000899,cmp_003,pl_007,cr_003,lead,2026-08-15 19:47:57.470647911,0.23747487956651825,1957.980382025943
ord_dc1bb67f9e3c,578,2026-08-21 12:29:55,8245.0,time_decay,t_000900,cmp_002,pl_008,cr_001,bot_start,2026-08-19 09:40:01.135297034,0.542785297219966,4475.26477557862
ord_dd5142a32d19,155,2026-09-05 12:13:44,7000.0,time_decay,t_000100,cmp_001,pl_006,cr_002,click,2026-08-31 09:32:04.835087492,0.1778689403047969,1245.0825821335784
ord_dd5142a32d19,155,2026-09-05 12:13:44,7000.0,time_decay,t_000098,cmp_002,pl_008,cr_001,bot_start,2026-09-03 04:06:37.885259924,0.33763843746634176,2363.4690622643925
ord_dd5142a32d19,155,2026-09-05 12:13:44,7000.0,time_decay,t_000099,cmp_002,pl_000,cr_000,bot_start,2026-09-04 17:37:19.930232579,0.4844926222288614,3391.44835560203
ord_ddbb4541344b,325,2026-08-06 11:41:17,9950.0,time_decay,t_000425,cmp_000,pl_004,cr_003,bot_start,2026-08-04 09:15:25.581014540,1.0,9950.0
ord_de3a87c256a3,98,2026-08-23 14:14:48,14950.0,time_decay,t_001024,cmp_002,pl_008,cr_001,click,2026-08-16 17:57:33.594576498,1.0,14950.0
ord_ded00306c96f,562,2026-08-17 22:34:23,8745.0,time_decay,t_000870,cmp_000,pl_001,cr_004,click,2026-08-11 08:37:37.638855198,0.17437748556786706,1524.9311112909975
ord_ded00306c96f,562,2026-08-17 22:34:23,8745.0,time_decay,t_000869,cmp_002,pl_002,cr_002,click,2026-08-14 04:23:03.950604799,0.3347972121844065,2927.8016205526346
ord_ded00306c96f,562,2026-08-17 22:34:23,8745.0,time_decay,t_000871,cmp_002,pl_005,cr_004,click,2026-08-15 20:07:22.160908348,0.4908253022477264,4292.267268156367
ord_e02a7725112b,332,2026-08-12 06:44:05,9900.0,time_decay,t_000437,cmp_002,pl_005,cr_004,click,2026-08-10 14:31:00.303931115,0.467869036380404,4631.903460166
ord_e02a7725112b,332,2026-08-12 06:44:05,9900.0,time_decay,t_000438,cmp_000,pl_004,cr_003,click,2026-08-11 03:53:07.678469956,0.532130963619596,5268.096539834
ord_e0b548ca0023,172,2026-08-23 16:29:57,8950.0,time_decay,t_000129,cmp_002,pl_008,cr_001,click,2026-08-17 16:45:37.664761917,0.23978982163159687,2146.118903602792
ord_e0b548ca0023,172,2026-08-23 16:29:57,8950.0,time_decay,t_000130,cmp_004,pl_003,cr_000,bot_start,2026-08-18 04:35:35.745759613,0.26872208047176205,2405.06262022227
ord_e0b548ca0023,172,2026-08-23 16:29:57,8950.0,time_decay,t_000128,cmp_002,pl_002,cr_002,click,2026-08-20 19:18:29.731021845,0.49148809789664105,4398.818476174937
ord_e0bb824184bd,478,2026-08-10 00:13:55,6450.0,time_decay,t_000704,cmp_000,pl_001,cr_004,click,2026-08-04 23:27:21.262573904,0.3058119927301831,1972.4873531096812
ord_e0bb824184bd,478,2026-08-10 00:13:55,6450.0,time_decay,t_000706,cmp_002,pl_002,cr_002,click,2026-08-05 04:12:21.426756244,0.3201211151943147,2064.78119300333
ord_e0bb824184bd,478,2026-08-10 00:13:55,6450.0,time_decay,t_000705,cmp_002,pl_005,cr_004,bot_start,2026-08-05 20:22:58.078722603,0.3740668920755022,2412.731453886989
ord_e0cc3db31f5c,57,2026-08-10 00:14:10,4950.0,time_decay,t_000883,cmp_003,pl_007,cr_003,click,2026-08-08 23:17:53.017237235,1.0,4950.0
ord_e0df4e4f3dc6,88,2026-09-01 19:27:16,8950.0,time_decay,t_001010,cmp_003,pl_007,cr_003,bot_start,2026-08-25 21:39:40.842631589,0.2279861792433455,2040.4763042279421
ord_e0df4e4f3dc6,88,2026-09-01 19:27:16,8950.0,time_decay,t_001011,cmp_001,pl_006,cr_002,click,2026-08-27 14:14:14.668181671,0.336942589187922,3015.636173231902
ord_e0df4e4f3dc6,88,2026-09-01 19:27:16,8950.0,time_decay,t_001009,cmp_003,pl_007,cr_003,bot_start,2026-08-28 16:47:14.364625822,0.43507123156873245,3893.8875225401553
ord_e14bda4e827d,260,2026-08-12 05:32:11,9900.0,time_decay,t_000295,cmp_003,pl_007,cr_003,bot_start,2026-08-10 23:32:43.672356870,1.0,9900.0
ord_e2352379f316,143,2026-08-16 13:21:36,6950.0,time_decay,t_000075,cmp_002,pl_000,cr_000,click,2026-08-13 00:39:58.738085743,0.2324349506102036,1615.422906740915
ord_e2352379f316,143,2026-08-16 13:21:36,6950.0,time_decay,t_000074,cmp_002,pl_005,cr_004,click,2026-08-14 22:38:18.803621490,0.3618345969639489,2514.7504488994446
ord_e2352379f316,143,2026-08-16 13:21:36,6950.0,time_decay,t_000073,cmp_003,pl_007,cr_003,bot_start,2026-08-15 10:31:56.370647833,0.4057304524258475,2819.82664435964
ord_e2384786940e,356,2026-08-09 13:48:05,6950.0,time_decay,t_000481,cmp_000,pl_001,cr_004,click,2026-08-07 05:05:33.941624403,0.44989399621883763,3126.7632737209215
ord_e2384786940e,356,2026-08-09 13:48:05,6950.0,time_decay,t_000480,cmp_003,pl_009,cr_000,bot_start,2026-08-08 01:58:54.220834659,0.5501060037811623,3823.2367262790776
ord_e24d7c54ef5f,412,2026-08-08 14:06:52,9990.0,time_decay,t_000573,cmp_004,pl_003,cr_000,click,2026-08-07 14:54:14.207663717,1.0,9990.0
ord_e27b3647e4a5,577,2026-08-09 16:26:30,5463.33,time_decay,t_000896,cmp_002,pl_000,cr_000,lead,2026-08-04 18:12:03.364698114,0.4957260383310854,2708.314936995369
ord_e27b3647e4a5,577,2026-08-09 16:26:30,5463.33,time_decay,t_000897,cmp_002,pl_005,cr_004,bot_start,2026-08-04 19:58:36.453371376,0.5042739616689146,2755.015063004631
ord_e31d5ca2eb37,292,2026-09-06 12:59:39,6975.0,time_decay,t_000364,cmp_002,pl_002,cr_002,click,2026-09-03 17:11:44.434135013,1.0,6975.0
ord_e34ec681fbac,244,2026-09-02 10:24:40,8950.0,time_decay,t_000266,cmp_003,pl_009,cr_000,lead,2026-08-28 04:52:03.203299168,1.0,8950.0
ord_e358e30e4391,511,2026-08-08 17:29:42,4950.0,time_decay,t_000774,cmp_003,pl_007,cr_003,click,2026-08-04 08:30:54.885813488,1.0,4950.0
ord_e36e60d34728,47,2026-08-08 12:24:55,9990.0,time_decay,t_000692,cmp_000,pl_004,cr_003,click,2026-08-06 14:35:43.407757221,1.0,9990.0
ord_e3a0f19ba7d6,475,2026-08-24 15:16:31,9950.0,time_decay,t_000698,cmp_003,pl_009,cr_000,click,2026-08-18 02:00:04.746725934,1.0,9950.0
ord_e444efef6261,82,2026-08-11 12:46:14,6490.0,time_decay,t_001000,cmp_002,pl_005,cr_004,bot_start,2026-08-05 11:14:20.798622212,0.22184904540582245,1439.8003046837878
ord_e444efef6261,82,2026-08-11 12:46:14,6490.0,time_decay,t_000999,cmp_000,pl_001,cr_004,click,2026-08-10 21:35:35.065178854,0.7781509545941776,5050.1996953162125
ord_e5b0918b3515,277,2026-08-22 11:24:53,5750.0,time_decay,t_000335,cmp_001,pl_006,cr_002,bot_start,2026-08-17 08:59:27.868904147,1.0,5750.0
ord_e6a1286651bb,319,2026-08-09 17:25:06,4950.0,time_decay,t_000415,cmp_002,pl_005,cr_004,click,2026-08-04 03:51:07.999688392,1.0,4950.0
ord_e72652175bc8,593,2026-09-06 19:53:15,9950.0,time_decay,t_000930,cmp_002,pl_002,cr_002,click,2026-09-02 09:41:04.662577027,0.2471489949883402,2459.132500133985
ord_e72652175bc8,593,2026-09-06 19:53:15,9950.0,time_decay,t_000929,cmp_002,pl_005,cr_004,click,2026-09-03 22:40:32.075640935,0.35287181634918474,3511.074572674388
ord_e72652175bc8,593,2026-09-06 19:53:15,9950.0,time_decay,t_000928,cmp_001,pl_006,cr_002,click,2026-09-04 11:41:30.440712679,0.3999791886624751,3979.7929271916273
ord_e7831452ced4,329,2026-08-09 16:51:47,6490.0,time_decay,t_000431,cmp_003,pl_007,cr_003,click,2026-08-06 13:03:12.869843119,1.0,6490.0
ord_e799b8fa5995,148,2026-08-25 09:49:25,7475.0,time_decay,t_000087,cmp_002,pl_000,cr_000,bot_start,2026-08-18 22:32:48.031478465,0.3338824398035549,2495.771237531573
ord_e799b8fa5995,148,2026-08-25 09:49:25,7475.0,time_decay,t_000086,cmp_002,pl_005,cr_004,click,2026-08-21 22:17:24.397261934,0.666117560196445,4979.228762468426
ord_e82f53145299,254,2026-09-07 14:53:39,14950.0,time_decay,t_000285,cmp_002,pl_002,cr_002,click,2026-09-01 17:56:33.990216107,0.21082186255751068,3151.786845234785
ord_e82f53145299,254,2026-09-07 14:53:39,14950.0,time_decay,t_000283,cmp_002,pl_005,cr_004,click,2026-09-03 05:03:03.773100702,0.2955985899391061,4419.198919589636
ord_e82f53145299,254,2026-09-07 14:53:39,14950.0,time_decay,t_000284,cmp_002,pl_000,cr_000,click,2026-09-05 10:18:19.297559377,0.49357954750338323,7379.014235175579
ord_e86334cd77ef,238,2026-09-05 13:28:56,8950.0,time_decay,t_000256,cmp_001,pl_006,cr_002,click,2026-09-01 06:04:20.092307656,0.2648322255722475,2370.2484188716153
ord_e86334cd77ef,238,2026-09-05 13:28:56,8950.0,time_decay,t_000254,cmp_004,pl_003,cr_000,click,2026-09-02 02:16:32.447560786,0.3216924120470818,2879.1470878213822
ord_e86334cd77ef,238,2026-09-05 13:28:56,8950.0,time_decay,t_000255,cmp_001,pl_006,cr_002,click,2026-09-03 04:20:53.811564929,0.4134753623806706,3700.604493307002
ord_ea25512b73c2,381,2026-09-09 14:46:43,8950.0,time_decay,t_000521,cmp_003,pl_007,cr_003,click,2026-09-05 10:30:55.212799511,1.0,8950.0
ord_ea81f93eaac2,311,2026-08-11 16:15:41,9900.0,time_decay,t_000403,cmp_002,pl_008,cr_001,lead,2026-08-06 01:30:22.800177665,0.208088864090488,2060.079754495831
ord_ea81f93eaac2,311,2026-08-11 16:15:41,9900.0,time_decay,t_000402,cmp_000,pl_001,cr_004,click,2026-08-07 21:26:17.480440198,0.31763379605649844,3144.5745809593345
ord_ea81f93eaac2,311,2026-08-11 16:15:41,9900.0,time_decay,t_000401,cmp_000,pl_004,cr_003,click,2026-08-09 15:04:50.081910267,0.4742773398530136,4695.345664544835
ord_ea9f67bdf793,321,2026-08-09 16:24:15,6490.0,time_decay,t_000419,cmp_002,pl_002,cr_002,click,2026-08-04 22:07:31.944561530,1.0,6490.0
ord_ecd9f75966a5,353,2026-08-22 11:39:22,8950.0,time_decay,t_000476,cmp_003,pl_009,cr_000,click,2026-08-17 14:28:53.979922992,0.3129534214566278,2800.933122036819
ord_ecd9f75966a5,353,2026-08-22 11:39:22,8950.0,time_decay,t_000475,cmp_001,pl_006,cr_002,click,2026-08-21 00:09:46.001884330,0.6870465785433721,6149.066877963181
ord_ed0637fa4ebd,130,2026-08-15 14:59:16,9950.0,time_decay,t_000053,cmp_000,pl_004,cr_003,bot_start,2026-08-14 04:11:05.106061381,1.0,9950.0
ord_ed1071ff39c4,547,2026-09-01 15:53:22,14950.0,time_decay,t_000837,cmp_002,pl_008,cr_001,click,2026-08-29 06:08:16.290983062,0.3043085952232761,4549.413498587977
ord_ed1071ff39c4,547,2026-09-01 15:53:22,14950.0,time_decay,t_000838,cmp_000,pl_004,cr_003,click,2026-08-29 12:00:25.487616960,0.321998071047891,4813.87116216597
ord_ed1071ff39c4,547,2026-09-01 15:53:22,14950.0,time_decay,t_000836,cmp_003,pl_007,cr_003,lead,2026-08-30 03:28:22.368732737,0.37369333372883284,5586.715339246051
ord_ed13c85c255c,408,2026-08-10 15:22:41,6490.0,time_decay,t_000567,cmp_002,pl_002,cr_002,bot_start,2026-08-04 09:06:35.362879214,0.47912526247494913,3109.52295346242
ord_ed13c85c255c,408,2026-08-10 15:22:41,6490.0,time_decay,t_000566,cmp_000,pl_004,cr_003,click,2026-08-04 17:47:17.668000285,0.5208747375250509,3380.47704653758
ord_ed50d16d0823,539,2026-08-23 20:55:41,8950.0,time_decay,t_000820,cmp_000,pl_001,cr_004,click,2026-08-17 22:45:29.182391911,1.0,8950.0
ord_ee69a32f7ef1,481,2026-08-07 13:09:54,8745.0,time_decay,t_000710,cmp_004,pl_003,cr_000,lead,2026-08-04 03:33:02.613309527,1.0,8745.0
ord_ee706f82bf69,537,2026-08-12 04:49:43,9900.0,time_decay,t_000818,cmp_000,pl_001,cr_004,lead,2026-08-06 21:19:08.888756604,1.0,9900.0
ord_ee71e7f0fac7,175,2026-08-13 16:14:01,9950.0,time_decay,t_000135,cmp_000,pl_001,cr_004,click,2026-08-13 03:05:33.201345843,1.0,9950.0
ord_efb5eb469676,49,2026-09-06 14:51:02,14950.0,time_decay,t_000726,cmp_001,pl_006,cr_002,click,2026-08-30 22:56:22.260376470,0.2678554944385426,4004.4396418562123
ord_efb5eb469676,49,2026-09-06 14:51:02,14950.0,time_decay,t_000725,cmp_000,pl_004,cr_003,bot_start,2026-09-04 07:23:16.840841054,0.7321445055614574,10945.560358143788
ord_efda38df57f4,42,2026-09-06 11:42:46,8450.0,time_decay,t_000588,cmp_002,pl_002,cr_002,click,2026-09-03 08:38:44.342124820,1.0,8450.0
ord_f05ff3881547,92,2026-08-21 15:14:39,9950.0,time_decay,t_001018,cmp_001,pl_006,cr_002,click,2026-08-20 17:37:50.962511134,1.0,9950.0
ord_f0e105959a76,140,2026-08-25 16:01:50,8450.0,time_decay,t_000068,cmp_003,pl_009,cr_000,bot_start,2026-08-19 15:39:18.429504733,1.0,8450.0
ord_f0f23b0f026c,18,2026-09-05 14:29:29,8950.0,time_decay,t_000145,cmp_004,pl_003,cr_000,bot_start,2026-08-31 17:08:37.358940341,1.0,8950.0
ord_f1007240875b,544,2026-08-10 06:26:01,4995.0,time_decay,t_000832,cmp_003,pl_007,cr_003,click,2026-08-05 06:30:01.383131042,0.3667163070903135,1831.7479539161159
ord_f1007240875b,544,2026-08-10 06:26:01,4995.0,time_decay,t_000831,cmp_001,pl_006,cr_002,bot_start,2026-08-07 15:14:59.585558784,0.6332836929096864,3163.2520460838837
ord_f10f8fc89294,159,2026-08-05 12:56:32,16950.0,time_decay,t_000106,cmp_000,pl_004,cr_003,bot_start,2026-08-04 14:39:49.324063964,1.0,16950.0
ord_f14db6e5243d,411,2026-08-30 11:21:33,8545.0,time_decay,t_000572,cmp_001,pl_006,cr_002,bot_start,2026-08-29 15:59:17.209698198,1.0,8545.0
ord_f1a6f01a94f5,272,2026-08-31 18:34:40,8950.0,time_decay,t_000323,cmp_000,pl_001,cr_004,click,2026-08-27 06:03:29.780579929,0.33541085706679147,3001.9271707477837
ord_f1a6f01a94f5,272,2026-08-31 18:34:40,8950.0,time_decay,t_000322,cmp_004,pl_003,cr_000,bot_start,2026-08-30 05:05:19.221196067,0.6645891429332086,5948.072829252217
ord_f26394c47bf4,262,2026-08-09 09:10:55,6490.0,time_decay,t_000299,cmp_003,pl_009,cr_000,click,2026-08-04 11:58:02.456850113,0.2596932856957787,1685.409424165604
ord_f26394c47bf4,262,2026-08-09 09:10:55,6490.0,time_decay,t_000298,cmp_000,pl_004,cr_003,bot_start,2026-08-05 03:11:29.885707752,0.3006858813005085,1951.4513696403
ord_f26394c47bf4,262,2026-08-09 09:10:55,6490.0,time_decay,t_000297,cmp_002,pl_002,cr_002,lead,2026-08-06 18:38:52.166724624,0.4396208330037127,2853.1392061940956
ord_f2fa0bcd0338,221,2026-08-23 07:41:37,14950.0,time_decay,t_000218,cmp_004,pl_003,cr_000,click,2026-08-16 16:48:48.778055884,1.0,14950.0
ord_f339afbd01d6,605,2026-08-26 07:26:53,8950.0,time_decay,t_000957,cmp_002,pl_005,cr_004,click,2026-08-21 07:03:34.268402696,0.3896484801924689,3487.3538977225967
ord_f339afbd01d6,605,2026-08-26 07:26:53,8950.0,time_decay,t_000956,cmp_003,pl_007,cr_003,click,2026-08-23 05:40:37.762584449,0.6103515198075311,5462.646102277404
ord_f34bce33e183,305,2026-08-31 17:03:19,14950.0,time_decay,t_000390,cmp_002,pl_008,cr_001,click,2026-08-25 05:00:47.342925184,0.4369701585245815,6532.703869942493
ord_f34bce33e183,305,2026-08-31 17:03:19,14950.0,time_decay,t_000391,cmp_003,pl_009,cr_000,click,2026-08-26 07:20:30.725576696,0.5630298414754186,8417.296130057508
ord_f35b5681754e,122,2026-08-27 20:55:44,14950.0,time_decay,t_000039,cmp_002,pl_002,cr_002,lead,2026-08-22 07:39:13.442843755,1.0,14950.0
ord_f3bb7380b854,199,2026-08-21 09:02:18,9950.0,time_decay,t_000178,cmp_000,pl_001,cr_004,click,2026-08-17 04:14:28.512478132,1.0,9950.0
ord_f48b2f5508f8,51,2026-09-06 15:46:24,2237.5,time_decay,t_000770,cmp_002,pl_005,cr_004,bot_start,2026-08-31 02:24:48.141659045,0.22130688787434283,495.17416161884205
ord_f48b2f5508f8,51,2026-09-06 15:46:24,2237.5,time_decay,t_000769,cmp_002,pl_002,cr_002,click,2026-09-05 13:05:37.829393097,0.7786931121256572,1742.3258383811578
ord_f4a877b19ffd,495,2026-09-01 10:30:21,14950.0,time_decay,t_000737,cmp_002,pl_002,cr_002,click,2026-08-29 01:34:09.356984769,0.41583201572162704,6216.688635038324
ord_f4a877b19ffd,495,2026-09-01 10:30:21,14950.0,time_decay,t_000736,cmp_001,pl_006,cr_002,click,2026-08-30 12:52:36.489078550,0.5841679842783729,8733.311364961675
ord_f51023de2d47,599,2026-08-31 16:05:26,8950.0,time_decay,t_000946,cmp_004,pl_003,cr_000,click,2026-08-26 21:03:31.020793648,0.4469758832875512,4000.4341554235834
ord_f51023de2d47,599,2026-08-31 16:05:26,8950.0,time_decay,t_000945,cmp_000,pl_001,cr_004,click,2026-08-27 19:10:23.109389744,0.5530241167124488,4949.565844576417
ord_f567051e92aa,62,2026-08-09 18:47:09,9990.0,time_decay,t_000960,cmp_003,pl_009,cr_000,click,2026-08-08 18:52:24.211169783,1.0,9990.0
ord_f5738e0d34d2,225,2026-08-05 14:22:34,8745.0,time_decay,t_000224,cmp_002,pl_005,cr_004,lead,2026-08-04 06:46:21.180229031,0.49119947054353186,4295.5393699031865
ord_f5738e0d34d2,225,2026-08-05 14:22:34,8745.0,time_decay,t_000223,cmp_000,pl_004,cr_003,click,2026-08-04 10:25:46.250517880,0.5088005294564681,4449.4606300968135
ord_f6021294c880,24,2026-09-05 18:23:21,8950.0,time_decay,t_000258,cmp_002,pl_008,cr_001,bot_start,2026-09-03 01:57:10.409673904,1.0,8950.0
ord_f6acca64ad00,347,2026-09-06 18:35:08,7475.0,time_decay,t_000463,cmp_000,pl_001,cr_004,click,2026-09-04 19:42:19.675796013,1.0,7475.0
ord_f6ef4475ce39,512,2026-08-08 16:43:12,4995.0,time_decay,t_000775,cmp_002,pl_008,cr_001,bot_start,2026-08-04 18:14:17.640752129,1.0,4995.0
ord_f712f6cc35d5,437,2026-08-30 16:16:42,1000.0,time_decay,t_000630,cmp_002,pl_008,cr_001,click,2026-08-24 02:54:49.478289351,0.36404479155442465,364.04479155442465
ord_f712f6cc35d5,437,2026-08-30 16:16:42,1000.0,time_decay,t_000631,cmp_000,pl_001,cr_004,click,2026-08-26 12:51:36.020024443,0.6359552084455754,635.9552084455754
ord_f724e25b9f3d,6,2026-09-02 19:16:28,8450.0,time_decay,t_000947,cmp_002,pl_008,cr_001,lead,2026-08-31 01:17:53.912959132,1.0,8450.0
ord_f73b4b2b071f,552,2026-08-26 04:37:12,7475.0,time_decay,t_000850,cmp_002,pl_005,cr_004,click,2026-08-20 01:10:28.905487383,0.4614563699587392,3449.3863654415754
ord_f73b4b2b071f,552,2026-08-26 04:37:12,7475.0,time_decay,t_000849,cmp_002,pl_000,cr_000,click,2026-08-20 17:13:16.545023346,0.5385436300412609,4025.6136345584255
ord_f8def145da1a,389,2026-08-10 19:12:23,5990.0,time_decay,t_000532,cmp_003,pl_009,cr_000,click,2026-08-05 23:43:15.948116800,0.17411290347775435,1042.9362918317486
ord_f8def145da1a,389,2026-08-10 19:12:23,5990.0,time_decay,t_000531,cmp_001,pl_006,cr_002,click,2026-08-06 21:12:26.681503452,0.21412365202685177,1282.6006756408422
ord_f8def145da1a,389,2026-08-10 19:12:23,5990.0,time_decay,t_000530,cmp_000,pl_001,cr_004,lead,2026-08-08 04:30:58.822146517,0.28944523086642143,1733.7769328898644
ord_f8def145da1a,389,2026-08-10 19:12:23,5990.0,time_decay,t_000533,cmp_002,pl_005,cr_004,bot_start,2026-08-08 15:41:25.451443711,0.3223182136289725,1930.6860996375453
ord_f90039fd6408,43,2026-09-05 07:16:30,12950.0,time_decay,t_000607,cmp_004,pl_003,cr_000,click,2026-09-01 03:23:51.598662425,1.0,12950.0
ord_f9697612b046,167,2026-08-09 09:07:16,9900.0,time_decay,t_000119,cmp_000,pl_001,cr_004,bot_start,2026-08-06 08:37:04.103996095,0.362077851221497,3584.57072709282
ord_f9697612b046,167,2026-08-09 09:07:16,9900.0,time_decay,t_000120,cmp_003,pl_007,cr_003,click,2026-08-08 19:26:51.354581661,0.6379221487785031,6315.42927290718
ord_fab1063f75ae,101,2026-08-20 17:34:00,8745.0,time_decay,t_000003,cmp_003,pl_007,cr_003,bot_start,2026-08-15 21:50:59.758937915,1.0,8745.0
ord_fad9cd50221c,523,2026-09-02 11:00:48,8450.0,time_decay,t_000792,cmp_001,pl_006,cr_002,click,2026-08-30 03:24:25.208516397,1.0,8450.0
ord_fb36fe4ba9aa,538,2026-08-31 06:14:52,14950.0,time_decay,t_000819,cmp_003,pl_007,cr_003,bot_start,2026-08-26 06:18:08.893510644,1.0,14950.0
ord_fb5c1dbaecda,40,2026-08-09 16:36:02,6490.0,time_decay,t_000550,cmp_002,pl_002,cr_002,click,2026-08-07 05:56:13.319036082,1.0,6490.0
ord_fb65c20ece57,293,2026-08-22 11:35:35,8950.0,time_decay,t_000365,cmp_004,pl_003,cr_000,click,2026-08-19 23:29:35.072660083,1.0,8950.0
ord_fbd7549e3e48,102,2026-09-07 12:59:48,12950.0,time_decay,t_000005,cmp_000,pl_004,cr_003,click,2026-09-03 23:30:20.370630017,0.3781162690237706,4896.60568385783
ord_fbd7549e3e48,102,2026-09-07 12:59:48,12950.0,time_decay,t_000004,cmp_003,pl_007,cr_003,click,2026-09-06 03:11:18.005851508,0.6218837309762293,8053.394316142169
ord_fd39b10c3908,330,2026-09-03 15:10:16,14950.0,time_decay,t_000433,cmp_000,pl_004,cr_003,click,2026-08-29 04:32:43.181600319,1.0,14950.0
ord_fe0111be5fd2,443,2026-08-04 10:14:38,16950.0,time_decay,t_000647,cmp_000,pl_004,cr_003,bot_start,2026-08-04 09:09:04.971322635,1.0,16950.0
ord_fe78407b22be,246,2026-09-07 16:45:55,9950.0,time_decay,t_000270,cmp_003,pl_007,cr_003,click,2026-09-01 09:27:08.779428413,0.23851645067866215,2373.2386842526885
ord_fe78407b22be,246,2026-09-07 16:45:55,9950.0,time_decay,t_000269,cmp_002,pl_002,cr_002,click,2026-09-01 23:44:54.693953927,0.273709506343671,2723.4095881195267
ord_fe78407b22be,246,2026-09-07 16:45:55,9950.0,time_decay,t_000268,cmp_000,pl_004,cr_003,click,2026-09-04 11:45:55.375500804,0.48777404297766674,4853.351727627784
