touch_id,user_id,touch_type,campaign_id,placement_id,creative_id,timestamp,start_param,data_source
t_000339,u_00116,click,cmp_2,pl_05,cr_4,2026-08-04 00:27:38.321348927,c_cmp_2_p_pl_05_cr_cr_4,synthetic
t_002940,u_01095,click,cmp_2,pl_05,cr_4,2026-08-04 00:30:25.553109660,c_cmp_2_p_pl_05_cr_cr_4,synthetic
t_004166,u_01545,click,cmp_3,pl_09,cr_0,2026-08-04 00:36:46.351647082,c_cmp_3_p_pl_09_cr_cr_0,synthetic
t_002104,u_00784,click,cmp_2,pl_05,cr_4,2026-08-04 00:50:54.009888182,c_cmp_2_p_pl_05_cr_cr_4,synthetic
t_004286,u_01587,click,cmp_0,pl_01,cr_4,2026-08-04 01:10:11.374426173,c_cmp_0_p_pl_01_cr_cr_4,synthetic
t_005162,u_01918,click,cmp_2,pl_02,cr_2,2026-08-04 01:10:13.739642265,c_cmp_2_p_pl_02_cr_cr_2,synthetic
t_004287,u_01587,bot_start,cmp_0,pl_01,cr_4,2026-08-04 01:31:24.374426173,c_cmp_0_p_pl_01_cr_cr_4,synthetic
t_002553,u_00954,click,cmp_3,pl_09,cr_0,2026-08-04 01:39:53.513681214,c_cmp_3_p_pl_09_cr_cr_0,synthetic
t_000290,u_00102,click,cmp_2,pl_00,cr_0,2026-08-04 02:03:00.684205296,c_cmp_2_p_pl_00_cr_cr_0,synthetic
t_001913,u_00717,click,cmp_4,pl_03,cr_0,2026-08-04 02:08:28.755309587,c_cmp_4_p_pl_03_cr_cr_0,synthetic
t_002666,u_00996,click,cmp_2,pl_05,cr_4,2026-08-04 02:09:57.891599558,c_cmp_2_p_pl_05_cr_cr_4,synthetic
t_004242,u_01570,click,cmp_2,pl_00,cr_0,2026-08-04 02:11:08.870211631,c_cmp_2_p_pl_00_cr_cr_0,synthetic
t_003814,u_01410,click,cmp_3,pl_07,cr_3,2026-08-04 02:20:05.218558265,c_cmp_3_p_pl_07_cr_cr_3,synthetic
t_003048,u_01133,click,cmp_2,pl_05,cr_4,2026-08-04 02:27:30.263322076,c_cmp_2_p_pl_05_cr_cr_4,synthetic
t_004697,u_01735,click,cmp_0,pl_04,cr_3,2026-08-04 02:30:51.227564107,c_cmp_0_p_pl_04_cr_cr_3,synthetic
t_003815,u_01410,bot_start,cmp_3,pl_07,cr_3,2026-08-04 02:36:33.218558265,c_cmp_3_p_pl_07_cr_cr_3,synthetic
t_003078,u_01147,click,cmp_3,pl_09,cr_0,2026-08-04 02:41:16.681234769,c_cmp_3_p_pl_09_cr_cr_0,synthetic
t_003542,u_01310,click,cmp_3,pl_07,cr_3,2026-08-04 02:59:08.556624471,c_cmp_3_p_pl_07_cr_cr_3,synthetic
t_001967,u_00735,click,cmp_2,pl_02,cr_2,2026-08-04 03:06:12.755610360,c_cmp_2_p_pl_02_cr_cr_2,synthetic
t_004240,u_01569,click,cmp_1,pl_06,cr_2,2026-08-04 03:49:06.898652171,c_cmp_1_p_pl_06_cr_cr_2,synthetic
t_005174,u_01924,click,cmp_2,pl_00,cr_0,2026-08-04 03:50:42.363038791,c_cmp_2_p_pl_00_cr_cr_0,synthetic
t_000940,u_00346,click,cmp_1,pl_06,cr_2,2026-08-04 03:52:29.625258242,c_cmp_1_p_pl_06_cr_cr_2,synthetic
t_001423,u_00521,click,cmp_2,pl_02,cr_2,2026-08-04 03:54:28.867141270,c_cmp_2_p_pl_02_cr_cr_2,synthetic
t_003885,u_01437,click,cmp_3,pl_09,cr_0,2026-08-04 04:00:05.092679818,c_cmp_3_p_pl_09_cr_cr_0,synthetic
t_000228,u_00072,click,cmp_0,pl_01,cr_4,2026-08-04 04:12:37.284860678,c_cmp_0_p_pl_01_cr_cr_4,synthetic
t_002366,u_00881,click,cmp_2,pl_08,cr_1,2026-08-04 04:13:09.738936057,c_cmp_2_p_pl_08_cr_cr_1,synthetic
t_004703,u_01740,click,cmp_3,pl_09,cr_0,2026-08-04 04:20:11.380995988,c_cmp_3_p_pl_09_cr_cr_0,synthetic
t_003482,u_01291,click,cmp_1,pl_06,cr_2,2026-08-04 04:40:15.562113437,c_cmp_1_p_pl_06_cr_cr_2,synthetic
t_002926,u_01089,click,cmp_0,pl_04,cr_3,2026-08-04 04:43:36.508986815,c_cmp_0_p_pl_04_cr_cr_3,synthetic
t_001801,u_00673,click,cmp_2,pl_08,cr_1,2026-08-04 04:58:20.286161204,c_cmp_2_p_pl_08_cr_cr_1,synthetic
t_004408,u_01623,click,cmp_1,pl_06,cr_2,2026-08-04 05:00:56.400948871,c_cmp_1_p_pl_06_cr_cr_2,synthetic
t_005324,u_01978,click,cmp_3,pl_07,cr_3,2026-08-04 05:02:18.989603995,c_cmp_3_p_pl_07_cr_cr_3,synthetic
t_002144,u_00800,click,cmp_2,pl_05,cr_4,2026-08-04 05:05:20.543399706,c_cmp_2_p_pl_05_cr_cr_4,synthetic
t_001424,u_00521,click,cmp_4,pl_03,cr_0,2026-08-04 05:22:46.588841988,c_cmp_4_p_pl_03_cr_cr_0,synthetic
t_003884,u_01436,click,cmp_4,pl_03,cr_0,2026-08-04 05:33:32.076767187,c_cmp_4_p_pl_03_cr_cr_0,synthetic
t_001425,u_00521,bot_start,cmp_4,pl_03,cr_0,2026-08-04 05:52:21.588841988,c_cmp_4_p_pl_03_cr_cr_0,synthetic
t_004950,u_01830,click,cmp_0,pl_01,cr_4,2026-08-04 05:57:10.132179834,c_cmp_0_p_pl_01_cr_cr_4,synthetic
t_004066,u_01504,click,cmp_2,pl_00,cr_0,2026-08-04 05:58:09.585444328,c_cmp_2_p_pl_00_cr_cr_0,synthetic
t_002145,u_00800,bot_start,cmp_2,pl_05,cr_4,2026-08-04 05:58:18.543399706,c_cmp_2_p_pl_05_cr_cr_4,synthetic
t_002129,u_00794,click,cmp_3,pl_07,cr_3,2026-08-04 06:01:19.416966091,c_cmp_3_p_pl_07_cr_cr_3,synthetic
t_003919,u_01445,click,cmp_2,pl_00,cr_0,2026-08-04 06:13:43.755408318,c_cmp_2_p_pl_00_cr_cr_0,synthetic
t_001018,u_00374,click,cmp_2,pl_00,cr_0,2026-08-04 06:17:30.460210489,c_cmp_2_p_pl_00_cr_cr_0,synthetic
t_001426,u_00521,lead,cmp_4,pl_03,cr_0,2026-08-04 06:18:21.588841988,c_cmp_4_p_pl_03_cr_cr_0,synthetic
t_003920,u_01445,bot_start,cmp_2,pl_00,cr_0,2026-08-04 06:20:44.755408318,c_cmp_2_p_pl_00_cr_cr_0,synthetic
t_003024,u_01126,click,cmp_3,pl_07,cr_3,2026-08-04 06:59:01.840659832,c_cmp_3_p_pl_07_cr_cr_3,synthetic
t_002897,u_01077,click,cmp_1,pl_06,cr_2,2026-08-04 07:03:33.550773827,c_cmp_1_p_pl_06_cr_cr_2,synthetic
t_002407,u_00898,click,cmp_4,pl_03,cr_0,2026-08-04 07:50:08.326011781,c_cmp_4_p_pl_03_cr_cr_0,synthetic
t_003047,u_01133,click,cmp_0,pl_01,cr_4,2026-08-04 08:14:40.323321854,c_cmp_0_p_pl_01_cr_cr_4,synthetic
t_001674,u_00616,click,cmp_1,pl_06,cr_2,2026-08-04 08:22:44.134080073,c_cmp_1_p_pl_06_cr_cr_2,synthetic
t_003771,u_01390,click,cmp_2,pl_05,cr_4,2026-08-04 08:27:23.227724128,c_cmp_2_p_pl_05_cr_cr_4,synthetic
t_004592,u_01693,click,cmp_0,pl_01,cr_4,2026-08-04 08:29:30.813715475,c_cmp_0_p_pl_01_cr_cr_4,synthetic
t_002222,u_00828,click,cmp_2,pl_05,cr_4,2026-08-04 08:34:50.850260761,c_cmp_2_p_pl_05_cr_cr_4,synthetic
t_002970,u_01106,click,cmp_0,pl_04,cr_3,2026-08-04 08:56:41.189992260,c_cmp_0_p_pl_04_cr_cr_3,synthetic
t_001000,u_00369,click,cmp_0,pl_04,cr_3,2026-08-04 08:59:41.465613175,c_cmp_0_p_pl_04_cr_cr_3,synthetic
t_002865,u_01066,click,cmp_2,pl_08,cr_1,2026-08-04 09:01:54.531307933,c_cmp_2_p_pl_08_cr_cr_1,synthetic
t_005147,u_01912,click,cmp_1,pl_06,cr_2,2026-08-04 09:10:50.003910182,c_cmp_1_p_pl_06_cr_cr_2,synthetic
t_005139,u_01909,click,cmp_2,pl_02,cr_2,2026-08-04 09:14:39.495324644,c_cmp_2_p_pl_02_cr_cr_2,synthetic
t_002866,u_01066,bot_start,cmp_2,pl_08,cr_1,2026-08-04 09:16:20.531307933,c_cmp_2_p_pl_08_cr_cr_1,synthetic
t_002947,u_01098,click,cmp_2,pl_00,cr_0,2026-08-04 09:23:59.234181610,c_cmp_2_p_pl_00_cr_cr_0,synthetic
t_000152,u_00048,click,cmp_1,pl_06,cr_2,2026-08-04 09:31:34.135458241,c_cmp_1_p_pl_06_cr_cr_2,synthetic
t_003368,u_01250,click,cmp_4,pl_03,cr_0,2026-08-04 09:36:17.019981052,c_cmp_4_p_pl_03_cr_cr_0,synthetic
t_003738,u_01380,click,cmp_2,pl_02,cr_2,2026-08-04 10:04:14.516053872,c_cmp_2_p_pl_02_cr_cr_2,synthetic
t_004058,u_01500,click,cmp_2,pl_00,cr_0,2026-08-04 10:07:55.472929497,c_cmp_2_p_pl_00_cr_cr_0,synthetic
t_000878,u_00323,click,cmp_0,pl_01,cr_4,2026-08-04 10:29:11.293090641,c_cmp_0_p_pl_01_cr_cr_4,synthetic
t_002976,u_01108,click,cmp_3,pl_07,cr_3,2026-08-04 10:35:56.414591852,c_cmp_3_p_pl_07_cr_cr_3,synthetic
t_001282,u_00465,click,cmp_0,pl_04,cr_3,2026-08-04 10:50:50.391847793,c_cmp_0_p_pl_04_cr_cr_3,synthetic
t_001940,u_00725,click,cmp_3,pl_09,cr_0,2026-08-04 10:52:26.944400101,c_cmp_3_p_pl_09_cr_cr_0,synthetic
t_000982,u_00364,click,cmp_0,pl_04,cr_3,2026-08-04 11:04:10.221369741,c_cmp_0_p_pl_04_cr_cr_3,synthetic
t_001810,u_00678,click,cmp_2,pl_02,cr_2,2026-08-04 11:24:26.887383482,c_cmp_2_p_pl_02_cr_cr_2,synthetic
t_003645,u_01348,click,cmp_1,pl_06,cr_2,2026-08-04 11:30:54.681195062,c_cmp_1_p_pl_06_cr_cr_2,synthetic
t_001811,u_00678,bot_start,cmp_2,pl_02,cr_2,2026-08-04 11:31:01.887383482,c_cmp_2_p_pl_02_cr_cr_2,synthetic
t_000953,u_00350,click,cmp_2,pl_08,cr_1,2026-08-04 11:32:17.137033998,c_cmp_2_p_pl_08_cr_cr_1,synthetic
t_001283,u_00465,bot_start,cmp_0,pl_04,cr_3,2026-08-04 11:33:48.391847793,c_cmp_0_p_pl_04_cr_cr_3,synthetic
t_004453,u_01638,click,cmp_3,pl_09,cr_0,2026-08-04 11:42:03.397134124,c_cmp_3_p_pl_09_cr_cr_0,synthetic
t_003972,u_01466,click,cmp_4,pl_03,cr_0,2026-08-04 11:48:14.030938529,c_cmp_4_p_pl_03_cr_cr_0,synthetic
t_002771,u_01036,click,cmp_2,pl_08,cr_1,2026-08-04 11:52:28.035159746,c_cmp_2_p_pl_08_cr_cr_1,synthetic
t_004231,u_01566,click,cmp_0,pl_01,cr_4,2026-08-04 12:03:00.860158921,c_cmp_0_p_pl_01_cr_cr_4,synthetic
t_002062,u_00772,click,cmp_1,pl_06,cr_2,2026-08-04 12:17:48.154649580,c_cmp_1_p_pl_06_cr_cr_2,synthetic
t_000630,u_00219,click,cmp_2,pl_05,cr_4,2026-08-04 12:32:33.947978710,c_cmp_2_p_pl_05_cr_cr_4,synthetic
t_001179,u_00434,click,cmp_2,pl_08,cr_1,2026-08-04 12:32:39.834671823,c_cmp_2_p_pl_08_cr_cr_1,synthetic
t_004232,u_01567,click,cmp_4,pl_03,cr_0,2026-08-04 12:45:03.503487117,c_cmp_4_p_pl_03_cr_cr_0,synthetic
t_004932,u_01822,click,cmp_2,pl_02,cr_2,2026-08-04 12:45:22.694003895,c_cmp_2_p_pl_02_cr_cr_2,synthetic
t_002995,u_01113,click,cmp_2,pl_05,cr_4,2026-08-04 13:15:50.423308813,c_cmp_2_p_pl_05_cr_cr_4,synthetic
t_003094,u_01153,click,cmp_3,pl_07,cr_3,2026-08-04 13:16:56.314809600,c_cmp_3_p_pl_07_cr_cr_3,synthetic
t_001180,u_00434,bot_start,cmp_2,pl_08,cr_1,2026-08-04 13:23:31.834671823,c_cmp_2_p_pl_08_cr_cr_1,synthetic
t_003810,u_01408,click,cmp_0,pl_04,cr_3,2026-08-04 13:49:50.621256295,c_cmp_0_p_pl_04_cr_cr_3,synthetic
t_003439,u_01273,click,cmp_3,pl_09,cr_0,2026-08-04 13:55:49.887219265,c_cmp_3_p_pl_09_cr_cr_0,synthetic
t_000766,u_00277,click,cmp_2,pl_00,cr_0,2026-08-04 14:01:59.794957225,c_cmp_2_p_pl_00_cr_cr_0,synthetic
t_001437,u_00525,click,cmp_4,pl_03,cr_0,2026-08-04 14:08:01.237557347,c_cmp_4_p_pl_03_cr_cr_0,synthetic
t_000909,u_00335,click,cmp_2,pl_00,cr_0,2026-08-04 14:26:10.728905042,c_cmp_2_p_pl_00_cr_cr_0,synthetic
t_001048,u_00382,click,cmp_2,pl_08,cr_1,2026-08-04 14:38:39.256699751,c_cmp_2_p_pl_08_cr_cr_1,synthetic
t_005079,u_01886,click,cmp_2,pl_02,cr_2,2026-08-04 14:46:06.243970023,c_cmp_2_p_pl_02_cr_cr_2,synthetic
t_005189,u_01931,click,cmp_4,pl_03,cr_0,2026-08-04 14:59:56.680262275,c_cmp_4_p_pl_03_cr_cr_0,synthetic
t_005080,u_01886,bot_start,cmp_2,pl_02,cr_2,2026-08-04 15:05:59.243970023,c_cmp_2_p_pl_02_cr_cr_2,synthetic
t_003610,u_01336,click,cmp_0,pl_04,cr_3,2026-08-04 15:24:17.508331199,c_cmp_0_p_pl_04_cr_cr_3,synthetic
t_003193,u_01187,click,cmp_2,pl_08,cr_1,2026-08-04 15:36:07.471287374,c_cmp_2_p_pl_08_cr_cr_1,synthetic
t_003330,u_01235,click,cmp_3,pl_07,cr_3,2026-08-04 15:36:20.404348376,c_cmp_3_p_pl_07_cr_cr_3,synthetic
t_002661,u_00992,click,cmp_1,pl_06,cr_2,2026-08-04 15:48:52.498415042,c_cmp_1_p_pl_06_cr_cr_2,synthetic
t_003106,u_01158,click,cmp_2,pl_05,cr_4,2026-08-04 15:50:38.415705782,c_cmp_2_p_pl_05_cr_cr_4,synthetic
t_003081,u_01150,click,cmp_0,pl_04,cr_3,2026-08-04 16:08:26.581394533,c_cmp_0_p_pl_04_cr_cr_3,synthetic
t_001292,u_00469,click,cmp_3,pl_09,cr_0,2026-08-04 16:11:21.094131182,c_cmp_3_p_pl_09_cr_cr_0,synthetic
t_004546,u_01674,click,cmp_4,pl_03,cr_0,2026-08-04 16:47:04.058514344,c_cmp_4_p_pl_03_cr_cr_0,synthetic
t_001293,u_00469,bot_start,cmp_3,pl_09,cr_0,2026-08-04 16:59:12.094131182,c_cmp_3_p_pl_09_cr_cr_0,synthetic
t_002523,u_00944,click,cmp_2,pl_08,cr_1,2026-08-04 17:03:52.280806577,c_cmp_2_p_pl_08_cr_cr_1,synthetic
t_002822,u_01049,click,cmp_0,pl_01,cr_4,2026-08-04 17:11:59.030287556,c_cmp_0_p_pl_01_cr_cr_4,synthetic
t_001234,u_00452,click,cmp_4,pl_03,cr_0,2026-08-04 17:13:57.581899275,c_cmp_4_p_pl_03_cr_cr_0,synthetic
t_002235,u_00835,click,cmp_0,pl_01,cr_4,2026-08-04 17:21:37.349348256,c_cmp_0_p_pl_01_cr_cr_4,synthetic
t_003091,u_01152,click,cmp_2,pl_08,cr_1,2026-08-04 17:21:46.229716475,c_cmp_2_p_pl_08_cr_cr_1,synthetic
t_005153,u_01914,click,cmp_3,pl_09,cr_0,2026-08-04 17:23:22.171782594,c_cmp_3_p_pl_09_cr_cr_0,synthetic
t_002246,u_00837,click,cmp_2,pl_05,cr_4,2026-08-04 17:29:18.909584113,c_cmp_2_p_pl_05_cr_cr_4,synthetic
t_000306,u_00106,click,cmp_4,pl_03,cr_0,2026-08-04 17:33:09.372471516,c_cmp_4_p_pl_03_cr_cr_0,synthetic
t_002247,u_00837,bot_start,cmp_2,pl_05,cr_4,2026-08-04 17:33:19.909584113,c_cmp_2_p_pl_05_cr_cr_4,synthetic
t_002236,u_00835,bot_start,cmp_0,pl_01,cr_4,2026-08-04 17:39:35.349348256,c_cmp_0_p_pl_01_cr_cr_4,synthetic
t_004955,u_01830,click,cmp_0,pl_04,cr_3,2026-08-04 17:39:52.365131332,c_cmp_0_p_pl_04_cr_cr_3,synthetic
t_001147,u_00420,click,cmp_0,pl_01,cr_4,2026-08-04 17:44:31.821777865,c_cmp_0_p_pl_01_cr_cr_4,synthetic
t_005307,u_01967,click,cmp_3,pl_09,cr_0,2026-08-04 17:45:26.558869985,c_cmp_3_p_pl_09_cr_cr_0,synthetic
t_002237,u_00835,lead,cmp_0,pl_01,cr_4,2026-08-04 17:51:35.349348256,c_cmp_0_p_pl_01_cr_cr_4,synthetic
t_002524,u_00944,bot_start,cmp_2,pl_08,cr_1,2026-08-04 17:52:36.280806577,c_cmp_2_p_pl_08_cr_cr_1,synthetic
t_002907,u_01079,click,cmp_1,pl_06,cr_2,2026-08-04 17:55:25.549402983,c_cmp_1_p_pl_06_cr_cr_2,synthetic
t_002823,u_01049,bot_start,cmp_0,pl_01,cr_4,2026-08-04 18:06:57.030287556,c_cmp_0_p_pl_01_cr_cr_4,synthetic
t_003092,u_01152,bot_start,cmp_2,pl_08,cr_1,2026-08-04 18:09:24.229716475,c_cmp_2_p_pl_08_cr_cr_1,synthetic
t_004489,u_01650,click,cmp_3,pl_09,cr_0,2026-08-04 18:15:55.158818627,c_cmp_3_p_pl_09_cr_cr_0,synthetic
t_003093,u_01152,lead,cmp_2,pl_08,cr_1,2026-08-04 18:27:24.229716475,c_cmp_2_p_pl_08_cr_cr_1,synthetic
t_004956,u_01830,bot_start,cmp_0,pl_04,cr_3,2026-08-04 18:28:09.365131332,c_cmp_0_p_pl_04_cr_cr_3,synthetic
t_000072,u_00023,click,cmp_3,pl_09,cr_0,2026-08-04 18:46:45.978624331,c_cmp_3_p_pl_09_cr_cr_0,synthetic
t_003586,u_01327,click,cmp_2,pl_02,cr_2,2026-08-04 18:55:36.292894418,c_cmp_2_p_pl_02_cr_cr_2,synthetic
t_004893,u_01808,click,cmp_2,pl_02,cr_2,2026-08-04 18:57:23.831463435,c_cmp_2_p_pl_02_cr_cr_2,synthetic
t_000073,u_00023,bot_start,cmp_3,pl_09,cr_0,2026-08-04 18:58:50.978624331,c_cmp_3_p_pl_09_cr_cr_0,synthetic
t_000074,u_00023,lead,cmp_3,pl_09,cr_0,2026-08-04 19:09:50.978624331,c_cmp_3_p_pl_09_cr_cr_0,synthetic
t_002141,u_00800,click,cmp_1,pl_06,cr_2,2026-08-04 19:21:45.513608766,c_cmp_1_p_pl_06_cr_cr_2,synthetic
t_003850,u_01423,click,cmp_3,pl_07,cr_3,2026-08-04 19:42:26.426358291,c_cmp_3_p_pl_07_cr_cr_3,synthetic
t_002549,u_00954,click,cmp_2,pl_05,cr_4,2026-08-04 20:02:55.185990243,c_cmp_2_p_pl_05_cr_cr_4,synthetic
t_001517,u_00561,click,cmp_1,pl_06,cr_2,2026-08-04 20:14:47.831447662,c_cmp_1_p_pl_06_cr_cr_2,synthetic
t_004153,u_01541,click,cmp_2,pl_05,cr_4,2026-08-04 20:21:45.625525382,c_cmp_2_p_pl_05_cr_cr_4,synthetic
t_003103,u_01157,click,cmp_3,pl_07,cr_3,2026-08-04 20:29:10.027314683,c_cmp_3_p_pl_07_cr_cr_3,synthetic
t_002485,u_00929,click,cmp_4,pl_03,cr_0,2026-08-04 20:33:58.445946036,c_cmp_4_p_pl_03_cr_cr_0,synthetic
t_002687,u_01001,click,cmp_2,pl_08,cr_1,2026-08-04 20:37:17.864326033,c_cmp_2_p_pl_08_cr_cr_1,synthetic
t_002486,u_00929,bot_start,cmp_4,pl_03,cr_0,2026-08-04 20:42:50.445946036,c_cmp_4_p_pl_03_cr_cr_0,synthetic
t_002688,u_01001,bot_start,cmp_2,pl_08,cr_1,2026-08-04 20:59:12.864326033,c_cmp_2_p_pl_08_cr_cr_1,synthetic
t_001747,u_00650,click,cmp_3,pl_09,cr_0,2026-08-04 21:02:35.855093171,c_cmp_3_p_pl_09_cr_cr_0,synthetic
t_003104,u_01157,bot_start,cmp_3,pl_07,cr_3,2026-08-04 21:10:12.027314683,c_cmp_3_p_pl_07_cr_cr_3,synthetic
t_000397,u_00140,click,cmp_3,pl_07,cr_3,2026-08-04 21:17:08.432551768,c_cmp_3_p_pl_07_cr_cr_3,synthetic
t_002240,u_00836,click,cmp_3,pl_09,cr_0,2026-08-04 21:21:24.560632313,c_cmp_3_p_pl_09_cr_cr_0,synthetic
t_004162,u_01543,click,cmp_2,pl_08,cr_1,2026-08-04 21:26:13.189466301,c_cmp_2_p_pl_08_cr_cr_1,synthetic
t_002903,u_01078,click,cmp_4,pl_03,cr_0,2026-08-04 21:32:56.708586276,c_cmp_4_p_pl_03_cr_cr_0,synthetic
t_002904,u_01078,bot_start,cmp_4,pl_03,cr_0,2026-08-04 21:53:27.708586276,c_cmp_4_p_pl_03_cr_cr_0,synthetic
t_003653,u_01350,click,cmp_2,pl_08,cr_1,2026-08-04 21:54:06.081790860,c_cmp_2_p_pl_08_cr_cr_1,synthetic
t_003796,u_01401,click,cmp_2,pl_02,cr_2,2026-08-04 22:19:57.925085257,c_cmp_2_p_pl_02_cr_cr_2,synthetic
t_003514,u_01300,click,cmp_4,pl_03,cr_0,2026-08-04 22:37:43.851176287,c_cmp_4_p_pl_03_cr_cr_0,synthetic
t_000978,u_00363,click,cmp_3,pl_07,cr_3,2026-08-04 22:38:43.399667960,c_cmp_3_p_pl_07_cr_cr_3,synthetic
t_003654,u_01350,bot_start,cmp_2,pl_08,cr_1,2026-08-04 22:39:50.081790860,c_cmp_2_p_pl_08_cr_cr_1,synthetic
t_002521,u_00943,click,cmp_2,pl_00,cr_0,2026-08-04 22:41:49.461980140,c_cmp_2_p_pl_00_cr_cr_0,synthetic
t_004709,u_01742,click,cmp_0,pl_04,cr_3,2026-08-04 22:42:06.170245451,c_cmp_0_p_pl_04_cr_cr_3,synthetic
t_004463,u_01640,click,cmp_2,pl_08,cr_1,2026-08-04 22:42:59.036262731,c_cmp_2_p_pl_08_cr_cr_1,synthetic
t_003413,u_01265,click,cmp_2,pl_05,cr_4,2026-08-04 22:46:40.851366515,c_cmp_2_p_pl_05_cr_cr_4,synthetic
t_001987,u_00745,click,cmp_2,pl_00,cr_0,2026-08-04 22:49:29.816971836,c_cmp_2_p_pl_00_cr_cr_0,synthetic
t_003890,u_01439,click,cmp_0,pl_01,cr_4,2026-08-04 22:50:27.933303418,c_cmp_0_p_pl_01_cr_cr_4,synthetic
t_005198,u_01935,click,cmp_2,pl_00,cr_0,2026-08-04 22:51:27.385672355,c_cmp_2_p_pl_00_cr_cr_0,synthetic
t_003515,u_01300,bot_start,cmp_4,pl_03,cr_0,2026-08-04 22:51:41.851176287,c_cmp_4_p_pl_03_cr_cr_0,synthetic
t_001874,u_00705,click,cmp_2,pl_00,cr_0,2026-08-04 22:55:31.767095228,c_cmp_2_p_pl_00_cr_cr_0,synthetic
t_002055,u_00770,click,cmp_0,pl_04,cr_3,2026-08-04 23:08:04.479760414,c_cmp_0_p_pl_04_cr_cr_3,synthetic
t_001875,u_00705,bot_start,cmp_2,pl_00,cr_0,2026-08-04 23:19:27.767095228,c_cmp_2_p_pl_00_cr_cr_0,synthetic
t_000976,u_00362,click,cmp_3,pl_09,cr_0,2026-08-04 23:30:48.391051707,c_cmp_3_p_pl_09_cr_cr_0,synthetic
t_003074,u_01146,click,cmp_1,pl_06,cr_2,2026-08-04 23:35:38.635106750,c_cmp_1_p_pl_06_cr_cr_2,synthetic
t_003427,u_01270,click,cmp_2,pl_00,cr_0,2026-08-04 23:44:50.378426523,c_cmp_2_p_pl_00_cr_cr_0,synthetic
t_002594,u_00970,click,cmp_3,pl_07,cr_3,2026-08-04 23:45:07.600348362,c_cmp_3_p_pl_07_cr_cr_3,synthetic
t_003428,u_01270,bot_start,cmp_2,pl_00,cr_0,2026-08-04 23:51:31.378426523,c_cmp_2_p_pl_00_cr_cr_0,synthetic
t_005345,u_01986,click,cmp_0,pl_04,cr_3,2026-08-05 00:00:09.579394399,c_cmp_0_p_pl_04_cr_cr_3,synthetic
t_001876,u_00705,lead,cmp_2,pl_00,cr_0,2026-08-05 00:02:27.767095228,c_cmp_2_p_pl_00_cr_cr_0,synthetic
t_004648,u_01715,click,cmp_2,pl_00,cr_0,2026-08-05 00:04:33.994872540,c_cmp_2_p_pl_00_cr_cr_0,synthetic
t_000512,u_00181,click,cmp_2,pl_05,cr_4,2026-08-05 00:08:15.844365079,c_cmp_2_p_pl_05_cr_cr_4,synthetic
t_001761,u_00656,click,cmp_2,pl_02,cr_2,2026-08-05 00:15:17.769453377,c_cmp_2_p_pl_02_cr_cr_2,synthetic
t_003429,u_01270,lead,cmp_2,pl_00,cr_0,2026-08-05 00:15:31.378426523,c_cmp_2_p_pl_00_cr_cr_0,synthetic
t_002595,u_00970,bot_start,cmp_3,pl_07,cr_3,2026-08-05 00:20:21.600348362,c_cmp_3_p_pl_07_cr_cr_3,synthetic
t_001762,u_00656,bot_start,cmp_2,pl_02,cr_2,2026-08-05 00:22:43.769453377,c_cmp_2_p_pl_02_cr_cr_2,synthetic
t_003200,u_01189,click,cmp_3,pl_09,cr_0,2026-08-05 00:33:02.009800343,c_cmp_3_p_pl_09_cr_cr_0,synthetic
t_002883,u_01073,click,cmp_2,pl_05,cr_4,2026-08-05 00:40:20.197796014,c_cmp_2_p_pl_05_cr_cr_4,synthetic
t_002266,u_00842,click,cmp_4,pl_03,cr_0,2026-08-05 00:54:38.411814250,c_cmp_4_p_pl_03_cr_cr_0,synthetic
t_002267,u_00842,bot_start,cmp_4,pl_03,cr_0,2026-08-05 00:55:39.411814250,c_cmp_4_p_pl_03_cr_cr_0,synthetic
t_001143,u_00417,click,cmp_1,pl_06,cr_2,2026-08-05 01:03:32.200464483,c_cmp_1_p_pl_06_cr_cr_2,synthetic
t_003709,u_01367,click,cmp_3,pl_09,cr_0,2026-08-05 01:51:33.875209205,c_cmp_3_p_pl_09_cr_cr_0,synthetic
t_004799,u_01771,click,cmp_2,pl_00,cr_0,2026-08-05 01:58:27.806790662,c_cmp_2_p_pl_00_cr_cr_0,synthetic
t_001356,u_00490,click,cmp_3,pl_07,cr_3,2026-08-05 02:18:47.213089327,c_cmp_3_p_pl_07_cr_cr_3,synthetic
t_003177,u_01184,click,cmp_2,pl_05,cr_4,2026-08-05 02:47:48.404362773,c_cmp_2_p_pl_05_cr_cr_4,synthetic
t_001602,u_00590,click,cmp_0,pl_01,cr_4,2026-08-05 02:50:04.750552315,c_cmp_0_p_pl_01_cr_cr_4,synthetic
t_004800,u_01771,bot_start,cmp_2,pl_00,cr_0,2026-08-05 02:58:15.806790662,c_cmp_2_p_pl_00_cr_cr_0,synthetic
t_001749,u_00652,click,cmp_0,pl_04,cr_3,2026-08-05 03:13:56.196753811,c_cmp_0_p_pl_04_cr_cr_3,synthetic
t_000620,u_00216,click,cmp_2,pl_08,cr_1,2026-08-05 03:35:23.297503264,c_cmp_2_p_pl_08_cr_cr_1,synthetic
t_001619,u_00593,click,cmp_2,pl_05,cr_4,2026-08-05 03:46:27.116875301,c_cmp_2_p_pl_05_cr_cr_4,synthetic
t_003178,u_01184,bot_start,cmp_2,pl_05,cr_4,2026-08-05 03:47:20.404362773,c_cmp_2_p_pl_05_cr_cr_4,synthetic
t_003145,u_01172,click,cmp_1,pl_06,cr_2,2026-08-05 03:49:51.041338866,c_cmp_1_p_pl_06_cr_cr_2,synthetic
t_005284,u_01959,click,cmp_0,pl_04,cr_3,2026-08-05 03:50:03.189976622,c_cmp_0_p_pl_04_cr_cr_3,synthetic
t_004330,u_01598,click,cmp_2,pl_05,cr_4,2026-08-05 03:58:40.577352084,c_cmp_2_p_pl_05_cr_cr_4,synthetic
t_000777,u_00280,click,cmp_3,pl_07,cr_3,2026-08-05 04:02:39.197959377,c_cmp_3_p_pl_07_cr_cr_3,synthetic
t_000778,u_00280,bot_start,cmp_3,pl_07,cr_3,2026-08-05 04:30:38.197959377,c_cmp_3_p_pl_07_cr_cr_3,synthetic
t_000543,u_00190,click,cmp_0,pl_01,cr_4,2026-08-05 04:32:54.203888151,c_cmp_0_p_pl_01_cr_cr_4,synthetic
t_003179,u_01184,lead,cmp_2,pl_05,cr_4,2026-08-05 04:35:20.404362773,c_cmp_2_p_pl_05_cr_cr_4,synthetic
t_000779,u_00280,lead,cmp_3,pl_07,cr_3,2026-08-05 05:07:38.197959377,c_cmp_3_p_pl_07_cr_cr_3,synthetic
t_000817,u_00297,click,cmp_3,pl_07,cr_3,2026-08-05 05:14:49.851787718,c_cmp_3_p_pl_07_cr_cr_3,synthetic
t_001226,u_00448,click,cmp_2,pl_05,cr_4,2026-08-05 05:44:00.273369930,c_cmp_2_p_pl_05_cr_cr_4,synthetic
t_000971,u_00360,click,cmp_1,pl_06,cr_2,2026-08-05 05:50:44.349494606,c_cmp_1_p_pl_06_cr_cr_2,synthetic
t_002438,u_00910,click,cmp_1,pl_06,cr_2,2026-08-05 06:08:17.896822179,c_cmp_1_p_pl_06_cr_cr_2,synthetic
t_004380,u_01614,click,cmp_2,pl_00,cr_0,2026-08-05 06:13:44.766108649,c_cmp_2_p_pl_00_cr_cr_0,synthetic
t_003867,u_01430,click,cmp_1,pl_06,cr_2,2026-08-05 06:15:27.511739769,c_cmp_1_p_pl_06_cr_cr_2,synthetic
t_000643,u_00222,click,cmp_3,pl_09,cr_0,2026-08-05 06:21:04.740855462,c_cmp_3_p_pl_09_cr_cr_0,synthetic
t_003868,u_01430,bot_start,cmp_1,pl_06,cr_2,2026-08-05 06:37:56.511739769,c_cmp_1_p_pl_06_cr_cr_2,synthetic
t_004256,u_01574,click,cmp_2,pl_02,cr_2,2026-08-05 07:02:44.179300913,c_cmp_2_p_pl_02_cr_cr_2,synthetic
t_000139,u_00043,click,cmp_2,pl_08,cr_1,2026-08-05 08:01:16.078217876,c_cmp_2_p_pl_08_cr_cr_1,synthetic
t_004257,u_01574,bot_start,cmp_2,pl_02,cr_2,2026-08-05 08:02:00.179300913,c_cmp_2_p_pl_02_cr_cr_2,synthetic
t_003011,u_01119,click,cmp_0,pl_04,cr_3,2026-08-05 08:08:59.547656382,c_cmp_0_p_pl_04_cr_cr_3,synthetic
t_004580,u_01687,click,cmp_2,pl_02,cr_2,2026-08-05 08:23:20.179605021,c_cmp_2_p_pl_02_cr_cr_2,synthetic
t_002478,u_00926,click,cmp_4,pl_03,cr_0,2026-08-05 08:26:58.102017558,c_cmp_4_p_pl_03_cr_cr_0,synthetic
t_001719,u_00637,click,cmp_2,pl_00,cr_0,2026-08-05 08:40:40.323199097,c_cmp_2_p_pl_00_cr_cr_0,synthetic
t_000181,u_00057,click,cmp_2,pl_02,cr_2,2026-08-05 08:49:48.020716713,c_cmp_2_p_pl_02_cr_cr_2,synthetic
t_004924,u_01818,click,cmp_2,pl_08,cr_1,2026-08-05 09:03:49.603386383,c_cmp_2_p_pl_08_cr_cr_1,synthetic
t_001772,u_00661,click,cmp_4,pl_03,cr_0,2026-08-05 09:06:00.361936146,c_cmp_4_p_pl_03_cr_cr_0,synthetic
t_000039,u_00012,click,cmp_1,pl_06,cr_2,2026-08-05 09:13:20.459584011,c_cmp_1_p_pl_06_cr_cr_2,synthetic
t_003057,u_01138,click,cmp_2,pl_08,cr_1,2026-08-05 09:18:49.408396357,c_cmp_2_p_pl_08_cr_cr_1,synthetic
t_002911,u_01079,click,cmp_3,pl_09,cr_0,2026-08-05 09:28:06.419261872,c_cmp_3_p_pl_09_cr_cr_0,synthetic
t_004419,u_01627,click,cmp_4,pl_03,cr_0,2026-08-05 09:39:51.222005639,c_cmp_4_p_pl_03_cr_cr_0,synthetic
t_004420,u_01627,bot_start,cmp_4,pl_03,cr_0,2026-08-05 09:44:13.222005639,c_cmp_4_p_pl_03_cr_cr_0,synthetic
t_002229,u_00832,click,cmp_4,pl_03,cr_0,2026-08-05 10:06:51.260266481,c_cmp_4_p_pl_03_cr_cr_0,synthetic
t_000477,u_00168,click,cmp_1,pl_06,cr_2,2026-08-05 10:18:58.129654584,c_cmp_1_p_pl_06_cr_cr_2,synthetic
t_000991,u_00367,click,cmp_2,pl_08,cr_1,2026-08-05 10:23:08.411608854,c_cmp_2_p_pl_08_cr_cr_1,synthetic
t_002590,u_00969,click,cmp_2,pl_02,cr_2,2026-08-05 10:30:45.663681127,c_cmp_2_p_pl_02_cr_cr_2,synthetic
t_003422,u_01267,click,cmp_3,pl_07,cr_3,2026-08-05 10:31:57.125353214,c_cmp_3_p_pl_07_cr_cr_3,synthetic
t_003544,u_01310,click,cmp_2,pl_08,cr_1,2026-08-05 10:32:05.936808463,c_cmp_2_p_pl_08_cr_cr_1,synthetic
t_005273,u_01956,click,cmp_3,pl_09,cr_0,2026-08-05 10:37:19.907385332,c_cmp_3_p_pl_09_cr_cr_0,synthetic
t_002591,u_00969,bot_start,cmp_2,pl_02,cr_2,2026-08-05 10:38:54.663681127,c_cmp_2_p_pl_02_cr_cr_2,synthetic
t_004421,u_01627,lead,cmp_4,pl_03,cr_0,2026-08-05 10:43:13.222005639,c_cmp_4_p_pl_03_cr_cr_0,synthetic
t_003423,u_01267,bot_start,cmp_3,pl_07,cr_3,2026-08-05 10:47:41.125353214,c_cmp_3_p_pl_07_cr_cr_3,synthetic
t_003424,u_01267,lead,cmp_3,pl_07,cr_3,2026-08-05 10:51:41.125353214,c_cmp_3_p_pl_07_cr_cr_3,synthetic
t_000686,u_00238,click,cmp_2,pl_02,cr_2,2026-08-05 11:05:49.104228928,c_cmp_2_p_pl_02_cr_cr_2,synthetic
t_003545,u_01310,bot_start,cmp_2,pl_08,cr_1,2026-08-05 11:08:48.936808463,c_cmp_2_p_pl_08_cr_cr_1,synthetic
t_001137,u_00414,click,cmp_2,pl_02,cr_2,2026-08-05 11:28:06.346116424,c_cmp_2_p_pl_02_cr_cr_2,synthetic
t_000399,u_00141,click,cmp_1,pl_06,cr_2,2026-08-05 11:36:15.727561290,c_cmp_1_p_pl_06_cr_cr_2,synthetic
t_003385,u_01255,click,cmp_2,pl_05,cr_4,2026-08-05 11:52:25.026037647,c_cmp_2_p_pl_05_cr_cr_4,synthetic
t_002153,u_00804,click,cmp_3,pl_07,cr_3,2026-08-05 11:59:16.822598931,c_cmp_3_p_pl_07_cr_cr_3,synthetic
t_001326,u_00481,click,cmp_2,pl_08,cr_1,2026-08-05 12:17:33.183302088,c_cmp_2_p_pl_08_cr_cr_1,synthetic
t_003386,u_01255,bot_start,cmp_2,pl_05,cr_4,2026-08-05 12:17:48.026037647,c_cmp_2_p_pl_05_cr_cr_4,synthetic
t_002154,u_00804,bot_start,cmp_3,pl_07,cr_3,2026-08-05 12:58:12.822598931,c_cmp_3_p_pl_07_cr_cr_3,synthetic
t_000609,u_00213,click,cmp_2,pl_02,cr_2,2026-08-05 13:36:12.057231059,c_cmp_2_p_pl_02_cr_cr_2,synthetic
t_005092,u_01893,click,cmp_3,pl_07,cr_3,2026-08-05 14:06:42.154275818,c_cmp_3_p_pl_07_cr_cr_3,synthetic
t_001841,u_00687,click,cmp_2,pl_05,cr_4,2026-08-05 14:18:33.094758862,c_cmp_2_p_pl_05_cr_cr_4,synthetic
t_004852,u_01794,click,cmp_1,pl_06,cr_2,2026-08-05 14:22:06.312755251,c_cmp_1_p_pl_06_cr_cr_2,synthetic
t_001842,u_00687,bot_start,cmp_2,pl_05,cr_4,2026-08-05 14:45:54.094758862,c_cmp_2_p_pl_05_cr_cr_4,synthetic
t_001490,u_00550,click,cmp_0,pl_04,cr_3,2026-08-05 14:56:46.160430393,c_cmp_0_p_pl_04_cr_cr_3,synthetic
t_002425,u_00906,click,cmp_4,pl_03,cr_0,2026-08-05 15:14:29.210695428,c_cmp_4_p_pl_03_cr_cr_0,synthetic
t_003038,u_01131,click,cmp_1,pl_06,cr_2,2026-08-05 15:37:01.944714786,c_cmp_1_p_pl_06_cr_cr_2,synthetic
t_003039,u_01131,bot_start,cmp_1,pl_06,cr_2,2026-08-05 15:40:26.944714786,c_cmp_1_p_pl_06_cr_cr_2,synthetic
t_002125,u_00792,click,cmp_3,pl_07,cr_3,2026-08-05 15:45:19.105594966,c_cmp_3_p_pl_07_cr_cr_3,synthetic
t_001331,u_00483,click,cmp_1,pl_06,cr_2,2026-08-05 15:54:28.678738233,c_cmp_1_p_pl_06_cr_cr_2,synthetic
t_002919,u_01085,click,cmp_2,pl_02,cr_2,2026-08-05 15:55:07.260604604,c_cmp_2_p_pl_02_cr_cr_2,synthetic
t_000834,u_00304,click,cmp_2,pl_05,cr_4,2026-08-05 15:55:41.690420251,c_cmp_2_p_pl_05_cr_cr_4,synthetic
t_002920,u_01085,bot_start,cmp_2,pl_02,cr_2,2026-08-05 15:57:42.260604604,c_cmp_2_p_pl_02_cr_cr_2,synthetic
t_004702,u_01740,click,cmp_2,pl_00,cr_0,2026-08-05 15:58:53.603695949,c_cmp_2_p_pl_00_cr_cr_0,synthetic
t_004346,u_01602,click,cmp_4,pl_03,cr_0,2026-08-05 16:01:24.368661634,c_cmp_4_p_pl_03_cr_cr_0,synthetic
t_005166,u_01920,click,cmp_2,pl_02,cr_2,2026-08-05 16:27:35.347497580,c_cmp_2_p_pl_02_cr_cr_2,synthetic
t_004350,u_01604,click,cmp_2,pl_05,cr_4,2026-08-05 16:36:50.965765310,c_cmp_2_p_pl_05_cr_cr_4,synthetic
t_004911,u_01814,click,cmp_2,pl_02,cr_2,2026-08-05 16:45:55.555735438,c_cmp_2_p_pl_02_cr_cr_2,synthetic
t_002763,u_01031,click,cmp_1,pl_06,cr_2,2026-08-05 17:12:22.903258663,c_cmp_1_p_pl_06_cr_cr_2,synthetic
t_003733,u_01377,click,cmp_0,pl_01,cr_4,2026-08-05 17:22:11.268669644,c_cmp_0_p_pl_01_cr_cr_4,synthetic
t_005178,u_01927,click,cmp_2,pl_02,cr_2,2026-08-05 17:48:01.476946709,c_cmp_2_p_pl_02_cr_cr_2,synthetic
t_000712,u_00252,click,cmp_1,pl_06,cr_2,2026-08-05 17:57:29.883256411,c_cmp_1_p_pl_06_cr_cr_2,synthetic
t_004112,u_01526,click,cmp_1,pl_06,cr_2,2026-08-05 18:55:48.152235192,c_cmp_1_p_pl_06_cr_cr_2,synthetic
t_001538,u_00570,click,cmp_4,pl_03,cr_0,2026-08-05 19:03:47.480607022,c_cmp_4_p_pl_03_cr_cr_0,synthetic
t_000182,u_00057,click,cmp_2,pl_05,cr_4,2026-08-05 19:14:39.276292919,c_cmp_2_p_pl_05_cr_cr_4,synthetic
t_001539,u_00570,bot_start,cmp_4,pl_03,cr_0,2026-08-05 19:14:39.480607022,c_cmp_4_p_pl_03_cr_cr_0,synthetic
t_001540,u_00570,lead,cmp_4,pl_03,cr_0,2026-08-05 19:16:39.480607022,c_cmp_4_p_pl_03_cr_cr_0,synthetic
t_000823,u_00300,click,cmp_2,pl_02,cr_2,2026-08-05 19:24:04.804716879,c_cmp_2_p_pl_02_cr_cr_2,synthetic
t_003824,u_01415,click,cmp_3,pl_07,cr_3,2026-08-05 19:55:45.421353564,c_cmp_3_p_pl_07_cr_cr_3,synthetic
t_003825,u_01415,bot_start,cmp_3,pl_07,cr_3,2026-08-05 20:04:15.421353564,c_cmp_3_p_pl_07_cr_cr_3,synthetic
t_003358,u_01246,click,cmp_0,pl_01,cr_4,2026-08-05 20:06:18.481953652,c_cmp_0_p_pl_01_cr_cr_4,synthetic
t_004722,u_01747,click,cmp_3,pl_09,cr_0,2026-08-05 20:09:32.878861824,c_cmp_3_p_pl_09_cr_cr_0,synthetic
t_000183,u_00057,bot_start,cmp_2,pl_05,cr_4,2026-08-05 20:10:34.276292919,c_cmp_2_p_pl_05_cr_cr_4,synthetic
t_003359,u_01246,bot_start,cmp_0,pl_01,cr_4,2026-08-05 20:25:57.481953652,c_cmp_0_p_pl_01_cr_cr_4,synthetic
t_003826,u_01415,lead,cmp_3,pl_07,cr_3,2026-08-05 20:42:15.421353564,c_cmp_3_p_pl_07_cr_cr_3,synthetic
t_003412,u_01265,click,cmp_3,pl_07,cr_3,2026-08-05 20:55:43.432333868,c_cmp_3_p_pl_07_cr_cr_3,synthetic
t_005234,u_01946,click,cmp_2,pl_05,cr_4,2026-08-05 21:06:55.389271094,c_cmp_2_p_pl_05_cr_cr_4,synthetic
t_005340,u_01985,click,cmp_3,pl_09,cr_0,2026-08-05 21:16:34.345404850,c_cmp_3_p_pl_09_cr_cr_0,synthetic
t_002779,u_01038,click,cmp_3,pl_09,cr_0,2026-08-05 21:37:32.380299469,c_cmp_3_p_pl_09_cr_cr_0,synthetic
t_003236,u_01202,click,cmp_3,pl_07,cr_3,2026-08-05 21:47:57.336444553,c_cmp_3_p_pl_07_cr_cr_3,synthetic
t_001513,u_00559,click,cmp_0,pl_04,cr_3,2026-08-05 21:48:09.487552219,c_cmp_0_p_pl_04_cr_cr_3,synthetic
t_000119,u_00038,click,cmp_3,pl_09,cr_0,2026-08-05 21:52:20.029111630,c_cmp_3_p_pl_09_cr_cr_0,synthetic
t_000614,u_00214,click,cmp_0,pl_04,cr_3,2026-08-05 21:55:43.264559118,c_cmp_0_p_pl_04_cr_cr_3,synthetic
t_002864,u_01066,click,cmp_3,pl_09,cr_0,2026-08-05 21:57:32.533489287,c_cmp_3_p_pl_09_cr_cr_0,synthetic
t_003300,u_01226,click,cmp_2,pl_08,cr_1,2026-08-05 22:03:48.139142698,c_cmp_2_p_pl_08_cr_cr_1,synthetic
t_001298,u_00471,click,cmp_2,pl_08,cr_1,2026-08-05 22:08:01.764013753,c_cmp_2_p_pl_08_cr_cr_1,synthetic
t_000081,u_00025,click,cmp_2,pl_00,cr_0,2026-08-05 22:08:31.694715645,c_cmp_2_p_pl_00_cr_cr_0,synthetic
t_001550,u_00573,click,cmp_0,pl_01,cr_4,2026-08-05 22:15:17.395823104,c_cmp_0_p_pl_01_cr_cr_4,synthetic
t_003498,u_01296,click,cmp_3,pl_09,cr_0,2026-08-05 22:16:07.779686842,c_cmp_3_p_pl_09_cr_cr_0,synthetic
t_002323,u_00861,click,cmp_2,pl_02,cr_2,2026-08-05 22:22:00.768407234,c_cmp_2_p_pl_02_cr_cr_2,synthetic
t_003127,u_01169,click,cmp_2,pl_05,cr_4,2026-08-05 22:23:09.638398830,c_cmp_2_p_pl_05_cr_cr_4,synthetic
t_003809,u_01408,click,cmp_2,pl_02,cr_2,2026-08-05 22:24:38.031568698,c_cmp_2_p_pl_02_cr_cr_2,synthetic
t_000384,u_00134,click,cmp_3,pl_07,cr_3,2026-08-05 22:41:14.925864743,c_cmp_3_p_pl_07_cr_cr_3,synthetic
t_003582,u_01326,click,cmp_3,pl_09,cr_0,2026-08-05 22:52:17.911698096,c_cmp_3_p_pl_09_cr_cr_0,synthetic
t_002324,u_00861,bot_start,cmp_2,pl_02,cr_2,2026-08-05 23:05:47.768407234,c_cmp_2_p_pl_02_cr_cr_2,synthetic
t_003128,u_01169,bot_start,cmp_2,pl_05,cr_4,2026-08-05 23:10:28.638398830,c_cmp_2_p_pl_05_cr_cr_4,synthetic
t_001090,u_00398,click,cmp_0,pl_01,cr_4,2026-08-05 23:21:40.182610304,c_cmp_0_p_pl_01_cr_cr_4,synthetic
t_002325,u_00861,lead,cmp_2,pl_02,cr_2,2026-08-05 23:45:47.768407234,c_cmp_2_p_pl_02_cr_cr_2,synthetic
t_002094,u_00782,click,cmp_3,pl_09,cr_0,2026-08-05 23:48:56.045069961,c_cmp_3_p_pl_09_cr_cr_0,synthetic
t_004577,u_01687,click,cmp_1,pl_06,cr_2,2026-08-05 23:50:57.105628042,c_cmp_1_p_pl_06_cr_cr_2,synthetic
t_003584,u_01326,click,cmp_3,pl_09,cr_0,2026-08-05 23:57:22.795193962,c_cmp_3_p_pl_09_cr_cr_0,synthetic
t_000836,u_00306,click,cmp_2,pl_00,cr_0,2026-08-06 00:00:00.823382337,c_cmp_2_p_pl_00_cr_cr_0,synthetic
t_001010,u_00372,click,cmp_2,pl_05,cr_4,2026-08-06 00:17:28.295016483,c_cmp_2_p_pl_05_cr_cr_4,synthetic
t_003348,u_01241,click,cmp_0,pl_04,cr_3,2026-08-06 00:19:29.947779389,c_cmp_0_p_pl_04_cr_cr_3,synthetic
t_002095,u_00782,bot_start,cmp_3,pl_09,cr_0,2026-08-06 00:23:32.045069961,c_cmp_3_p_pl_09_cr_cr_0,synthetic
t_002087,u_00781,click,cmp_3,pl_09,cr_0,2026-08-06 00:26:04.710737739,c_cmp_3_p_pl_09_cr_cr_0,synthetic
t_005187,u_01930,click,cmp_4,pl_03,cr_0,2026-08-06 00:40:55.627481584,c_cmp_4_p_pl_03_cr_cr_0,synthetic
t_002096,u_00782,lead,cmp_3,pl_09,cr_0,2026-08-06 00:55:32.045069961,c_cmp_3_p_pl_09_cr_cr_0,synthetic
t_002804,u_01045,click,cmp_3,pl_07,cr_3,2026-08-06 00:56:55.972186343,c_cmp_3_p_pl_07_cr_cr_3,synthetic
t_004362,u_01608,click,cmp_1,pl_06,cr_2,2026-08-06 01:00:22.730573375,c_cmp_1_p_pl_06_cr_cr_2,synthetic
t_001635,u_00599,click,cmp_3,pl_07,cr_3,2026-08-06 01:01:10.499119561,c_cmp_3_p_pl_07_cr_cr_3,synthetic
t_002088,u_00781,bot_start,cmp_3,pl_09,cr_0,2026-08-06 01:02:07.710737739,c_cmp_3_p_pl_09_cr_cr_0,synthetic
t_002280,u_00847,click,cmp_2,pl_05,cr_4,2026-08-06 01:02:25.761852454,c_cmp_2_p_pl_05_cr_cr_4,synthetic
t_000364,u_00128,click,cmp_2,pl_08,cr_1,2026-08-06 01:04:48.445093524,c_cmp_2_p_pl_08_cr_cr_1,synthetic
t_003641,u_01347,click,cmp_1,pl_06,cr_2,2026-08-06 01:10:00.691997472,c_cmp_1_p_pl_06_cr_cr_2,synthetic
t_001526,u_00565,click,cmp_2,pl_02,cr_2,2026-08-06 01:11:17.342891463,c_cmp_2_p_pl_02_cr_cr_2,synthetic
t_002925,u_01088,click,cmp_2,pl_00,cr_0,2026-08-06 01:16:01.277554502,c_cmp_2_p_pl_00_cr_cr_0,synthetic
t_002805,u_01045,bot_start,cmp_3,pl_07,cr_3,2026-08-06 01:17:42.972186343,c_cmp_3_p_pl_07_cr_cr_3,synthetic
t_000147,u_00045,click,cmp_2,pl_08,cr_1,2026-08-06 01:20:39.516767907,c_cmp_2_p_pl_08_cr_cr_1,synthetic
t_001527,u_00565,bot_start,cmp_2,pl_02,cr_2,2026-08-06 01:40:12.342891463,c_cmp_2_p_pl_02_cr_cr_2,synthetic
t_001828,u_00683,click,cmp_3,pl_07,cr_3,2026-08-06 01:40:31.785921521,c_cmp_3_p_pl_07_cr_cr_3,synthetic
t_002806,u_01045,lead,cmp_3,pl_07,cr_3,2026-08-06 01:51:42.972186343,c_cmp_3_p_pl_07_cr_cr_3,synthetic
t_002089,u_00781,lead,cmp_3,pl_09,cr_0,2026-08-06 01:57:07.710737739,c_cmp_3_p_pl_09_cr_cr_0,synthetic
t_001528,u_00565,lead,cmp_2,pl_02,cr_2,2026-08-06 02:01:12.342891463,c_cmp_2_p_pl_02_cr_cr_2,synthetic
t_002308,u_00856,click,cmp_2,pl_05,cr_4,2026-08-06 02:25:17.609635274,c_cmp_2_p_pl_05_cr_cr_4,synthetic
t_001773,u_00661,click,cmp_4,pl_03,cr_0,2026-08-06 02:40:05.945648093,c_cmp_4_p_pl_03_cr_cr_0,synthetic
t_005106,u_01899,click,cmp_1,pl_06,cr_2,2026-08-06 02:53:45.734135750,c_cmp_1_p_pl_06_cr_cr_2,synthetic
t_002939,u_01095,click,cmp_2,pl_05,cr_4,2026-08-06 03:31:42.484635533,c_cmp_2_p_pl_05_cr_cr_4,synthetic
t_002921,u_01086,click,cmp_0,pl_01,cr_4,2026-08-06 03:39:07.918182323,c_cmp_0_p_pl_01_cr_cr_4,synthetic
t_001792,u_00671,click,cmp_0,pl_04,cr_3,2026-08-06 04:05:47.088640667,c_cmp_0_p_pl_04_cr_cr_3,synthetic
t_003893,u_01440,click,cmp_2,pl_00,cr_0,2026-08-06 04:07:43.020170034,c_cmp_2_p_pl_00_cr_cr_0,synthetic
t_001999,u_00749,click,cmp_2,pl_00,cr_0,2026-08-06 04:12:18.790097436,c_cmp_2_p_pl_00_cr_cr_0,synthetic
t_001793,u_00671,bot_start,cmp_0,pl_04,cr_3,2026-08-06 04:13:27.088640667,c_cmp_0_p_pl_04_cr_cr_3,synthetic
t_005056,u_01872,click,cmp_3,pl_07,cr_3,2026-08-06 04:21:50.429100420,c_cmp_3_p_pl_07_cr_cr_3,synthetic
t_003982,u_01471,click,cmp_2,pl_00,cr_0,2026-08-06 04:26:32.701007062,c_cmp_2_p_pl_00_cr_cr_0,synthetic
t_004736,u_01752,click,cmp_4,pl_03,cr_0,2026-08-06 04:31:59.887897582,c_cmp_4_p_pl_03_cr_cr_0,synthetic
t_002938,u_01095,click,cmp_0,pl_01,cr_4,2026-08-06 05:13:29.084236094,c_cmp_0_p_pl_01_cr_cr_4,synthetic
t_003983,u_01471,bot_start,cmp_2,pl_00,cr_0,2026-08-06 05:21:28.701007062,c_cmp_2_p_pl_00_cr_cr_0,synthetic
t_003583,u_01326,click,cmp_1,pl_06,cr_2,2026-08-06 05:39:34.106727907,c_cmp_1_p_pl_06_cr_cr_2,synthetic
t_004562,u_01681,click,cmp_3,pl_07,cr_3,2026-08-06 05:44:53.900603308,c_cmp_3_p_pl_07_cr_cr_3,synthetic
t_005190,u_01931,click,cmp_2,pl_02,cr_2,2026-08-06 05:48:27.680243902,c_cmp_2_p_pl_02_cr_cr_2,synthetic
t_001098,u_00400,click,cmp_2,pl_00,cr_0,2026-08-06 06:01:00.920428352,c_cmp_2_p_pl_00_cr_cr_0,synthetic
t_002498,u_00935,click,cmp_3,pl_09,cr_0,2026-08-06 06:02:45.505991985,c_cmp_3_p_pl_09_cr_cr_0,synthetic
t_001760,u_00656,click,cmp_3,pl_07,cr_3,2026-08-06 06:16:58.473464741,c_cmp_3_p_pl_07_cr_cr_3,synthetic
t_004437,u_01632,click,cmp_4,pl_03,cr_0,2026-08-06 06:18:56.570066923,c_cmp_4_p_pl_03_cr_cr_0,synthetic
t_003218,u_01194,click,cmp_3,pl_07,cr_3,2026-08-06 06:28:52.590571147,c_cmp_3_p_pl_07_cr_cr_3,synthetic
t_004920,u_01818,click,cmp_1,pl_06,cr_2,2026-08-06 06:35:25.339839065,c_cmp_1_p_pl_06_cr_cr_2,synthetic
t_001099,u_00400,bot_start,cmp_2,pl_00,cr_0,2026-08-06 06:42:12.920428352,c_cmp_2_p_pl_00_cr_cr_0,synthetic
t_003865,u_01430,click,cmp_4,pl_03,cr_0,2026-08-06 07:00:06.601425895,c_cmp_4_p_pl_03_cr_cr_0,synthetic
t_004013,u_01480,click,cmp_0,pl_01,cr_4,2026-08-06 07:07:27.110201816,c_cmp_0_p_pl_01_cr_cr_4,synthetic
t_004438,u_01632,bot_start,cmp_4,pl_03,cr_0,2026-08-06 07:11:46.570066923,c_cmp_4_p_pl_03_cr_cr_0,synthetic
t_004048,u_01496,click,cmp_0,pl_01,cr_4,2026-08-06 07:37:57.738086331,c_cmp_0_p_pl_01_cr_cr_4,synthetic
t_003393,u_01258,click,cmp_2,pl_02,cr_2,2026-08-06 07:40:12.899958957,c_cmp_2_p_pl_02_cr_cr_2,synthetic
t_004667,u_01725,click,cmp_2,pl_02,cr_2,2026-08-06 07:50:45.466993749,c_cmp_2_p_pl_02_cr_cr_2,synthetic
t_002056,u_00771,click,cmp_2,pl_05,cr_4,2026-08-06 07:50:50.723447068,c_cmp_2_p_pl_05_cr_cr_4,synthetic
t_003052,u_01135,click,cmp_1,pl_06,cr_2,2026-08-06 08:11:06.495818016,c_cmp_1_p_pl_06_cr_cr_2,synthetic
t_000425,u_00149,click,cmp_4,pl_03,cr_0,2026-08-06 08:14:08.480716337,c_cmp_4_p_pl_03_cr_cr_0,synthetic
t_004693,u_01734,click,cmp_2,pl_05,cr_4,2026-08-06 08:23:19.316680770,c_cmp_2_p_pl_05_cr_cr_4,synthetic
t_000426,u_00149,bot_start,cmp_4,pl_03,cr_0,2026-08-06 08:23:46.480716337,c_cmp_4_p_pl_03_cr_cr_0,synthetic
t_002855,u_01063,click,cmp_2,pl_02,cr_2,2026-08-06 08:24:58.888427884,c_cmp_2_p_pl_02_cr_cr_2,synthetic
t_003165,u_01181,click,cmp_3,pl_09,cr_0,2026-08-06 08:35:49.606679375,c_cmp_3_p_pl_09_cr_cr_0,synthetic
t_003394,u_01258,bot_start,cmp_2,pl_02,cr_2,2026-08-06 08:37:49.899958957,c_cmp_2_p_pl_02_cr_cr_2,synthetic
t_002630,u_00979,click,cmp_2,pl_00,cr_0,2026-08-06 09:00:07.329765081,c_cmp_2_p_pl_00_cr_cr_0,synthetic
t_000843,u_00309,click,cmp_2,pl_08,cr_1,2026-08-06 09:01:02.856684476,c_cmp_2_p_pl_08_cr_cr_1,synthetic
t_001661,u_00611,click,cmp_0,pl_01,cr_4,2026-08-06 09:08:30.826216814,c_cmp_0_p_pl_01_cr_cr_4,synthetic
t_001711,u_00635,click,cmp_3,pl_07,cr_3,2026-08-06 09:08:47.767791433,c_cmp_3_p_pl_07_cr_cr_3,synthetic
t_000559,u_00196,click,cmp_2,pl_08,cr_1,2026-08-06 09:40:21.863778347,c_cmp_2_p_pl_08_cr_cr_1,synthetic
t_003822,u_01414,click,cmp_2,pl_02,cr_2,2026-08-06 09:43:22.386450782,c_cmp_2_p_pl_02_cr_cr_2,synthetic
t_001419,u_00519,click,cmp_0,pl_04,cr_3,2026-08-06 09:54:41.453534837,c_cmp_0_p_pl_04_cr_cr_3,synthetic
t_001712,u_00635,bot_start,cmp_3,pl_07,cr_3,2026-08-06 09:54:42.767791433,c_cmp_3_p_pl_07_cr_cr_3,synthetic
t_000560,u_00196,bot_start,cmp_2,pl_08,cr_1,2026-08-06 09:57:12.863778347,c_cmp_2_p_pl_08_cr_cr_1,synthetic
t_003138,u_01171,click,cmp_4,pl_03,cr_0,2026-08-06 10:02:51.530455619,c_cmp_4_p_pl_03_cr_cr_0,synthetic
t_004500,u_01656,click,cmp_1,pl_06,cr_2,2026-08-06 10:05:12.364227314,c_cmp_1_p_pl_06_cr_cr_2,synthetic
t_000354,u_00125,click,cmp_2,pl_05,cr_4,2026-08-06 10:40:42.021467121,c_cmp_2_p_pl_05_cr_cr_4,synthetic
t_000355,u_00125,bot_start,cmp_2,pl_05,cr_4,2026-08-06 10:41:45.021467121,c_cmp_2_p_pl_05_cr_cr_4,synthetic
t_003061,u_01139,click,cmp_2,pl_02,cr_2,2026-08-06 11:02:29.111964391,c_cmp_2_p_pl_02_cr_cr_2,synthetic
t_000694,u_00242,click,cmp_0,pl_01,cr_4,2026-08-06 11:28:35.312380345,c_cmp_0_p_pl_01_cr_cr_4,synthetic
t_001676,u_00617,click,cmp_0,pl_04,cr_3,2026-08-06 11:45:57.653114647,c_cmp_0_p_pl_04_cr_cr_3,synthetic
t_000658,u_00226,click,cmp_4,pl_03,cr_0,2026-08-06 11:57:51.318731633,c_cmp_4_p_pl_03_cr_cr_0,synthetic
t_001291,u_00468,click,cmp_1,pl_06,cr_2,2026-08-06 12:02:47.640389330,c_cmp_1_p_pl_06_cr_cr_2,synthetic
t_003510,u_01299,click,cmp_2,pl_05,cr_4,2026-08-06 12:38:34.112699045,c_cmp_2_p_pl_05_cr_cr_4,synthetic
t_004046,u_01495,click,cmp_2,pl_05,cr_4,2026-08-06 12:43:09.017353194,c_cmp_2_p_pl_05_cr_cr_4,synthetic
t_000699,u_00246,click,cmp_4,pl_03,cr_0,2026-08-06 13:23:40.877771674,c_cmp_4_p_pl_03_cr_cr_0,synthetic
t_004406,u_01623,click,cmp_0,pl_04,cr_3,2026-08-06 13:30:27.019225484,c_cmp_0_p_pl_04_cr_cr_3,synthetic
t_001596,u_00587,click,cmp_2,pl_00,cr_0,2026-08-06 13:38:30.767737331,c_cmp_2_p_pl_00_cr_cr_0,synthetic
t_005129,u_01905,click,cmp_2,pl_02,cr_2,2026-08-06 13:59:44.448966572,c_cmp_2_p_pl_02_cr_cr_2,synthetic
t_000454,u_00158,click,cmp_3,pl_07,cr_3,2026-08-06 14:05:57.439505229,c_cmp_3_p_pl_07_cr_cr_3,synthetic
t_000796,u_00286,click,cmp_0,pl_04,cr_3,2026-08-06 14:15:41.816358847,c_cmp_0_p_pl_04_cr_cr_3,synthetic
t_003643,u_01347,click,cmp_0,pl_04,cr_3,2026-08-06 14:20:17.859391067,c_cmp_0_p_pl_04_cr_cr_3,synthetic
t_000933,u_00344,click,cmp_2,pl_00,cr_0,2026-08-06 14:22:02.040050612,c_cmp_2_p_pl_00_cr_cr_0,synthetic
t_000934,u_00344,bot_start,cmp_2,pl_00,cr_0,2026-08-06 14:33:36.040050612,c_cmp_2_p_pl_00_cr_cr_0,synthetic
t_005241,u_01949,click,cmp_3,pl_07,cr_3,2026-08-06 14:46:37.399491647,c_cmp_3_p_pl_07_cr_cr_3,synthetic
t_005242,u_01949,bot_start,cmp_3,pl_07,cr_3,2026-08-06 14:59:16.399491647,c_cmp_3_p_pl_07_cr_cr_3,synthetic
t_005317,u_01974,click,cmp_1,pl_06,cr_2,2026-08-06 15:27:50.714347987,c_cmp_1_p_pl_06_cr_cr_2,synthetic
t_000979,u_00363,click,cmp_3,pl_09,cr_0,2026-08-06 15:32:57.393798047,c_cmp_3_p_pl_09_cr_cr_0,synthetic
t_003221,u_01196,click,cmp_1,pl_06,cr_2,2026-08-06 15:37:03.684965021,c_cmp_1_p_pl_06_cr_cr_2,synthetic
t_000538,u_00189,click,cmp_1,pl_06,cr_2,2026-08-06 15:48:11.152482393,c_cmp_1_p_pl_06_cr_cr_2,synthetic
t_000820,u_00299,click,cmp_2,pl_08,cr_1,2026-08-06 16:20:24.059591283,c_cmp_2_p_pl_08_cr_cr_1,synthetic
t_001165,u_00426,click,cmp_3,pl_07,cr_3,2026-08-06 16:51:38.347158390,c_cmp_3_p_pl_07_cr_cr_3,synthetic
t_002456,u_00917,click,cmp_3,pl_09,cr_0,2026-08-06 16:55:23.930141319,c_cmp_3_p_pl_09_cr_cr_0,synthetic
t_001444,u_00527,click,cmp_3,pl_07,cr_3,2026-08-06 17:26:30.836179845,c_cmp_3_p_pl_07_cr_cr_3,synthetic
t_001060,u_00388,click,cmp_2,pl_08,cr_1,2026-08-06 17:27:22.742536128,c_cmp_2_p_pl_08_cr_cr_1,synthetic
t_001166,u_00426,bot_start,cmp_3,pl_07,cr_3,2026-08-06 17:40:54.347158390,c_cmp_3_p_pl_07_cr_cr_3,synthetic
t_002358,u_00877,click,cmp_0,pl_01,cr_4,2026-08-06 17:44:59.663297484,c_cmp_0_p_pl_01_cr_cr_4,synthetic
t_001445,u_00527,bot_start,cmp_3,pl_07,cr_3,2026-08-06 18:15:42.836179845,c_cmp_3_p_pl_07_cr_cr_3,synthetic
t_001446,u_00527,lead,cmp_3,pl_07,cr_3,2026-08-06 18:23:42.836179845,c_cmp_3_p_pl_07_cr_cr_3,synthetic
t_004336,u_01599,click,cmp_2,pl_02,cr_2,2026-08-06 18:26:23.972936260,c_cmp_2_p_pl_02_cr_cr_2,synthetic
t_001279,u_00464,click,cmp_2,pl_02,cr_2,2026-08-06 18:31:49.678602269,c_cmp_2_p_pl_02_cr_cr_2,synthetic
t_004002,u_01475,click,cmp_3,pl_09,cr_0,2026-08-06 18:40:03.581840342,c_cmp_3_p_pl_09_cr_cr_0,synthetic
t_003403,u_01263,click,cmp_2,pl_00,cr_0,2026-08-06 19:10:21.180591334,c_cmp_2_p_pl_00_cr_cr_0,synthetic
t_002578,u_00964,click,cmp_2,pl_02,cr_2,2026-08-06 19:23:53.414874777,c_cmp_2_p_pl_02_cr_cr_2,synthetic
t_004337,u_01599,bot_start,cmp_2,pl_02,cr_2,2026-08-06 19:25:49.972936260,c_cmp_2_p_pl_02_cr_cr_2,synthetic
t_001175,u_00430,click,cmp_3,pl_07,cr_3,2026-08-06 19:48:33.413341237,c_cmp_3_p_pl_07_cr_cr_3,synthetic
t_002828,u_01052,click,cmp_2,pl_05,cr_4,2026-08-06 20:15:51.585373204,c_cmp_2_p_pl_05_cr_cr_4,synthetic
t_002829,u_01052,bot_start,cmp_2,pl_05,cr_4,2026-08-06 20:25:55.585373204,c_cmp_2_p_pl_05_cr_cr_4,synthetic
t_002413,u_00901,click,cmp_2,pl_00,cr_0,2026-08-06 20:46:40.400564322,c_cmp_2_p_pl_00_cr_cr_0,synthetic
t_000528,u_00185,click,cmp_4,pl_03,cr_0,2026-08-06 21:02:14.151225974,c_cmp_4_p_pl_03_cr_cr_0,synthetic
t_004742,u_01753,click,cmp_1,pl_06,cr_2,2026-08-06 21:12:45.824061139,c_cmp_1_p_pl_06_cr_cr_2,synthetic
t_000234,u_00074,click,cmp_3,pl_09,cr_0,2026-08-06 21:21:36.910999307,c_cmp_3_p_pl_09_cr_cr_0,synthetic
t_002671,u_00998,click,cmp_0,pl_01,cr_4,2026-08-06 21:25:12.822757294,c_cmp_0_p_pl_01_cr_cr_4,synthetic
t_002672,u_00998,bot_start,cmp_0,pl_01,cr_4,2026-08-06 21:43:26.822757294,c_cmp_0_p_pl_01_cr_cr_4,synthetic
t_003226,u_01198,click,cmp_2,pl_00,cr_0,2026-08-06 21:44:21.584520020,c_cmp_2_p_pl_00_cr_cr_0,synthetic
t_003350,u_01242,click,cmp_3,pl_09,cr_0,2026-08-06 21:45:31.009400096,c_cmp_3_p_pl_09_cr_cr_0,synthetic
t_000235,u_00074,bot_start,cmp_3,pl_09,cr_0,2026-08-06 22:05:53.910999307,c_cmp_3_p_pl_09_cr_cr_0,synthetic
t_003802,u_01404,click,cmp_2,pl_02,cr_2,2026-08-06 22:06:25.874198046,c_cmp_2_p_pl_02_cr_cr_2,synthetic
t_002610,u_00975,click,cmp_3,pl_07,cr_3,2026-08-06 22:12:41.933734861,c_cmp_3_p_pl_07_cr_cr_3,synthetic
t_001367,u_00495,click,cmp_0,pl_04,cr_3,2026-08-06 22:12:48.346209880,c_cmp_0_p_pl_04_cr_cr_3,synthetic
t_003720,u_01373,click,cmp_2,pl_08,cr_1,2026-08-06 22:17:05.075359020,c_cmp_2_p_pl_08_cr_cr_1,synthetic
t_000966,u_00357,click,cmp_4,pl_03,cr_0,2026-08-06 22:26:00.263303253,c_cmp_4_p_pl_03_cr_cr_0,synthetic
t_000236,u_00074,lead,cmp_3,pl_09,cr_0,2026-08-06 22:26:53.910999307,c_cmp_3_p_pl_09_cr_cr_0,synthetic
t_002611,u_00975,bot_start,cmp_3,pl_07,cr_3,2026-08-06 22:29:10.933734861,c_cmp_3_p_pl_07_cr_cr_3,synthetic
t_003628,u_01343,click,cmp_1,pl_06,cr_2,2026-08-07 00:01:03.302272873,c_cmp_1_p_pl_06_cr_cr_2,synthetic
t_001142,u_00417,click,cmp_0,pl_04,cr_3,2026-08-07 00:19:15.324030646,c_cmp_0_p_pl_04_cr_cr_3,synthetic
t_005123,u_01904,click,cmp_0,pl_04,cr_3,2026-08-07 01:26:17.636533275,c_cmp_0_p_pl_04_cr_cr_3,synthetic
t_003295,u_01224,click,cmp_0,pl_04,cr_3,2026-08-07 01:35:32.764457805,c_cmp_0_p_pl_04_cr_cr_3,synthetic
t_003743,u_01381,click,cmp_2,pl_02,cr_2,2026-08-07 01:41:46.032340783,c_cmp_2_p_pl_02_cr_cr_2,synthetic
t_001814,u_00679,click,cmp_0,pl_01,cr_4,2026-08-07 01:57:38.979725492,c_cmp_0_p_pl_01_cr_cr_4,synthetic
t_005332,u_01980,click,cmp_3,pl_09,cr_0,2026-08-07 01:58:25.283754311,c_cmp_3_p_pl_09_cr_cr_0,synthetic
t_002397,u_00894,click,cmp_4,pl_03,cr_0,2026-08-07 02:08:55.726433607,c_cmp_4_p_pl_03_cr_cr_0,synthetic
t_001952,u_00729,click,cmp_4,pl_03,cr_0,2026-08-07 02:14:29.694684809,c_cmp_4_p_pl_03_cr_cr_0,synthetic
t_004763,u_01761,click,cmp_1,pl_06,cr_2,2026-08-07 02:15:04.777658047,c_cmp_1_p_pl_06_cr_cr_2,synthetic
t_003112,u_01163,click,cmp_3,pl_09,cr_0,2026-08-07 02:25:09.281124453,c_cmp_3_p_pl_09_cr_cr_0,synthetic
t_004288,u_01587,click,cmp_2,pl_02,cr_2,2026-08-07 02:35:47.966487963,c_cmp_2_p_pl_02_cr_cr_2,synthetic
t_001815,u_00679,bot_start,cmp_0,pl_01,cr_4,2026-08-07 02:39:00.979725492,c_cmp_0_p_pl_01_cr_cr_4,synthetic
t_004194,u_01552,click,cmp_0,pl_04,cr_3,2026-08-07 02:53:27.317461477,c_cmp_0_p_pl_04_cr_cr_3,synthetic
t_004764,u_01761,bot_start,cmp_1,pl_06,cr_2,2026-08-07 03:07:56.777658047,c_cmp_1_p_pl_06_cr_cr_2,synthetic
t_003130,u_01169,click,cmp_0,pl_01,cr_4,2026-08-07 03:15:54.840221368,c_cmp_0_p_pl_01_cr_cr_4,synthetic
t_003113,u_01163,bot_start,cmp_3,pl_09,cr_0,2026-08-07 03:20:16.281124453,c_cmp_3_p_pl_09_cr_cr_0,synthetic
t_001758,u_00655,click,cmp_2,pl_02,cr_2,2026-08-07 03:21:01.227026470,c_cmp_2_p_pl_02_cr_cr_2,synthetic
t_004758,u_01758,click,cmp_3,pl_09,cr_0,2026-08-07 03:26:40.957063261,c_cmp_3_p_pl_09_cr_cr_0,synthetic
t_003131,u_01169,bot_start,cmp_0,pl_01,cr_4,2026-08-07 03:53:05.840221368,c_cmp_0_p_pl_01_cr_cr_4,synthetic
t_004619,u_01704,click,cmp_2,pl_05,cr_4,2026-08-07 04:04:16.471565165,c_cmp_2_p_pl_05_cr_cr_4,synthetic
t_004397,u_01620,click,cmp_3,pl_07,cr_3,2026-08-07 04:11:09.907678435,c_cmp_3_p_pl_07_cr_cr_3,synthetic
t_002175,u_00812,click,cmp_2,pl_08,cr_1,2026-08-07 04:15:11.767015587,c_cmp_2_p_pl_08_cr_cr_1,synthetic
t_000873,u_00319,click,cmp_3,pl_09,cr_0,2026-08-07 04:16:01.034330032,c_cmp_3_p_pl_09_cr_cr_0,synthetic
t_001721,u_00637,click,cmp_3,pl_09,cr_0,2026-08-07 04:17:13.587344027,c_cmp_3_p_pl_09_cr_cr_0,synthetic
t_001607,u_00591,click,cmp_3,pl_09,cr_0,2026-08-07 04:22:01.512522617,c_cmp_3_p_pl_09_cr_cr_0,synthetic
t_001608,u_00591,bot_start,cmp_3,pl_09,cr_0,2026-08-07 04:33:45.512522617,c_cmp_3_p_pl_09_cr_cr_0,synthetic
t_002896,u_01077,click,cmp_3,pl_07,cr_3,2026-08-07 04:34:29.387044248,c_cmp_3_p_pl_07_cr_cr_3,synthetic
t_001015,u_00373,click,cmp_4,pl_03,cr_0,2026-08-07 04:41:14.607446704,c_cmp_4_p_pl_03_cr_cr_0,synthetic
t_005027,u_01863,click,cmp_2,pl_00,cr_0,2026-08-07 04:52:10.361577108,c_cmp_2_p_pl_00_cr_cr_0,synthetic
t_001878,u_00706,click,cmp_3,pl_07,cr_3,2026-08-07 04:56:08.169929668,c_cmp_3_p_pl_07_cr_cr_3,synthetic
t_002176,u_00812,bot_start,cmp_2,pl_08,cr_1,2026-08-07 04:57:55.767015587,c_cmp_2_p_pl_08_cr_cr_1,synthetic
t_001450,u_00530,click,cmp_2,pl_02,cr_2,2026-08-07 05:01:48.872063091,c_cmp_2_p_pl_02_cr_cr_2,synthetic
t_002177,u_00812,lead,cmp_2,pl_08,cr_1,2026-08-07 05:06:55.767015587,c_cmp_2_p_pl_08_cr_cr_1,synthetic
t_004325,u_01598,click,cmp_3,pl_09,cr_0,2026-08-07 05:12:48.106684188,c_cmp_3_p_pl_09_cr_cr_0,synthetic
t_004326,u_01598,bot_start,cmp_3,pl_09,cr_0,2026-08-07 05:15:32.106684188,c_cmp_3_p_pl_09_cr_cr_0,synthetic
t_002377,u_00887,click,cmp_0,pl_01,cr_4,2026-08-07 05:30:33.934264630,c_cmp_0_p_pl_01_cr_cr_4,synthetic
t_004963,u_01834,click,cmp_2,pl_02,cr_2,2026-08-07 05:45:51.603940806,c_cmp_2_p_pl_02_cr_cr_2,synthetic
t_000101,u_00033,click,cmp_3,pl_07,cr_3,2026-08-07 05:53:08.169276344,c_cmp_3_p_pl_07_cr_cr_3,synthetic
t_004327,u_01598,lead,cmp_3,pl_09,cr_0,2026-08-07 05:59:32.106684188,c_cmp_3_p_pl_09_cr_cr_0,synthetic
t_002378,u_00887,bot_start,cmp_0,pl_01,cr_4,2026-08-07 06:19:29.934264630,c_cmp_0_p_pl_01_cr_cr_4,synthetic
t_002839,u_01058,click,cmp_0,pl_04,cr_3,2026-08-07 06:41:14.821635972,c_cmp_0_p_pl_04_cr_cr_3,synthetic
t_004460,u_01640,click,cmp_2,pl_00,cr_0,2026-08-07 06:53:15.320794324,c_cmp_2_p_pl_00_cr_cr_0,synthetic
t_004318,u_01596,click,cmp_1,pl_06,cr_2,2026-08-07 06:55:03.726871959,c_cmp_1_p_pl_06_cr_cr_2,synthetic
t_003036,u_01130,click,cmp_2,pl_05,cr_4,2026-08-07 06:56:34.430171457,c_cmp_2_p_pl_05_cr_cr_4,synthetic
t_003461,u_01282,click,cmp_3,pl_09,cr_0,2026-08-07 07:20:07.093346080,c_cmp_3_p_pl_09_cr_cr_0,synthetic
t_003594,u_01330,click,cmp_0,pl_01,cr_4,2026-08-07 07:25:09.097933302,c_cmp_0_p_pl_01_cr_cr_4,synthetic
t_000637,u_00220,click,cmp_4,pl_03,cr_0,2026-08-07 07:40:52.948683231,c_cmp_4_p_pl_03_cr_cr_0,synthetic
t_004720,u_01746,click,cmp_3,pl_09,cr_0,2026-08-07 07:51:09.970637608,c_cmp_3_p_pl_09_cr_cr_0,synthetic
t_000638,u_00220,bot_start,cmp_4,pl_03,cr_0,2026-08-07 07:54:48.948683231,c_cmp_4_p_pl_03_cr_cr_0,synthetic
t_000012,u_00005,click,cmp_2,pl_02,cr_2,2026-08-07 07:57:45.001327571,c_cmp_2_p_pl_02_cr_cr_2,synthetic
t_001352,u_00490,click,cmp_2,pl_05,cr_4,2026-08-07 07:58:07.944782008,c_cmp_2_p_pl_05_cr_cr_4,synthetic
t_004537,u_01671,click,cmp_1,pl_06,cr_2,2026-08-07 08:10:53.280829952,c_cmp_1_p_pl_06_cr_cr_2,synthetic
t_002641,u_00983,click,cmp_2,pl_05,cr_4,2026-08-07 08:12:52.324304206,c_cmp_2_p_pl_05_cr_cr_4,synthetic
t_001173,u_00428,click,cmp_3,pl_09,cr_0,2026-08-07 08:14:19.257039092,c_cmp_3_p_pl_09_cr_cr_0,synthetic
t_000735,u_00263,click,cmp_2,pl_00,cr_0,2026-08-07 08:16:56.545258962,c_cmp_2_p_pl_00_cr_cr_0,synthetic
t_000616,u_00214,click,cmp_0,pl_01,cr_4,2026-08-07 08:32:35.405836411,c_cmp_0_p_pl_01_cr_cr_4,synthetic
t_002515,u_00941,click,cmp_1,pl_06,cr_2,2026-08-07 08:45:00.436018885,c_cmp_1_p_pl_06_cr_cr_2,synthetic
t_005310,u_01969,click,cmp_0,pl_04,cr_3,2026-08-07 08:57:14.372470383,c_cmp_0_p_pl_04_cr_cr_3,synthetic
t_005204,u_01937,click,cmp_2,pl_02,cr_2,2026-08-07 09:02:27.868363113,c_cmp_2_p_pl_02_cr_cr_2,synthetic
t_000894,u_00329,click,cmp_3,pl_07,cr_3,2026-08-07 09:18:18.478515834,c_cmp_3_p_pl_07_cr_cr_3,synthetic
t_002516,u_00941,bot_start,cmp_1,pl_06,cr_2,2026-08-07 09:32:38.436018885,c_cmp_1_p_pl_06_cr_cr_2,synthetic
t_001094,u_00399,click,cmp_2,pl_00,cr_0,2026-08-07 09:55:29.226542199,c_cmp_2_p_pl_00_cr_cr_0,synthetic
t_001582,u_00582,click,cmp_2,pl_08,cr_1,2026-08-07 10:11:32.415358702,c_cmp_2_p_pl_08_cr_cr_1,synthetic
t_000676,u_00235,click,cmp_0,pl_04,cr_3,2026-08-07 10:23:36.539752360,c_cmp_0_p_pl_04_cr_cr_3,synthetic
t_000642,u_00222,click,cmp_3,pl_07,cr_3,2026-08-07 10:49:28.430140809,c_cmp_3_p_pl_07_cr_cr_3,synthetic
t_001972,u_00736,click,cmp_2,pl_02,cr_2,2026-08-07 10:53:29.278191972,c_cmp_2_p_pl_02_cr_cr_2,synthetic
t_000855,u_00313,click,cmp_0,pl_01,cr_4,2026-08-07 11:05:13.021514214,c_cmp_0_p_pl_01_cr_cr_4,synthetic
t_004483,u_01648,click,cmp_2,pl_00,cr_0,2026-08-07 11:08:08.911785133,c_cmp_2_p_pl_00_cr_cr_0,synthetic
t_000503,u_00176,click,cmp_0,pl_01,cr_4,2026-08-07 11:18:04.851787895,c_cmp_0_p_pl_01_cr_cr_4,synthetic
t_004524,u_01666,click,cmp_1,pl_06,cr_2,2026-08-07 11:30:59.291524695,c_cmp_1_p_pl_06_cr_cr_2,synthetic
t_000249,u_00081,click,cmp_2,pl_00,cr_0,2026-08-07 11:32:09.251604180,c_cmp_2_p_pl_00_cr_cr_0,synthetic
t_005361,u_01992,click,cmp_3,pl_09,cr_0,2026-08-07 11:35:12.808865852,c_cmp_3_p_pl_09_cr_cr_0,synthetic
t_000972,u_00360,click,cmp_1,pl_06,cr_2,2026-08-07 11:40:34.030661293,c_cmp_1_p_pl_06_cr_cr_2,synthetic
t_000415,u_00146,click,cmp_3,pl_09,cr_0,2026-08-07 11:43:33.655790460,c_cmp_3_p_pl_09_cr_cr_0,synthetic
t_004525,u_01666,bot_start,cmp_1,pl_06,cr_2,2026-08-07 11:50:59.291524695,c_cmp_1_p_pl_06_cr_cr_2,synthetic
t_003496,u_01295,click,cmp_4,pl_03,cr_0,2026-08-07 12:02:37.658807686,c_cmp_4_p_pl_03_cr_cr_0,synthetic
t_004253,u_01573,click,cmp_2,pl_08,cr_1,2026-08-07 12:07:04.069815673,c_cmp_2_p_pl_08_cr_cr_1,synthetic
t_002016,u_00754,click,cmp_2,pl_05,cr_4,2026-08-07 12:14:14.937859446,c_cmp_2_p_pl_05_cr_cr_4,synthetic
t_002017,u_00754,bot_start,cmp_2,pl_05,cr_4,2026-08-07 12:15:14.937859446,c_cmp_2_p_pl_05_cr_cr_4,synthetic
t_002937,u_01094,click,cmp_0,pl_04,cr_3,2026-08-07 12:24:26.639272186,c_cmp_0_p_pl_04_cr_cr_3,synthetic
t_000093,u_00030,click,cmp_3,pl_09,cr_0,2026-08-07 12:26:42.087941454,c_cmp_3_p_pl_09_cr_cr_0,synthetic
t_000973,u_00360,bot_start,cmp_1,pl_06,cr_2,2026-08-07 12:30:57.030661293,c_cmp_1_p_pl_06_cr_cr_2,synthetic
t_004563,u_01681,click,cmp_4,pl_03,cr_0,2026-08-07 12:32:58.567925206,c_cmp_4_p_pl_03_cr_cr_0,synthetic
t_004118,u_01530,click,cmp_2,pl_08,cr_1,2026-08-07 12:35:17.970898211,c_cmp_2_p_pl_08_cr_cr_1,synthetic
t_004027,u_01486,click,cmp_2,pl_02,cr_2,2026-08-07 12:37:03.508779012,c_cmp_2_p_pl_02_cr_cr_2,synthetic
t_001215,u_00446,click,cmp_0,pl_04,cr_3,2026-08-07 12:47:21.371351226,c_cmp_0_p_pl_04_cr_cr_3,synthetic
t_002956,u_01101,click,cmp_0,pl_01,cr_4,2026-08-07 12:59:33.169045385,c_cmp_0_p_pl_01_cr_cr_4,synthetic
t_000337,u_00115,click,cmp_3,pl_07,cr_3,2026-08-07 13:19:57.240764510,c_cmp_3_p_pl_07_cr_cr_3,synthetic
t_004322,u_01597,click,cmp_2,pl_00,cr_0,2026-08-07 13:26:02.158341469,c_cmp_2_p_pl_00_cr_cr_0,synthetic
t_004721,u_01747,click,cmp_2,pl_08,cr_1,2026-08-07 13:41:32.743778812,c_cmp_2_p_pl_08_cr_cr_1,synthetic
t_003346,u_01240,click,cmp_2,pl_00,cr_0,2026-08-07 13:42:31.831053239,c_cmp_2_p_pl_00_cr_cr_0,synthetic
t_004041,u_01492,click,cmp_2,pl_08,cr_1,2026-08-07 13:46:31.507684958,c_cmp_2_p_pl_08_cr_cr_1,synthetic
t_005086,u_01890,click,cmp_2,pl_00,cr_0,2026-08-07 13:54:58.977530913,c_cmp_2_p_pl_00_cr_cr_0,synthetic
t_000269,u_00092,click,cmp_0,pl_04,cr_3,2026-08-07 14:06:58.914613676,c_cmp_0_p_pl_04_cr_cr_3,synthetic
t_000338,u_00115,bot_start,cmp_3,pl_07,cr_3,2026-08-07 14:08:07.240764510,c_cmp_3_p_pl_07_cr_cr_3,synthetic
t_003180,u_01185,click,cmp_0,pl_01,cr_4,2026-08-07 14:12:57.759210230,c_cmp_0_p_pl_01_cr_cr_4,synthetic
t_001703,u_00634,click,cmp_4,pl_03,cr_0,2026-08-07 14:19:29.360470894,c_cmp_4_p_pl_03_cr_cr_0,synthetic
t_004410,u_01625,click,cmp_3,pl_09,cr_0,2026-08-07 14:19:41.740741369,c_cmp_3_p_pl_09_cr_cr_0,synthetic
t_000903,u_00333,click,cmp_4,pl_03,cr_0,2026-08-07 14:37:10.918611870,c_cmp_4_p_pl_03_cr_cr_0,synthetic
t_003908,u_01443,click,cmp_0,pl_04,cr_3,2026-08-07 14:38:07.468432995,c_cmp_0_p_pl_04_cr_cr_3,synthetic
t_003909,u_01443,bot_start,cmp_0,pl_04,cr_3,2026-08-07 15:03:19.468432995,c_cmp_0_p_pl_04_cr_cr_3,synthetic
t_004526,u_01666,click,cmp_2,pl_02,cr_2,2026-08-07 15:08:39.866506825,c_cmp_2_p_pl_02_cr_cr_2,synthetic
t_001704,u_00634,bot_start,cmp_4,pl_03,cr_0,2026-08-07 15:08:59.360470894,c_cmp_4_p_pl_03_cr_cr_0,synthetic
t_003910,u_01443,lead,cmp_0,pl_04,cr_3,2026-08-07 15:33:19.468432995,c_cmp_0_p_pl_04_cr_cr_3,synthetic
t_001554,u_00575,click,cmp_1,pl_06,cr_2,2026-08-07 15:42:11.497138715,c_cmp_1_p_pl_06_cr_cr_2,synthetic
t_001555,u_00575,bot_start,cmp_1,pl_06,cr_2,2026-08-07 16:08:11.497138715,c_cmp_1_p_pl_06_cr_cr_2,synthetic
t_004250,u_01572,click,cmp_1,pl_06,cr_2,2026-08-07 16:55:06.523919594,c_cmp_1_p_pl_06_cr_cr_2,synthetic
t_004279,u_01584,click,cmp_3,pl_07,cr_3,2026-08-07 17:24:41.891412376,c_cmp_3_p_pl_07_cr_cr_3,synthetic
t_004728,u_01749,click,cmp_2,pl_08,cr_1,2026-08-07 17:28:44.615878565,c_cmp_2_p_pl_08_cr_cr_1,synthetic
t_004976,u_01838,click,cmp_0,pl_01,cr_4,2026-08-07 17:31:51.220398091,c_cmp_0_p_pl_01_cr_cr_4,synthetic
t_004036,u_01490,click,cmp_0,pl_04,cr_3,2026-08-07 17:32:47.192659546,c_cmp_0_p_pl_04_cr_cr_3,synthetic
t_002874,u_01069,click,cmp_2,pl_05,cr_4,2026-08-07 17:36:45.171230127,c_cmp_2_p_pl_05_cr_cr_4,synthetic
t_004565,u_01682,click,cmp_3,pl_09,cr_0,2026-08-07 17:41:32.691029331,c_cmp_3_p_pl_09_cr_cr_0,synthetic
t_004280,u_01584,bot_start,cmp_3,pl_07,cr_3,2026-08-07 17:46:25.891412376,c_cmp_3_p_pl_07_cr_cr_3,synthetic
t_000392,u_00138,click,cmp_3,pl_07,cr_3,2026-08-07 17:46:56.191262878,c_cmp_3_p_pl_07_cr_cr_3,synthetic
t_002608,u_00974,click,cmp_2,pl_02,cr_2,2026-08-07 18:14:04.247855098,c_cmp_2_p_pl_02_cr_cr_2,synthetic
t_000207,u_00065,click,cmp_1,pl_06,cr_2,2026-08-07 18:28:55.242103137,c_cmp_1_p_pl_06_cr_cr_2,synthetic
t_002411,u_00899,click,cmp_2,pl_00,cr_0,2026-08-07 18:36:51.057523710,c_cmp_2_p_pl_00_cr_cr_0,synthetic
t_002765,u_01032,click,cmp_0,pl_01,cr_4,2026-08-07 18:51:13.958905491,c_cmp_0_p_pl_01_cr_cr_4,synthetic
t_005039,u_01868,click,cmp_0,pl_04,cr_3,2026-08-07 18:53:02.403545050,c_cmp_0_p_pl_04_cr_cr_3,synthetic
t_004145,u_01538,click,cmp_0,pl_01,cr_4,2026-08-07 18:57:57.075981730,c_cmp_0_p_pl_01_cr_cr_4,synthetic
t_004314,u_01594,click,cmp_3,pl_09,cr_0,2026-08-07 19:32:04.998032223,c_cmp_3_p_pl_09_cr_cr_0,synthetic
t_002844,u_01059,click,cmp_3,pl_07,cr_3,2026-08-07 19:32:33.625642065,c_cmp_3_p_pl_07_cr_cr_3,synthetic
t_002987,u_01111,click,cmp_0,pl_04,cr_3,2026-08-07 19:36:37.848788126,c_cmp_0_p_pl_04_cr_cr_3,synthetic
t_000990,u_00366,click,cmp_4,pl_03,cr_0,2026-08-07 19:55:01.625733595,c_cmp_4_p_pl_03_cr_cr_0,synthetic
t_002845,u_01059,bot_start,cmp_3,pl_07,cr_3,2026-08-07 20:10:29.625642065,c_cmp_3_p_pl_07_cr_cr_3,synthetic
t_003572,u_01320,click,cmp_2,pl_02,cr_2,2026-08-07 20:13:12.862942271,c_cmp_2_p_pl_02_cr_cr_2,synthetic
t_003244,u_01206,click,cmp_2,pl_02,cr_2,2026-08-07 20:27:18.589235893,c_cmp_2_p_pl_02_cr_cr_2,synthetic
t_003245,u_01206,bot_start,cmp_2,pl_02,cr_2,2026-08-07 20:29:09.589235893,c_cmp_2_p_pl_02_cr_cr_2,synthetic
t_003842,u_01420,click,cmp_3,pl_07,cr_3,2026-08-07 20:35:25.414995831,c_cmp_3_p_pl_07_cr_cr_3,synthetic
t_002846,u_01059,lead,cmp_3,pl_07,cr_3,2026-08-07 20:52:29.625642065,c_cmp_3_p_pl_07_cr_cr_3,synthetic
t_000254,u_00083,click,cmp_3,pl_07,cr_3,2026-08-07 20:53:53.541465505,c_cmp_3_p_pl_07_cr_cr_3,synthetic
t_001763,u_00657,click,cmp_3,pl_07,cr_3,2026-08-07 21:03:37.252653605,c_cmp_3_p_pl_07_cr_cr_3,synthetic
t_004011,u_01479,click,cmp_4,pl_03,cr_0,2026-08-07 21:12:15.691697975,c_cmp_4_p_pl_03_cr_cr_0,synthetic
t_000068,u_00021,click,cmp_2,pl_02,cr_2,2026-08-07 21:29:12.965677666,c_cmp_2_p_pl_02_cr_cr_2,synthetic
t_000069,u_00021,bot_start,cmp_2,pl_02,cr_2,2026-08-07 21:43:46.965677666,c_cmp_2_p_pl_02_cr_cr_2,synthetic
t_000060,u_00019,click,cmp_3,pl_09,cr_0,2026-08-07 22:02:12.820310408,c_cmp_3_p_pl_09_cr_cr_0,synthetic
t_000061,u_00019,bot_start,cmp_3,pl_09,cr_0,2026-08-07 22:04:10.820310408,c_cmp_3_p_pl_09_cr_cr_0,synthetic
t_004037,u_01490,click,cmp_3,pl_09,cr_0,2026-08-07 22:04:33.935850426,c_cmp_3_p_pl_09_cr_cr_0,synthetic
t_001076,u_00392,click,cmp_3,pl_09,cr_0,2026-08-07 22:28:23.341854065,c_cmp_3_p_pl_09_cr_cr_0,synthetic
t_000114,u_00036,click,cmp_3,pl_09,cr_0,2026-08-07 22:30:01.959486436,c_cmp_3_p_pl_09_cr_cr_0,synthetic
t_002343,u_00870,click,cmp_3,pl_07,cr_3,2026-08-07 23:04:43.207228110,c_cmp_3_p_pl_07_cr_cr_3,synthetic
t_005201,u_01936,click,cmp_0,pl_04,cr_3,2026-08-07 23:29:59.368035300,c_cmp_0_p_pl_04_cr_cr_3,synthetic
t_002567,u_00960,click,cmp_4,pl_03,cr_0,2026-08-07 23:44:19.299793247,c_cmp_4_p_pl_03_cr_cr_0,synthetic
t_003887,u_01438,click,cmp_1,pl_06,cr_2,2026-08-07 23:47:16.317401246,c_cmp_1_p_pl_06_cr_cr_2,synthetic
t_004192,u_01551,click,cmp_2,pl_05,cr_4,2026-08-07 23:51:31.217033542,c_cmp_2_p_pl_05_cr_cr_4,synthetic
t_003882,u_01435,click,cmp_1,pl_06,cr_2,2026-08-07 23:52:45.582298291,c_cmp_1_p_pl_06_cr_cr_2,synthetic
t_002239,u_00835,click,cmp_4,pl_03,cr_0,2026-08-08 00:01:04.113881075,c_cmp_4_p_pl_03_cr_cr_0,synthetic
t_000857,u_00314,click,cmp_0,pl_04,cr_3,2026-08-08 00:10:39.401816976,c_cmp_0_p_pl_04_cr_cr_3,synthetic
t_002496,u_00933,click,cmp_2,pl_08,cr_1,2026-08-08 00:11:25.925003692,c_cmp_2_p_pl_08_cr_cr_1,synthetic
t_004643,u_01711,click,cmp_2,pl_08,cr_1,2026-08-08 00:11:44.963723648,c_cmp_2_p_pl_08_cr_cr_1,synthetic
t_003883,u_01435,bot_start,cmp_1,pl_06,cr_2,2026-08-08 00:23:50.582298291,c_cmp_1_p_pl_06_cr_cr_2,synthetic
t_001046,u_00381,click,cmp_0,pl_01,cr_4,2026-08-08 00:25:29.476075940,c_cmp_0_p_pl_01_cr_cr_4,synthetic
t_000464,u_00163,click,cmp_2,pl_00,cr_0,2026-08-08 00:29:15.027708800,c_cmp_2_p_pl_00_cr_cr_0,synthetic
t_000601,u_00210,click,cmp_1,pl_06,cr_2,2026-08-08 00:29:46.572267085,c_cmp_1_p_pl_06_cr_cr_2,synthetic
t_004946,u_01828,click,cmp_2,pl_05,cr_4,2026-08-08 00:37:46.754844347,c_cmp_2_p_pl_05_cr_cr_4,synthetic
t_001047,u_00381,bot_start,cmp_0,pl_01,cr_4,2026-08-08 00:48:29.476075940,c_cmp_0_p_pl_01_cr_cr_4,synthetic
t_002744,u_01023,click,cmp_3,pl_07,cr_3,2026-08-08 00:57:53.768081486,c_cmp_3_p_pl_07_cr_cr_3,synthetic
t_000602,u_00210,bot_start,cmp_1,pl_06,cr_2,2026-08-08 01:06:49.572267085,c_cmp_1_p_pl_06_cr_cr_2,synthetic
t_000858,u_00314,bot_start,cmp_0,pl_04,cr_3,2026-08-08 01:07:09.401816976,c_cmp_0_p_pl_04_cr_cr_3,synthetic
t_000951,u_00349,click,cmp_2,pl_02,cr_2,2026-08-08 01:13:29.082800366,c_cmp_2_p_pl_02_cr_cr_2,synthetic
t_002482,u_00928,click,cmp_1,pl_06,cr_2,2026-08-08 01:15:28.654568929,c_cmp_1_p_pl_06_cr_cr_2,synthetic
t_000952,u_00349,bot_start,cmp_2,pl_02,cr_2,2026-08-08 01:17:42.082800366,c_cmp_2_p_pl_02_cr_cr_2,synthetic
t_001328,u_00481,click,cmp_2,pl_02,cr_2,2026-08-08 01:21:22.273352901,c_cmp_2_p_pl_02_cr_cr_2,synthetic
t_001044,u_00381,click,cmp_1,pl_06,cr_2,2026-08-08 01:22:27.978536021,c_cmp_1_p_pl_06_cr_cr_2,synthetic
t_005203,u_01936,click,cmp_0,pl_04,cr_3,2026-08-08 01:23:23.234998178,c_cmp_0_p_pl_04_cr_cr_3,synthetic
t_000603,u_00210,lead,cmp_1,pl_06,cr_2,2026-08-08 01:26:49.572267085,c_cmp_1_p_pl_06_cr_cr_2,synthetic
t_004547,u_01674,click,cmp_0,pl_04,cr_3,2026-08-08 01:44:04.520805939,c_cmp_0_p_pl_04_cr_cr_3,synthetic
t_002745,u_01023,bot_start,cmp_3,pl_07,cr_3,2026-08-08 01:45:44.768081486,c_cmp_3_p_pl_07_cr_cr_3,synthetic
t_004548,u_01674,bot_start,cmp_0,pl_04,cr_3,2026-08-08 01:54:42.520805939,c_cmp_0_p_pl_04_cr_cr_3,synthetic
t_000859,u_00314,lead,cmp_0,pl_04,cr_3,2026-08-08 02:00:09.401816976,c_cmp_0_p_pl_04_cr_cr_3,synthetic
t_002692,u_01002,click,cmp_4,pl_03,cr_0,2026-08-08 02:30:31.037810482,c_cmp_4_p_pl_03_cr_cr_0,synthetic
t_003184,u_01186,click,cmp_3,pl_07,cr_3,2026-08-08 02:42:17.928773395,c_cmp_3_p_pl_07_cr_cr_3,synthetic
t_004952,u_01830,click,cmp_1,pl_06,cr_2,2026-08-08 02:51:47.379271821,c_cmp_1_p_pl_06_cr_cr_2,synthetic
t_004549,u_01674,lead,cmp_0,pl_04,cr_3,2026-08-08 02:52:42.520805939,c_cmp_0_p_pl_04_cr_cr_3,synthetic
t_002540,u_00949,click,cmp_2,pl_00,cr_0,2026-08-08 02:54:29.460575260,c_cmp_2_p_pl_00_cr_cr_0,synthetic
t_001978,u_00739,click,cmp_3,pl_07,cr_3,2026-08-08 03:06:54.178001547,c_cmp_3_p_pl_07_cr_cr_3,synthetic
t_002693,u_01002,bot_start,cmp_4,pl_03,cr_0,2026-08-08 03:13:06.037810482,c_cmp_4_p_pl_03_cr_cr_0,synthetic
t_001338,u_00486,click,cmp_1,pl_06,cr_2,2026-08-08 03:32:38.826220786,c_cmp_1_p_pl_06_cr_cr_2,synthetic
t_004953,u_01830,bot_start,cmp_1,pl_06,cr_2,2026-08-08 03:34:53.379271821,c_cmp_1_p_pl_06_cr_cr_2,synthetic
t_004954,u_01830,lead,cmp_1,pl_06,cr_2,2026-08-08 03:35:53.379271821,c_cmp_1_p_pl_06_cr_cr_2,synthetic
t_002051,u_00767,click,cmp_2,pl_05,cr_4,2026-08-08 03:45:44.876605402,c_cmp_2_p_pl_05_cr_cr_4,synthetic
t_005177,u_01927,click,cmp_1,pl_06,cr_2,2026-08-08 04:10:14.858189562,c_cmp_1_p_pl_06_cr_cr_2,synthetic
t_003711,u_01368,click,cmp_2,pl_00,cr_0,2026-08-08 04:29:05.148873383,c_cmp_2_p_pl_00_cr_cr_0,synthetic
t_001685,u_00623,click,cmp_0,pl_01,cr_4,2026-08-08 04:32:13.010316942,c_cmp_0_p_pl_01_cr_cr_4,synthetic
t_004468,u_01641,click,cmp_1,pl_06,cr_2,2026-08-08 04:34:55.703097080,c_cmp_1_p_pl_06_cr_cr_2,synthetic
t_001860,u_00697,click,cmp_0,pl_04,cr_3,2026-08-08 04:43:37.855534827,c_cmp_0_p_pl_04_cr_cr_3,synthetic
t_004485,u_01649,click,cmp_3,pl_07,cr_3,2026-08-08 05:02:18.077314681,c_cmp_3_p_pl_07_cr_cr_3,synthetic
t_003505,u_01298,click,cmp_3,pl_09,cr_0,2026-08-08 05:37:37.736431163,c_cmp_3_p_pl_09_cr_cr_0,synthetic
t_001052,u_00385,click,cmp_0,pl_04,cr_3,2026-08-08 05:37:38.795686908,c_cmp_0_p_pl_04_cr_cr_3,synthetic
t_000005,u_00002,click,cmp_2,pl_05,cr_4,2026-08-08 05:42:09.739079799,c_cmp_2_p_pl_05_cr_cr_4,synthetic
t_002117,u_00789,click,cmp_1,pl_06,cr_2,2026-08-08 06:38:02.328151407,c_cmp_1_p_pl_06_cr_cr_2,synthetic
t_000324,u_00111,click,cmp_2,pl_00,cr_0,2026-08-08 06:44:43.082054784,c_cmp_2_p_pl_00_cr_cr_0,synthetic
t_005165,u_01920,click,cmp_0,pl_04,cr_3,2026-08-08 06:47:54.559814266,c_cmp_0_p_pl_04_cr_cr_3,synthetic
t_000145,u_00045,click,cmp_2,pl_05,cr_4,2026-08-08 06:52:50.776354986,c_cmp_2_p_pl_05_cr_cr_4,synthetic
t_003633,u_01346,click,cmp_0,pl_04,cr_3,2026-08-08 06:54:11.586592715,c_cmp_0_p_pl_04_cr_cr_3,synthetic
t_004675,u_01729,click,cmp_4,pl_03,cr_0,2026-08-08 07:18:55.538185756,c_cmp_4_p_pl_03_cr_cr_0,synthetic
t_000146,u_00045,bot_start,cmp_2,pl_05,cr_4,2026-08-08 07:22:44.776354986,c_cmp_2_p_pl_05_cr_cr_4,synthetic
t_001521,u_00562,click,cmp_0,pl_04,cr_3,2026-08-08 07:37:58.361558977,c_cmp_0_p_pl_04_cr_cr_3,synthetic
t_004809,u_01775,click,cmp_1,pl_06,cr_2,2026-08-08 07:42:01.360729593,c_cmp_1_p_pl_06_cr_cr_2,synthetic
t_002662,u_00993,click,cmp_3,pl_09,cr_0,2026-08-08 08:03:38.679397644,c_cmp_3_p_pl_09_cr_cr_0,synthetic
t_002663,u_00993,bot_start,cmp_3,pl_09,cr_0,2026-08-08 08:19:51.679397644,c_cmp_3_p_pl_09_cr_cr_0,synthetic
t_004010,u_01479,click,cmp_4,pl_03,cr_0,2026-08-08 08:48:47.702983320,c_cmp_4_p_pl_03_cr_cr_0,synthetic
t_003500,u_01297,click,cmp_2,pl_08,cr_1,2026-08-08 08:55:32.719331875,c_cmp_2_p_pl_08_cr_cr_1,synthetic
t_004613,u_01701,click,cmp_2,pl_08,cr_1,2026-08-08 09:02:58.652691338,c_cmp_2_p_pl_08_cr_cr_1,synthetic
t_003930,u_01450,click,cmp_3,pl_09,cr_0,2026-08-08 09:12:56.547217337,c_cmp_3_p_pl_09_cr_cr_0,synthetic
t_005137,u_01908,click,cmp_0,pl_04,cr_3,2026-08-08 09:17:59.481280853,c_cmp_0_p_pl_04_cr_cr_3,synthetic
t_001303,u_00474,click,cmp_2,pl_00,cr_0,2026-08-08 09:31:07.887103244,c_cmp_2_p_pl_00_cr_cr_0,synthetic
t_004126,u_01531,click,cmp_2,pl_05,cr_4,2026-08-08 09:34:31.605941542,c_cmp_2_p_pl_05_cr_cr_4,synthetic
t_000832,u_00303,click,cmp_2,pl_00,cr_0,2026-08-08 09:41:36.402662996,c_cmp_2_p_pl_00_cr_cr_0,synthetic
t_003846,u_01421,click,cmp_2,pl_08,cr_1,2026-08-08 09:45:30.657621937,c_cmp_2_p_pl_08_cr_cr_1,synthetic
t_002078,u_00776,click,cmp_3,pl_07,cr_3,2026-08-08 09:50:35.173459991,c_cmp_3_p_pl_07_cr_cr_3,synthetic
t_003786,u_01396,click,cmp_1,pl_06,cr_2,2026-08-08 09:57:28.599685630,c_cmp_1_p_pl_06_cr_cr_2,synthetic
t_000151,u_00047,click,cmp_2,pl_02,cr_2,2026-08-08 10:16:09.226588894,c_cmp_2_p_pl_02_cr_cr_2,synthetic
t_002650,u_00987,click,cmp_3,pl_07,cr_3,2026-08-08 10:20:19.444416037,c_cmp_3_p_pl_07_cr_cr_3,synthetic
t_001146,u_00419,click,cmp_2,pl_05,cr_4,2026-08-08 10:27:09.615432693,c_cmp_2_p_pl_05_cr_cr_4,synthetic
t_002262,u_00840,click,cmp_2,pl_08,cr_1,2026-08-08 10:50:15.216092008,c_cmp_2_p_pl_08_cr_cr_1,synthetic
t_001465,u_00537,click,cmp_2,pl_08,cr_1,2026-08-08 11:04:21.963439907,c_cmp_2_p_pl_08_cr_cr_1,synthetic
t_005104,u_01897,click,cmp_1,pl_06,cr_2,2026-08-08 11:28:20.687662387,c_cmp_1_p_pl_06_cr_cr_2,synthetic
t_000108,u_00035,click,cmp_3,pl_09,cr_0,2026-08-08 12:15:59.221301687,c_cmp_3_p_pl_09_cr_cr_0,synthetic
t_005277,u_01957,click,cmp_2,pl_00,cr_0,2026-08-08 12:41:59.584965215,c_cmp_2_p_pl_00_cr_cr_0,synthetic
t_001552,u_00575,click,cmp_2,pl_00,cr_0,2026-08-08 12:56:02.547655590,c_cmp_2_p_pl_00_cr_cr_0,synthetic
t_001553,u_00575,bot_start,cmp_2,pl_00,cr_0,2026-08-08 13:13:57.547655590,c_cmp_2_p_pl_00_cr_cr_0,synthetic
t_003073,u_01145,click,cmp_0,pl_04,cr_3,2026-08-08 13:14:14.437230438,c_cmp_0_p_pl_04_cr_cr_3,synthetic
t_004266,u_01576,click,cmp_3,pl_07,cr_3,2026-08-08 13:27:29.222847944,c_cmp_3_p_pl_07_cr_cr_3,synthetic
t_004087,u_01514,click,cmp_1,pl_06,cr_2,2026-08-08 13:28:07.177121390,c_cmp_1_p_pl_06_cr_cr_2,synthetic
t_003317,u_01231,click,cmp_3,pl_07,cr_3,2026-08-08 13:37:00.516629251,c_cmp_3_p_pl_07_cr_cr_3,synthetic
t_004552,u_01676,click,cmp_2,pl_08,cr_1,2026-08-08 13:54:22.184378766,c_cmp_2_p_pl_08_cr_cr_1,synthetic
t_003021,u_01123,click,cmp_0,pl_01,cr_4,2026-08-08 13:57:04.875469752,c_cmp_0_p_pl_01_cr_cr_4,synthetic
t_000178,u_00056,click,cmp_0,pl_04,cr_3,2026-08-08 13:59:46.896285941,c_cmp_0_p_pl_04_cr_cr_3,synthetic
t_002061,u_00772,click,cmp_3,pl_07,cr_3,2026-08-08 14:01:24.625400086,c_cmp_3_p_pl_07_cr_cr_3,synthetic
t_000625,u_00218,click,cmp_2,pl_02,cr_2,2026-08-08 14:03:25.172436598,c_cmp_2_p_pl_02_cr_cr_2,synthetic
t_003318,u_01231,bot_start,cmp_3,pl_07,cr_3,2026-08-08 14:18:07.516629251,c_cmp_3_p_pl_07_cr_cr_3,synthetic
t_001799,u_00672,click,cmp_0,pl_01,cr_4,2026-08-08 14:30:17.872965551,c_cmp_0_p_pl_01_cr_cr_4,synthetic
t_000179,u_00056,bot_start,cmp_0,pl_04,cr_3,2026-08-08 14:30:30.896285941,c_cmp_0_p_pl_04_cr_cr_3,synthetic
t_005065,u_01879,click,cmp_0,pl_04,cr_3,2026-08-08 14:31:30.568104447,c_cmp_0_p_pl_04_cr_cr_3,synthetic
t_002729,u_01017,click,cmp_3,pl_09,cr_0,2026-08-08 14:39:04.186492597,c_cmp_3_p_pl_09_cr_cr_0,synthetic
t_001294,u_00470,click,cmp_2,pl_05,cr_4,2026-08-08 14:39:14.060241475,c_cmp_2_p_pl_05_cr_cr_4,synthetic
t_003319,u_01231,lead,cmp_3,pl_07,cr_3,2026-08-08 14:49:07.516629251,c_cmp_3_p_pl_07_cr_cr_3,synthetic
t_001800,u_00672,bot_start,cmp_0,pl_01,cr_4,2026-08-08 14:52:42.872965551,c_cmp_0_p_pl_01_cr_cr_4,synthetic
t_004291,u_01588,click,cmp_2,pl_08,cr_1,2026-08-08 14:53:37.218043643,c_cmp_2_p_pl_08_cr_cr_1,synthetic
t_004130,u_01534,click,cmp_2,pl_05,cr_4,2026-08-08 14:58:52.305926999,c_cmp_2_p_pl_05_cr_cr_4,synthetic
t_002110,u_00787,click,cmp_2,pl_02,cr_2,2026-08-08 15:03:24.668985859,c_cmp_2_p_pl_02_cr_cr_2,synthetic
t_005066,u_01879,bot_start,cmp_0,pl_04,cr_3,2026-08-08 15:19:31.568104447,c_cmp_0_p_pl_04_cr_cr_3,synthetic
t_002730,u_01017,bot_start,cmp_3,pl_09,cr_0,2026-08-08 15:22:30.186492597,c_cmp_3_p_pl_09_cr_cr_0,synthetic
t_002405,u_00897,click,cmp_0,pl_04,cr_3,2026-08-08 15:32:33.786538074,c_cmp_0_p_pl_04_cr_cr_3,synthetic
t_004671,u_01727,click,cmp_2,pl_00,cr_0,2026-08-08 15:37:40.789128431,c_cmp_2_p_pl_00_cr_cr_0,synthetic
t_002731,u_01017,lead,cmp_3,pl_09,cr_0,2026-08-08 15:40:30.186492597,c_cmp_3_p_pl_09_cr_cr_0,synthetic
t_003068,u_01143,click,cmp_0,pl_01,cr_4,2026-08-08 15:41:53.820795598,c_cmp_0_p_pl_01_cr_cr_4,synthetic
t_004284,u_01586,click,cmp_1,pl_06,cr_2,2026-08-08 15:47:26.489061272,c_cmp_1_p_pl_06_cr_cr_2,synthetic
t_004611,u_01701,click,cmp_3,pl_09,cr_0,2026-08-08 15:51:10.168297380,c_cmp_3_p_pl_09_cr_cr_0,synthetic
t_003537,u_01308,click,cmp_4,pl_03,cr_0,2026-08-08 16:03:12.288032723,c_cmp_4_p_pl_03_cr_cr_0,synthetic
t_001388,u_00505,click,cmp_4,pl_03,cr_0,2026-08-08 16:06:08.624415090,c_cmp_4_p_pl_03_cr_cr_0,synthetic
t_002182,u_00816,click,cmp_3,pl_09,cr_0,2026-08-08 16:15:13.062074230,c_cmp_3_p_pl_09_cr_cr_0,synthetic
t_000677,u_00235,click,cmp_3,pl_09,cr_0,2026-08-08 16:23:19.130661876,c_cmp_3_p_pl_09_cr_cr_0,synthetic
t_004612,u_01701,bot_start,cmp_3,pl_09,cr_0,2026-08-08 16:26:34.168297380,c_cmp_3_p_pl_09_cr_cr_0,synthetic
t_002800,u_01044,click,cmp_2,pl_05,cr_4,2026-08-08 16:28:31.016182817,c_cmp_2_p_pl_05_cr_cr_4,synthetic
t_001389,u_00505,bot_start,cmp_4,pl_03,cr_0,2026-08-08 16:34:13.624415090,c_cmp_4_p_pl_03_cr_cr_0,synthetic
t_004892,u_01807,click,cmp_0,pl_04,cr_3,2026-08-08 16:34:34.071081746,c_cmp_0_p_pl_04_cr_cr_3,synthetic
t_002419,u_00903,click,cmp_1,pl_06,cr_2,2026-08-08 16:39:25.605388914,c_cmp_1_p_pl_06_cr_cr_2,synthetic
t_000554,u_00195,click,cmp_4,pl_03,cr_0,2026-08-08 16:58:35.954975795,c_cmp_4_p_pl_03_cr_cr_0,synthetic
t_001237,u_00453,click,cmp_0,pl_01,cr_4,2026-08-08 17:07:07.953929681,c_cmp_0_p_pl_01_cr_cr_4,synthetic
t_003462,u_01282,click,cmp_4,pl_03,cr_0,2026-08-08 17:16:23.907516959,c_cmp_4_p_pl_03_cr_cr_0,synthetic
t_000555,u_00195,bot_start,cmp_4,pl_03,cr_0,2026-08-08 17:30:45.954975795,c_cmp_4_p_pl_03_cr_cr_0,synthetic
t_000373,u_00131,click,cmp_2,pl_08,cr_1,2026-08-08 17:42:38.585399165,c_cmp_2_p_pl_08_cr_cr_1,synthetic
t_003568,u_01317,click,cmp_2,pl_00,cr_0,2026-08-08 17:50:00.028976285,c_cmp_2_p_pl_00_cr_cr_0,synthetic
t_003861,u_01428,click,cmp_0,pl_04,cr_3,2026-08-08 18:38:51.277449980,c_cmp_0_p_pl_04_cr_cr_3,synthetic
t_002007,u_00752,click,cmp_2,pl_08,cr_1,2026-08-08 18:49:35.817285172,c_cmp_2_p_pl_08_cr_cr_1,synthetic
t_001171,u_00428,click,cmp_2,pl_05,cr_4,2026-08-08 19:11:54.812153602,c_cmp_2_p_pl_05_cr_cr_4,synthetic
t_001693,u_00628,click,cmp_2,pl_02,cr_2,2026-08-08 19:28:52.459663299,c_cmp_2_p_pl_02_cr_cr_2,synthetic
t_001343,u_00488,click,cmp_1,pl_06,cr_2,2026-08-08 20:00:46.754462965,c_cmp_1_p_pl_06_cr_cr_2,synthetic
t_004303,u_01591,click,cmp_2,pl_00,cr_0,2026-08-08 20:01:00.681660222,c_cmp_2_p_pl_00_cr_cr_0,synthetic
t_004714,u_01744,click,cmp_3,pl_07,cr_3,2026-08-08 20:05:31.630726641,c_cmp_3_p_pl_07_cr_cr_3,synthetic
t_003803,u_01405,click,cmp_2,pl_02,cr_2,2026-08-08 20:08:43.303220019,c_cmp_2_p_pl_02_cr_cr_2,synthetic
t_005013,u_01854,click,cmp_1,pl_06,cr_2,2026-08-08 20:14:24.441465430,c_cmp_1_p_pl_06_cr_cr_2,synthetic
t_000056,u_00018,click,cmp_2,pl_05,cr_4,2026-08-08 20:22:45.420178419,c_cmp_2_p_pl_05_cr_cr_4,synthetic
t_000057,u_00018,bot_start,cmp_2,pl_05,cr_4,2026-08-08 21:07:13.420178419,c_cmp_2_p_pl_05_cr_cr_4,synthetic
t_003408,u_01264,click,cmp_3,pl_09,cr_0,2026-08-08 21:24:06.808492409,c_cmp_3_p_pl_09_cr_cr_0,synthetic
t_001396,u_00509,click,cmp_2,pl_02,cr_2,2026-08-08 21:33:29.299081907,c_cmp_2_p_pl_02_cr_cr_2,synthetic
t_000959,u_00353,click,cmp_2,pl_05,cr_4,2026-08-08 21:42:04.057473561,c_cmp_2_p_pl_05_cr_cr_4,synthetic
t_003409,u_01264,bot_start,cmp_3,pl_09,cr_0,2026-08-08 21:53:45.808492409,c_cmp_3_p_pl_09_cr_cr_0,synthetic
t_001796,u_00671,click,cmp_2,pl_05,cr_4,2026-08-08 22:02:17.999763270,c_cmp_2_p_pl_05_cr_cr_4,synthetic
t_001397,u_00509,bot_start,cmp_2,pl_02,cr_2,2026-08-08 22:20:55.299081907,c_cmp_2_p_pl_02_cr_cr_2,synthetic
t_003288,u_01221,click,cmp_2,pl_02,cr_2,2026-08-08 22:28:28.010392862,c_cmp_2_p_pl_02_cr_cr_2,synthetic
t_005224,u_01943,click,cmp_2,pl_08,cr_1,2026-08-08 22:44:27.220009847,c_cmp_2_p_pl_08_cr_cr_1,synthetic
t_000711,u_00251,click,cmp_2,pl_02,cr_2,2026-08-08 22:48:08.445338437,c_cmp_2_p_pl_02_cr_cr_2,synthetic
t_001009,u_00372,click,cmp_2,pl_08,cr_1,2026-08-08 22:58:18.374431291,c_cmp_2_p_pl_08_cr_cr_1,synthetic
t_001805,u_00675,click,cmp_2,pl_02,cr_2,2026-08-08 23:08:30.836804964,c_cmp_2_p_pl_02_cr_cr_2,synthetic
t_000197,u_00061,click,cmp_0,pl_01,cr_4,2026-08-08 23:19:04.148479195,c_cmp_0_p_pl_01_cr_cr_4,synthetic
t_003360,u_01247,click,cmp_4,pl_03,cr_0,2026-08-08 23:23:04.092987679,c_cmp_4_p_pl_03_cr_cr_0,synthetic
t_004015,u_01481,click,cmp_2,pl_08,cr_1,2026-08-08 23:29:17.306183484,c_cmp_2_p_pl_08_cr_cr_1,synthetic
t_003808,u_01407,click,cmp_0,pl_01,cr_4,2026-08-08 23:44:20.756225875,c_cmp_0_p_pl_01_cr_cr_4,synthetic
t_003361,u_01247,bot_start,cmp_4,pl_03,cr_0,2026-08-08 23:44:34.092987679,c_cmp_4_p_pl_03_cr_cr_0,synthetic
t_000531,u_00187,click,cmp_2,pl_02,cr_2,2026-08-08 23:57:03.079760981,c_cmp_2_p_pl_02_cr_cr_2,synthetic
t_000824,u_00301,click,cmp_2,pl_08,cr_1,2026-08-09 00:04:35.650054342,c_cmp_2_p_pl_08_cr_cr_1,synthetic
t_000825,u_00301,bot_start,cmp_2,pl_08,cr_1,2026-08-09 00:20:32.650054342,c_cmp_2_p_pl_08_cr_cr_1,synthetic
t_002158,u_00805,click,cmp_1,pl_06,cr_2,2026-08-09 00:26:10.192174280,c_cmp_1_p_pl_06_cr_cr_2,synthetic
t_000826,u_00301,lead,cmp_2,pl_08,cr_1,2026-08-09 00:26:32.650054342,c_cmp_2_p_pl_08_cr_cr_1,synthetic
t_002778,u_01037,click,cmp_0,pl_01,cr_4,2026-08-09 00:26:59.606102996,c_cmp_0_p_pl_01_cr_cr_4,synthetic
t_001991,u_00746,click,cmp_3,pl_07,cr_3,2026-08-09 00:34:40.127363095,c_cmp_3_p_pl_07_cr_cr_3,synthetic
t_002134,u_00795,click,cmp_3,pl_09,cr_0,2026-08-09 00:44:26.946144996,c_cmp_3_p_pl_09_cr_cr_0,synthetic
t_003634,u_01346,click,cmp_0,pl_01,cr_4,2026-08-09 01:04:40.330948556,c_cmp_0_p_pl_01_cr_cr_4,synthetic
t_001809,u_00677,click,cmp_2,pl_00,cr_0,2026-08-09 01:11:07.822010068,c_cmp_2_p_pl_00_cr_cr_0,synthetic
t_003635,u_01346,bot_start,cmp_0,pl_01,cr_4,2026-08-09 01:13:56.330948556,c_cmp_0_p_pl_01_cr_cr_4,synthetic
t_001908,u_00716,click,cmp_2,pl_08,cr_1,2026-08-09 01:20:49.017945275,c_cmp_2_p_pl_08_cr_cr_1,synthetic
t_000812,u_00293,click,cmp_0,pl_01,cr_4,2026-08-09 01:21:25.303865764,c_cmp_0_p_pl_01_cr_cr_4,synthetic
t_002604,u_00974,click,cmp_2,pl_05,cr_4,2026-08-09 01:55:00.937726471,c_cmp_2_p_pl_05_cr_cr_4,synthetic
t_002835,u_01055,click,cmp_2,pl_08,cr_1,2026-08-09 02:05:17.429553546,c_cmp_2_p_pl_08_cr_cr_1,synthetic
t_001556,u_00575,click,cmp_2,pl_00,cr_0,2026-08-09 02:13:10.881111158,c_cmp_2_p_pl_00_cr_cr_0,synthetic
t_004889,u_01807,click,cmp_4,pl_03,cr_0,2026-08-09 02:24:59.591222683,c_cmp_4_p_pl_03_cr_cr_0,synthetic
t_001448,u_00528,click,cmp_0,pl_04,cr_3,2026-08-09 02:27:17.385054570,c_cmp_0_p_pl_04_cr_cr_3,synthetic
t_002808,u_01045,click,cmp_3,pl_09,cr_0,2026-08-09 02:38:29.284555801,c_cmp_3_p_pl_09_cr_cr_0,synthetic
t_001557,u_00575,bot_start,cmp_2,pl_00,cr_0,2026-08-09 02:42:15.881111158,c_cmp_2_p_pl_00_cr_cr_0,synthetic
t_003998,u_01475,click,cmp_1,pl_06,cr_2,2026-08-09 02:43:08.770725639,c_cmp_1_p_pl_06_cr_cr_2,synthetic
t_001558,u_00575,lead,cmp_2,pl_00,cr_0,2026-08-09 02:48:15.881111158,c_cmp_2_p_pl_00_cr_cr_0,synthetic
t_002457,u_00918,click,cmp_2,pl_05,cr_4,2026-08-09 02:53:26.522307259,c_cmp_2_p_pl_05_cr_cr_4,synthetic
t_000308,u_00107,click,cmp_1,pl_06,cr_2,2026-08-09 03:07:30.693558995,c_cmp_1_p_pl_06_cr_cr_2,synthetic
t_003155,u_01176,click,cmp_2,pl_02,cr_2,2026-08-09 03:20:48.011973063,c_cmp_2_p_pl_02_cr_cr_2,synthetic
t_003320,u_01231,click,cmp_4,pl_03,cr_0,2026-08-09 03:43:14.989264945,c_cmp_4_p_pl_03_cr_cr_0,synthetic
t_001176,u_00431,click,cmp_0,pl_01,cr_4,2026-08-09 03:47:05.554361177,c_cmp_0_p_pl_01_cr_cr_4,synthetic
t_003270,u_01213,click,cmp_2,pl_05,cr_4,2026-08-09 03:54:53.192127851,c_cmp_2_p_pl_05_cr_cr_4,synthetic
t_000400,u_00142,click,cmp_1,pl_06,cr_2,2026-08-09 03:59:08.897679813,c_cmp_1_p_pl_06_cr_cr_2,synthetic
t_000085,u_00027,click,cmp_4,pl_03,cr_0,2026-08-09 04:06:51.656137609,c_cmp_4_p_pl_03_cr_cr_0,synthetic
t_003321,u_01231,bot_start,cmp_4,pl_03,cr_0,2026-08-09 04:24:49.989264945,c_cmp_4_p_pl_03_cr_cr_0,synthetic
t_000401,u_00142,bot_start,cmp_1,pl_06,cr_2,2026-08-09 04:28:55.897679813,c_cmp_1_p_pl_06_cr_cr_2,synthetic
t_001058,u_00387,click,cmp_2,pl_08,cr_1,2026-08-09 04:43:11.066338027,c_cmp_2_p_pl_08_cr_cr_1,synthetic
t_000402,u_00142,lead,cmp_1,pl_06,cr_2,2026-08-09 04:49:55.897679813,c_cmp_1_p_pl_06_cr_cr_2,synthetic
t_003322,u_01231,lead,cmp_4,pl_03,cr_0,2026-08-09 05:08:49.989264945,c_cmp_4_p_pl_03_cr_cr_0,synthetic
t_000516,u_00182,click,cmp_2,pl_08,cr_1,2026-08-09 05:13:56.072480206,c_cmp_2_p_pl_08_cr_cr_1,synthetic
t_004841,u_01788,click,cmp_2,pl_00,cr_0,2026-08-09 05:14:07.043206786,c_cmp_2_p_pl_00_cr_cr_0,synthetic
t_002198,u_00820,click,cmp_0,pl_01,cr_4,2026-08-09 05:26:18.292576599,c_cmp_0_p_pl_01_cr_cr_4,synthetic
t_000157,u_00048,click,cmp_1,pl_06,cr_2,2026-08-09 05:44:13.736576658,c_cmp_1_p_pl_06_cr_cr_2,synthetic
t_002375,u_00886,click,cmp_4,pl_03,cr_0,2026-08-09 06:01:04.611923861,c_cmp_4_p_pl_03_cr_cr_0,synthetic
t_003565,u_01316,click,cmp_4,pl_03,cr_0,2026-08-09 06:08:35.339348671,c_cmp_4_p_pl_03_cr_cr_0,synthetic
t_000654,u_00225,click,cmp_3,pl_09,cr_0,2026-08-09 06:11:17.830162531,c_cmp_3_p_pl_09_cr_cr_0,synthetic
t_005046,u_01870,click,cmp_0,pl_01,cr_4,2026-08-09 06:20:46.301186171,c_cmp_0_p_pl_01_cr_cr_4,synthetic
t_002291,u_00849,click,cmp_3,pl_09,cr_0,2026-08-09 06:26:25.718602501,c_cmp_3_p_pl_09_cr_cr_0,synthetic
t_001149,u_00421,click,cmp_2,pl_05,cr_4,2026-08-09 06:30:09.965478353,c_cmp_2_p_pl_05_cr_cr_4,synthetic
t_005047,u_01870,bot_start,cmp_0,pl_01,cr_4,2026-08-09 07:04:10.301186171,c_cmp_0_p_pl_01_cr_cr_4,synthetic
t_001174,u_00429,click,cmp_4,pl_03,cr_0,2026-08-09 07:17:16.415619834,c_cmp_4_p_pl_03_cr_cr_0,synthetic
t_001153,u_00422,click,cmp_2,pl_05,cr_4,2026-08-09 07:17:41.504445852,c_cmp_2_p_pl_05_cr_cr_4,synthetic
t_000052,u_00016,click,cmp_3,pl_07,cr_3,2026-08-09 07:46:51.536155838,c_cmp_3_p_pl_07_cr_cr_3,synthetic
t_000336,u_00115,click,cmp_3,pl_07,cr_3,2026-08-09 07:47:27.319623935,c_cmp_3_p_pl_07_cr_cr_3,synthetic
t_000053,u_00016,bot_start,cmp_3,pl_07,cr_3,2026-08-09 07:57:43.536155838,c_cmp_3_p_pl_07_cr_cr_3,synthetic
t_000054,u_00016,lead,cmp_3,pl_07,cr_3,2026-08-09 08:11:43.536155838,c_cmp_3_p_pl_07_cr_cr_3,synthetic
t_000027,u_00008,click,cmp_1,pl_06,cr_2,2026-08-09 08:20:14.926966978,c_cmp_1_p_pl_06_cr_cr_2,synthetic
t_001961,u_00732,click,cmp_2,pl_08,cr_1,2026-08-09 08:23:30.495237298,c_cmp_2_p_pl_08_cr_cr_1,synthetic
t_000028,u_00008,bot_start,cmp_1,pl_06,cr_2,2026-08-09 08:50:07.926966978,c_cmp_1_p_pl_06_cr_cr_2,synthetic
t_003888,u_01439,click,cmp_3,pl_09,cr_0,2026-08-09 08:51:37.495166205,c_cmp_3_p_pl_09_cr_cr_0,synthetic
t_003478,u_01289,click,cmp_2,pl_05,cr_4,2026-08-09 09:22:46.084373636,c_cmp_2_p_pl_05_cr_cr_4,synthetic
t_000752,u_00269,click,cmp_0,pl_01,cr_4,2026-08-09 09:29:56.698991821,c_cmp_0_p_pl_01_cr_cr_4,synthetic
t_004902,u_01812,click,cmp_2,pl_00,cr_0,2026-08-09 09:39:15.097103009,c_cmp_2_p_pl_00_cr_cr_0,synthetic
t_004590,u_01692,click,cmp_1,pl_06,cr_2,2026-08-09 09:44:40.239438657,c_cmp_1_p_pl_06_cr_cr_2,synthetic
t_000070,u_00021,click,cmp_2,pl_02,cr_2,2026-08-09 09:48:06.627035217,c_cmp_2_p_pl_02_cr_cr_2,synthetic
t_004331,u_01598,click,cmp_2,pl_05,cr_4,2026-08-09 09:49:01.404811544,c_cmp_2_p_pl_05_cr_cr_4,synthetic
t_005211,u_01939,click,cmp_2,pl_02,cr_2,2026-08-09 09:52:20.045221902,c_cmp_2_p_pl_02_cr_cr_2,synthetic
t_003467,u_01284,click,cmp_3,pl_09,cr_0,2026-08-09 10:09:28.164296733,c_cmp_3_p_pl_09_cr_cr_0,synthetic
t_004903,u_01812,bot_start,cmp_2,pl_00,cr_0,2026-08-09 10:16:17.097103009,c_cmp_2_p_pl_00_cr_cr_0,synthetic
t_004493,u_01652,click,cmp_2,pl_05,cr_4,2026-08-09 10:17:58.359233607,c_cmp_2_p_pl_05_cr_cr_4,synthetic
t_004465,u_01641,click,cmp_2,pl_00,cr_0,2026-08-09 10:23:42.904833557,c_cmp_2_p_pl_00_cr_cr_0,synthetic
t_000451,u_00158,click,cmp_3,pl_07,cr_3,2026-08-09 10:54:51.288102720,c_cmp_3_p_pl_07_cr_cr_3,synthetic
t_004466,u_01641,bot_start,cmp_2,pl_00,cr_0,2026-08-09 10:55:10.904833557,c_cmp_2_p_pl_00_cr_cr_0,synthetic
t_003813,u_01410,click,cmp_1,pl_06,cr_2,2026-08-09 11:30:32.416062499,c_cmp_1_p_pl_06_cr_cr_2,synthetic
t_003804,u_01405,click,cmp_3,pl_09,cr_0,2026-08-09 11:31:11.912144531,c_cmp_3_p_pl_09_cr_cr_0,synthetic
t_004022,u_01485,click,cmp_0,pl_01,cr_4,2026-08-09 11:34:12.097941565,c_cmp_0_p_pl_01_cr_cr_4,synthetic
t_001852,u_00692,click,cmp_2,pl_08,cr_1,2026-08-09 12:03:30.174688045,c_cmp_2_p_pl_08_cr_cr_1,synthetic
t_005306,u_01966,click,cmp_2,pl_05,cr_4,2026-08-09 12:03:47.493702006,c_cmp_2_p_pl_05_cr_cr_4,synthetic
t_004024,u_01485,click,cmp_0,pl_01,cr_4,2026-08-09 12:09:16.414465197,c_cmp_0_p_pl_01_cr_cr_4,synthetic
t_004077,u_01511,click,cmp_2,pl_08,cr_1,2026-08-09 12:14:28.790173323,c_cmp_2_p_pl_08_cr_cr_1,synthetic
t_004078,u_01511,bot_start,cmp_2,pl_08,cr_1,2026-08-09 12:25:30.790173323,c_cmp_2_p_pl_08_cr_cr_1,synthetic
t_000865,u_00316,click,cmp_0,pl_04,cr_3,2026-08-09 12:28:31.999047878,c_cmp_0_p_pl_04_cr_cr_3,synthetic
t_005053,u_01871,click,cmp_2,pl_00,cr_0,2026-08-09 12:44:19.866597919,c_cmp_2_p_pl_00_cr_cr_0,synthetic
t_001510,u_00559,click,cmp_2,pl_05,cr_4,2026-08-09 12:45:59.128799518,c_cmp_2_p_pl_05_cr_cr_4,synthetic
t_003863,u_01429,click,cmp_4,pl_03,cr_0,2026-08-09 12:54:18.505995573,c_cmp_4_p_pl_03_cr_cr_0,synthetic
t_005109,u_01899,click,cmp_1,pl_06,cr_2,2026-08-09 12:56:39.249974224,c_cmp_1_p_pl_06_cr_cr_2,synthetic
t_002588,u_00967,click,cmp_2,pl_00,cr_0,2026-08-09 12:57:11.447190923,c_cmp_2_p_pl_00_cr_cr_0,synthetic
t_005054,u_01871,bot_start,cmp_2,pl_00,cr_0,2026-08-09 13:04:43.866597919,c_cmp_2_p_pl_00_cr_cr_0,synthetic
t_000223,u_00070,click,cmp_4,pl_03,cr_0,2026-08-09 13:36:11.384146933,c_cmp_4_p_pl_03_cr_cr_0,synthetic
t_001500,u_00554,click,cmp_2,pl_05,cr_4,2026-08-09 13:51:38.950751415,c_cmp_2_p_pl_05_cr_cr_4,synthetic
t_000224,u_00070,bot_start,cmp_4,pl_03,cr_0,2026-08-09 14:04:05.384146933,c_cmp_4_p_pl_03_cr_cr_0,synthetic
t_000225,u_00070,lead,cmp_4,pl_03,cr_0,2026-08-09 14:06:05.384146933,c_cmp_4_p_pl_03_cr_cr_0,synthetic
t_003921,u_01446,click,cmp_0,pl_04,cr_3,2026-08-09 14:17:41.376088388,c_cmp_0_p_pl_04_cr_cr_3,synthetic
t_000906,u_00333,click,cmp_3,pl_09,cr_0,2026-08-09 14:40:38.544226128,c_cmp_3_p_pl_09_cr_cr_0,synthetic
t_004796,u_01770,click,cmp_4,pl_03,cr_0,2026-08-09 14:55:45.849503055,c_cmp_4_p_pl_03_cr_cr_0,synthetic
t_000294,u_00102,click,cmp_1,pl_06,cr_2,2026-08-09 15:15:58.027031738,c_cmp_1_p_pl_06_cr_cr_2,synthetic
t_003838,u_01418,click,cmp_0,pl_01,cr_4,2026-08-09 15:18:45.289044530,c_cmp_0_p_pl_01_cr_cr_4,synthetic
t_001184,u_00435,click,cmp_0,pl_04,cr_3,2026-08-09 15:23:24.935902105,c_cmp_0_p_pl_04_cr_cr_3,synthetic
t_004746,u_01753,click,cmp_2,pl_05,cr_4,2026-08-09 15:34:03.436976286,c_cmp_2_p_pl_05_cr_cr_4,synthetic
t_001185,u_00435,bot_start,cmp_0,pl_04,cr_3,2026-08-09 15:38:18.935902105,c_cmp_0_p_pl_04_cr_cr_3,synthetic
t_002647,u_00985,click,cmp_0,pl_01,cr_4,2026-08-09 15:49:47.768101302,c_cmp_0_p_pl_01_cr_cr_4,synthetic
t_003851,u_01424,click,cmp_3,pl_09,cr_0,2026-08-09 15:50:10.954115699,c_cmp_3_p_pl_09_cr_cr_0,synthetic
t_003839,u_01418,bot_start,cmp_0,pl_01,cr_4,2026-08-09 15:51:06.289044530,c_cmp_0_p_pl_01_cr_cr_4,synthetic
t_000049,u_00015,click,cmp_2,pl_00,cr_0,2026-08-09 16:06:59.303385182,c_cmp_2_p_pl_00_cr_cr_0,synthetic
t_003549,u_01311,click,cmp_3,pl_09,cr_0,2026-08-09 16:13:16.592100178,c_cmp_3_p_pl_09_cr_cr_0,synthetic
t_001186,u_00435,lead,cmp_0,pl_04,cr_3,2026-08-09 16:15:18.935902105,c_cmp_0_p_pl_04_cr_cr_3,synthetic
t_003588,u_01328,click,cmp_2,pl_05,cr_4,2026-08-09 16:16:26.405319412,c_cmp_2_p_pl_05_cr_cr_4,synthetic
t_002648,u_00985,bot_start,cmp_0,pl_01,cr_4,2026-08-09 16:20:00.768101302,c_cmp_0_p_pl_01_cr_cr_4,synthetic
t_000525,u_00185,click,cmp_0,pl_04,cr_3,2026-08-09 16:20:09.647330273,c_cmp_0_p_pl_04_cr_cr_3,synthetic
t_000582,u_00203,click,cmp_2,pl_08,cr_1,2026-08-09 16:22:43.837782490,c_cmp_2_p_pl_08_cr_cr_1,synthetic
t_001473,u_00539,click,cmp_1,pl_06,cr_2,2026-08-09 16:31:00.941469929,c_cmp_1_p_pl_06_cr_cr_2,synthetic
t_004759,u_01758,click,cmp_2,pl_05,cr_4,2026-08-09 16:43:52.647583451,c_cmp_2_p_pl_05_cr_cr_4,synthetic
t_003840,u_01418,lead,cmp_0,pl_01,cr_4,2026-08-09 16:45:06.289044530,c_cmp_0_p_pl_01_cr_cr_4,synthetic
t_000050,u_00015,bot_start,cmp_2,pl_00,cr_0,2026-08-09 16:56:56.303385182,c_cmp_2_p_pl_00_cr_cr_0,synthetic
t_003672,u_01354,click,cmp_1,pl_06,cr_2,2026-08-09 17:08:14.778778501,c_cmp_1_p_pl_06_cr_cr_2,synthetic
t_002561,u_00957,click,cmp_2,pl_08,cr_1,2026-08-09 17:12:33.233068969,c_cmp_2_p_pl_08_cr_cr_1,synthetic
t_000125,u_00039,click,cmp_0,pl_01,cr_4,2026-08-09 17:49:44.894235679,c_cmp_0_p_pl_01_cr_cr_4,synthetic
t_000561,u_00197,click,cmp_2,pl_00,cr_0,2026-08-09 17:59:33.510841658,c_cmp_2_p_pl_00_cr_cr_0,synthetic
t_000203,u_00064,click,cmp_2,pl_08,cr_1,2026-08-09 18:01:55.592061884,c_cmp_2_p_pl_08_cr_cr_1,synthetic
t_001912,u_00716,click,cmp_0,pl_01,cr_4,2026-08-09 18:05:42.682916032,c_cmp_0_p_pl_01_cr_cr_4,synthetic
t_001625,u_00596,click,cmp_1,pl_06,cr_2,2026-08-09 18:07:28.813239458,c_cmp_1_p_pl_06_cr_cr_2,synthetic
t_001391,u_00506,click,cmp_3,pl_09,cr_0,2026-08-09 18:14:22.470169560,c_cmp_3_p_pl_09_cr_cr_0,synthetic
t_004553,u_01677,click,cmp_0,pl_04,cr_3,2026-08-09 18:15:37.367935272,c_cmp_0_p_pl_04_cr_cr_3,synthetic
t_001626,u_00596,bot_start,cmp_1,pl_06,cr_2,2026-08-09 18:30:22.813239458,c_cmp_1_p_pl_06_cr_cr_2,synthetic
t_005028,u_01863,click,cmp_2,pl_08,cr_1,2026-08-09 18:36:44.672208731,c_cmp_2_p_pl_08_cr_cr_1,synthetic
t_004249,u_01572,click,cmp_3,pl_09,cr_0,2026-08-09 19:09:59.910510706,c_cmp_3_p_pl_09_cr_cr_0,synthetic
t_003301,u_01226,click,cmp_2,pl_02,cr_2,2026-08-09 19:10:05.345898976,c_cmp_2_p_pl_02_cr_cr_2,synthetic
t_002983,u_01110,click,cmp_3,pl_07,cr_3,2026-08-09 19:32:13.339373093,c_cmp_3_p_pl_07_cr_cr_3,synthetic
t_005378,u_01998,click,cmp_2,pl_02,cr_2,2026-08-09 19:38:29.152052264,c_cmp_2_p_pl_02_cr_cr_2,synthetic
t_002004,u_00751,click,cmp_4,pl_03,cr_0,2026-08-09 19:43:19.021694965,c_cmp_4_p_pl_03_cr_cr_0,synthetic
t_001917,u_00718,click,cmp_1,pl_06,cr_2,2026-08-09 19:50:41.235541466,c_cmp_1_p_pl_06_cr_cr_2,synthetic
t_000103,u_00034,click,cmp_3,pl_07,cr_3,2026-08-09 19:57:32.918324398,c_cmp_3_p_pl_07_cr_cr_3,synthetic
t_000104,u_00034,bot_start,cmp_3,pl_07,cr_3,2026-08-09 20:03:09.918324398,c_cmp_3_p_pl_07_cr_cr_3,synthetic
t_002005,u_00751,bot_start,cmp_4,pl_03,cr_0,2026-08-09 20:15:26.021694965,c_cmp_4_p_pl_03_cr_cr_0,synthetic
t_001757,u_00655,click,cmp_4,pl_03,cr_0,2026-08-09 20:20:55.170648727,c_cmp_4_p_pl_03_cr_cr_0,synthetic
t_002031,u_00761,click,cmp_3,pl_07,cr_3,2026-08-09 20:23:39.798894995,c_cmp_3_p_pl_07_cr_cr_3,synthetic
t_004970,u_01837,click,cmp_2,pl_05,cr_4,2026-08-09 20:45:53.843558216,c_cmp_2_p_pl_05_cr_cr_4,synthetic
t_003406,u_01264,click,cmp_1,pl_06,cr_2,2026-08-09 21:03:04.477563639,c_cmp_1_p_pl_06_cr_cr_2,synthetic
t_003407,u_01264,bot_start,cmp_1,pl_06,cr_2,2026-08-09 21:08:09.477563639,c_cmp_1_p_pl_06_cr_cr_2,synthetic
t_004273,u_01581,click,cmp_4,pl_03,cr_0,2026-08-09 21:10:13.622164844,c_cmp_4_p_pl_03_cr_cr_0,synthetic
t_001480,u_00542,click,cmp_2,pl_02,cr_2,2026-08-09 21:15:20.585832559,c_cmp_2_p_pl_02_cr_cr_2,synthetic
t_004274,u_01581,bot_start,cmp_4,pl_03,cr_0,2026-08-09 21:37:46.622164844,c_cmp_4_p_pl_03_cr_cr_0,synthetic
t_002528,u_00945,click,cmp_3,pl_07,cr_3,2026-08-09 21:39:26.111878666,c_cmp_3_p_pl_07_cr_cr_3,synthetic
t_003753,u_01385,click,cmp_0,pl_01,cr_4,2026-08-09 21:57:42.971691203,c_cmp_0_p_pl_01_cr_cr_4,synthetic
t_002768,u_01034,click,cmp_0,pl_04,cr_3,2026-08-09 21:59:51.336084638,c_cmp_0_p_pl_04_cr_cr_3,synthetic
t_005017,u_01856,click,cmp_4,pl_03,cr_0,2026-08-09 22:14:36.073823568,c_cmp_4_p_pl_03_cr_cr_0,synthetic
t_000885,u_00326,click,cmp_2,pl_00,cr_0,2026-08-09 22:22:48.917817360,c_cmp_2_p_pl_00_cr_cr_0,synthetic
t_001939,u_00725,click,cmp_2,pl_02,cr_2,2026-08-09 22:29:33.433808779,c_cmp_2_p_pl_02_cr_cr_2,synthetic
t_002489,u_00930,click,cmp_0,pl_04,cr_3,2026-08-09 22:41:09.473232589,c_cmp_0_p_pl_04_cr_cr_3,synthetic
t_001593,u_00586,click,cmp_2,pl_05,cr_4,2026-08-09 22:48:49.715025850,c_cmp_2_p_pl_05_cr_cr_4,synthetic
t_003754,u_01385,bot_start,cmp_0,pl_01,cr_4,2026-08-09 22:56:28.971691203,c_cmp_0_p_pl_01_cr_cr_4,synthetic
t_001507,u_00556,click,cmp_2,pl_05,cr_4,2026-08-09 23:08:19.362177410,c_cmp_2_p_pl_05_cr_cr_4,synthetic
t_000277,u_00097,click,cmp_3,pl_07,cr_3,2026-08-09 23:11:36.988125031,c_cmp_3_p_pl_07_cr_cr_3,synthetic
t_002490,u_00930,bot_start,cmp_0,pl_04,cr_3,2026-08-09 23:23:25.473232589,c_cmp_0_p_pl_04_cr_cr_3,synthetic
t_003739,u_01380,click,cmp_2,pl_00,cr_0,2026-08-10 00:56:14.204984991,c_cmp_2_p_pl_00_cr_cr_0,synthetic
t_003929,u_01449,click,cmp_3,pl_07,cr_3,2026-08-10 01:08:24.228172629,c_cmp_3_p_pl_07_cr_cr_3,synthetic
t_003365,u_01249,click,cmp_2,pl_02,cr_2,2026-08-10 01:13:58.860725206,c_cmp_2_p_pl_02_cr_cr_2,synthetic
t_003740,u_01380,bot_start,cmp_2,pl_00,cr_0,2026-08-10 01:30:42.204984991,c_cmp_2_p_pl_00_cr_cr_0,synthetic
t_003443,u_01275,click,cmp_2,pl_00,cr_0,2026-08-10 01:46:38.431805020,c_cmp_2_p_pl_00_cr_cr_0,synthetic
t_004978,u_01839,click,cmp_0,pl_04,cr_3,2026-08-10 01:50:46.984727443,c_cmp_0_p_pl_04_cr_cr_3,synthetic
t_000042,u_00013,click,cmp_2,pl_02,cr_2,2026-08-10 02:10:18.271246195,c_cmp_2_p_pl_02_cr_cr_2,synthetic
t_001519,u_00561,click,cmp_3,pl_09,cr_0,2026-08-10 02:15:32.589921194,c_cmp_3_p_pl_09_cr_cr_0,synthetic
t_004040,u_01492,click,cmp_2,pl_02,cr_2,2026-08-10 02:23:18.314478433,c_cmp_2_p_pl_02_cr_cr_2,synthetic
t_005062,u_01877,click,cmp_0,pl_01,cr_4,2026-08-10 02:28:13.693889536,c_cmp_0_p_pl_01_cr_cr_4,synthetic
t_000043,u_00013,bot_start,cmp_2,pl_02,cr_2,2026-08-10 02:28:34.271246195,c_cmp_2_p_pl_02_cr_cr_2,synthetic
t_003400,u_01262,click,cmp_0,pl_04,cr_3,2026-08-10 02:43:30.271351641,c_cmp_0_p_pl_04_cr_cr_3,synthetic
t_002980,u_01109,click,cmp_4,pl_03,cr_0,2026-08-10 02:49:41.187806048,c_cmp_4_p_pl_03_cr_cr_0,synthetic
t_001333,u_00484,click,cmp_2,pl_08,cr_1,2026-08-10 02:59:31.104139152,c_cmp_2_p_pl_08_cr_cr_1,synthetic
t_000071,u_00022,click,cmp_3,pl_09,cr_0,2026-08-10 02:59:31.811240137,c_cmp_3_p_pl_09_cr_cr_0,synthetic
t_003401,u_01262,bot_start,cmp_0,pl_04,cr_3,2026-08-10 03:18:04.271351641,c_cmp_0_p_pl_04_cr_cr_3,synthetic
t_000772,u_00278,click,cmp_3,pl_09,cr_0,2026-08-10 03:24:06.139441728,c_cmp_3_p_pl_09_cr_cr_0,synthetic
t_002033,u_00762,click,cmp_1,pl_06,cr_2,2026-08-10 05:07:38.571397172,c_cmp_1_p_pl_06_cr_cr_2,synthetic
t_003397,u_01260,click,cmp_1,pl_06,cr_2,2026-08-10 05:26:06.186490972,c_cmp_1_p_pl_06_cr_cr_2,synthetic
t_004097,u_01520,click,cmp_2,pl_02,cr_2,2026-08-10 05:39:36.243242915,c_cmp_2_p_pl_02_cr_cr_2,synthetic
t_005229,u_01945,click,cmp_2,pl_00,cr_0,2026-08-10 06:04:46.180162899,c_cmp_2_p_pl_00_cr_cr_0,synthetic
t_002069,u_00774,click,cmp_2,pl_00,cr_0,2026-08-10 06:06:15.392617890,c_cmp_2_p_pl_00_cr_cr_0,synthetic
t_003005,u_01116,click,cmp_3,pl_09,cr_0,2026-08-10 06:14:49.819566082,c_cmp_3_p_pl_09_cr_cr_0,synthetic
t_001768,u_00658,click,cmp_3,pl_07,cr_3,2026-08-10 06:20:19.141559780,c_cmp_3_p_pl_07_cr_cr_3,synthetic
t_003987,u_01472,click,cmp_0,pl_01,cr_4,2026-08-10 06:20:31.128072885,c_cmp_0_p_pl_01_cr_cr_4,synthetic
t_003988,u_01472,bot_start,cmp_0,pl_01,cr_4,2026-08-10 06:24:18.128072885,c_cmp_0_p_pl_01_cr_cr_4,synthetic
t_001304,u_00475,click,cmp_2,pl_02,cr_2,2026-08-10 06:41:27.152990795,c_cmp_2_p_pl_02_cr_cr_2,synthetic
t_004297,u_01589,click,cmp_3,pl_09,cr_0,2026-08-10 06:44:02.566749280,c_cmp_3_p_pl_09_cr_cr_0,synthetic
t_000468,u_00164,click,cmp_2,pl_02,cr_2,2026-08-10 06:46:56.556156591,c_cmp_2_p_pl_02_cr_cr_2,synthetic
t_000917,u_00337,click,cmp_2,pl_02,cr_2,2026-08-10 06:54:26.082463060,c_cmp_2_p_pl_02_cr_cr_2,synthetic
t_000655,u_00225,click,cmp_2,pl_00,cr_0,2026-08-10 06:56:27.336558687,c_cmp_2_p_pl_00_cr_cr_0,synthetic
t_002398,u_00894,click,cmp_0,pl_01,cr_4,2026-08-10 07:15:33.546583080,c_cmp_0_p_pl_01_cr_cr_4,synthetic
t_000372,u_00130,click,cmp_0,pl_04,cr_3,2026-08-10 07:15:46.727887553,c_cmp_0_p_pl_04_cr_cr_3,synthetic
t_000807,u_00290,click,cmp_2,pl_00,cr_0,2026-08-10 07:18:27.576478292,c_cmp_2_p_pl_00_cr_cr_0,synthetic
t_000469,u_00164,bot_start,cmp_2,pl_02,cr_2,2026-08-10 07:23:30.556156591,c_cmp_2_p_pl_02_cr_cr_2,synthetic
t_000029,u_00008,click,cmp_1,pl_06,cr_2,2026-08-10 07:29:11.601818717,c_cmp_1_p_pl_06_cr_cr_2,synthetic
t_002368,u_00882,click,cmp_0,pl_01,cr_4,2026-08-10 07:31:55.888074596,c_cmp_0_p_pl_01_cr_cr_4,synthetic
t_004139,u_01536,click,cmp_2,pl_05,cr_4,2026-08-10 07:35:15.213919986,c_cmp_2_p_pl_05_cr_cr_4,synthetic
t_001091,u_00398,click,cmp_2,pl_02,cr_2,2026-08-10 07:51:03.935209325,c_cmp_2_p_pl_02_cr_cr_2,synthetic
t_005299,u_01963,click,cmp_0,pl_01,cr_4,2026-08-10 07:54:22.849418619,c_cmp_0_p_pl_01_cr_cr_4,synthetic
t_000470,u_00164,lead,cmp_2,pl_02,cr_2,2026-08-10 08:01:30.556156591,c_cmp_2_p_pl_02_cr_cr_2,synthetic
t_003133,u_01170,click,cmp_0,pl_04,cr_3,2026-08-10 08:22:44.458418939,c_cmp_0_p_pl_04_cr_cr_3,synthetic
t_003627,u_01342,click,cmp_2,pl_00,cr_0,2026-08-10 08:31:06.373581043,c_cmp_2_p_pl_00_cr_cr_0,synthetic
t_002793,u_01042,click,cmp_0,pl_01,cr_4,2026-08-10 08:47:28.403932002,c_cmp_0_p_pl_01_cr_cr_4,synthetic
t_003648,u_01348,click,cmp_2,pl_02,cr_2,2026-08-10 08:55:48.136034342,c_cmp_2_p_pl_02_cr_cr_2,synthetic
t_003649,u_01348,bot_start,cmp_2,pl_02,cr_2,2026-08-10 09:14:55.136034342,c_cmp_2_p_pl_02_cr_cr_2,synthetic
t_003134,u_01170,bot_start,cmp_0,pl_04,cr_3,2026-08-10 09:17:55.458418939,c_cmp_0_p_pl_04_cr_cr_3,synthetic
t_000760,u_00274,click,cmp_2,pl_05,cr_4,2026-08-10 09:33:34.017469326,c_cmp_2_p_pl_05_cr_cr_4,synthetic
t_002410,u_00899,click,cmp_4,pl_03,cr_0,2026-08-10 09:36:44.227972586,c_cmp_4_p_pl_03_cr_cr_0,synthetic
t_000128,u_00040,click,cmp_1,pl_06,cr_2,2026-08-10 09:44:15.099443458,c_cmp_1_p_pl_06_cr_cr_2,synthetic
t_000129,u_00040,bot_start,cmp_1,pl_06,cr_2,2026-08-10 09:47:16.099443458,c_cmp_1_p_pl_06_cr_cr_2,synthetic
t_005048,u_01870,click,cmp_4,pl_03,cr_0,2026-08-10 09:52:06.767320238,c_cmp_4_p_pl_03_cr_cr_0,synthetic
t_003194,u_01187,click,cmp_0,pl_01,cr_4,2026-08-10 10:01:09.031338812,c_cmp_0_p_pl_01_cr_cr_4,synthetic
t_000130,u_00040,lead,cmp_1,pl_06,cr_2,2026-08-10 10:10:16.099443458,c_cmp_1_p_pl_06_cr_cr_2,synthetic
t_002294,u_00850,click,cmp_0,pl_04,cr_3,2026-08-10 10:23:55.736081363,c_cmp_0_p_pl_04_cr_cr_3,synthetic
t_004792,u_01768,click,cmp_2,pl_00,cr_0,2026-08-10 10:43:31.047084303,c_cmp_2_p_pl_00_cr_cr_0,synthetic
t_003336,u_01237,click,cmp_1,pl_06,cr_2,2026-08-10 10:55:22.837493610,c_cmp_1_p_pl_06_cr_cr_2,synthetic
t_002792,u_01042,click,cmp_1,pl_06,cr_2,2026-08-10 11:06:48.369691703,c_cmp_1_p_pl_06_cr_cr_2,synthetic
t_003337,u_01237,bot_start,cmp_1,pl_06,cr_2,2026-08-10 11:10:24.837493610,c_cmp_1_p_pl_06_cr_cr_2,synthetic
t_005321,u_01977,click,cmp_0,pl_04,cr_3,2026-08-10 11:10:57.944355485,c_cmp_0_p_pl_04_cr_cr_3,synthetic
t_003581,u_01325,click,cmp_2,pl_02,cr_2,2026-08-10 11:11:56.649594634,c_cmp_2_p_pl_02_cr_cr_2,synthetic
t_004793,u_01768,bot_start,cmp_2,pl_00,cr_0,2026-08-10 11:12:58.047084303,c_cmp_2_p_pl_00_cr_cr_0,synthetic
t_000584,u_00205,click,cmp_3,pl_07,cr_3,2026-08-10 11:13:44.252309670,c_cmp_3_p_pl_07_cr_cr_3,synthetic
t_001206,u_00442,click,cmp_4,pl_03,cr_0,2026-08-10 11:14:21.192585889,c_cmp_4_p_pl_03_cr_cr_0,synthetic
t_000815,u_00296,click,cmp_4,pl_03,cr_0,2026-08-10 11:22:49.150880002,c_cmp_4_p_pl_03_cr_cr_0,synthetic
t_000472,u_00165,click,cmp_3,pl_09,cr_0,2026-08-10 11:48:37.709864027,c_cmp_3_p_pl_09_cr_cr_0,synthetic
t_001207,u_00442,bot_start,cmp_4,pl_03,cr_0,2026-08-10 12:03:17.192585889,c_cmp_4_p_pl_03_cr_cr_0,synthetic
t_005357,u_01991,click,cmp_2,pl_08,cr_1,2026-08-10 12:12:33.036561139,c_cmp_2_p_pl_08_cr_cr_1,synthetic
t_001651,u_00607,click,cmp_2,pl_02,cr_2,2026-08-10 12:19:35.285034759,c_cmp_2_p_pl_02_cr_cr_2,synthetic
t_001662,u_00611,click,cmp_0,pl_04,cr_3,2026-08-10 12:22:28.261885195,c_cmp_0_p_pl_04_cr_cr_3,synthetic
t_002901,u_01078,click,cmp_0,pl_01,cr_4,2026-08-10 12:29:07.017732189,c_cmp_0_p_pl_01_cr_cr_4,synthetic
t_004520,u_01666,click,cmp_2,pl_05,cr_4,2026-08-10 12:30:00.224601687,c_cmp_2_p_pl_05_cr_cr_4,synthetic
t_000345,u_00121,click,cmp_3,pl_07,cr_3,2026-08-10 12:32:48.235702745,c_cmp_3_p_pl_07_cr_cr_3,synthetic
t_000456,u_00159,click,cmp_2,pl_05,cr_4,2026-08-10 12:36:13.506692427,c_cmp_2_p_pl_05_cr_cr_4,synthetic
t_000328,u_00113,click,cmp_0,pl_01,cr_4,2026-08-10 12:36:16.075609816,c_cmp_0_p_pl_01_cr_cr_4,synthetic
t_000346,u_00121,bot_start,cmp_3,pl_07,cr_3,2026-08-10 12:38:24.235702745,c_cmp_3_p_pl_07_cr_cr_3,synthetic
t_001755,u_00653,click,cmp_1,pl_06,cr_2,2026-08-10 12:38:42.792254593,c_cmp_1_p_pl_06_cr_cr_2,synthetic
t_004618,u_01703,click,cmp_0,pl_01,cr_4,2026-08-10 12:39:22.207652298,c_cmp_0_p_pl_01_cr_cr_4,synthetic
t_003615,u_01339,click,cmp_0,pl_01,cr_4,2026-08-10 12:40:40.726891091,c_cmp_0_p_pl_01_cr_cr_4,synthetic
t_001080,u_00393,click,cmp_2,pl_00,cr_0,2026-08-10 12:41:47.780249079,c_cmp_2_p_pl_00_cr_cr_0,synthetic
t_004487,u_01649,click,cmp_0,pl_01,cr_4,2026-08-10 12:41:59.667781281,c_cmp_0_p_pl_01_cr_cr_4,synthetic
t_004521,u_01666,bot_start,cmp_2,pl_05,cr_4,2026-08-10 12:47:38.224601687,c_cmp_2_p_pl_05_cr_cr_4,synthetic
t_000024,u_00007,click,cmp_3,pl_07,cr_3,2026-08-10 12:58:27.232500135,c_cmp_3_p_pl_07_cr_cr_3,synthetic
t_002329,u_00864,click,cmp_4,pl_03,cr_0,2026-08-10 13:02:30.461564645,c_cmp_4_p_pl_03_cr_cr_0,synthetic
t_004207,u_01560,click,cmp_2,pl_08,cr_1,2026-08-10 13:03:48.416571010,c_cmp_2_p_pl_08_cr_cr_1,synthetic
t_001652,u_00607,bot_start,cmp_2,pl_02,cr_2,2026-08-10 13:18:27.285034759,c_cmp_2_p_pl_02_cr_cr_2,synthetic
t_001081,u_00393,bot_start,cmp_2,pl_00,cr_0,2026-08-10 13:22:15.780249079,c_cmp_2_p_pl_00_cr_cr_0,synthetic
t_002902,u_01078,bot_start,cmp_0,pl_01,cr_4,2026-08-10 13:28:43.017732189,c_cmp_0_p_pl_01_cr_cr_4,synthetic
t_005368,u_01995,click,cmp_2,pl_08,cr_1,2026-08-10 13:38:19.219812216,c_cmp_2_p_pl_08_cr_cr_1,synthetic
t_001167,u_00426,click,cmp_2,pl_00,cr_0,2026-08-10 13:53:57.278660791,c_cmp_2_p_pl_00_cr_cr_0,synthetic
t_001653,u_00607,lead,cmp_2,pl_02,cr_2,2026-08-10 13:55:27.285034759,c_cmp_2_p_pl_02_cr_cr_2,synthetic
t_004007,u_01478,click,cmp_0,pl_04,cr_3,2026-08-10 14:03:40.361843562,c_cmp_0_p_pl_04_cr_cr_3,synthetic
t_001127,u_00410,click,cmp_0,pl_01,cr_4,2026-08-10 14:14:51.678796752,c_cmp_0_p_pl_01_cr_cr_4,synthetic
t_001128,u_00410,bot_start,cmp_0,pl_01,cr_4,2026-08-10 14:16:16.678796752,c_cmp_0_p_pl_01_cr_cr_4,synthetic
t_003708,u_01366,click,cmp_1,pl_06,cr_2,2026-08-10 14:28:51.009357534,c_cmp_1_p_pl_06_cr_cr_2,synthetic
t_001129,u_00410,lead,cmp_0,pl_01,cr_4,2026-08-10 14:43:16.678796752,c_cmp_0_p_pl_01_cr_cr_4,synthetic
t_003202,u_01190,click,cmp_0,pl_01,cr_4,2026-08-10 14:50:22.325410574,c_cmp_0_p_pl_01_cr_cr_4,synthetic
t_002633,u_00981,click,cmp_2,pl_05,cr_4,2026-08-10 14:59:39.205115472,c_cmp_2_p_pl_05_cr_cr_4,synthetic
t_003853,u_01425,click,cmp_2,pl_05,cr_4,2026-08-10 15:13:01.210929851,c_cmp_2_p_pl_05_cr_cr_4,synthetic
t_005279,u_01957,click,cmp_0,pl_04,cr_3,2026-08-10 15:27:44.335920406,c_cmp_0_p_pl_04_cr_cr_3,synthetic
t_002634,u_00981,bot_start,cmp_2,pl_05,cr_4,2026-08-10 15:41:28.205115472,c_cmp_2_p_pl_05_cr_cr_4,synthetic
t_004247,u_01572,click,cmp_1,pl_06,cr_2,2026-08-10 15:57:45.125965449,c_cmp_1_p_pl_06_cr_cr_2,synthetic
t_001181,u_00434,click,cmp_4,pl_03,cr_0,2026-08-10 16:09:14.777321115,c_cmp_4_p_pl_03_cr_cr_0,synthetic
t_002676,u_00999,click,cmp_0,pl_04,cr_3,2026-08-10 16:18:15.807115212,c_cmp_0_p_pl_04_cr_cr_3,synthetic
t_003679,u_01356,click,cmp_0,pl_04,cr_3,2026-08-10 16:23:33.430096849,c_cmp_0_p_pl_04_cr_cr_3,synthetic
t_002635,u_00981,lead,cmp_2,pl_05,cr_4,2026-08-10 16:34:28.205115472,c_cmp_2_p_pl_05_cr_cr_4,synthetic
t_002677,u_00999,bot_start,cmp_0,pl_04,cr_3,2026-08-10 16:41:45.807115212,c_cmp_0_p_pl_04_cr_cr_3,synthetic
t_004811,u_01776,click,cmp_2,pl_00,cr_0,2026-08-10 16:42:47.202083199,c_cmp_2_p_pl_00_cr_cr_0,synthetic
t_000814,u_00295,click,cmp_2,pl_02,cr_2,2026-08-10 17:11:33.072005069,c_cmp_2_p_pl_02_cr_cr_2,synthetic
t_003694,u_01362,click,cmp_2,pl_05,cr_4,2026-08-10 17:34:10.919124912,c_cmp_2_p_pl_05_cr_cr_4,synthetic
t_003695,u_01362,bot_start,cmp_2,pl_05,cr_4,2026-08-10 17:45:34.919124912,c_cmp_2_p_pl_05_cr_cr_4,synthetic
t_002579,u_00965,click,cmp_2,pl_00,cr_0,2026-08-10 17:52:09.803653203,c_cmp_2_p_pl_00_cr_cr_0,synthetic
t_002541,u_00950,click,cmp_0,pl_01,cr_4,2026-08-10 18:10:44.348820664,c_cmp_0_p_pl_01_cr_cr_4,synthetic
t_002580,u_00965,bot_start,cmp_2,pl_00,cr_0,2026-08-10 18:20:43.803653203,c_cmp_2_p_pl_00_cr_cr_0,synthetic
t_002542,u_00950,bot_start,cmp_0,pl_01,cr_4,2026-08-10 18:26:31.348820664,c_cmp_0_p_pl_01_cr_cr_4,synthetic
t_000881,u_00324,click,cmp_0,pl_01,cr_4,2026-08-10 18:47:11.499864546,c_cmp_0_p_pl_01_cr_cr_4,synthetic
t_004834,u_01784,click,cmp_2,pl_05,cr_4,2026-08-10 18:47:28.170730519,c_cmp_2_p_pl_05_cr_cr_4,synthetic
t_001560,u_00576,click,cmp_2,pl_02,cr_2,2026-08-10 19:30:59.348821490,c_cmp_2_p_pl_02_cr_cr_2,synthetic
t_002637,u_00982,click,cmp_0,pl_01,cr_4,2026-08-10 19:36:03.658123164,c_cmp_0_p_pl_01_cr_cr_4,synthetic
t_002350,u_00873,click,cmp_0,pl_01,cr_4,2026-08-10 19:37:54.331738095,c_cmp_0_p_pl_01_cr_cr_4,synthetic
t_001892,u_00710,click,cmp_2,pl_02,cr_2,2026-08-10 19:38:48.880552497,c_cmp_2_p_pl_02_cr_cr_2,synthetic
t_004531,u_01669,click,cmp_1,pl_06,cr_2,2026-08-10 19:41:40.712800792,c_cmp_1_p_pl_06_cr_cr_2,synthetic
t_002934,u_01091,click,cmp_0,pl_04,cr_3,2026-08-10 19:54:40.355612227,c_cmp_0_p_pl_04_cr_cr_3,synthetic
t_001561,u_00576,bot_start,cmp_2,pl_02,cr_2,2026-08-10 20:08:47.348821490,c_cmp_2_p_pl_02_cr_cr_2,synthetic
t_002365,u_00881,click,cmp_2,pl_00,cr_0,2026-08-10 20:15:53.957312471,c_cmp_2_p_pl_00_cr_cr_0,synthetic
t_000206,u_00065,click,cmp_4,pl_03,cr_0,2026-08-10 20:26:21.329947564,c_cmp_4_p_pl_03_cr_cr_0,synthetic
t_005365,u_01994,click,cmp_2,pl_05,cr_4,2026-08-10 20:52:50.015108430,c_cmp_2_p_pl_05_cr_cr_4,synthetic
t_005366,u_01994,bot_start,cmp_2,pl_05,cr_4,2026-08-10 21:00:23.015108430,c_cmp_2_p_pl_05_cr_cr_4,synthetic
t_005210,u_01939,click,cmp_0,pl_04,cr_3,2026-08-10 21:02:42.290391243,c_cmp_0_p_pl_04_cr_cr_3,synthetic
t_002832,u_01053,click,cmp_2,pl_05,cr_4,2026-08-10 21:18:44.175386889,c_cmp_2_p_pl_05_cr_cr_4,synthetic
t_004543,u_01673,click,cmp_0,pl_04,cr_3,2026-08-10 21:20:56.234009978,c_cmp_0_p_pl_04_cr_cr_3,synthetic
t_004544,u_01673,bot_start,cmp_0,pl_04,cr_3,2026-08-10 22:03:45.234009978,c_cmp_0_p_pl_04_cr_cr_3,synthetic
t_002178,u_00813,click,cmp_3,pl_09,cr_0,2026-08-10 22:15:38.865484037,c_cmp_3_p_pl_09_cr_cr_0,synthetic
t_004545,u_01673,lead,cmp_0,pl_04,cr_3,2026-08-10 22:20:45.234009978,c_cmp_0_p_pl_04_cr_cr_3,synthetic
t_003064,u_01141,click,cmp_2,pl_08,cr_1,2026-08-10 22:50:50.723054254,c_cmp_2_p_pl_08_cr_cr_1,synthetic
t_003065,u_01141,bot_start,cmp_2,pl_08,cr_1,2026-08-10 23:00:31.723054254,c_cmp_2_p_pl_08_cr_cr_1,synthetic
t_000682,u_00236,click,cmp_2,pl_05,cr_4,2026-08-10 23:02:11.596458335,c_cmp_2_p_pl_05_cr_cr_4,synthetic
t_003675,u_01355,click,cmp_2,pl_00,cr_0,2026-08-10 23:11:16.712166365,c_cmp_2_p_pl_00_cr_cr_0,synthetic
t_000226,u_00071,click,cmp_3,pl_09,cr_0,2026-08-10 23:13:47.689076929,c_cmp_3_p_pl_09_cr_cr_0,synthetic
t_000227,u_00071,bot_start,cmp_3,pl_09,cr_0,2026-08-10 23:23:25.689076929,c_cmp_3_p_pl_09_cr_cr_0,synthetic
t_000938,u_00345,click,cmp_3,pl_07,cr_3,2026-08-10 23:26:28.859378955,c_cmp_3_p_pl_07_cr_cr_3,synthetic
t_003576,u_01323,click,cmp_0,pl_01,cr_4,2026-08-10 23:31:08.445996735,c_cmp_0_p_pl_01_cr_cr_4,synthetic
t_002651,u_00988,click,cmp_2,pl_08,cr_1,2026-08-10 23:34:33.876073831,c_cmp_2_p_pl_08_cr_cr_1,synthetic
t_003080,u_01149,click,cmp_2,pl_08,cr_1,2026-08-10 23:35:53.523808998,c_cmp_2_p_pl_08_cr_cr_1,synthetic
t_001835,u_00685,click,cmp_2,pl_02,cr_2,2026-08-11 00:06:14.569092379,c_cmp_2_p_pl_02_cr_cr_2,synthetic
t_000939,u_00345,bot_start,cmp_3,pl_07,cr_3,2026-08-11 00:14:42.859378955,c_cmp_3_p_pl_07_cr_cr_3,synthetic
t_001836,u_00685,bot_start,cmp_2,pl_02,cr_2,2026-08-11 00:17:37.569092379,c_cmp_2_p_pl_02_cr_cr_2,synthetic
t_001837,u_00685,lead,cmp_2,pl_02,cr_2,2026-08-11 00:45:37.569092379,c_cmp_2_p_pl_02_cr_cr_2,synthetic
t_001366,u_00495,click,cmp_2,pl_05,cr_4,2026-08-11 01:17:26.764318036,c_cmp_2_p_pl_05_cr_cr_4,synthetic
t_004388,u_01617,click,cmp_4,pl_03,cr_0,2026-08-11 01:46:21.926709366,c_cmp_4_p_pl_03_cr_cr_0,synthetic
t_004717,u_01745,click,cmp_2,pl_05,cr_4,2026-08-11 01:53:47.043382370,c_cmp_2_p_pl_05_cr_cr_4,synthetic
t_005061,u_01876,click,cmp_0,pl_01,cr_4,2026-08-11 02:00:02.486957064,c_cmp_0_p_pl_01_cr_cr_4,synthetic
t_004780,u_01765,click,cmp_3,pl_09,cr_0,2026-08-11 02:05:38.533432979,c_cmp_3_p_pl_09_cr_cr_0,synthetic
t_000170,u_00054,click,cmp_4,pl_03,cr_0,2026-08-11 02:08:36.501289718,c_cmp_4_p_pl_03_cr_cr_0,synthetic
t_001812,u_00679,click,cmp_2,pl_08,cr_1,2026-08-11 02:24:07.609130502,c_cmp_2_p_pl_08_cr_cr_1,synthetic
t_001632,u_00598,click,cmp_3,pl_09,cr_0,2026-08-11 02:25:38.514581851,c_cmp_3_p_pl_09_cr_cr_0,synthetic
t_000171,u_00054,bot_start,cmp_4,pl_03,cr_0,2026-08-11 02:45:16.501289718,c_cmp_4_p_pl_03_cr_cr_0,synthetic
t_003395,u_01259,click,cmp_4,pl_03,cr_0,2026-08-11 02:54:46.079682423,c_cmp_4_p_pl_03_cr_cr_0,synthetic
t_001633,u_00598,bot_start,cmp_3,pl_09,cr_0,2026-08-11 03:04:16.514581851,c_cmp_3_p_pl_09_cr_cr_0,synthetic
t_001813,u_00679,bot_start,cmp_2,pl_08,cr_1,2026-08-11 03:15:33.609130502,c_cmp_2_p_pl_08_cr_cr_1,synthetic
t_002607,u_00974,click,cmp_3,pl_07,cr_3,2026-08-11 03:24:48.570362120,c_cmp_3_p_pl_07_cr_cr_3,synthetic
t_000126,u_00039,click,cmp_0,pl_01,cr_4,2026-08-11 03:25:15.038009712,c_cmp_0_p_pl_01_cr_cr_4,synthetic
t_000374,u_00131,click,cmp_4,pl_03,cr_0,2026-08-11 03:34:08.365192593,c_cmp_4_p_pl_03_cr_cr_0,synthetic
t_001634,u_00598,lead,cmp_3,pl_09,cr_0,2026-08-11 03:45:16.514581851,c_cmp_3_p_pl_09_cr_cr_0,synthetic
t_004320,u_01596,click,cmp_1,pl_06,cr_2,2026-08-11 03:46:31.035762095,c_cmp_1_p_pl_06_cr_cr_2,synthetic
t_003296,u_01225,click,cmp_0,pl_01,cr_4,2026-08-11 03:49:07.197190483,c_cmp_0_p_pl_01_cr_cr_4,synthetic
t_000375,u_00131,bot_start,cmp_4,pl_03,cr_0,2026-08-11 04:09:25.365192593,c_cmp_4_p_pl_03_cr_cr_0,synthetic
t_004283,u_01586,click,cmp_2,pl_05,cr_4,2026-08-11 04:19:43.372749731,c_cmp_2_p_pl_05_cr_cr_4,synthetic
t_004262,u_01576,click,cmp_3,pl_09,cr_0,2026-08-11 04:55:09.311703811,c_cmp_3_p_pl_09_cr_cr_0,synthetic
t_000946,u_00347,click,cmp_2,pl_00,cr_0,2026-08-11 05:11:10.202166984,c_cmp_2_p_pl_00_cr_cr_0,synthetic
t_002332,u_00865,click,cmp_2,pl_05,cr_4,2026-08-11 05:15:59.793274467,c_cmp_2_p_pl_05_cr_cr_4,synthetic
t_001699,u_00632,click,cmp_3,pl_07,cr_3,2026-08-11 05:24:22.089684427,c_cmp_3_p_pl_07_cr_cr_3,synthetic
t_002391,u_00893,click,cmp_2,pl_02,cr_2,2026-08-11 05:24:55.014379725,c_cmp_2_p_pl_02_cr_cr_2,synthetic
t_000947,u_00347,bot_start,cmp_2,pl_00,cr_0,2026-08-11 05:26:14.202166984,c_cmp_2_p_pl_00_cr_cr_0,synthetic
t_000918,u_00337,click,cmp_2,pl_00,cr_0,2026-08-11 05:31:57.340231077,c_cmp_2_p_pl_00_cr_cr_0,synthetic
t_002156,u_00805,click,cmp_2,pl_00,cr_0,2026-08-11 05:44:12.757922902,c_cmp_2_p_pl_00_cr_cr_0,synthetic
t_005245,u_01950,click,cmp_0,pl_04,cr_3,2026-08-11 05:56:58.081729371,c_cmp_0_p_pl_04_cr_cr_3,synthetic
t_002565,u_00958,click,cmp_2,pl_08,cr_1,2026-08-11 06:09:48.446794051,c_cmp_2_p_pl_08_cr_cr_1,synthetic
t_004556,u_01679,click,cmp_3,pl_07,cr_3,2026-08-11 06:14:37.050196418,c_cmp_3_p_pl_07_cr_cr_3,synthetic
t_004557,u_01679,bot_start,cmp_3,pl_07,cr_3,2026-08-11 06:24:30.050196418,c_cmp_3_p_pl_07_cr_cr_3,synthetic
t_005303,u_01965,click,cmp_2,pl_08,cr_1,2026-08-11 06:28:37.749565365,c_cmp_2_p_pl_08_cr_cr_1,synthetic
t_003974,u_01468,click,cmp_4,pl_03,cr_0,2026-08-11 06:30:28.161836567,c_cmp_4_p_pl_03_cr_cr_0,synthetic
t_003975,u_01468,bot_start,cmp_4,pl_03,cr_0,2026-08-11 06:35:13.161836567,c_cmp_4_p_pl_03_cr_cr_0,synthetic
t_005246,u_01950,bot_start,cmp_0,pl_04,cr_3,2026-08-11 06:37:02.081729371,c_cmp_0_p_pl_04_cr_cr_3,synthetic
t_001418,u_00518,click,cmp_2,pl_00,cr_0,2026-08-11 06:38:43.691078425,c_cmp_2_p_pl_00_cr_cr_0,synthetic
t_002347,u_00871,click,cmp_3,pl_07,cr_3,2026-08-11 06:49:17.240178569,c_cmp_3_p_pl_07_cr_cr_3,synthetic
t_002538,u_00949,click,cmp_2,pl_08,cr_1,2026-08-11 06:50:18.411987662,c_cmp_2_p_pl_08_cr_cr_1,synthetic
t_000672,u_00233,click,cmp_4,pl_03,cr_0,2026-08-11 06:54:00.265847699,c_cmp_4_p_pl_03_cr_cr_0,synthetic
t_001493,u_00551,click,cmp_1,pl_06,cr_2,2026-08-11 06:54:22.366411256,c_cmp_1_p_pl_06_cr_cr_2,synthetic
t_003121,u_01166,click,cmp_0,pl_04,cr_3,2026-08-11 06:55:02.301775316,c_cmp_0_p_pl_04_cr_cr_3,synthetic
t_004558,u_01679,lead,cmp_3,pl_07,cr_3,2026-08-11 07:22:30.050196418,c_cmp_3_p_pl_07_cr_cr_3,synthetic
t_004003,u_01476,click,cmp_0,pl_04,cr_3,2026-08-11 07:29:49.550921229,c_cmp_0_p_pl_04_cr_cr_3,synthetic
t_003115,u_01163,click,cmp_2,pl_08,cr_1,2026-08-11 07:29:50.439556278,c_cmp_2_p_pl_08_cr_cr_1,synthetic
t_002218,u_00826,click,cmp_2,pl_05,cr_4,2026-08-11 07:39:01.277502388,c_cmp_2_p_pl_05_cr_cr_4,synthetic
t_000307,u_00106,click,cmp_1,pl_06,cr_2,2026-08-11 07:39:18.519718200,c_cmp_1_p_pl_06_cr_cr_2,synthetic
t_002157,u_00805,click,cmp_3,pl_09,cr_0,2026-08-11 07:56:56.712219399,c_cmp_3_p_pl_09_cr_cr_0,synthetic
t_001499,u_00553,click,cmp_2,pl_00,cr_0,2026-08-11 07:58:33.786857002,c_cmp_2_p_pl_00_cr_cr_0,synthetic
t_004707,u_01741,click,cmp_0,pl_04,cr_3,2026-08-11 08:08:53.186350068,c_cmp_0_p_pl_04_cr_cr_3,synthetic
t_000788,u_00283,click,cmp_0,pl_04,cr_3,2026-08-11 08:09:50.657018388,c_cmp_0_p_pl_04_cr_cr_3,synthetic
t_003485,u_01292,click,cmp_3,pl_09,cr_0,2026-08-11 08:43:31.506702418,c_cmp_3_p_pl_09_cr_cr_0,synthetic
t_004808,u_01774,click,cmp_3,pl_09,cr_0,2026-08-11 08:57:45.797197688,c_cmp_3_p_pl_09_cr_cr_0,synthetic
t_004447,u_01636,click,cmp_2,pl_00,cr_0,2026-08-11 09:05:31.024215735,c_cmp_2_p_pl_00_cr_cr_0,synthetic
t_004057,u_01500,click,cmp_0,pl_01,cr_4,2026-08-11 09:13:07.491965295,c_cmp_0_p_pl_01_cr_cr_4,synthetic
t_002488,u_00929,click,cmp_3,pl_07,cr_3,2026-08-11 09:15:19.933259603,c_cmp_3_p_pl_07_cr_cr_3,synthetic
t_003486,u_01293,click,cmp_0,pl_04,cr_3,2026-08-11 09:34:03.485973335,c_cmp_0_p_pl_04_cr_cr_3,synthetic
t_004593,u_01693,click,cmp_2,pl_08,cr_1,2026-08-11 09:39:21.624903395,c_cmp_2_p_pl_08_cr_cr_1,synthetic
t_004871,u_01803,click,cmp_4,pl_03,cr_0,2026-08-11 09:44:22.748706535,c_cmp_4_p_pl_03_cr_cr_0,synthetic
t_002784,u_01039,click,cmp_2,pl_00,cr_0,2026-08-11 09:48:21.090239564,c_cmp_2_p_pl_00_cr_cr_0,synthetic
t_003323,u_01231,click,cmp_0,pl_01,cr_4,2026-08-11 09:54:48.189915248,c_cmp_0_p_pl_01_cr_cr_4,synthetic
t_003387,u_01256,click,cmp_0,pl_04,cr_3,2026-08-11 09:57:42.882045533,c_cmp_0_p_pl_04_cr_cr_3,synthetic
t_005255,u_01952,click,cmp_2,pl_02,cr_2,2026-08-11 10:04:10.329102639,c_cmp_2_p_pl_02_cr_cr_2,synthetic
t_000483,u_00171,click,cmp_3,pl_09,cr_0,2026-08-11 10:05:58.108320743,c_cmp_3_p_pl_09_cr_cr_0,synthetic
t_001384,u_00504,click,cmp_4,pl_03,cr_0,2026-08-11 10:11:31.068120014,c_cmp_4_p_pl_03_cr_cr_0,synthetic
t_001385,u_00504,bot_start,cmp_4,pl_03,cr_0,2026-08-11 10:12:58.068120014,c_cmp_4_p_pl_03_cr_cr_0,synthetic
t_005256,u_01952,bot_start,cmp_2,pl_02,cr_2,2026-08-11 10:25:41.329102639,c_cmp_2_p_pl_02_cr_cr_2,synthetic
t_003102,u_01156,click,cmp_2,pl_05,cr_4,2026-08-11 10:27:41.660895043,c_cmp_2_p_pl_05_cr_cr_4,synthetic
t_000484,u_00171,bot_start,cmp_3,pl_09,cr_0,2026-08-11 10:30:28.108320743,c_cmp_3_p_pl_09_cr_cr_0,synthetic
t_003324,u_01231,bot_start,cmp_0,pl_01,cr_4,2026-08-11 10:39:58.189915248,c_cmp_0_p_pl_01_cr_cr_4,synthetic
t_001386,u_00504,lead,cmp_4,pl_03,cr_0,2026-08-11 10:40:58.068120014,c_cmp_4_p_pl_03_cr_cr_0,synthetic
t_002820,u_01048,click,cmp_2,pl_02,cr_2,2026-08-11 10:45:57.989932016,c_cmp_2_p_pl_02_cr_cr_2,synthetic
t_003388,u_01256,bot_start,cmp_0,pl_04,cr_3,2026-08-11 10:53:06.882045533,c_cmp_0_p_pl_04_cr_cr_3,synthetic
t_002711,u_01011,click,cmp_2,pl_02,cr_2,2026-08-11 10:56:57.793148179,c_cmp_2_p_pl_02_cr_cr_2,synthetic
t_000485,u_00171,lead,cmp_3,pl_09,cr_0,2026-08-11 10:58:28.108320743,c_cmp_3_p_pl_09_cr_cr_0,synthetic
t_002326,u_00862,click,cmp_3,pl_09,cr_0,2026-08-11 10:58:53.989579741,c_cmp_3_p_pl_09_cr_cr_0,synthetic
t_004881,u_01804,click,cmp_2,pl_05,cr_4,2026-08-11 11:00:20.097178189,c_cmp_2_p_pl_05_cr_cr_4,synthetic
t_003666,u_01353,click,cmp_1,pl_06,cr_2,2026-08-11 11:18:02.652466351,c_cmp_1_p_pl_06_cr_cr_2,synthetic
t_000198,u_00062,click,cmp_2,pl_05,cr_4,2026-08-11 11:21:26.587683496,c_cmp_2_p_pl_05_cr_cr_4,synthetic
t_002381,u_00889,click,cmp_0,pl_01,cr_4,2026-08-11 11:21:57.891556604,c_cmp_0_p_pl_01_cr_cr_4,synthetic
t_000263,u_00089,click,cmp_0,pl_04,cr_3,2026-08-11 11:27:15.243340264,c_cmp_0_p_pl_04_cr_cr_3,synthetic
t_000199,u_00062,bot_start,cmp_2,pl_05,cr_4,2026-08-11 11:39:53.587683496,c_cmp_2_p_pl_05_cr_cr_4,synthetic
t_002434,u_00909,click,cmp_4,pl_03,cr_0,2026-08-11 11:44:41.659161255,c_cmp_4_p_pl_03_cr_cr_0,synthetic
t_002942,u_01096,click,cmp_2,pl_08,cr_1,2026-08-11 11:44:55.006788365,c_cmp_2_p_pl_08_cr_cr_1,synthetic
t_001248,u_00456,click,cmp_1,pl_06,cr_2,2026-08-11 11:48:25.151677765,c_cmp_1_p_pl_06_cr_cr_2,synthetic
t_000310,u_00107,click,cmp_2,pl_02,cr_2,2026-08-11 11:50:23.633652037,c_cmp_2_p_pl_02_cr_cr_2,synthetic
t_001002,u_00370,click,cmp_2,pl_08,cr_1,2026-08-11 11:58:40.352255519,c_cmp_2_p_pl_08_cr_cr_1,synthetic
t_000264,u_00089,bot_start,cmp_0,pl_04,cr_3,2026-08-11 12:12:35.243340264,c_cmp_0_p_pl_04_cr_cr_3,synthetic
t_000860,u_00315,click,cmp_3,pl_09,cr_0,2026-08-11 13:09:49.226903958,c_cmp_3_p_pl_09_cr_cr_0,synthetic
t_003880,u_01434,click,cmp_0,pl_01,cr_4,2026-08-11 13:13:56.108079103,c_cmp_0_p_pl_01_cr_cr_4,synthetic
t_001624,u_00596,click,cmp_2,pl_08,cr_1,2026-08-11 13:19:10.243207559,c_cmp_2_p_pl_08_cr_cr_1,synthetic
t_001492,u_00551,click,cmp_0,pl_01,cr_4,2026-08-11 13:28:36.249777432,c_cmp_0_p_pl_01_cr_cr_4,synthetic
t_000256,u_00084,click,cmp_3,pl_07,cr_3,2026-08-11 13:30:17.503085912,c_cmp_3_p_pl_07_cr_cr_3,synthetic
t_001905,u_00715,click,cmp_4,pl_03,cr_0,2026-08-11 13:34:24.896828646,c_cmp_4_p_pl_03_cr_cr_0,synthetic
t_002476,u_00925,click,cmp_1,pl_06,cr_2,2026-08-11 13:47:35.105915207,c_cmp_1_p_pl_06_cr_cr_2,synthetic
t_000913,u_00336,click,cmp_1,pl_06,cr_2,2026-08-11 14:16:14.689967158,c_cmp_1_p_pl_06_cr_cr_2,synthetic
t_000422,u_00148,click,cmp_2,pl_00,cr_0,2026-08-11 14:46:04.714303982,c_cmp_2_p_pl_00_cr_cr_0,synthetic
t_004187,u_01550,click,cmp_4,pl_03,cr_0,2026-08-11 14:46:17.119076016,c_cmp_4_p_pl_03_cr_cr_0,synthetic
t_001126,u_00410,click,cmp_0,pl_01,cr_4,2026-08-11 15:29:14.227924270,c_cmp_0_p_pl_01_cr_cr_4,synthetic
t_003819,u_01413,click,cmp_0,pl_04,cr_3,2026-08-11 15:36:31.881439324,c_cmp_0_p_pl_04_cr_cr_3,synthetic
t_000273,u_00094,click,cmp_2,pl_08,cr_1,2026-08-11 15:39:01.484756856,c_cmp_2_p_pl_08_cr_cr_1,synthetic
t_004499,u_01655,click,cmp_0,pl_01,cr_4,2026-08-11 15:40:22.970498668,c_cmp_0_p_pl_01_cr_cr_4,synthetic
t_002639,u_00982,click,cmp_2,pl_02,cr_2,2026-08-11 15:42:43.353504531,c_cmp_2_p_pl_02_cr_cr_2,synthetic
t_002525,u_00945,click,cmp_2,pl_02,cr_2,2026-08-11 15:50:19.440242824,c_cmp_2_p_pl_02_cr_cr_2,synthetic
t_002575,u_00963,click,cmp_2,pl_02,cr_2,2026-08-11 16:40:45.112757340,c_cmp_2_p_pl_02_cr_cr_2,synthetic
t_004757,u_01758,click,cmp_3,pl_07,cr_3,2026-08-11 16:47:22.430529561,c_cmp_3_p_pl_07_cr_cr_3,synthetic
t_005379,u_01998,click,cmp_3,pl_09,cr_0,2026-08-11 16:49:29.919874550,c_cmp_3_p_pl_09_cr_cr_0,synthetic
t_004127,u_01531,click,cmp_2,pl_08,cr_1,2026-08-11 16:49:42.282448345,c_cmp_2_p_pl_08_cr_cr_1,synthetic
t_004075,u_01510,click,cmp_2,pl_05,cr_4,2026-08-11 16:56:53.121049164,c_cmp_2_p_pl_05_cr_cr_4,synthetic
t_002576,u_00963,bot_start,cmp_2,pl_02,cr_2,2026-08-11 17:01:42.112757340,c_cmp_2_p_pl_02_cr_cr_2,synthetic
t_003917,u_01445,click,cmp_2,pl_05,cr_4,2026-08-11 17:02:19.934597052,c_cmp_2_p_pl_05_cr_cr_4,synthetic
t_001035,u_00378,click,cmp_4,pl_03,cr_0,2026-08-11 17:16:37.399115015,c_cmp_4_p_pl_03_cr_cr_0,synthetic
t_004747,u_01754,click,cmp_3,pl_07,cr_3,2026-08-11 17:42:19.837800745,c_cmp_3_p_pl_07_cr_cr_3,synthetic
t_004570,u_01683,click,cmp_2,pl_05,cr_4,2026-08-11 17:45:22.958753011,c_cmp_2_p_pl_05_cr_cr_4,synthetic
t_004076,u_01510,bot_start,cmp_2,pl_05,cr_4,2026-08-11 17:52:32.121049164,c_cmp_2_p_pl_05_cr_cr_4,synthetic
t_001639,u_00601,click,cmp_2,pl_00,cr_0,2026-08-11 18:07:17.926011039,c_cmp_2_p_pl_00_cr_cr_0,synthetic
t_004748,u_01754,bot_start,cmp_3,pl_07,cr_3,2026-08-11 18:31:15.837800745,c_cmp_3_p_pl_07_cr_cr_3,synthetic
t_004767,u_01762,click,cmp_1,pl_06,cr_2,2026-08-11 18:33:29.867246547,c_cmp_1_p_pl_06_cr_cr_2,synthetic
t_004749,u_01754,lead,cmp_3,pl_07,cr_3,2026-08-11 18:48:15.837800745,c_cmp_3_p_pl_07_cr_cr_3,synthetic
t_004768,u_01762,bot_start,cmp_1,pl_06,cr_2,2026-08-11 19:16:43.867246547,c_cmp_1_p_pl_06_cr_cr_2,synthetic
t_000491,u_00173,click,cmp_2,pl_00,cr_0,2026-08-11 19:18:35.053120717,c_cmp_2_p_pl_00_cr_cr_0,synthetic
t_001370,u_00497,click,cmp_2,pl_08,cr_1,2026-08-11 19:40:11.051099892,c_cmp_2_p_pl_08_cr_cr_1,synthetic
t_000518,u_00183,click,cmp_2,pl_08,cr_1,2026-08-11 20:03:13.252169100,c_cmp_2_p_pl_08_cr_cr_1,synthetic
t_001914,u_00718,click,cmp_2,pl_02,cr_2,2026-08-11 20:06:32.406390569,c_cmp_2_p_pl_02_cr_cr_2,synthetic
t_005205,u_01937,click,cmp_2,pl_02,cr_2,2026-08-11 20:13:35.653506926,c_cmp_2_p_pl_02_cr_cr_2,synthetic
t_000519,u_00183,bot_start,cmp_2,pl_08,cr_1,2026-08-11 20:14:52.252169100,c_cmp_2_p_pl_08_cr_cr_1,synthetic
t_005290,u_01961,click,cmp_2,pl_02,cr_2,2026-08-11 20:16:59.616162041,c_cmp_2_p_pl_02_cr_cr_2,synthetic
t_000520,u_00183,lead,cmp_2,pl_08,cr_1,2026-08-11 20:22:52.252169100,c_cmp_2_p_pl_08_cr_cr_1,synthetic
t_000252,u_00082,click,cmp_0,pl_01,cr_4,2026-08-11 20:23:12.832370490,c_cmp_0_p_pl_01_cr_cr_4,synthetic
t_002830,u_01052,click,cmp_0,pl_01,cr_4,2026-08-11 20:24:16.422134195,c_cmp_0_p_pl_01_cr_cr_4,synthetic
t_001915,u_00718,bot_start,cmp_2,pl_02,cr_2,2026-08-11 20:30:33.406390569,c_cmp_2_p_pl_02_cr_cr_2,synthetic
t_005334,u_01982,click,cmp_0,pl_01,cr_4,2026-08-11 20:39:15.947577613,c_cmp_0_p_pl_01_cr_cr_4,synthetic
t_005257,u_01952,click,cmp_2,pl_00,cr_0,2026-08-11 20:42:47.923270999,c_cmp_2_p_pl_00_cr_cr_0,synthetic
t_001086,u_00396,click,cmp_0,pl_04,cr_3,2026-08-11 20:51:18.502570465,c_cmp_0_p_pl_04_cr_cr_3,synthetic
t_002230,u_00833,click,cmp_1,pl_06,cr_2,2026-08-11 20:57:32.161438302,c_cmp_1_p_pl_06_cr_cr_2,synthetic
t_003721,u_01374,click,cmp_2,pl_02,cr_2,2026-08-11 21:07:58.873785542,c_cmp_2_p_pl_02_cr_cr_2,synthetic
t_003984,u_01472,click,cmp_2,pl_08,cr_1,2026-08-11 21:10:10.436008213,c_cmp_2_p_pl_08_cr_cr_1,synthetic
t_003476,u_01289,click,cmp_2,pl_05,cr_4,2026-08-11 21:15:06.855262683,c_cmp_2_p_pl_05_cr_cr_4,synthetic
t_003985,u_01472,bot_start,cmp_2,pl_08,cr_1,2026-08-11 21:36:49.436008213,c_cmp_2_p_pl_08_cr_cr_1,synthetic
t_002231,u_00833,bot_start,cmp_1,pl_06,cr_2,2026-08-11 21:53:36.161438302,c_cmp_1_p_pl_06_cr_cr_2,synthetic
t_003986,u_01472,lead,cmp_2,pl_08,cr_1,2026-08-11 22:01:49.436008213,c_cmp_2_p_pl_08_cr_cr_1,synthetic
t_003942,u_01457,click,cmp_3,pl_09,cr_0,2026-08-11 22:09:45.413699501,c_cmp_3_p_pl_09_cr_cr_0,synthetic
t_002289,u_00849,click,cmp_0,pl_04,cr_3,2026-08-11 22:15:33.014753691,c_cmp_0_p_pl_04_cr_cr_3,synthetic
t_004511,u_01661,click,cmp_2,pl_02,cr_2,2026-08-11 22:19:30.849889288,c_cmp_2_p_pl_02_cr_cr_2,synthetic
t_003144,u_01172,click,cmp_3,pl_07,cr_3,2026-08-11 22:21:15.797477764,c_cmp_3_p_pl_07_cr_cr_3,synthetic
t_003229,u_01199,click,cmp_3,pl_07,cr_3,2026-08-11 22:25:29.789685398,c_cmp_3_p_pl_07_cr_cr_3,synthetic
t_002989,u_01112,click,cmp_3,pl_09,cr_0,2026-08-11 22:32:24.713352765,c_cmp_3_p_pl_09_cr_cr_0,synthetic
t_000009,u_00003,click,cmp_4,pl_03,cr_0,2026-08-11 22:33:04.282069471,c_cmp_4_p_pl_03_cr_cr_0,synthetic
t_002990,u_01112,bot_start,cmp_3,pl_09,cr_0,2026-08-11 22:43:00.713352765,c_cmp_3_p_pl_09_cr_cr_0,synthetic
t_002369,u_00883,click,cmp_3,pl_07,cr_3,2026-08-11 22:45:34.545154463,c_cmp_3_p_pl_07_cr_cr_3,synthetic
t_002345,u_00870,click,cmp_0,pl_04,cr_3,2026-08-11 22:55:00.307448398,c_cmp_0_p_pl_04_cr_cr_3,synthetic
t_004584,u_01688,click,cmp_2,pl_08,cr_1,2026-08-11 23:02:34.027177898,c_cmp_2_p_pl_08_cr_cr_1,synthetic
t_003726,u_01376,click,cmp_3,pl_07,cr_3,2026-08-11 23:18:10.438058332,c_cmp_3_p_pl_07_cr_cr_3,synthetic
t_003722,u_01374,click,cmp_2,pl_02,cr_2,2026-08-11 23:25:12.068072193,c_cmp_2_p_pl_02_cr_cr_2,synthetic
t_003289,u_01222,click,cmp_3,pl_09,cr_0,2026-08-11 23:26:20.438893801,c_cmp_3_p_pl_09_cr_cr_0,synthetic
t_002991,u_01112,lead,cmp_3,pl_09,cr_0,2026-08-11 23:38:00.713352765,c_cmp_3_p_pl_09_cr_cr_0,synthetic
t_003727,u_01376,bot_start,cmp_3,pl_07,cr_3,2026-08-11 23:44:41.438058332,c_cmp_3_p_pl_07_cr_cr_3,synthetic
t_001859,u_00696,click,cmp_0,pl_04,cr_3,2026-08-11 23:47:22.143777226,c_cmp_0_p_pl_04_cr_cr_3,synthetic
t_002210,u_00823,click,cmp_2,pl_02,cr_2,2026-08-11 23:53:18.232956339,c_cmp_2_p_pl_02_cr_cr_2,synthetic
t_001471,u_00538,click,cmp_0,pl_01,cr_4,2026-08-11 23:54:27.017686684,c_cmp_0_p_pl_01_cr_cr_4,synthetic
t_000680,u_00236,click,cmp_0,pl_04,cr_3,2026-08-12 00:02:49.729560812,c_cmp_0_p_pl_04_cr_cr_3,synthetic
t_001605,u_00590,click,cmp_0,pl_04,cr_3,2026-08-12 00:09:46.123897549,c_cmp_0_p_pl_04_cr_cr_3,synthetic
t_003869,u_01431,click,cmp_0,pl_01,cr_4,2026-08-12 00:14:54.932939889,c_cmp_0_p_pl_01_cr_cr_4,synthetic
t_003728,u_01376,lead,cmp_3,pl_07,cr_3,2026-08-12 00:21:41.438058332,c_cmp_3_p_pl_07_cr_cr_3,synthetic
t_003540,u_01310,click,cmp_4,pl_03,cr_0,2026-08-12 00:24:16.136257114,c_cmp_4_p_pl_03_cr_cr_0,synthetic
t_004737,u_01752,click,cmp_2,pl_02,cr_2,2026-08-12 00:36:18.106106960,c_cmp_2_p_pl_02_cr_cr_2,synthetic
t_000540,u_00190,click,cmp_3,pl_09,cr_0,2026-08-12 00:37:17.461385544,c_cmp_3_p_pl_09_cr_cr_0,synthetic
t_003541,u_01310,bot_start,cmp_4,pl_03,cr_0,2026-08-12 00:38:04.136257114,c_cmp_4_p_pl_03_cr_cr_0,synthetic
t_004738,u_01752,bot_start,cmp_2,pl_02,cr_2,2026-08-12 00:46:14.106106960,c_cmp_2_p_pl_02_cr_cr_2,synthetic
t_002791,u_01042,click,cmp_2,pl_00,cr_0,2026-08-12 00:58:36.786151706,c_cmp_2_p_pl_00_cr_cr_0,synthetic
t_003870,u_01431,bot_start,cmp_0,pl_01,cr_4,2026-08-12 01:03:19.932939889,c_cmp_0_p_pl_01_cr_cr_4,synthetic
t_000541,u_00190,bot_start,cmp_3,pl_09,cr_0,2026-08-12 01:12:42.461385544,c_cmp_3_p_pl_09_cr_cr_0,synthetic
t_004384,u_01615,click,cmp_3,pl_07,cr_3,2026-08-12 01:19:04.208832671,c_cmp_3_p_pl_07_cr_cr_3,synthetic
t_004739,u_01752,lead,cmp_2,pl_02,cr_2,2026-08-12 01:40:14.106106960,c_cmp_2_p_pl_02_cr_cr_2,synthetic
t_003264,u_01209,click,cmp_3,pl_09,cr_0,2026-08-12 01:44:35.281202324,c_cmp_3_p_pl_09_cr_cr_0,synthetic
t_004385,u_01615,bot_start,cmp_3,pl_07,cr_3,2026-08-12 02:06:02.208832671,c_cmp_3_p_pl_07_cr_cr_3,synthetic
t_000423,u_00148,click,cmp_4,pl_03,cr_0,2026-08-12 02:12:33.670161546,c_cmp_4_p_pl_03_cr_cr_0,synthetic
t_000320,u_00110,click,cmp_2,pl_02,cr_2,2026-08-12 02:20:40.806994680,c_cmp_2_p_pl_02_cr_cr_2,synthetic
t_000344,u_00120,click,cmp_3,pl_07,cr_3,2026-08-12 02:38:24.087238891,c_cmp_3_p_pl_07_cr_cr_3,synthetic
t_003265,u_01209,bot_start,cmp_3,pl_09,cr_0,2026-08-12 02:38:54.281202324,c_cmp_3_p_pl_09_cr_cr_0,synthetic
t_002655,u_00990,click,cmp_3,pl_07,cr_3,2026-08-12 02:52:37.688114485,c_cmp_3_p_pl_07_cr_cr_3,synthetic
t_005157,u_01915,click,cmp_2,pl_02,cr_2,2026-08-12 03:04:28.648153703,c_cmp_2_p_pl_02_cr_cr_2,synthetic
t_001178,u_00433,click,cmp_0,pl_04,cr_3,2026-08-12 03:28:35.037289157,c_cmp_0_p_pl_04_cr_cr_3,synthetic
t_003002,u_01116,click,cmp_2,pl_05,cr_4,2026-08-12 03:58:06.117223603,c_cmp_2_p_pl_05_cr_cr_4,synthetic
t_001975,u_00738,click,cmp_1,pl_06,cr_2,2026-08-12 04:20:58.845463174,c_cmp_1_p_pl_06_cr_cr_2,synthetic
t_003003,u_01116,bot_start,cmp_2,pl_05,cr_4,2026-08-12 04:36:53.117223603,c_cmp_2_p_pl_05_cr_cr_4,synthetic
t_004165,u_01545,click,cmp_0,pl_01,cr_4,2026-08-12 04:40:58.235552801,c_cmp_0_p_pl_01_cr_cr_4,synthetic
t_003995,u_01474,click,cmp_0,pl_04,cr_3,2026-08-12 04:41:45.358744172,c_cmp_0_p_pl_04_cr_cr_3,synthetic
t_000736,u_00263,click,cmp_1,pl_06,cr_2,2026-08-12 04:54:11.998878278,c_cmp_1_p_pl_06_cr_cr_2,synthetic
t_003780,u_01392,click,cmp_0,pl_01,cr_4,2026-08-12 04:54:35.334737929,c_cmp_0_p_pl_01_cr_cr_4,synthetic
t_003292,u_01223,click,cmp_0,pl_04,cr_3,2026-08-12 04:59:55.262028530,c_cmp_0_p_pl_04_cr_cr_3,synthetic
t_003996,u_01474,bot_start,cmp_0,pl_04,cr_3,2026-08-12 05:01:56.358744172,c_cmp_0_p_pl_04_cr_cr_3,synthetic
t_000910,u_00336,click,cmp_0,pl_04,cr_3,2026-08-12 05:05:36.957425984,c_cmp_0_p_pl_04_cr_cr_3,synthetic
t_001976,u_00738,bot_start,cmp_1,pl_06,cr_2,2026-08-12 05:12:59.845463174,c_cmp_1_p_pl_06_cr_cr_2,synthetic
t_000911,u_00336,bot_start,cmp_0,pl_04,cr_3,2026-08-12 05:20:57.957425984,c_cmp_0_p_pl_04_cr_cr_3,synthetic
t_005269,u_01955,click,cmp_1,pl_06,cr_2,2026-08-12 05:32:47.546917758,c_cmp_1_p_pl_06_cr_cr_2,synthetic
t_003828,u_01416,click,cmp_0,pl_01,cr_4,2026-08-12 05:34:40.824355974,c_cmp_0_p_pl_01_cr_cr_4,synthetic
t_002707,u_01010,click,cmp_4,pl_03,cr_0,2026-08-12 05:35:59.483614774,c_cmp_4_p_pl_03_cr_cr_0,synthetic
t_001977,u_00738,lead,cmp_1,pl_06,cr_2,2026-08-12 05:42:59.845463174,c_cmp_1_p_pl_06_cr_cr_2,synthetic
t_003309,u_01230,click,cmp_0,pl_01,cr_4,2026-08-12 05:53:03.801154787,c_cmp_0_p_pl_01_cr_cr_4,synthetic
t_003650,u_01349,click,cmp_3,pl_09,cr_0,2026-08-12 05:56:42.920612583,c_cmp_3_p_pl_09_cr_cr_0,synthetic
t_003415,u_01266,click,cmp_1,pl_06,cr_2,2026-08-12 05:59:29.187685632,c_cmp_1_p_pl_06_cr_cr_2,synthetic
t_003538,u_01309,click,cmp_2,pl_00,cr_0,2026-08-12 06:02:12.879959190,c_cmp_2_p_pl_00_cr_cr_0,synthetic
t_003829,u_01416,bot_start,cmp_0,pl_01,cr_4,2026-08-12 06:03:21.824355974,c_cmp_0_p_pl_01_cr_cr_4,synthetic
t_003416,u_01266,bot_start,cmp_1,pl_06,cr_2,2026-08-12 06:03:43.187685632,c_cmp_1_p_pl_06_cr_cr_2,synthetic
t_004225,u_01566,click,cmp_2,pl_08,cr_1,2026-08-12 06:03:52.339644299,c_cmp_2_p_pl_08_cr_cr_1,synthetic
t_004607,u_01700,click,cmp_2,pl_02,cr_2,2026-08-12 06:04:08.740344029,c_cmp_2_p_pl_02_cr_cr_2,synthetic
t_001756,u_00654,click,cmp_0,pl_01,cr_4,2026-08-12 06:28:00.391849707,c_cmp_0_p_pl_01_cr_cr_4,synthetic
t_002916,u_01083,click,cmp_0,pl_01,cr_4,2026-08-12 06:38:42.797616595,c_cmp_0_p_pl_01_cr_cr_4,synthetic
t_002223,u_00829,click,cmp_0,pl_04,cr_3,2026-08-12 06:41:00.962483737,c_cmp_0_p_pl_04_cr_cr_3,synthetic
t_004335,u_01599,click,cmp_2,pl_00,cr_0,2026-08-12 06:42:17.002276206,c_cmp_2_p_pl_00_cr_cr_0,synthetic
t_003310,u_01230,bot_start,cmp_0,pl_01,cr_4,2026-08-12 06:51:12.801154787,c_cmp_0_p_pl_01_cr_cr_4,synthetic
t_001485,u_00546,click,cmp_3,pl_07,cr_3,2026-08-12 06:51:13.463361943,c_cmp_3_p_pl_07_cr_cr_3,synthetic
t_000547,u_00192,click,cmp_0,pl_01,cr_4,2026-08-12 06:51:49.503770765,c_cmp_0_p_pl_01_cr_cr_4,synthetic
t_003417,u_01266,lead,cmp_1,pl_06,cr_2,2026-08-12 06:56:43.187685632,c_cmp_1_p_pl_06_cr_cr_2,synthetic
t_004519,u_01665,click,cmp_0,pl_01,cr_4,2026-08-12 07:13:35.603682288,c_cmp_0_p_pl_01_cr_cr_4,synthetic
t_000568,u_00199,click,cmp_1,pl_06,cr_2,2026-08-12 07:16:52.725702437,c_cmp_1_p_pl_06_cr_cr_2,synthetic
t_003018,u_01122,click,cmp_0,pl_04,cr_3,2026-08-12 07:20:38.372958353,c_cmp_0_p_pl_04_cr_cr_3,synthetic
t_003019,u_01122,bot_start,cmp_0,pl_04,cr_3,2026-08-12 07:24:05.372958353,c_cmp_0_p_pl_04_cr_cr_3,synthetic
t_003020,u_01122,lead,cmp_0,pl_04,cr_3,2026-08-12 07:32:05.372958353,c_cmp_0_p_pl_04_cr_cr_3,synthetic
t_002300,u_00853,click,cmp_2,pl_00,cr_0,2026-08-12 07:36:52.194451850,c_cmp_2_p_pl_00_cr_cr_0,synthetic
t_003311,u_01230,lead,cmp_0,pl_01,cr_4,2026-08-12 07:38:12.801154787,c_cmp_0_p_pl_01_cr_cr_4,synthetic
t_000569,u_00199,bot_start,cmp_1,pl_06,cr_2,2026-08-12 07:38:46.725702437,c_cmp_1_p_pl_06_cr_cr_2,synthetic
t_004000,u_01475,click,cmp_2,pl_00,cr_0,2026-08-12 08:03:11.227725020,c_cmp_2_p_pl_00_cr_cr_0,synthetic
t_002945,u_01097,click,cmp_4,pl_03,cr_0,2026-08-12 08:08:27.714340985,c_cmp_4_p_pl_03_cr_cr_0,synthetic
t_001502,u_00555,click,cmp_2,pl_02,cr_2,2026-08-12 08:15:53.391439365,c_cmp_2_p_pl_02_cr_cr_2,synthetic
t_001926,u_00721,click,cmp_0,pl_04,cr_3,2026-08-12 08:20:27.504088359,c_cmp_0_p_pl_04_cr_cr_3,synthetic
t_001416,u_00516,click,cmp_0,pl_01,cr_4,2026-08-12 08:21:59.512463131,c_cmp_0_p_pl_01_cr_cr_4,synthetic
t_001862,u_00698,click,cmp_3,pl_09,cr_0,2026-08-12 08:22:45.569660171,c_cmp_3_p_pl_09_cr_cr_0,synthetic
t_000794,u_00285,click,cmp_2,pl_08,cr_1,2026-08-12 08:29:18.140391039,c_cmp_2_p_pl_08_cr_cr_1,synthetic
t_000809,u_00291,click,cmp_2,pl_00,cr_0,2026-08-12 09:02:27.657186952,c_cmp_2_p_pl_00_cr_cr_0,synthetic
t_001927,u_00721,bot_start,cmp_0,pl_04,cr_3,2026-08-12 09:15:08.504088359,c_cmp_0_p_pl_04_cr_cr_3,synthetic
t_004766,u_01762,click,cmp_3,pl_09,cr_0,2026-08-12 09:58:45.953402817,c_cmp_3_p_pl_09_cr_cr_0,synthetic
t_002116,u_00789,click,cmp_2,pl_02,cr_2,2026-08-12 10:14:04.142845925,c_cmp_2_p_pl_02_cr_cr_2,synthetic
t_002723,u_01013,click,cmp_2,pl_02,cr_2,2026-08-12 10:16:51.944406884,c_cmp_2_p_pl_02_cr_cr_2,synthetic
t_000556,u_00195,click,cmp_0,pl_04,cr_3,2026-08-12 10:20:47.740052099,c_cmp_0_p_pl_04_cr_cr_3,synthetic
t_001049,u_00383,click,cmp_2,pl_02,cr_2,2026-08-12 10:43:38.917595675,c_cmp_2_p_pl_02_cr_cr_2,synthetic
t_001322,u_00479,click,cmp_1,pl_06,cr_2,2026-08-12 10:51:05.712786270,c_cmp_1_p_pl_06_cr_cr_2,synthetic
t_004334,u_01599,click,cmp_0,pl_01,cr_4,2026-08-12 11:48:43.381576323,c_cmp_0_p_pl_01_cr_cr_4,synthetic
t_000899,u_00331,click,cmp_4,pl_03,cr_0,2026-08-12 12:19:53.762890502,c_cmp_4_p_pl_03_cr_cr_0,synthetic
t_002451,u_00915,click,cmp_0,pl_01,cr_4,2026-08-12 13:00:15.361994372,c_cmp_0_p_pl_01_cr_cr_4,synthetic
t_002614,u_00977,click,cmp_0,pl_04,cr_3,2026-08-12 13:13:41.860104408,c_cmp_0_p_pl_04_cr_cr_3,synthetic
t_000245,u_00079,click,cmp_2,pl_00,cr_0,2026-08-12 13:22:37.629270929,c_cmp_2_p_pl_00_cr_cr_0,synthetic
t_005193,u_01932,click,cmp_3,pl_09,cr_0,2026-08-12 13:27:38.333408719,c_cmp_3_p_pl_09_cr_cr_0,synthetic
t_002522,u_00943,click,cmp_4,pl_03,cr_0,2026-08-12 13:47:12.391128340,c_cmp_4_p_pl_03_cr_cr_0,synthetic
t_004566,u_01683,click,cmp_3,pl_09,cr_0,2026-08-12 13:52:09.094857310,c_cmp_3_p_pl_09_cr_cr_0,synthetic
t_001011,u_00372,click,cmp_3,pl_07,cr_3,2026-08-12 14:05:14.816669177,c_cmp_3_p_pl_07_cr_cr_3,synthetic
t_004567,u_01683,bot_start,cmp_3,pl_09,cr_0,2026-08-12 14:07:22.094857310,c_cmp_3_p_pl_09_cr_cr_0,synthetic
t_002431,u_00909,click,cmp_3,pl_07,cr_3,2026-08-12 14:28:16.384843015,c_cmp_3_p_pl_07_cr_cr_3,synthetic
t_000751,u_00269,click,cmp_2,pl_08,cr_1,2026-08-12 14:39:58.126494436,c_cmp_2_p_pl_08_cr_cr_1,synthetic
t_004568,u_01683,lead,cmp_3,pl_09,cr_0,2026-08-12 14:44:22.094857310,c_cmp_3_p_pl_09_cr_cr_0,synthetic
t_002403,u_00896,click,cmp_2,pl_08,cr_1,2026-08-12 14:56:19.780409550,c_cmp_2_p_pl_08_cr_cr_1,synthetic
t_003785,u_01395,click,cmp_2,pl_00,cr_0,2026-08-12 15:03:11.249043155,c_cmp_2_p_pl_00_cr_cr_0,synthetic
t_004771,u_01764,click,cmp_3,pl_07,cr_3,2026-08-12 15:07:18.748647990,c_cmp_3_p_pl_07_cr_cr_3,synthetic
t_004683,u_01731,click,cmp_0,pl_01,cr_4,2026-08-12 15:25:43.086283247,c_cmp_0_p_pl_01_cr_cr_4,synthetic
t_000186,u_00058,click,cmp_1,pl_06,cr_2,2026-08-12 16:16:01.968930743,c_cmp_1_p_pl_06_cr_cr_2,synthetic
t_002653,u_00989,click,cmp_3,pl_09,cr_0,2026-08-12 16:20:50.232272761,c_cmp_3_p_pl_09_cr_cr_0,synthetic
t_000895,u_00329,click,cmp_2,pl_08,cr_1,2026-08-12 16:23:20.298227624,c_cmp_2_p_pl_08_cr_cr_1,synthetic
t_002123,u_00791,click,cmp_2,pl_02,cr_2,2026-08-12 16:36:58.404387147,c_cmp_2_p_pl_02_cr_cr_2,synthetic
t_004457,u_01639,click,cmp_4,pl_03,cr_0,2026-08-12 16:38:41.837791652,c_cmp_4_p_pl_03_cr_cr_0,synthetic
t_000201,u_00063,click,cmp_2,pl_05,cr_4,2026-08-12 16:45:58.463244092,c_cmp_2_p_pl_05_cr_cr_4,synthetic
t_002124,u_00791,bot_start,cmp_2,pl_02,cr_2,2026-08-12 16:57:25.404387147,c_cmp_2_p_pl_02_cr_cr_2,synthetic
t_003056,u_01137,click,cmp_4,pl_03,cr_0,2026-08-12 17:07:55.995402965,c_cmp_4_p_pl_03_cr_cr_0,synthetic
t_003120,u_01165,click,cmp_0,pl_01,cr_4,2026-08-12 17:24:34.134429928,c_cmp_0_p_pl_01_cr_cr_4,synthetic
t_004458,u_01639,bot_start,cmp_4,pl_03,cr_0,2026-08-12 17:31:40.837791652,c_cmp_4_p_pl_03_cr_cr_0,synthetic
t_003946,u_01458,click,cmp_3,pl_07,cr_3,2026-08-12 17:33:16.677500852,c_cmp_3_p_pl_07_cr_cr_3,synthetic
t_004109,u_01525,click,cmp_2,pl_02,cr_2,2026-08-12 17:40:55.511706984,c_cmp_2_p_pl_02_cr_cr_2,synthetic
t_001414,u_00515,click,cmp_4,pl_03,cr_0,2026-08-12 18:10:05.521873700,c_cmp_4_p_pl_03_cr_cr_0,synthetic
t_001478,u_00541,click,cmp_3,pl_07,cr_3,2026-08-12 18:10:31.422700987,c_cmp_3_p_pl_07_cr_cr_3,synthetic
t_003947,u_01458,bot_start,cmp_3,pl_07,cr_3,2026-08-12 18:13:34.677500852,c_cmp_3_p_pl_07_cr_cr_3,synthetic
t_001323,u_00480,click,cmp_2,pl_05,cr_4,2026-08-12 18:19:55.976077314,c_cmp_2_p_pl_05_cr_cr_4,synthetic
t_001324,u_00480,bot_start,cmp_2,pl_05,cr_4,2026-08-12 18:28:38.976077314,c_cmp_2_p_pl_05_cr_cr_4,synthetic
t_004110,u_01525,bot_start,cmp_2,pl_02,cr_2,2026-08-12 18:31:21.511706984,c_cmp_2_p_pl_02_cr_cr_2,synthetic
t_005235,u_01947,click,cmp_3,pl_09,cr_0,2026-08-12 18:32:01.202297841,c_cmp_3_p_pl_09_cr_cr_0,synthetic
t_003948,u_01458,lead,cmp_3,pl_07,cr_3,2026-08-12 18:33:34.677500852,c_cmp_3_p_pl_07_cr_cr_3,synthetic
t_003526,u_01305,click,cmp_2,pl_08,cr_1,2026-08-12 18:41:28.163791188,c_cmp_2_p_pl_08_cr_cr_1,synthetic
t_002613,u_00976,click,cmp_2,pl_05,cr_4,2026-08-12 18:45:14.173541202,c_cmp_2_p_pl_05_cr_cr_4,synthetic
t_004091,u_01518,click,cmp_1,pl_06,cr_2,2026-08-12 18:48:56.286971414,c_cmp_1_p_pl_06_cr_cr_2,synthetic
t_002943,u_01097,click,cmp_2,pl_02,cr_2,2026-08-12 18:53:32.456058725,c_cmp_2_p_pl_02_cr_cr_2,synthetic
t_004944,u_01828,click,cmp_0,pl_04,cr_3,2026-08-12 19:02:54.126411525,c_cmp_0_p_pl_04_cr_cr_3,synthetic
t_005236,u_01947,bot_start,cmp_3,pl_09,cr_0,2026-08-12 19:04:55.202297841,c_cmp_3_p_pl_09_cr_cr_0,synthetic
t_004424,u_01629,click,cmp_1,pl_06,cr_2,2026-08-12 19:11:06.272030540,c_cmp_1_p_pl_06_cr_cr_2,synthetic
t_001453,u_00532,click,cmp_2,pl_05,cr_4,2026-08-12 19:13:23.751686979,c_cmp_2_p_pl_05_cr_cr_4,synthetic
t_001606,u_00591,click,cmp_3,pl_09,cr_0,2026-08-12 19:19:55.203663904,c_cmp_3_p_pl_09_cr_cr_0,synthetic
t_003605,u_01334,click,cmp_0,pl_01,cr_4,2026-08-12 19:22:35.593829609,c_cmp_0_p_pl_01_cr_cr_4,synthetic
t_003687,u_01361,click,cmp_4,pl_03,cr_0,2026-08-12 19:34:19.750559267,c_cmp_4_p_pl_03_cr_cr_0,synthetic
t_003527,u_01305,bot_start,cmp_2,pl_08,cr_1,2026-08-12 19:39:20.163791188,c_cmp_2_p_pl_08_cr_cr_1,synthetic
t_004945,u_01828,bot_start,cmp_0,pl_04,cr_3,2026-08-12 19:44:41.126411525,c_cmp_0_p_pl_04_cr_cr_3,synthetic
t_002944,u_01097,bot_start,cmp_2,pl_02,cr_2,2026-08-12 19:50:54.456058725,c_cmp_2_p_pl_02_cr_cr_2,synthetic
t_005237,u_01947,lead,cmp_3,pl_09,cr_0,2026-08-12 19:57:55.202297841,c_cmp_3_p_pl_09_cr_cr_0,synthetic
t_000799,u_00288,click,cmp_2,pl_00,cr_0,2026-08-12 20:02:28.940893838,c_cmp_2_p_pl_00_cr_cr_0,synthetic
t_003468,u_01284,click,cmp_4,pl_03,cr_0,2026-08-12 20:24:48.685861826,c_cmp_4_p_pl_03_cr_cr_0,synthetic
t_001722,u_00638,click,cmp_3,pl_09,cr_0,2026-08-12 20:50:27.248448897,c_cmp_3_p_pl_09_cr_cr_0,synthetic
t_001723,u_00638,bot_start,cmp_3,pl_09,cr_0,2026-08-12 21:31:29.248448897,c_cmp_3_p_pl_09_cr_cr_0,synthetic
t_005125,u_01904,click,cmp_1,pl_06,cr_2,2026-08-12 21:32:34.585555770,c_cmp_1_p_pl_06_cr_cr_2,synthetic
t_001183,u_00434,click,cmp_2,pl_02,cr_2,2026-08-12 21:59:15.785929133,c_cmp_2_p_pl_02_cr_cr_2,synthetic
t_000883,u_00326,click,cmp_3,pl_07,cr_3,2026-08-12 22:16:06.906361090,c_cmp_3_p_pl_07_cr_cr_3,synthetic
t_000785,u_00282,click,cmp_2,pl_00,cr_0,2026-08-12 22:17:13.675646564,c_cmp_2_p_pl_00_cr_cr_0,synthetic
t_000884,u_00326,bot_start,cmp_3,pl_07,cr_3,2026-08-12 22:20:32.906361090,c_cmp_3_p_pl_07_cr_cr_3,synthetic
t_004197,u_01555,click,cmp_3,pl_09,cr_0,2026-08-12 22:36:12.382848320,c_cmp_3_p_pl_09_cr_cr_0,synthetic
t_000786,u_00282,bot_start,cmp_2,pl_00,cr_0,2026-08-12 22:52:44.675646564,c_cmp_2_p_pl_00_cr_cr_0,synthetic
t_004423,u_01629,click,cmp_3,pl_07,cr_3,2026-08-12 23:05:06.158236215,c_cmp_3_p_pl_07_cr_cr_3,synthetic
t_001363,u_00492,click,cmp_3,pl_07,cr_3,2026-08-12 23:27:04.778102711,c_cmp_3_p_pl_07_cr_cr_3,synthetic
t_001479,u_00541,click,cmp_1,pl_06,cr_2,2026-08-12 23:46:17.203522740,c_cmp_1_p_pl_06_cr_cr_2,synthetic
t_003896,u_01440,click,cmp_3,pl_07,cr_3,2026-08-12 23:57:38.181757643,c_cmp_3_p_pl_07_cr_cr_3,synthetic
t_002331,u_00864,click,cmp_2,pl_00,cr_0,2026-08-12 23:58:48.240302276,c_cmp_2_p_pl_00_cr_cr_0,synthetic
t_004085,u_01513,click,cmp_1,pl_06,cr_2,2026-08-13 00:01:07.460678164,c_cmp_1_p_pl_06_cr_cr_2,synthetic
t_004086,u_01513,bot_start,cmp_1,pl_06,cr_2,2026-08-13 00:22:15.460678164,c_cmp_1_p_pl_06_cr_cr_2,synthetic
t_002667,u_00996,click,cmp_3,pl_07,cr_3,2026-08-13 00:28:00.658541646,c_cmp_3_p_pl_07_cr_cr_3,synthetic
t_003897,u_01440,bot_start,cmp_3,pl_07,cr_3,2026-08-13 00:40:05.181757643,c_cmp_3_p_pl_07_cr_cr_3,synthetic
t_000316,u_00109,click,cmp_2,pl_05,cr_4,2026-08-13 00:51:14.546448391,c_cmp_2_p_pl_05_cr_cr_4,synthetic
t_003380,u_01252,click,cmp_2,pl_08,cr_1,2026-08-13 01:07:11.404212478,c_cmp_2_p_pl_08_cr_cr_1,synthetic
t_004168,u_01545,click,cmp_2,pl_08,cr_1,2026-08-13 01:08:00.916370892,c_cmp_2_p_pl_08_cr_cr_1,synthetic
t_004658,u_01720,click,cmp_0,pl_01,cr_4,2026-08-13 01:23:17.612513937,c_cmp_0_p_pl_01_cr_cr_4,synthetic
t_000890,u_00327,click,cmp_2,pl_00,cr_0,2026-08-13 01:25:51.655828871,c_cmp_2_p_pl_00_cr_cr_0,synthetic
t_004765,u_01761,click,cmp_1,pl_06,cr_2,2026-08-13 01:31:25.730307316,c_cmp_1_p_pl_06_cr_cr_2,synthetic
t_001829,u_00684,click,cmp_2,pl_02,cr_2,2026-08-13 01:32:34.810019750,c_cmp_2_p_pl_02_cr_cr_2,synthetic
t_002393,u_00893,click,cmp_2,pl_05,cr_4,2026-08-13 01:32:56.341454578,c_cmp_2_p_pl_05_cr_cr_4,synthetic
t_005019,u_01857,click,cmp_2,pl_00,cr_0,2026-08-13 01:34:16.284066541,c_cmp_2_p_pl_00_cr_cr_0,synthetic
t_005262,u_01954,click,cmp_2,pl_02,cr_2,2026-08-13 01:35:58.081941970,c_cmp_2_p_pl_02_cr_cr_2,synthetic
t_001348,u_00489,click,cmp_0,pl_01,cr_4,2026-08-13 01:47:45.847251809,c_cmp_0_p_pl_01_cr_cr_4,synthetic
t_002740,u_01019,click,cmp_1,pl_06,cr_2,2026-08-13 01:48:42.902788136,c_cmp_1_p_pl_06_cr_cr_2,synthetic
t_003247,u_01206,click,cmp_3,pl_07,cr_3,2026-08-13 01:51:15.247798765,c_cmp_3_p_pl_07_cr_cr_3,synthetic
t_000511,u_00181,click,cmp_2,pl_05,cr_4,2026-08-13 02:10:52.938406355,c_cmp_2_p_pl_05_cr_cr_4,synthetic
t_001349,u_00489,bot_start,cmp_0,pl_01,cr_4,2026-08-13 02:20:35.847251809,c_cmp_0_p_pl_01_cr_cr_4,synthetic
t_001830,u_00684,bot_start,cmp_2,pl_02,cr_2,2026-08-13 02:29:28.810019750,c_cmp_2_p_pl_02_cr_cr_2,synthetic
t_000211,u_00066,click,cmp_2,pl_02,cr_2,2026-08-13 02:30:25.743658987,c_cmp_2_p_pl_02_cr_cr_2,synthetic
t_000212,u_00066,bot_start,cmp_2,pl_02,cr_2,2026-08-13 02:33:21.743658987,c_cmp_2_p_pl_02_cr_cr_2,synthetic
t_003248,u_01206,bot_start,cmp_3,pl_07,cr_3,2026-08-13 02:35:41.247798765,c_cmp_3_p_pl_07_cr_cr_3,synthetic
t_001069,u_00390,click,cmp_2,pl_05,cr_4,2026-08-13 02:52:14.007137098,c_cmp_2_p_pl_05_cr_cr_4,synthetic
t_003529,u_01306,click,cmp_2,pl_08,cr_1,2026-08-13 02:57:48.632165269,c_cmp_2_p_pl_08_cr_cr_1,synthetic
t_001831,u_00684,lead,cmp_2,pl_02,cr_2,2026-08-13 03:01:28.810019750,c_cmp_2_p_pl_02_cr_cr_2,synthetic
t_000499,u_00175,click,cmp_3,pl_09,cr_0,2026-08-13 03:05:30.650963173,c_cmp_3_p_pl_09_cr_cr_0,synthetic
t_001070,u_00390,bot_start,cmp_2,pl_05,cr_4,2026-08-13 03:07:43.007137098,c_cmp_2_p_pl_05_cr_cr_4,synthetic
t_003530,u_01306,bot_start,cmp_2,pl_08,cr_1,2026-08-13 03:09:06.632165269,c_cmp_2_p_pl_08_cr_cr_1,synthetic
t_001935,u_00724,click,cmp_2,pl_05,cr_4,2026-08-13 03:10:11.448763408,c_cmp_2_p_pl_05_cr_cr_4,synthetic
t_003249,u_01206,lead,cmp_3,pl_07,cr_3,2026-08-13 03:15:41.247798765,c_cmp_3_p_pl_07_cr_cr_3,synthetic
t_002547,u_00953,click,cmp_3,pl_09,cr_0,2026-08-13 03:21:13.018490592,c_cmp_3_p_pl_09_cr_cr_0,synthetic
t_001667,u_00612,click,cmp_2,pl_02,cr_2,2026-08-13 03:26:30.941058083,c_cmp_2_p_pl_02_cr_cr_2,synthetic
t_004826,u_01780,click,cmp_2,pl_00,cr_0,2026-08-13 03:28:20.467988332,c_cmp_2_p_pl_00_cr_cr_0,synthetic
t_003955,u_01459,click,cmp_2,pl_05,cr_4,2026-08-13 03:38:01.188834146,c_cmp_2_p_pl_05_cr_cr_4,synthetic
t_002813,u_01047,click,cmp_0,pl_01,cr_4,2026-08-13 03:40:59.161705254,c_cmp_0_p_pl_01_cr_cr_4,synthetic
t_001769,u_00659,click,cmp_0,pl_01,cr_4,2026-08-13 04:01:41.232080815,c_cmp_0_p_pl_01_cr_cr_4,synthetic
t_003531,u_01306,lead,cmp_2,pl_08,cr_1,2026-08-13 04:05:06.632165269,c_cmp_2_p_pl_08_cr_cr_1,synthetic
t_003997,u_01474,click,cmp_2,pl_08,cr_1,2026-08-13 04:19:40.043785611,c_cmp_2_p_pl_08_cr_cr_1,synthetic
t_004398,u_01620,click,cmp_2,pl_08,cr_1,2026-08-13 04:30:06.224455672,c_cmp_2_p_pl_08_cr_cr_1,synthetic
t_000902,u_00333,click,cmp_0,pl_01,cr_4,2026-08-13 04:49:23.159597238,c_cmp_0_p_pl_01_cr_cr_4,synthetic
t_004633,u_01710,click,cmp_3,pl_09,cr_0,2026-08-13 04:55:59.298210344,c_cmp_3_p_pl_09_cr_cr_0,synthetic
t_004111,u_01526,click,cmp_2,pl_02,cr_2,2026-08-13 04:58:21.419591547,c_cmp_2_p_pl_02_cr_cr_2,synthetic
t_001103,u_00401,click,cmp_2,pl_05,cr_4,2026-08-13 05:02:29.691386116,c_cmp_2_p_pl_05_cr_cr_4,synthetic
t_003636,u_01346,click,cmp_0,pl_01,cr_4,2026-08-13 05:07:55.648975778,c_cmp_0_p_pl_01_cr_cr_4,synthetic
t_001770,u_00659,click,cmp_3,pl_09,cr_0,2026-08-13 05:24:36.459076018,c_cmp_3_p_pl_09_cr_cr_0,synthetic
t_000078,u_00024,click,cmp_2,pl_05,cr_4,2026-08-13 05:27:22.202420414,c_cmp_2_p_pl_05_cr_cr_4,synthetic
t_002458,u_00919,click,cmp_4,pl_03,cr_0,2026-08-13 05:33:22.229875973,c_cmp_4_p_pl_03_cr_cr_0,synthetic
t_000852,u_00312,click,cmp_1,pl_06,cr_2,2026-08-13 05:35:55.608840901,c_cmp_1_p_pl_06_cr_cr_2,synthetic
t_004634,u_01710,bot_start,cmp_3,pl_09,cr_0,2026-08-13 05:36:38.298210344,c_cmp_3_p_pl_09_cr_cr_0,synthetic
t_003637,u_01346,bot_start,cmp_0,pl_01,cr_4,2026-08-13 05:41:37.648975778,c_cmp_0_p_pl_01_cr_cr_4,synthetic
t_002469,u_00922,click,cmp_0,pl_04,cr_3,2026-08-13 05:48:57.650548507,c_cmp_0_p_pl_04_cr_cr_3,synthetic
t_004514,u_01662,click,cmp_2,pl_08,cr_1,2026-08-13 05:49:37.513092175,c_cmp_2_p_pl_08_cr_cr_1,synthetic
t_003638,u_01346,lead,cmp_0,pl_01,cr_4,2026-08-13 05:50:37.648975778,c_cmp_0_p_pl_01_cr_cr_4,synthetic
t_004791,u_01768,click,cmp_1,pl_06,cr_2,2026-08-13 06:05:20.005203808,c_cmp_1_p_pl_06_cr_cr_2,synthetic
t_005192,u_01932,click,cmp_2,pl_05,cr_4,2026-08-13 06:05:41.296066625,c_cmp_2_p_pl_05_cr_cr_4,synthetic
t_001109,u_00403,click,cmp_0,pl_01,cr_4,2026-08-13 06:09:06.821607118,c_cmp_0_p_pl_01_cr_cr_4,synthetic
t_003573,u_01321,click,cmp_3,pl_09,cr_0,2026-08-13 06:13:23.102408785,c_cmp_3_p_pl_09_cr_cr_0,synthetic
t_000853,u_00312,bot_start,cmp_1,pl_06,cr_2,2026-08-13 06:28:49.608840901,c_cmp_1_p_pl_06_cr_cr_2,synthetic
t_004635,u_01710,lead,cmp_3,pl_09,cr_0,2026-08-13 06:33:38.298210344,c_cmp_3_p_pl_09_cr_cr_0,synthetic
t_000854,u_00312,lead,cmp_1,pl_06,cr_2,2026-08-13 06:41:49.608840901,c_cmp_1_p_pl_06_cr_cr_2,synthetic
t_000710,u_00250,click,cmp_4,pl_03,cr_0,2026-08-13 06:45:26.524043094,c_cmp_4_p_pl_03_cr_cr_0,synthetic
t_001472,u_00539,click,cmp_2,pl_08,cr_1,2026-08-13 06:48:27.901587319,c_cmp_2_p_pl_08_cr_cr_1,synthetic
t_001586,u_00583,click,cmp_1,pl_06,cr_2,2026-08-13 06:48:38.451275558,c_cmp_1_p_pl_06_cr_cr_2,synthetic
t_005240,u_01948,click,cmp_0,pl_01,cr_4,2026-08-13 07:47:00.025174538,c_cmp_0_p_pl_01_cr_cr_4,synthetic
t_005199,u_01935,click,cmp_2,pl_08,cr_1,2026-08-13 07:49:49.989043777,c_cmp_2_p_pl_08_cr_cr_1,synthetic
t_001357,u_00491,click,cmp_3,pl_07,cr_3,2026-08-13 07:59:55.311155718,c_cmp_3_p_pl_07_cr_cr_3,synthetic
t_002953,u_01099,click,cmp_3,pl_07,cr_3,2026-08-13 08:23:32.588076169,c_cmp_3_p_pl_07_cr_cr_3,synthetic
t_000475,u_00167,click,cmp_3,pl_09,cr_0,2026-08-13 08:41:41.488575212,c_cmp_3_p_pl_09_cr_cr_0,synthetic
t_000282,u_00099,click,cmp_0,pl_01,cr_4,2026-08-13 08:49:40.548865519,c_cmp_0_p_pl_01_cr_cr_4,synthetic
t_000283,u_00099,bot_start,cmp_0,pl_01,cr_4,2026-08-13 09:02:31.548865519,c_cmp_0_p_pl_01_cr_cr_4,synthetic
t_000284,u_00099,lead,cmp_0,pl_01,cr_4,2026-08-13 09:12:31.548865519,c_cmp_0_p_pl_01_cr_cr_4,synthetic
t_002287,u_00848,click,cmp_0,pl_04,cr_3,2026-08-13 09:26:53.690263613,c_cmp_0_p_pl_04_cr_cr_3,synthetic
t_002936,u_01093,click,cmp_2,pl_08,cr_1,2026-08-13 09:37:37.580307617,c_cmp_2_p_pl_08_cr_cr_1,synthetic
t_001969,u_00735,click,cmp_4,pl_03,cr_0,2026-08-13 09:41:14.034658841,c_cmp_4_p_pl_03_cr_cr_0,synthetic
t_000671,u_00233,click,cmp_0,pl_04,cr_3,2026-08-13 10:02:23.249000495,c_cmp_0_p_pl_04_cr_cr_3,synthetic
t_001645,u_00604,click,cmp_2,pl_02,cr_2,2026-08-13 10:21:07.209276057,c_cmp_2_p_pl_02_cr_cr_2,synthetic
t_002288,u_00848,bot_start,cmp_0,pl_04,cr_3,2026-08-13 10:21:49.690263613,c_cmp_0_p_pl_04_cr_cr_3,synthetic
t_001992,u_00746,click,cmp_3,pl_09,cr_0,2026-08-13 10:30:29.390659168,c_cmp_3_p_pl_09_cr_cr_0,synthetic
t_000800,u_00288,click,cmp_2,pl_05,cr_4,2026-08-13 10:33:02.500485044,c_cmp_2_p_pl_05_cr_cr_4,synthetic
t_000920,u_00338,click,cmp_1,pl_06,cr_2,2026-08-13 10:36:20.242499995,c_cmp_1_p_pl_06_cr_cr_2,synthetic
t_004912,u_01815,click,cmp_3,pl_09,cr_0,2026-08-13 10:58:14.317198315,c_cmp_3_p_pl_09_cr_cr_0,synthetic
t_001646,u_00604,bot_start,cmp_2,pl_02,cr_2,2026-08-13 10:59:24.209276057,c_cmp_2_p_pl_02_cr_cr_2,synthetic
t_001604,u_00590,click,cmp_0,pl_01,cr_4,2026-08-13 10:59:50.771920386,c_cmp_0_p_pl_01_cr_cr_4,synthetic
t_004585,u_01689,click,cmp_1,pl_06,cr_2,2026-08-13 11:10:10.920091574,c_cmp_1_p_pl_06_cr_cr_2,synthetic
t_003414,u_01265,click,cmp_2,pl_02,cr_2,2026-08-13 11:15:46.887046172,c_cmp_2_p_pl_02_cr_cr_2,synthetic
t_001647,u_00604,lead,cmp_2,pl_02,cr_2,2026-08-13 11:29:24.209276057,c_cmp_2_p_pl_02_cr_cr_2,synthetic
t_002585,u_00966,click,cmp_0,pl_04,cr_3,2026-08-13 11:48:53.749410015,c_cmp_0_p_pl_04_cr_cr_3,synthetic
t_001059,u_00388,click,cmp_0,pl_01,cr_4,2026-08-13 11:55:41.492000081,c_cmp_0_p_pl_01_cr_cr_4,synthetic
t_001548,u_00572,click,cmp_1,pl_06,cr_2,2026-08-13 12:29:11.519361841,c_cmp_1_p_pl_06_cr_cr_2,synthetic
t_001144,u_00418,click,cmp_3,pl_07,cr_3,2026-08-13 12:33:36.601980544,c_cmp_3_p_pl_07_cr_cr_3,synthetic
t_002586,u_00966,bot_start,cmp_0,pl_04,cr_3,2026-08-13 12:35:51.749410015,c_cmp_0_p_pl_04_cr_cr_3,synthetic
t_002090,u_00781,click,cmp_1,pl_06,cr_2,2026-08-13 12:47:43.484340563,c_cmp_1_p_pl_06_cr_cr_2,synthetic
t_000587,u_00206,click,cmp_2,pl_05,cr_4,2026-08-13 13:00:35.568443668,c_cmp_2_p_pl_05_cr_cr_4,synthetic
t_003734,u_01378,click,cmp_2,pl_02,cr_2,2026-08-13 13:04:18.357966016,c_cmp_2_p_pl_02_cr_cr_2,synthetic
t_003196,u_01189,click,cmp_0,pl_01,cr_4,2026-08-13 13:09:03.689651166,c_cmp_0_p_pl_01_cr_cr_4,synthetic
t_003046,u_01133,click,cmp_3,pl_07,cr_3,2026-08-13 13:12:00.488145820,c_cmp_3_p_pl_07_cr_cr_3,synthetic
t_005111,u_01899,click,cmp_0,pl_04,cr_3,2026-08-13 13:15:55.737374872,c_cmp_0_p_pl_04_cr_cr_3,synthetic
t_001549,u_00572,bot_start,cmp_1,pl_06,cr_2,2026-08-13 13:19:18.519361841,c_cmp_1_p_pl_06_cr_cr_2,synthetic
t_002268,u_00842,click,cmp_2,pl_00,cr_0,2026-08-13 13:34:54.172237154,c_cmp_2_p_pl_00_cr_cr_0,synthetic
t_000659,u_00226,click,cmp_2,pl_05,cr_4,2026-08-13 13:35:55.587105892,c_cmp_2_p_pl_05_cr_cr_4,synthetic
t_004863,u_01799,click,cmp_0,pl_01,cr_4,2026-08-13 13:43:58.264990023,c_cmp_0_p_pl_01_cr_cr_4,synthetic
t_003937,u_01455,click,cmp_2,pl_05,cr_4,2026-08-13 14:24:51.666277979,c_cmp_2_p_pl_05_cr_cr_4,synthetic
t_003994,u_01474,click,cmp_1,pl_06,cr_2,2026-08-13 14:31:25.030815105,c_cmp_1_p_pl_06_cr_cr_2,synthetic
t_003271,u_01214,click,cmp_0,pl_04,cr_3,2026-08-13 14:48:21.073238937,c_cmp_0_p_pl_04_cr_cr_3,synthetic
t_000352,u_00124,click,cmp_2,pl_00,cr_0,2026-08-13 15:02:38.306200474,c_cmp_2_p_pl_00_cr_cr_0,synthetic
t_002568,u_00960,click,cmp_2,pl_00,cr_0,2026-08-13 15:09:40.924167810,c_cmp_2_p_pl_00_cr_cr_0,synthetic
t_002147,u_00802,click,cmp_2,pl_00,cr_0,2026-08-13 15:24:10.897558241,c_cmp_2_p_pl_00_cr_cr_0,synthetic
t_002351,u_00874,click,cmp_3,pl_09,cr_0,2026-08-13 16:02:36.177090901,c_cmp_3_p_pl_09_cr_cr_0,synthetic
t_002352,u_00874,bot_start,cmp_3,pl_09,cr_0,2026-08-13 16:05:40.177090901,c_cmp_3_p_pl_09_cr_cr_0,synthetic
t_003237,u_01203,click,cmp_1,pl_06,cr_2,2026-08-13 16:09:18.275445587,c_cmp_1_p_pl_06_cr_cr_2,synthetic
t_003152,u_01175,click,cmp_0,pl_04,cr_3,2026-08-13 16:09:22.519929704,c_cmp_0_p_pl_04_cr_cr_3,synthetic
t_003153,u_01175,bot_start,cmp_0,pl_04,cr_3,2026-08-13 16:23:11.519929704,c_cmp_0_p_pl_04_cr_cr_3,synthetic
t_004951,u_01830,click,cmp_2,pl_00,cr_0,2026-08-13 16:47:51.495427273,c_cmp_2_p_pl_00_cr_cr_0,synthetic
t_000048,u_00014,click,cmp_4,pl_03,cr_0,2026-08-13 17:03:53.777302213,c_cmp_4_p_pl_03_cr_cr_0,synthetic
t_005364,u_01993,click,cmp_2,pl_00,cr_0,2026-08-13 17:23:05.644452388,c_cmp_2_p_pl_00_cr_cr_0,synthetic
t_000621,u_00217,click,cmp_2,pl_05,cr_4,2026-08-13 17:57:58.248835610,c_cmp_2_p_pl_05_cr_cr_4,synthetic
t_004301,u_01590,click,cmp_2,pl_05,cr_4,2026-08-13 18:05:44.069868700,c_cmp_2_p_pl_05_cr_cr_4,synthetic
t_001019,u_00374,click,cmp_0,pl_01,cr_4,2026-08-13 18:27:42.939434683,c_cmp_0_p_pl_01_cr_cr_4,synthetic
t_003107,u_01159,click,cmp_2,pl_00,cr_0,2026-08-13 18:29:08.891405795,c_cmp_2_p_pl_00_cr_cr_0,synthetic
t_002195,u_00819,click,cmp_3,pl_09,cr_0,2026-08-13 18:42:46.195451689,c_cmp_3_p_pl_09_cr_cr_0,synthetic
t_002412,u_00900,click,cmp_2,pl_08,cr_1,2026-08-13 18:55:02.340766110,c_cmp_2_p_pl_08_cr_cr_1,synthetic
t_005148,u_01913,click,cmp_0,pl_01,cr_4,2026-08-13 18:56:11.600597667,c_cmp_0_p_pl_01_cr_cr_4,synthetic
t_000631,u_00219,click,cmp_0,pl_01,cr_4,2026-08-13 18:56:31.051339009,c_cmp_0_p_pl_01_cr_cr_4,synthetic
t_001020,u_00374,bot_start,cmp_0,pl_01,cr_4,2026-08-13 19:01:38.939434683,c_cmp_0_p_pl_01_cr_cr_4,synthetic
t_002196,u_00819,bot_start,cmp_3,pl_09,cr_0,2026-08-13 19:01:57.195451689,c_cmp_3_p_pl_09_cr_cr_0,synthetic
t_002694,u_01003,click,cmp_4,pl_03,cr_0,2026-08-13 19:09:00.571456052,c_cmp_4_p_pl_03_cr_cr_0,synthetic
t_004838,u_01786,click,cmp_3,pl_09,cr_0,2026-08-13 19:10:42.761159264,c_cmp_3_p_pl_09_cr_cr_0,synthetic
t_004216,u_01562,click,cmp_4,pl_03,cr_0,2026-08-13 19:26:02.054479634,c_cmp_4_p_pl_03_cr_cr_0,synthetic
t_003201,u_01190,click,cmp_4,pl_03,cr_0,2026-08-13 19:29:59.043053221,c_cmp_4_p_pl_03_cr_cr_0,synthetic
t_003837,u_01418,click,cmp_0,pl_01,cr_4,2026-08-13 19:32:33.260873441,c_cmp_0_p_pl_01_cr_cr_4,synthetic
t_003170,u_01183,click,cmp_3,pl_09,cr_0,2026-08-13 19:37:27.182810118,c_cmp_3_p_pl_09_cr_cr_0,synthetic
t_002197,u_00819,lead,cmp_3,pl_09,cr_0,2026-08-13 19:38:57.195451689,c_cmp_3_p_pl_09_cr_cr_0,synthetic
t_005067,u_01879,click,cmp_2,pl_00,cr_0,2026-08-13 19:47:31.939138540,c_cmp_2_p_pl_00_cr_cr_0,synthetic
t_000632,u_00219,bot_start,cmp_0,pl_01,cr_4,2026-08-13 19:53:13.051339009,c_cmp_0_p_pl_01_cr_cr_4,synthetic
t_001021,u_00374,lead,cmp_0,pl_01,cr_4,2026-08-13 19:54:38.939434683,c_cmp_0_p_pl_01_cr_cr_4,synthetic
t_000633,u_00219,lead,cmp_0,pl_01,cr_4,2026-08-13 20:00:13.051339009,c_cmp_0_p_pl_01_cr_cr_4,synthetic
t_000615,u_00214,click,cmp_2,pl_00,cr_0,2026-08-13 20:02:19.532357730,c_cmp_2_p_pl_00_cr_cr_0,synthetic
t_002310,u_00857,click,cmp_2,pl_08,cr_1,2026-08-13 20:09:47.362705441,c_cmp_2_p_pl_08_cr_cr_1,synthetic
t_001804,u_00674,click,cmp_0,pl_04,cr_3,2026-08-13 20:21:06.100946072,c_cmp_0_p_pl_04_cr_cr_3,synthetic
t_002706,u_01009,click,cmp_2,pl_00,cr_0,2026-08-13 20:28:28.216341824,c_cmp_2_p_pl_00_cr_cr_0,synthetic
t_001931,u_00723,click,cmp_0,pl_01,cr_4,2026-08-13 20:44:45.124294811,c_cmp_0_p_pl_01_cr_cr_4,synthetic
t_003533,u_01306,click,cmp_1,pl_06,cr_2,2026-08-13 21:02:32.233769588,c_cmp_1_p_pl_06_cr_cr_2,synthetic
t_002179,u_00813,click,cmp_4,pl_03,cr_0,2026-08-13 21:10:37.393154481,c_cmp_4_p_pl_03_cr_cr_0,synthetic
t_002315,u_00860,click,cmp_2,pl_05,cr_4,2026-08-13 21:17:19.827259675,c_cmp_2_p_pl_05_cr_cr_4,synthetic
t_004409,u_01624,click,cmp_2,pl_08,cr_1,2026-08-13 21:22:01.128215446,c_cmp_2_p_pl_08_cr_cr_1,synthetic
t_001411,u_00513,click,cmp_0,pl_01,cr_4,2026-08-13 21:23:29.221577967,c_cmp_0_p_pl_01_cr_cr_4,synthetic
t_005035,u_01866,click,cmp_2,pl_00,cr_0,2026-08-13 21:38:39.385610357,c_cmp_2_p_pl_00_cr_cr_0,synthetic
t_005031,u_01865,click,cmp_2,pl_05,cr_4,2026-08-13 21:53:54.674691007,c_cmp_2_p_pl_05_cr_cr_4,synthetic
t_003174,u_01183,click,cmp_2,pl_05,cr_4,2026-08-13 22:04:21.781387235,c_cmp_2_p_pl_05_cr_cr_4,synthetic
t_003037,u_01130,click,cmp_3,pl_09,cr_0,2026-08-13 22:05:49.315282586,c_cmp_3_p_pl_09_cr_cr_0,synthetic
t_005032,u_01865,bot_start,cmp_2,pl_05,cr_4,2026-08-13 22:07:45.674691007,c_cmp_2_p_pl_05_cr_cr_4,synthetic
t_001877,u_00706,click,cmp_4,pl_03,cr_0,2026-08-13 22:21:28.949578639,c_cmp_4_p_pl_03_cr_cr_0,synthetic
t_005036,u_01866,bot_start,cmp_2,pl_00,cr_0,2026-08-13 22:24:52.385610357,c_cmp_2_p_pl_00_cr_cr_0,synthetic
t_001459,u_00536,click,cmp_0,pl_04,cr_3,2026-08-13 22:37:08.587302343,c_cmp_0_p_pl_04_cr_cr_3,synthetic
t_005037,u_01866,lead,cmp_2,pl_00,cr_0,2026-08-13 22:44:52.385610357,c_cmp_2_p_pl_00_cr_cr_0,synthetic
t_003748,u_01383,click,cmp_4,pl_03,cr_0,2026-08-13 22:51:42.282732250,c_cmp_4_p_pl_03_cr_cr_0,synthetic
t_003812,u_01410,click,cmp_3,pl_07,cr_3,2026-08-13 23:16:49.054733743,c_cmp_3_p_pl_07_cr_cr_3,synthetic
t_002605,u_00974,click,cmp_2,pl_08,cr_1,2026-08-13 23:44:59.995557789,c_cmp_2_p_pl_08_cr_cr_1,synthetic
t_002606,u_00974,bot_start,cmp_2,pl_08,cr_1,2026-08-14 00:34:48.995557789,c_cmp_2_p_pl_08_cr_cr_1,synthetic
t_001452,u_00531,click,cmp_2,pl_02,cr_2,2026-08-14 01:02:17.530069798,c_cmp_2_p_pl_02_cr_cr_2,synthetic
t_001973,u_00737,click,cmp_2,pl_08,cr_1,2026-08-14 01:15:56.964881272,c_cmp_2_p_pl_08_cr_cr_1,synthetic
t_001974,u_00737,bot_start,cmp_2,pl_08,cr_1,2026-08-14 01:23:14.964881272,c_cmp_2_p_pl_08_cr_cr_1,synthetic
t_004694,u_01734,click,cmp_2,pl_02,cr_2,2026-08-14 01:25:23.200833242,c_cmp_2_p_pl_02_cr_cr_2,synthetic
t_000020,u_00007,click,cmp_3,pl_09,cr_0,2026-08-14 01:45:01.824906604,c_cmp_3_p_pl_09_cr_cr_0,synthetic
t_001764,u_00657,click,cmp_0,pl_01,cr_4,2026-08-14 02:02:27.271180625,c_cmp_0_p_pl_01_cr_cr_4,synthetic
t_000021,u_00007,bot_start,cmp_3,pl_09,cr_0,2026-08-14 02:12:15.824906604,c_cmp_3_p_pl_09_cr_cr_0,synthetic
t_001381,u_00502,click,cmp_0,pl_01,cr_4,2026-08-14 02:21:54.537673757,c_cmp_0_p_pl_01_cr_cr_4,synthetic
t_000733,u_00263,click,cmp_3,pl_09,cr_0,2026-08-14 02:33:46.829391342,c_cmp_3_p_pl_09_cr_cr_0,synthetic
t_002113,u_00788,click,cmp_2,pl_08,cr_1,2026-08-14 02:43:43.872596513,c_cmp_2_p_pl_08_cr_cr_1,synthetic
t_002114,u_00788,bot_start,cmp_2,pl_08,cr_1,2026-08-14 02:44:57.872596513,c_cmp_2_p_pl_08_cr_cr_1,synthetic
t_001929,u_00722,click,cmp_3,pl_09,cr_0,2026-08-14 02:54:42.445481506,c_cmp_3_p_pl_09_cr_cr_0,synthetic
t_002306,u_00855,click,cmp_3,pl_07,cr_3,2026-08-14 03:02:08.096766803,c_cmp_3_p_pl_07_cr_cr_3,synthetic
t_003768,u_01389,click,cmp_2,pl_05,cr_4,2026-08-14 03:03:17.542337422,c_cmp_2_p_pl_05_cr_cr_4,synthetic
t_002307,u_00855,bot_start,cmp_3,pl_07,cr_3,2026-08-14 03:04:11.096766803,c_cmp_3_p_pl_07_cr_cr_3,synthetic
t_004310,u_01592,click,cmp_2,pl_00,cr_0,2026-08-14 03:09:54.845394129,c_cmp_2_p_pl_00_cr_cr_0,synthetic
t_001172,u_00428,click,cmp_2,pl_02,cr_2,2026-08-14 03:10:38.451186804,c_cmp_2_p_pl_02_cr_cr_2,synthetic
t_000634,u_00219,click,cmp_0,pl_01,cr_4,2026-08-14 03:13:43.239799805,c_cmp_0_p_pl_01_cr_cr_4,synthetic
t_002599,u_00972,click,cmp_3,pl_09,cr_0,2026-08-14 03:19:50.251415393,c_cmp_3_p_pl_09_cr_cr_0,synthetic
t_000488,u_00171,click,cmp_3,pl_09,cr_0,2026-08-14 03:25:52.829743743,c_cmp_3_p_pl_09_cr_cr_0,synthetic
t_000635,u_00219,bot_start,cmp_0,pl_01,cr_4,2026-08-14 03:35:10.239799805,c_cmp_0_p_pl_01_cr_cr_4,synthetic
t_004529,u_01668,click,cmp_2,pl_00,cr_0,2026-08-14 03:41:32.749470884,c_cmp_2_p_pl_00_cr_cr_0,synthetic
t_000636,u_00219,lead,cmp_0,pl_01,cr_4,2026-08-14 03:52:10.239799805,c_cmp_0_p_pl_01_cr_cr_4,synthetic
t_005012,u_01854,click,cmp_1,pl_06,cr_2,2026-08-14 03:59:11.660605131,c_cmp_1_p_pl_06_cr_cr_2,synthetic
t_000984,u_00365,click,cmp_2,pl_00,cr_0,2026-08-14 04:10:26.889482494,c_cmp_2_p_pl_00_cr_cr_0,synthetic
t_002842,u_01058,click,cmp_2,pl_02,cr_2,2026-08-14 04:14:00.070815937,c_cmp_2_p_pl_02_cr_cr_2,synthetic
t_004637,u_01711,click,cmp_4,pl_03,cr_0,2026-08-14 04:36:36.435254804,c_cmp_4_p_pl_03_cr_cr_0,synthetic
t_005167,u_01921,click,cmp_3,pl_09,cr_0,2026-08-14 04:42:41.976916118,c_cmp_3_p_pl_09_cr_cr_0,synthetic
t_004391,u_01617,click,cmp_2,pl_08,cr_1,2026-08-14 04:49:44.760365446,c_cmp_2_p_pl_08_cr_cr_1,synthetic
t_003856,u_01427,click,cmp_2,pl_00,cr_0,2026-08-14 04:53:37.488460688,c_cmp_2_p_pl_00_cr_cr_0,synthetic
t_000985,u_00365,bot_start,cmp_2,pl_00,cr_0,2026-08-14 05:07:06.889482494,c_cmp_2_p_pl_00_cr_cr_0,synthetic
t_003665,u_01353,click,cmp_2,pl_08,cr_1,2026-08-14 05:12:43.931798317,c_cmp_2_p_pl_08_cr_cr_1,synthetic
t_000474,u_00166,click,cmp_1,pl_06,cr_2,2026-08-14 05:16:19.699497950,c_cmp_1_p_pl_06_cr_cr_2,synthetic
t_004882,u_01805,click,cmp_0,pl_04,cr_3,2026-08-14 05:23:21.222767717,c_cmp_0_p_pl_04_cr_cr_3,synthetic
t_000986,u_00365,lead,cmp_2,pl_00,cr_0,2026-08-14 05:34:06.889482494,c_cmp_2_p_pl_00_cr_cr_0,synthetic
t_001078,u_00393,click,cmp_2,pl_08,cr_1,2026-08-14 05:35:45.413258386,c_cmp_2_p_pl_08_cr_cr_1,synthetic
t_001079,u_00393,bot_start,cmp_2,pl_08,cr_1,2026-08-14 05:49:08.413258386,c_cmp_2_p_pl_08_cr_cr_1,synthetic
t_004340,u_01601,click,cmp_3,pl_07,cr_3,2026-08-14 05:56:52.916695922,c_cmp_3_p_pl_07_cr_cr_3,synthetic
t_004885,u_01805,click,cmp_2,pl_00,cr_0,2026-08-14 06:28:40.405636328,c_cmp_2_p_pl_00_cr_cr_0,synthetic
t_001140,u_00416,click,cmp_1,pl_06,cr_2,2026-08-14 06:35:44.744104787,c_cmp_1_p_pl_06_cr_cr_2,synthetic
t_002471,u_00923,click,cmp_0,pl_04,cr_3,2026-08-14 06:36:44.157802797,c_cmp_0_p_pl_04_cr_cr_3,synthetic
t_002472,u_00923,bot_start,cmp_0,pl_04,cr_3,2026-08-14 07:18:10.157802797,c_cmp_0_p_pl_04_cr_cr_3,synthetic
t_003752,u_01385,click,cmp_4,pl_03,cr_0,2026-08-14 07:23:19.752260024,c_cmp_4_p_pl_03_cr_cr_0,synthetic
t_005075,u_01883,click,cmp_2,pl_00,cr_0,2026-08-14 07:37:21.129336624,c_cmp_2_p_pl_00_cr_cr_0,synthetic
t_004947,u_01828,click,cmp_4,pl_03,cr_0,2026-08-14 07:52:19.092833455,c_cmp_4_p_pl_03_cr_cr_0,synthetic
t_004948,u_01828,bot_start,cmp_4,pl_03,cr_0,2026-08-14 07:59:30.092833455,c_cmp_4_p_pl_03_cr_cr_0,synthetic
t_002788,u_01041,click,cmp_3,pl_07,cr_3,2026-08-14 08:02:06.277006056,c_cmp_3_p_pl_07_cr_cr_3,synthetic
t_002810,u_01046,click,cmp_2,pl_05,cr_4,2026-08-14 08:07:38.950801473,c_cmp_2_p_pl_05_cr_cr_4,synthetic
t_005263,u_01954,click,cmp_2,pl_00,cr_0,2026-08-14 08:09:57.156947508,c_cmp_2_p_pl_00_cr_cr_0,synthetic
t_005264,u_01954,bot_start,cmp_2,pl_00,cr_0,2026-08-14 08:26:02.156947508,c_cmp_2_p_pl_00_cr_cr_0,synthetic
t_005265,u_01954,lead,cmp_2,pl_00,cr_0,2026-08-14 08:34:02.156947508,c_cmp_2_p_pl_00_cr_cr_0,synthetic
t_001959,u_00731,click,cmp_3,pl_09,cr_0,2026-08-14 08:37:12.670300758,c_cmp_3_p_pl_09_cr_cr_0,synthetic
t_002619,u_00978,click,cmp_4,pl_03,cr_0,2026-08-14 08:44:01.361409453,c_cmp_4_p_pl_03_cr_cr_0,synthetic
t_000291,u_00102,click,cmp_2,pl_02,cr_2,2026-08-14 09:26:09.566650211,c_cmp_2_p_pl_02_cr_cr_2,synthetic
t_002620,u_00978,bot_start,cmp_4,pl_03,cr_0,2026-08-14 09:42:22.361409453,c_cmp_4_p_pl_03_cr_cr_0,synthetic
t_002658,u_00992,click,cmp_4,pl_03,cr_0,2026-08-14 09:45:11.553847639,c_cmp_4_p_pl_03_cr_cr_0,synthetic
t_000292,u_00102,bot_start,cmp_2,pl_02,cr_2,2026-08-14 09:50:18.566650211,c_cmp_2_p_pl_02_cr_cr_2,synthetic
t_003889,u_01439,click,cmp_2,pl_00,cr_0,2026-08-14 09:58:16.821755825,c_cmp_2_p_pl_00_cr_cr_0,synthetic
t_003772,u_01391,click,cmp_1,pl_06,cr_2,2026-08-14 09:58:47.682462600,c_cmp_1_p_pl_06_cr_cr_2,synthetic
t_002659,u_00992,bot_start,cmp_4,pl_03,cr_0,2026-08-14 10:17:17.553847639,c_cmp_4_p_pl_03_cr_cr_0,synthetic
t_000293,u_00102,lead,cmp_2,pl_02,cr_2,2026-08-14 10:18:18.566650211,c_cmp_2_p_pl_02_cr_cr_2,synthetic
t_004914,u_01816,click,cmp_0,pl_01,cr_4,2026-08-14 10:55:03.137724996,c_cmp_0_p_pl_01_cr_cr_4,synthetic
t_004323,u_01597,click,cmp_0,pl_01,cr_4,2026-08-14 10:59:35.656943121,c_cmp_0_p_pl_01_cr_cr_4,synthetic
t_003312,u_01230,click,cmp_3,pl_09,cr_0,2026-08-14 11:01:36.152351897,c_cmp_3_p_pl_09_cr_cr_0,synthetic
t_003109,u_01161,click,cmp_2,pl_08,cr_1,2026-08-14 11:10:14.422956491,c_cmp_2_p_pl_08_cr_cr_1,synthetic
t_003313,u_01230,bot_start,cmp_3,pl_09,cr_0,2026-08-14 11:16:06.152351897,c_cmp_3_p_pl_09_cr_cr_0,synthetic
t_001840,u_00686,click,cmp_3,pl_09,cr_0,2026-08-14 11:19:58.257838631,c_cmp_3_p_pl_09_cr_cr_0,synthetic
t_000204,u_00064,click,cmp_2,pl_02,cr_2,2026-08-14 11:31:23.796213964,c_cmp_2_p_pl_02_cr_cr_2,synthetic
t_000880,u_00324,click,cmp_2,pl_05,cr_4,2026-08-14 11:43:02.671017965,c_cmp_2_p_pl_05_cr_cr_4,synthetic
t_001358,u_00491,click,cmp_3,pl_09,cr_0,2026-08-14 11:58:37.880672409,c_cmp_3_p_pl_09_cr_cr_0,synthetic
t_000113,u_00036,click,cmp_4,pl_03,cr_0,2026-08-14 12:06:38.494163759,c_cmp_4_p_pl_03_cr_cr_0,synthetic
t_001359,u_00491,bot_start,cmp_3,pl_09,cr_0,2026-08-14 12:27:26.880672409,c_cmp_3_p_pl_09_cr_cr_0,synthetic
t_000200,u_00063,click,cmp_0,pl_04,cr_3,2026-08-14 12:40:20.269557482,c_cmp_0_p_pl_04_cr_cr_3,synthetic
t_001360,u_00491,lead,cmp_3,pl_09,cr_0,2026-08-14 13:08:26.880672409,c_cmp_3_p_pl_09_cr_cr_0,synthetic
t_004339,u_01600,click,cmp_0,pl_04,cr_3,2026-08-14 14:01:40.278230340,c_cmp_0_p_pl_04_cr_cr_3,synthetic
t_001780,u_00664,click,cmp_0,pl_04,cr_3,2026-08-14 14:23:30.253480275,c_cmp_0_p_pl_04_cr_cr_3,synthetic
t_000598,u_00209,click,cmp_1,pl_06,cr_2,2026-08-14 14:29:42.947676478,c_cmp_1_p_pl_06_cr_cr_2,synthetic
t_004644,u_01712,click,cmp_2,pl_02,cr_2,2026-08-14 14:41:29.005230349,c_cmp_2_p_pl_02_cr_cr_2,synthetic
t_001067,u_00389,click,cmp_4,pl_03,cr_0,2026-08-14 14:42:35.901201510,c_cmp_4_p_pl_03_cr_cr_0,synthetic
t_000599,u_00209,bot_start,cmp_1,pl_06,cr_2,2026-08-14 14:42:41.947676478,c_cmp_1_p_pl_06_cr_cr_2,synthetic
t_001679,u_00619,click,cmp_0,pl_04,cr_3,2026-08-14 14:45:42.176027141,c_cmp_0_p_pl_04_cr_cr_3,synthetic
t_001832,u_00684,click,cmp_4,pl_03,cr_0,2026-08-14 15:17:48.136025182,c_cmp_4_p_pl_03_cr_cr_0,synthetic
t_004645,u_01712,bot_start,cmp_2,pl_02,cr_2,2026-08-14 15:21:43.005230349,c_cmp_2_p_pl_02_cr_cr_2,synthetic
t_001068,u_00389,bot_start,cmp_4,pl_03,cr_0,2026-08-14 15:42:26.901201510,c_cmp_4_p_pl_03_cr_cr_0,synthetic
t_002532,u_00947,click,cmp_2,pl_02,cr_2,2026-08-14 15:46:55.195859109,c_cmp_2_p_pl_02_cr_cr_2,synthetic
t_000176,u_00056,click,cmp_3,pl_07,cr_3,2026-08-14 15:56:48.055175735,c_cmp_3_p_pl_07_cr_cr_3,synthetic
t_004345,u_01602,click,cmp_4,pl_03,cr_0,2026-08-14 16:13:07.312678639,c_cmp_4_p_pl_03_cr_cr_0,synthetic
t_003502,u_01298,click,cmp_0,pl_04,cr_3,2026-08-14 16:38:21.666614969,c_cmp_0_p_pl_04_cr_cr_3,synthetic
t_000349,u_00123,click,cmp_0,pl_04,cr_3,2026-08-14 16:42:22.393780971,c_cmp_0_p_pl_04_cr_cr_3,synthetic
t_000318,u_00110,click,cmp_0,pl_04,cr_3,2026-08-14 16:54:58.611091943,c_cmp_0_p_pl_04_cr_cr_3,synthetic
t_003503,u_01298,bot_start,cmp_0,pl_04,cr_3,2026-08-14 16:56:07.666614969,c_cmp_0_p_pl_04_cr_cr_3,synthetic
t_001751,u_00653,click,cmp_2,pl_02,cr_2,2026-08-14 17:00:05.495751904,c_cmp_2_p_pl_02_cr_cr_2,synthetic
t_002884,u_01073,click,cmp_0,pl_01,cr_4,2026-08-14 17:26:10.564446760,c_cmp_0_p_pl_01_cr_cr_4,synthetic
t_001855,u_00693,click,cmp_2,pl_02,cr_2,2026-08-14 17:26:13.509079232,c_cmp_2_p_pl_02_cr_cr_2,synthetic
t_001856,u_00693,bot_start,cmp_2,pl_02,cr_2,2026-08-14 17:35:28.509079232,c_cmp_2_p_pl_02_cr_cr_2,synthetic
t_001752,u_00653,bot_start,cmp_2,pl_02,cr_2,2026-08-14 17:38:29.495751904,c_cmp_2_p_pl_02_cr_cr_2,synthetic
t_001753,u_00653,lead,cmp_2,pl_02,cr_2,2026-08-14 17:43:29.495751904,c_cmp_2_p_pl_02_cr_cr_2,synthetic
t_004204,u_01559,click,cmp_2,pl_02,cr_2,2026-08-14 17:43:33.043655655,c_cmp_2_p_pl_02_cr_cr_2,synthetic
t_001514,u_00560,click,cmp_2,pl_05,cr_4,2026-08-14 17:56:15.565102299,c_cmp_2_p_pl_05_cr_cr_4,synthetic
t_002885,u_01073,bot_start,cmp_0,pl_01,cr_4,2026-08-14 18:01:48.564446760,c_cmp_0_p_pl_01_cr_cr_4,synthetic
t_001701,u_00633,click,cmp_2,pl_02,cr_2,2026-08-14 18:29:42.609707768,c_cmp_2_p_pl_02_cr_cr_2,synthetic
t_002886,u_01073,lead,cmp_0,pl_01,cr_4,2026-08-14 18:29:48.564446760,c_cmp_0_p_pl_01_cr_cr_4,synthetic
t_002959,u_01103,click,cmp_2,pl_02,cr_2,2026-08-14 18:44:43.131014252,c_cmp_2_p_pl_02_cr_cr_2,synthetic
t_001702,u_00633,bot_start,cmp_2,pl_02,cr_2,2026-08-14 19:01:59.609707768,c_cmp_2_p_pl_02_cr_cr_2,synthetic
t_004925,u_01819,click,cmp_0,pl_04,cr_3,2026-08-14 19:39:30.406527731,c_cmp_0_p_pl_04_cr_cr_3,synthetic
t_003347,u_01240,click,cmp_3,pl_07,cr_3,2026-08-14 20:29:11.957657194,c_cmp_3_p_pl_07_cr_cr_3,synthetic
t_004926,u_01819,bot_start,cmp_0,pl_04,cr_3,2026-08-14 20:33:29.406527731,c_cmp_0_p_pl_04_cr_cr_3,synthetic
t_003821,u_01413,click,cmp_2,pl_08,cr_1,2026-08-14 20:33:39.733686107,c_cmp_2_p_pl_08_cr_cr_1,synthetic
t_000010,u_00004,click,cmp_0,pl_04,cr_3,2026-08-14 20:42:40.524828534,c_cmp_0_p_pl_04_cr_cr_3,synthetic
t_003206,u_01191,click,cmp_2,pl_02,cr_2,2026-08-14 21:10:35.445079582,c_cmp_2_p_pl_02_cr_cr_2,synthetic
t_001509,u_00558,click,cmp_2,pl_02,cr_2,2026-08-14 21:21:31.685951996,c_cmp_2_p_pl_02_cr_cr_2,synthetic
t_001583,u_00583,click,cmp_4,pl_03,cr_0,2026-08-14 21:33:35.374195847,c_cmp_4_p_pl_03_cr_cr_0,synthetic
t_004896,u_01809,click,cmp_3,pl_07,cr_3,2026-08-14 21:34:25.772515615,c_cmp_3_p_pl_07_cr_cr_3,synthetic
t_004960,u_01832,click,cmp_3,pl_07,cr_3,2026-08-14 21:43:34.136942228,c_cmp_3_p_pl_07_cr_cr_3,synthetic
t_000266,u_00091,click,cmp_2,pl_00,cr_0,2026-08-14 21:45:33.361999898,c_cmp_2_p_pl_00_cr_cr_0,synthetic
t_002873,u_01068,click,cmp_3,pl_09,cr_0,2026-08-14 22:18:33.249959087,c_cmp_3_p_pl_09_cr_cr_0,synthetic
t_003253,u_01207,click,cmp_3,pl_07,cr_3,2026-08-14 22:31:56.083811138,c_cmp_3_p_pl_07_cr_cr_3,synthetic
t_003254,u_01207,bot_start,cmp_3,pl_07,cr_3,2026-08-14 22:32:29.083811138,c_cmp_3_p_pl_07_cr_cr_3,synthetic
t_001584,u_00583,bot_start,cmp_4,pl_03,cr_0,2026-08-14 22:33:30.374195847,c_cmp_4_p_pl_03_cr_cr_0,synthetic
t_002263,u_00840,click,cmp_2,pl_02,cr_2,2026-08-14 22:38:21.120883327,c_cmp_2_p_pl_02_cr_cr_2,synthetic
t_004798,u_01771,click,cmp_0,pl_04,cr_3,2026-08-14 22:44:28.561027326,c_cmp_0_p_pl_04_cr_cr_3,synthetic
t_002367,u_00881,click,cmp_2,pl_00,cr_0,2026-08-14 22:53:44.557056649,c_cmp_2_p_pl_00_cr_cr_0,synthetic
t_001585,u_00583,lead,cmp_4,pl_03,cr_0,2026-08-14 22:56:30.374195847,c_cmp_4_p_pl_03_cr_cr_0,synthetic
t_001089,u_00397,click,cmp_4,pl_03,cr_0,2026-08-14 23:04:27.138060563,c_cmp_4_p_pl_03_cr_cr_0,synthetic
t_001325,u_00481,click,cmp_2,pl_08,cr_1,2026-08-14 23:11:31.524173501,c_cmp_2_p_pl_08_cr_cr_1,synthetic
t_003014,u_01121,click,cmp_3,pl_09,cr_0,2026-08-15 00:21:09.426833948,c_cmp_3_p_pl_09_cr_cr_0,synthetic
t_002356,u_00876,click,cmp_0,pl_01,cr_4,2026-08-15 00:39:16.841597952,c_cmp_0_p_pl_01_cr_cr_4,synthetic
t_004576,u_01687,click,cmp_4,pl_03,cr_0,2026-08-15 00:45:01.639189455,c_cmp_4_p_pl_03_cr_cr_0,synthetic
t_002260,u_00839,click,cmp_4,pl_03,cr_0,2026-08-15 00:55:00.593176369,c_cmp_4_p_pl_03_cr_cr_0,synthetic
t_001347,u_00489,click,cmp_2,pl_05,cr_4,2026-08-15 01:06:19.860810839,c_cmp_2_p_pl_05_cr_cr_4,synthetic
t_000189,u_00060,click,cmp_2,pl_05,cr_4,2026-08-15 01:27:43.063896917,c_cmp_2_p_pl_05_cr_cr_4,synthetic
t_002559,u_00956,click,cmp_3,pl_07,cr_3,2026-08-15 01:28:28.180651849,c_cmp_3_p_pl_07_cr_cr_3,synthetic
t_004004,u_01477,click,cmp_0,pl_01,cr_4,2026-08-15 01:38:58.009914835,c_cmp_0_p_pl_01_cr_cr_4,synthetic
t_001096,u_00399,click,cmp_1,pl_06,cr_2,2026-08-15 01:52:38.666629465,c_cmp_1_p_pl_06_cr_cr_2,synthetic
t_001097,u_00399,bot_start,cmp_1,pl_06,cr_2,2026-08-15 02:21:53.666629465,c_cmp_1_p_pl_06_cr_cr_2,synthetic
t_003234,u_01201,click,cmp_3,pl_07,cr_3,2026-08-15 02:24:31.341557633,c_cmp_3_p_pl_07_cr_cr_3,synthetic
t_005288,u_01961,click,cmp_4,pl_03,cr_0,2026-08-15 02:37:11.111241447,c_cmp_4_p_pl_03_cr_cr_0,synthetic
t_001346,u_00489,click,cmp_3,pl_07,cr_3,2026-08-15 02:41:01.918252456,c_cmp_3_p_pl_07_cr_cr_3,synthetic
t_004802,u_01771,click,cmp_2,pl_00,cr_0,2026-08-15 02:51:05.926689784,c_cmp_2_p_pl_00_cr_cr_0,synthetic
t_005289,u_01961,bot_start,cmp_4,pl_03,cr_0,2026-08-15 03:12:10.111241447,c_cmp_4_p_pl_03_cr_cr_0,synthetic
t_004304,u_01591,click,cmp_3,pl_07,cr_3,2026-08-15 03:15:25.379712507,c_cmp_3_p_pl_07_cr_cr_3,synthetic
t_004876,u_01804,click,cmp_0,pl_04,cr_3,2026-08-15 03:22:28.901851777,c_cmp_0_p_pl_04_cr_cr_3,synthetic
t_004608,u_01701,click,cmp_0,pl_01,cr_4,2026-08-15 03:22:46.647928092,c_cmp_0_p_pl_01_cr_cr_4,synthetic
t_003788,u_01397,click,cmp_0,pl_01,cr_4,2026-08-15 03:26:52.891649258,c_cmp_0_p_pl_01_cr_cr_4,synthetic
t_003469,u_01285,click,cmp_2,pl_00,cr_0,2026-08-15 03:28:25.219942814,c_cmp_2_p_pl_00_cr_cr_0,synthetic
t_004609,u_01701,bot_start,cmp_0,pl_01,cr_4,2026-08-15 03:29:50.647928092,c_cmp_0_p_pl_01_cr_cr_4,synthetic
t_004877,u_01804,bot_start,cmp_0,pl_04,cr_3,2026-08-15 03:32:47.901851777,c_cmp_0_p_pl_04_cr_cr_3,synthetic
t_004610,u_01701,lead,cmp_0,pl_01,cr_4,2026-08-15 03:32:50.647928092,c_cmp_0_p_pl_01_cr_cr_4,synthetic
t_000132,u_00041,click,cmp_3,pl_09,cr_0,2026-08-15 03:35:32.127623050,c_cmp_3_p_pl_09_cr_cr_0,synthetic
t_000408,u_00143,click,cmp_2,pl_08,cr_1,2026-08-15 03:58:01.925856748,c_cmp_2_p_pl_08_cr_cr_1,synthetic
t_004654,u_01718,click,cmp_4,pl_03,cr_0,2026-08-15 03:59:34.461641212,c_cmp_4_p_pl_03_cr_cr_0,synthetic
t_004680,u_01730,click,cmp_2,pl_00,cr_0,2026-08-15 04:09:50.802238966,c_cmp_2_p_pl_00_cr_cr_0,synthetic
t_003162,u_01180,click,cmp_2,pl_08,cr_1,2026-08-15 04:11:08.790250289,c_cmp_2_p_pl_08_cr_cr_1,synthetic
t_004470,u_01642,click,cmp_4,pl_03,cr_0,2026-08-15 04:14:12.472470288,c_cmp_4_p_pl_03_cr_cr_0,synthetic
t_000216,u_00067,click,cmp_0,pl_01,cr_4,2026-08-15 04:14:22.391087535,c_cmp_0_p_pl_01_cr_cr_4,synthetic
t_004681,u_01730,bot_start,cmp_2,pl_00,cr_0,2026-08-15 04:16:50.802238966,c_cmp_2_p_pl_00_cr_cr_0,synthetic
t_004267,u_01577,click,cmp_0,pl_01,cr_4,2026-08-15 04:18:15.299834039,c_cmp_0_p_pl_01_cr_cr_4,synthetic
t_002566,u_00959,click,cmp_3,pl_07,cr_3,2026-08-15 04:28:36.341302867,c_cmp_3_p_pl_07_cr_cr_3,synthetic
t_001767,u_00658,click,cmp_0,pl_01,cr_4,2026-08-15 04:28:50.460896450,c_cmp_0_p_pl_01_cr_cr_4,synthetic
t_001575,u_00580,click,cmp_3,pl_09,cr_0,2026-08-15 04:45:54.108988954,c_cmp_3_p_pl_09_cr_cr_0,synthetic
t_004522,u_01666,click,cmp_3,pl_09,cr_0,2026-08-15 04:51:40.033390354,c_cmp_3_p_pl_09_cr_cr_0,synthetic
t_000459,u_00160,click,cmp_2,pl_00,cr_0,2026-08-15 05:01:57.325467087,c_cmp_2_p_pl_00_cr_cr_0,synthetic
t_001376,u_00498,click,cmp_2,pl_02,cr_2,2026-08-15 05:38:12.766091504,c_cmp_2_p_pl_02_cr_cr_2,synthetic
t_001684,u_00622,click,cmp_1,pl_06,cr_2,2026-08-15 05:38:55.227816829,c_cmp_1_p_pl_06_cr_cr_2,synthetic
t_005274,u_01956,click,cmp_4,pl_03,cr_0,2026-08-15 05:45:09.980473426,c_cmp_4_p_pl_03_cr_cr_0,synthetic
t_003111,u_01162,click,cmp_2,pl_02,cr_2,2026-08-15 05:57:17.159705065,c_cmp_2_p_pl_02_cr_cr_2,synthetic
t_004117,u_01530,click,cmp_2,pl_00,cr_0,2026-08-15 06:00:56.470506219,c_cmp_2_p_pl_00_cr_cr_0,synthetic
t_000268,u_00092,click,cmp_2,pl_02,cr_2,2026-08-15 06:21:58.591838582,c_cmp_2_p_pl_02_cr_cr_2,synthetic
t_003892,u_01439,click,cmp_2,pl_08,cr_1,2026-08-15 06:24:11.834531219,c_cmp_2_p_pl_08_cr_cr_1,synthetic
t_004472,u_01644,click,cmp_4,pl_03,cr_0,2026-08-15 06:26:39.200990945,c_cmp_4_p_pl_03_cr_cr_0,synthetic
t_000137,u_00042,click,cmp_1,pl_06,cr_2,2026-08-15 06:34:39.677302625,c_cmp_1_p_pl_06_cr_cr_2,synthetic
t_004178,u_01549,click,cmp_0,pl_04,cr_3,2026-08-15 06:38:04.377290403,c_cmp_0_p_pl_04_cr_cr_3,synthetic
t_001320,u_00479,click,cmp_4,pl_03,cr_0,2026-08-15 06:48:01.786353426,c_cmp_4_p_pl_03_cr_cr_0,synthetic
t_002359,u_00877,click,cmp_3,pl_09,cr_0,2026-08-15 06:53:51.205263776,c_cmp_3_p_pl_09_cr_cr_0,synthetic
t_001321,u_00479,bot_start,cmp_4,pl_03,cr_0,2026-08-15 07:18:54.786353426,c_cmp_4_p_pl_03_cr_cr_0,synthetic
t_000492,u_00174,click,cmp_0,pl_01,cr_4,2026-08-15 07:33:02.171231452,c_cmp_0_p_pl_01_cr_cr_4,synthetic
t_000023,u_00007,click,cmp_3,pl_07,cr_3,2026-08-15 07:41:22.136084806,c_cmp_3_p_pl_07_cr_cr_3,synthetic
t_003362,u_01247,click,cmp_2,pl_08,cr_1,2026-08-15 08:04:31.193954235,c_cmp_2_p_pl_08_cr_cr_1,synthetic
t_003215,u_01194,click,cmp_4,pl_03,cr_0,2026-08-15 08:06:30.963838405,c_cmp_4_p_pl_03_cr_cr_0,synthetic
t_001394,u_00508,click,cmp_2,pl_05,cr_4,2026-08-15 08:09:16.470212036,c_cmp_2_p_pl_05_cr_cr_4,synthetic
t_003363,u_01247,bot_start,cmp_2,pl_08,cr_1,2026-08-15 08:19:58.193954235,c_cmp_2_p_pl_08_cr_cr_1,synthetic
t_003612,u_01337,click,cmp_4,pl_03,cr_0,2026-08-15 08:20:40.011943110,c_cmp_4_p_pl_03_cr_cr_0,synthetic
t_001057,u_00387,click,cmp_3,pl_07,cr_3,2026-08-15 08:24:55.390379609,c_cmp_3_p_pl_07_cr_cr_3,synthetic
t_003487,u_01293,click,cmp_2,pl_00,cr_0,2026-08-15 08:26:03.975819612,c_cmp_2_p_pl_00_cr_cr_0,synthetic
t_004338,u_01600,click,cmp_2,pl_02,cr_2,2026-08-15 08:42:46.119050969,c_cmp_2_p_pl_02_cr_cr_2,synthetic
t_001395,u_00508,bot_start,cmp_2,pl_05,cr_4,2026-08-15 09:00:44.470212036,c_cmp_2_p_pl_05_cr_cr_4,synthetic
t_004676,u_01730,click,cmp_1,pl_06,cr_2,2026-08-15 09:35:15.055861495,c_cmp_1_p_pl_06_cr_cr_2,synthetic
t_004115,u_01528,click,cmp_2,pl_02,cr_2,2026-08-15 09:43:02.182898209,c_cmp_2_p_pl_02_cr_cr_2,synthetic
t_000452,u_00158,click,cmp_4,pl_03,cr_0,2026-08-15 09:47:59.586396452,c_cmp_4_p_pl_03_cr_cr_0,synthetic
t_004425,u_01629,click,cmp_0,pl_01,cr_4,2026-08-15 09:59:47.064779207,c_cmp_0_p_pl_01_cr_cr_4,synthetic
t_002961,u_01104,click,cmp_2,pl_08,cr_1,2026-08-15 10:06:26.976137648,c_cmp_2_p_pl_08_cr_cr_1,synthetic
t_004426,u_01629,bot_start,cmp_0,pl_01,cr_4,2026-08-15 10:12:56.064779207,c_cmp_0_p_pl_01_cr_cr_4,synthetic
t_001777,u_00663,click,cmp_0,pl_04,cr_3,2026-08-15 10:16:12.454913106,c_cmp_0_p_pl_04_cr_cr_3,synthetic
t_000453,u_00158,bot_start,cmp_4,pl_03,cr_0,2026-08-15 10:30:33.586396452,c_cmp_4_p_pl_03_cr_cr_0,synthetic
t_004677,u_01730,bot_start,cmp_1,pl_06,cr_2,2026-08-15 10:33:49.055861495,c_cmp_1_p_pl_06_cr_cr_2,synthetic
t_003169,u_01182,click,cmp_1,pl_06,cr_2,2026-08-15 10:44:14.488110152,c_cmp_1_p_pl_06_cr_cr_2,synthetic
t_002133,u_00795,click,cmp_4,pl_03,cr_0,2026-08-15 10:45:21.687757647,c_cmp_4_p_pl_03_cr_cr_0,synthetic
t_002962,u_01104,bot_start,cmp_2,pl_08,cr_1,2026-08-15 10:51:32.976137648,c_cmp_2_p_pl_08_cr_cr_1,synthetic
t_000887,u_00326,click,cmp_1,pl_06,cr_2,2026-08-15 10:52:28.686814367,c_cmp_1_p_pl_06_cr_cr_2,synthetic
t_001110,u_00403,click,cmp_2,pl_00,cr_0,2026-08-15 10:53:59.085580624,c_cmp_2_p_pl_00_cr_cr_0,synthetic
t_004427,u_01629,lead,cmp_0,pl_01,cr_4,2026-08-15 10:54:56.064779207,c_cmp_0_p_pl_01_cr_cr_4,synthetic
t_001778,u_00663,bot_start,cmp_0,pl_04,cr_3,2026-08-15 10:56:26.454913106,c_cmp_0_p_pl_04_cr_cr_3,synthetic
t_002963,u_01104,lead,cmp_2,pl_08,cr_1,2026-08-15 11:40:32.976137648,c_cmp_2_p_pl_08_cr_cr_1,synthetic
t_002448,u_00914,click,cmp_2,pl_00,cr_0,2026-08-15 11:47:43.367023172,c_cmp_2_p_pl_00_cr_cr_0,synthetic
t_000413,u_00146,click,cmp_0,pl_01,cr_4,2026-08-15 11:51:39.298867205,c_cmp_0_p_pl_01_cr_cr_4,synthetic
t_001779,u_00663,lead,cmp_0,pl_04,cr_3,2026-08-15 11:55:26.454913106,c_cmp_0_p_pl_04_cr_cr_3,synthetic
t_001152,u_00421,click,cmp_2,pl_08,cr_1,2026-08-15 12:13:28.868062353,c_cmp_2_p_pl_08_cr_cr_1,synthetic
t_004179,u_01549,click,cmp_3,pl_07,cr_3,2026-08-15 12:16:42.008823428,c_cmp_3_p_pl_07_cr_cr_3,synthetic
t_000414,u_00146,bot_start,cmp_0,pl_01,cr_4,2026-08-15 12:22:42.298867205,c_cmp_0_p_pl_01_cr_cr_4,synthetic
t_003004,u_01116,click,cmp_1,pl_06,cr_2,2026-08-15 12:24:57.406483198,c_cmp_1_p_pl_06_cr_cr_2,synthetic
t_003297,u_01225,click,cmp_3,pl_09,cr_0,2026-08-15 12:27:43.027050742,c_cmp_3_p_pl_09_cr_cr_0,synthetic
t_001988,u_00745,click,cmp_2,pl_00,cr_0,2026-08-15 12:30:28.356878038,c_cmp_2_p_pl_00_cr_cr_0,synthetic
t_002185,u_00816,click,cmp_2,pl_08,cr_1,2026-08-15 12:30:42.959665613,c_cmp_2_p_pl_08_cr_cr_1,synthetic
t_002006,u_00751,click,cmp_0,pl_04,cr_3,2026-08-15 12:30:43.357546799,c_cmp_0_p_pl_04_cr_cr_3,synthetic
t_004311,u_01593,click,cmp_4,pl_03,cr_0,2026-08-15 12:35:07.458368581,c_cmp_4_p_pl_03_cr_cr_0,synthetic
t_001682,u_00620,click,cmp_2,pl_00,cr_0,2026-08-15 12:51:10.999421245,c_cmp_2_p_pl_00_cr_cr_0,synthetic
t_002988,u_01112,click,cmp_3,pl_09,cr_0,2026-08-15 12:53:52.668330634,c_cmp_3_p_pl_09_cr_cr_0,synthetic
t_002782,u_01039,click,cmp_4,pl_03,cr_0,2026-08-15 13:05:46.361654459,c_cmp_4_p_pl_03_cr_cr_0,synthetic
t_000935,u_00344,click,cmp_0,pl_01,cr_4,2026-08-15 13:08:50.069133896,c_cmp_0_p_pl_01_cr_cr_4,synthetic
t_001609,u_00592,click,cmp_0,pl_01,cr_4,2026-08-15 13:12:57.256109406,c_cmp_0_p_pl_01_cr_cr_4,synthetic
t_002186,u_00816,bot_start,cmp_2,pl_08,cr_1,2026-08-15 13:18:01.959665613,c_cmp_2_p_pl_08_cr_cr_1,synthetic
t_004312,u_01593,bot_start,cmp_4,pl_03,cr_0,2026-08-15 13:24:09.458368581,c_cmp_4_p_pl_03_cr_cr_0,synthetic
t_003341,u_01239,click,cmp_2,pl_02,cr_2,2026-08-15 13:24:56.852276404,c_cmp_2_p_pl_02_cr_cr_2,synthetic
t_002783,u_01039,bot_start,cmp_4,pl_03,cr_0,2026-08-15 13:56:37.361654459,c_cmp_4_p_pl_03_cr_cr_0,synthetic
t_003342,u_01239,bot_start,cmp_2,pl_02,cr_2,2026-08-15 14:11:28.852276404,c_cmp_2_p_pl_02_cr_cr_2,synthetic
t_001194,u_00438,click,cmp_0,pl_01,cr_4,2026-08-15 14:13:58.674186833,c_cmp_0_p_pl_01_cr_cr_4,synthetic
t_004528,u_01667,click,cmp_1,pl_06,cr_2,2026-08-15 14:36:27.994458324,c_cmp_1_p_pl_06_cr_cr_2,synthetic
t_003762,u_01387,click,cmp_3,pl_07,cr_3,2026-08-15 14:39:17.628339583,c_cmp_3_p_pl_07_cr_cr_3,synthetic
t_004260,u_01576,click,cmp_1,pl_06,cr_2,2026-08-15 15:01:25.556397187,c_cmp_1_p_pl_06_cr_cr_2,synthetic
t_004319,u_01596,click,cmp_2,pl_02,cr_2,2026-08-15 15:01:27.083547029,c_cmp_2_p_pl_02_cr_cr_2,synthetic
t_003343,u_01239,lead,cmp_2,pl_02,cr_2,2026-08-15 15:07:28.852276404,c_cmp_2_p_pl_02_cr_cr_2,synthetic
t_004743,u_01753,click,cmp_2,pl_02,cr_2,2026-08-15 15:12:16.321254081,c_cmp_2_p_pl_02_cr_cr_2,synthetic
t_004261,u_01576,bot_start,cmp_1,pl_06,cr_2,2026-08-15 15:39:45.556397187,c_cmp_1_p_pl_06_cr_cr_2,synthetic
t_004744,u_01753,bot_start,cmp_2,pl_02,cr_2,2026-08-15 15:42:20.321254081,c_cmp_2_p_pl_02_cr_cr_2,synthetic
t_004564,u_01682,click,cmp_0,pl_04,cr_3,2026-08-15 15:43:23.893846766,c_cmp_0_p_pl_04_cr_cr_3,synthetic
t_003308,u_01230,click,cmp_4,pl_03,cr_0,2026-08-15 15:54:19.141328535,c_cmp_4_p_pl_03_cr_cr_0,synthetic
t_005180,u_01927,click,cmp_1,pl_06,cr_2,2026-08-15 16:16:34.164541091,c_cmp_1_p_pl_06_cr_cr_2,synthetic
t_002721,u_01013,click,cmp_4,pl_03,cr_0,2026-08-15 16:18:47.374092153,c_cmp_4_p_pl_03_cr_cr_0,synthetic
t_001431,u_00523,click,cmp_1,pl_06,cr_2,2026-08-15 16:27:30.091530855,c_cmp_1_p_pl_06_cr_cr_2,synthetic
t_005183,u_01928,click,cmp_4,pl_03,cr_0,2026-08-15 16:32:44.549796026,c_cmp_4_p_pl_03_cr_cr_0,synthetic
t_005181,u_01927,bot_start,cmp_1,pl_06,cr_2,2026-08-15 16:43:08.164541091,c_cmp_1_p_pl_06_cr_cr_2,synthetic
t_001432,u_00523,bot_start,cmp_1,pl_06,cr_2,2026-08-15 16:44:19.091530855,c_cmp_1_p_pl_06_cr_cr_2,synthetic
t_002722,u_01013,bot_start,cmp_4,pl_03,cr_0,2026-08-15 16:55:17.374092153,c_cmp_4_p_pl_03_cr_cr_0,synthetic
t_005184,u_01928,bot_start,cmp_4,pl_03,cr_0,2026-08-15 17:07:47.549796026,c_cmp_4_p_pl_03_cr_cr_0,synthetic
t_001433,u_00523,lead,cmp_1,pl_06,cr_2,2026-08-15 17:11:19.091530855,c_cmp_1_p_pl_06_cr_cr_2,synthetic
t_001350,u_00490,click,cmp_0,pl_04,cr_3,2026-08-15 17:36:11.331882441,c_cmp_0_p_pl_04_cr_cr_3,synthetic
t_005185,u_01928,lead,cmp_4,pl_03,cr_0,2026-08-15 17:58:47.549796026,c_cmp_4_p_pl_03_cr_cr_0,synthetic
t_001083,u_00395,click,cmp_2,pl_05,cr_4,2026-08-15 18:04:40.209870087,c_cmp_2_p_pl_05_cr_cr_4,synthetic
t_000846,u_00311,click,cmp_2,pl_08,cr_1,2026-08-15 18:08:14.759918350,c_cmp_2_p_pl_08_cr_cr_1,synthetic
t_003030,u_01128,click,cmp_4,pl_03,cr_0,2026-08-15 18:16:47.148116526,c_cmp_4_p_pl_03_cr_cr_0,synthetic
t_004873,u_01803,click,cmp_3,pl_09,cr_0,2026-08-15 18:17:07.007503696,c_cmp_3_p_pl_09_cr_cr_0,synthetic
t_001084,u_00395,bot_start,cmp_2,pl_05,cr_4,2026-08-15 18:17:15.209870087,c_cmp_2_p_pl_05_cr_cr_4,synthetic
t_004492,u_01652,click,cmp_4,pl_03,cr_0,2026-08-15 18:17:35.415487798,c_cmp_4_p_pl_03_cr_cr_0,synthetic
t_001218,u_00447,click,cmp_3,pl_09,cr_0,2026-08-15 18:22:12.864358067,c_cmp_3_p_pl_09_cr_cr_0,synthetic
t_000847,u_00311,bot_start,cmp_2,pl_08,cr_1,2026-08-15 18:33:25.759918350,c_cmp_2_p_pl_08_cr_cr_1,synthetic
t_000331,u_00114,click,cmp_1,pl_06,cr_2,2026-08-15 18:40:25.795972452,c_cmp_1_p_pl_06_cr_cr_2,synthetic
t_000232,u_00073,click,cmp_1,pl_06,cr_2,2026-08-15 18:44:18.299874019,c_cmp_1_p_pl_06_cr_cr_2,synthetic
t_003843,u_01420,click,cmp_3,pl_07,cr_3,2026-08-15 18:58:25.505332432,c_cmp_3_p_pl_07_cr_cr_3,synthetic
t_000848,u_00311,lead,cmp_2,pl_08,cr_1,2026-08-15 18:58:25.759918350,c_cmp_2_p_pl_08_cr_cr_1,synthetic
t_003978,u_01469,click,cmp_2,pl_00,cr_0,2026-08-15 19:07:21.575180804,c_cmp_2_p_pl_00_cr_cr_0,synthetic
t_001909,u_00716,click,cmp_2,pl_05,cr_4,2026-08-15 19:09:01.716309117,c_cmp_2_p_pl_05_cr_cr_4,synthetic
t_001085,u_00395,lead,cmp_2,pl_05,cr_4,2026-08-15 19:10:15.209870087,c_cmp_2_p_pl_05_cr_cr_4,synthetic
t_004874,u_01803,bot_start,cmp_3,pl_09,cr_0,2026-08-15 19:16:51.007503696,c_cmp_3_p_pl_09_cr_cr_0,synthetic
t_001910,u_00716,bot_start,cmp_2,pl_05,cr_4,2026-08-15 19:17:09.716309117,c_cmp_2_p_pl_05_cr_cr_4,synthetic
t_000977,u_00362,click,cmp_4,pl_03,cr_0,2026-08-15 19:25:35.352945799,c_cmp_4_p_pl_03_cr_cr_0,synthetic
t_002159,u_00806,click,cmp_3,pl_07,cr_3,2026-08-15 19:31:47.047050960,c_cmp_3_p_pl_07_cr_cr_3,synthetic
t_002394,u_00894,click,cmp_2,pl_02,cr_2,2026-08-15 19:33:50.520066403,c_cmp_2_p_pl_02_cr_cr_2,synthetic
t_002160,u_00806,bot_start,cmp_3,pl_07,cr_3,2026-08-15 19:33:52.047050960,c_cmp_3_p_pl_07_cr_cr_3,synthetic
t_002668,u_00997,click,cmp_1,pl_06,cr_2,2026-08-15 19:35:49.303947827,c_cmp_1_p_pl_06_cr_cr_2,synthetic
t_002572,u_00961,click,cmp_3,pl_09,cr_0,2026-08-15 19:37:17.102941475,c_cmp_3_p_pl_09_cr_cr_0,synthetic
t_004396,u_01619,click,cmp_2,pl_02,cr_2,2026-08-15 19:46:32.505266741,c_cmp_2_p_pl_02_cr_cr_2,synthetic
t_004867,u_01800,click,cmp_2,pl_08,cr_1,2026-08-15 20:04:16.414632755,c_cmp_2_p_pl_08_cr_cr_1,synthetic
t_002395,u_00894,bot_start,cmp_2,pl_02,cr_2,2026-08-15 20:07:55.520066403,c_cmp_2_p_pl_02_cr_cr_2,synthetic
t_004918,u_01816,click,cmp_3,pl_07,cr_3,2026-08-15 20:12:07.188731740,c_cmp_3_p_pl_07_cr_cr_3,synthetic
t_001305,u_00476,click,cmp_3,pl_09,cr_0,2026-08-15 20:15:10.915586113,c_cmp_3_p_pl_09_cr_cr_0,synthetic
t_000670,u_00232,click,cmp_3,pl_09,cr_0,2026-08-15 20:18:10.585356724,c_cmp_3_p_pl_09_cr_cr_0,synthetic
t_004868,u_01800,bot_start,cmp_2,pl_08,cr_1,2026-08-15 20:36:35.414632755,c_cmp_2_p_pl_08_cr_cr_1,synthetic
t_004494,u_01653,click,cmp_2,pl_05,cr_4,2026-08-15 20:37:32.315491068,c_cmp_2_p_pl_05_cr_cr_4,synthetic
t_000844,u_00310,click,cmp_2,pl_02,cr_2,2026-08-15 20:54:11.388940407,c_cmp_2_p_pl_02_cr_cr_2,synthetic
t_000552,u_00194,click,cmp_2,pl_08,cr_1,2026-08-15 20:54:53.516777984,c_cmp_2_p_pl_08_cr_cr_1,synthetic
t_004229,u_01566,click,cmp_0,pl_01,cr_4,2026-08-15 21:06:13.309197129,c_cmp_0_p_pl_01_cr_cr_4,synthetic
t_002212,u_00824,click,cmp_3,pl_09,cr_0,2026-08-15 21:19:09.271783102,c_cmp_3_p_pl_09_cr_cr_0,synthetic
t_002510,u_00941,click,cmp_2,pl_00,cr_0,2026-08-15 21:29:08.832162560,c_cmp_2_p_pl_00_cr_cr_0,synthetic
t_000285,u_00099,click,cmp_3,pl_09,cr_0,2026-08-15 21:31:16.667170718,c_cmp_3_p_pl_09_cr_cr_0,synthetic
t_002700,u_01007,click,cmp_4,pl_03,cr_0,2026-08-15 21:39:31.907041521,c_cmp_4_p_pl_03_cr_cr_0,synthetic
t_002058,u_00772,click,cmp_2,pl_02,cr_2,2026-08-15 21:44:21.872336519,c_cmp_2_p_pl_02_cr_cr_2,synthetic
t_000960,u_00354,click,cmp_0,pl_01,cr_4,2026-08-15 22:00:27.282207168,c_cmp_0_p_pl_01_cr_cr_4,synthetic
t_000220,u_00069,click,cmp_3,pl_07,cr_3,2026-08-15 22:22:17.441685638,c_cmp_3_p_pl_07_cr_cr_3,synthetic
t_002059,u_00772,bot_start,cmp_2,pl_02,cr_2,2026-08-15 22:29:55.872336519,c_cmp_2_p_pl_02_cr_cr_2,synthetic
t_003742,u_01381,click,cmp_2,pl_05,cr_4,2026-08-15 22:37:33.344111164,c_cmp_2_p_pl_05_cr_cr_4,synthetic
t_002060,u_00772,lead,cmp_2,pl_02,cr_2,2026-08-15 22:42:55.872336519,c_cmp_2_p_pl_02_cr_cr_2,synthetic
t_004333,u_01599,click,cmp_2,pl_02,cr_2,2026-08-15 22:47:58.151258080,c_cmp_2_p_pl_02_cr_cr_2,synthetic
t_003857,u_01427,click,cmp_0,pl_01,cr_4,2026-08-15 22:52:04.776962788,c_cmp_0_p_pl_01_cr_cr_4,synthetic
t_001213,u_00445,click,cmp_0,pl_01,cr_4,2026-08-15 23:00:29.063050528,c_cmp_0_p_pl_01_cr_cr_4,synthetic
t_001644,u_00603,click,cmp_0,pl_04,cr_3,2026-08-15 23:11:46.683849111,c_cmp_0_p_pl_04_cr_cr_3,synthetic
t_002426,u_00906,click,cmp_2,pl_05,cr_4,2026-08-15 23:14:07.875170156,c_cmp_2_p_pl_05_cr_cr_4,synthetic
t_003603,u_01333,click,cmp_2,pl_05,cr_4,2026-08-15 23:20:57.556134126,c_cmp_2_p_pl_05_cr_cr_4,synthetic
t_000370,u_00130,click,cmp_2,pl_08,cr_1,2026-08-15 23:39:20.743259835,c_cmp_2_p_pl_08_cr_cr_1,synthetic
t_000875,u_00321,click,cmp_3,pl_07,cr_3,2026-08-16 00:04:20.027127883,c_cmp_3_p_pl_07_cr_cr_3,synthetic
t_001533,u_00568,click,cmp_4,pl_03,cr_0,2026-08-16 00:22:47.565837976,c_cmp_4_p_pl_03_cr_cr_0,synthetic
t_002052,u_00768,click,cmp_2,pl_02,cr_2,2026-08-16 00:23:02.038756733,c_cmp_2_p_pl_02_cr_cr_2,synthetic
t_001123,u_00409,click,cmp_3,pl_09,cr_0,2026-08-16 00:23:46.745618708,c_cmp_3_p_pl_09_cr_cr_0,synthetic
t_004491,u_01652,click,cmp_3,pl_07,cr_3,2026-08-16 00:46:31.131111292,c_cmp_3_p_pl_07_cr_cr_3,synthetic
t_004079,u_01511,click,cmp_2,pl_00,cr_0,2026-08-16 01:01:17.028211077,c_cmp_2_p_pl_00_cr_cr_0,synthetic
t_001124,u_00409,bot_start,cmp_3,pl_09,cr_0,2026-08-16 01:13:26.745618708,c_cmp_3_p_pl_09_cr_cr_0,synthetic
t_003807,u_01407,click,cmp_0,pl_01,cr_4,2026-08-16 01:26:58.313969205,c_cmp_0_p_pl_01_cr_cr_4,synthetic
t_003382,u_01253,click,cmp_2,pl_00,cr_0,2026-08-16 01:40:31.773212259,c_cmp_2_p_pl_00_cr_cr_0,synthetic
t_000544,u_00191,click,cmp_2,pl_00,cr_0,2026-08-16 01:41:58.796166056,c_cmp_2_p_pl_00_cr_cr_0,synthetic
t_004305,u_01591,click,cmp_3,pl_09,cr_0,2026-08-16 01:47:55.243970013,c_cmp_3_p_pl_09_cr_cr_0,synthetic
t_003383,u_01253,bot_start,cmp_2,pl_00,cr_0,2026-08-16 01:57:09.773212259,c_cmp_2_p_pl_00_cr_cr_0,synthetic
t_004080,u_01511,bot_start,cmp_2,pl_00,cr_0,2026-08-16 02:00:31.028211077,c_cmp_2_p_pl_00_cr_cr_0,synthetic
t_001114,u_00405,click,cmp_2,pl_02,cr_2,2026-08-16 02:18:16.114358504,c_cmp_2_p_pl_02_cr_cr_2,synthetic
t_004578,u_01687,click,cmp_2,pl_05,cr_4,2026-08-16 02:25:44.769254353,c_cmp_2_p_pl_05_cr_cr_4,synthetic
t_004306,u_01591,bot_start,cmp_3,pl_09,cr_0,2026-08-16 02:27:55.243970013,c_cmp_3_p_pl_09_cr_cr_0,synthetic
t_001115,u_00405,bot_start,cmp_2,pl_02,cr_2,2026-08-16 02:37:25.114358504,c_cmp_2_p_pl_02_cr_cr_2,synthetic
t_001071,u_00390,click,cmp_0,pl_01,cr_4,2026-08-16 02:49:50.611951475,c_cmp_0_p_pl_01_cr_cr_4,synthetic
t_001116,u_00405,lead,cmp_2,pl_02,cr_2,2026-08-16 02:52:25.114358504,c_cmp_2_p_pl_02_cr_cr_2,synthetic
t_004307,u_01591,lead,cmp_3,pl_09,cr_0,2026-08-16 02:53:55.243970013,c_cmp_3_p_pl_09_cr_cr_0,synthetic
t_000649,u_00224,click,cmp_2,pl_08,cr_1,2026-08-16 03:05:35.721514534,c_cmp_2_p_pl_08_cr_cr_1,synthetic
t_002746,u_01024,click,cmp_3,pl_07,cr_3,2026-08-16 03:05:54.014588636,c_cmp_3_p_pl_07_cr_cr_3,synthetic
t_002120,u_00790,click,cmp_2,pl_05,cr_4,2026-08-16 03:22:23.554978031,c_cmp_2_p_pl_05_cr_cr_4,synthetic
t_001898,u_00714,click,cmp_1,pl_06,cr_2,2026-08-16 03:25:19.253314772,c_cmp_1_p_pl_06_cr_cr_2,synthetic
t_000833,u_00303,click,cmp_0,pl_04,cr_3,2026-08-16 03:57:23.620462180,c_cmp_0_p_pl_04_cr_cr_3,synthetic
t_001017,u_00374,click,cmp_3,pl_07,cr_3,2026-08-16 03:57:41.799079338,c_cmp_3_p_pl_07_cr_cr_3,synthetic
t_000856,u_00313,click,cmp_0,pl_01,cr_4,2026-08-16 04:13:06.545698779,c_cmp_0_p_pl_01_cr_cr_4,synthetic
t_004716,u_01745,click,cmp_3,pl_07,cr_3,2026-08-16 04:19:03.514303001,c_cmp_3_p_pl_07_cr_cr_3,synthetic
t_000378,u_00132,click,cmp_3,pl_09,cr_0,2026-08-16 04:23:06.230842149,c_cmp_3_p_pl_09_cr_cr_0,synthetic
t_004941,u_01828,click,cmp_2,pl_08,cr_1,2026-08-16 04:34:03.273015020,c_cmp_2_p_pl_08_cr_cr_1,synthetic
t_002665,u_00995,click,cmp_2,pl_00,cr_0,2026-08-16 04:43:49.826551716,c_cmp_2_p_pl_00_cr_cr_0,synthetic
t_000718,u_00256,click,cmp_0,pl_01,cr_4,2026-08-16 04:50:57.901350243,c_cmp_0_p_pl_01_cr_cr_4,synthetic
t_004942,u_01828,bot_start,cmp_2,pl_08,cr_1,2026-08-16 04:56:44.273015020,c_cmp_2_p_pl_08_cr_cr_1,synthetic
t_004579,u_01687,click,cmp_2,pl_08,cr_1,2026-08-16 05:03:59.113231394,c_cmp_2_p_pl_08_cr_cr_1,synthetic
t_005094,u_01894,click,cmp_2,pl_02,cr_2,2026-08-16 05:23:01.543996705,c_cmp_2_p_pl_02_cr_cr_2,synthetic
t_000954,u_00350,click,cmp_3,pl_07,cr_3,2026-08-16 05:34:23.851477878,c_cmp_3_p_pl_07_cr_cr_3,synthetic
t_000389,u_00136,click,cmp_2,pl_05,cr_4,2026-08-16 05:40:33.122173949,c_cmp_2_p_pl_05_cr_cr_4,synthetic
t_002390,u_00893,click,cmp_4,pl_03,cr_0,2026-08-16 05:56:51.592592845,c_cmp_4_p_pl_03_cr_cr_0,synthetic
t_000923,u_00340,click,cmp_3,pl_09,cr_0,2026-08-16 06:09:03.389603253,c_cmp_3_p_pl_09_cr_cr_0,synthetic
t_004777,u_01764,click,cmp_2,pl_05,cr_4,2026-08-16 06:27:43.251266006,c_cmp_2_p_pl_05_cr_cr_4,synthetic
t_003639,u_01347,click,cmp_0,pl_01,cr_4,2026-08-16 06:33:36.216581734,c_cmp_0_p_pl_01_cr_cr_4,synthetic
t_003640,u_01347,bot_start,cmp_0,pl_01,cr_4,2026-08-16 06:53:34.216581734,c_cmp_0_p_pl_01_cr_cr_4,synthetic
t_001443,u_00527,click,cmp_1,pl_06,cr_2,2026-08-16 07:00:17.811206021,c_cmp_1_p_pl_06_cr_cr_2,synthetic
t_004359,u_01607,click,cmp_2,pl_08,cr_1,2026-08-16 07:01:26.133797222,c_cmp_2_p_pl_08_cr_cr_1,synthetic
t_001808,u_00676,click,cmp_2,pl_00,cr_0,2026-08-16 07:11:04.700076402,c_cmp_2_p_pl_00_cr_cr_0,synthetic
t_001990,u_00746,click,cmp_2,pl_05,cr_4,2026-08-16 07:12:39.629451202,c_cmp_2_p_pl_05_cr_cr_4,synthetic
t_003973,u_01467,click,cmp_3,pl_07,cr_3,2026-08-16 07:12:43.369279500,c_cmp_3_p_pl_07_cr_cr_3,synthetic
t_005251,u_01950,click,cmp_0,pl_01,cr_4,2026-08-16 07:16:06.883787775,c_cmp_0_p_pl_01_cr_cr_4,synthetic
t_003630,u_01344,click,cmp_2,pl_08,cr_1,2026-08-16 07:20:10.312088708,c_cmp_2_p_pl_08_cr_cr_1,synthetic
t_001486,u_00547,click,cmp_2,pl_08,cr_1,2026-08-16 07:31:52.213601528,c_cmp_2_p_pl_08_cr_cr_1,synthetic
t_003456,u_01280,click,cmp_4,pl_03,cr_0,2026-08-16 07:58:41.238771748,c_cmp_4_p_pl_03_cr_cr_0,synthetic
t_004070,u_01508,click,cmp_0,pl_04,cr_3,2026-08-16 08:02:29.100367814,c_cmp_0_p_pl_04_cr_cr_3,synthetic
t_004142,u_01536,click,cmp_2,pl_08,cr_1,2026-08-16 08:09:52.998122927,c_cmp_2_p_pl_08_cr_cr_1,synthetic
t_004071,u_01508,bot_start,cmp_0,pl_04,cr_3,2026-08-16 08:38:06.100367814,c_cmp_0_p_pl_04_cr_cr_3,synthetic
t_000148,u_00045,click,cmp_4,pl_03,cr_0,2026-08-16 08:42:26.913475341,c_cmp_4_p_pl_03_cr_cr_0,synthetic
t_002311,u_00858,click,cmp_2,pl_08,cr_1,2026-08-16 08:56:16.356223044,c_cmp_2_p_pl_08_cr_cr_1,synthetic
t_001253,u_00458,click,cmp_4,pl_03,cr_0,2026-08-16 09:00:10.973801643,c_cmp_4_p_pl_03_cr_cr_0,synthetic
t_003477,u_01289,click,cmp_2,pl_02,cr_2,2026-08-16 09:08:44.753072561,c_cmp_2_p_pl_02_cr_cr_2,synthetic
t_004418,u_01627,click,cmp_2,pl_05,cr_4,2026-08-16 09:26:14.308832463,c_cmp_2_p_pl_05_cr_cr_4,synthetic
t_000149,u_00045,bot_start,cmp_4,pl_03,cr_0,2026-08-16 09:26:24.913475341,c_cmp_4_p_pl_03_cr_cr_0,synthetic
t_002444,u_00913,click,cmp_2,pl_00,cr_0,2026-08-16 09:31:17.390698985,c_cmp_2_p_pl_00_cr_cr_0,synthetic
t_002600,u_00972,click,cmp_4,pl_03,cr_0,2026-08-16 09:37:23.481853951,c_cmp_4_p_pl_03_cr_cr_0,synthetic
t_001254,u_00458,bot_start,cmp_4,pl_03,cr_0,2026-08-16 09:49:42.973801643,c_cmp_4_p_pl_03_cr_cr_0,synthetic
t_002966,u_01106,click,cmp_3,pl_09,cr_0,2026-08-16 09:57:25.247666518,c_cmp_3_p_pl_09_cr_cr_0,synthetic
t_004859,u_01798,click,cmp_3,pl_07,cr_3,2026-08-16 10:42:51.212135524,c_cmp_3_p_pl_07_cr_cr_3,synthetic
t_001412,u_00514,click,cmp_0,pl_04,cr_3,2026-08-16 10:54:25.364902244,c_cmp_0_p_pl_04_cr_cr_3,synthetic
t_004298,u_01589,click,cmp_1,pl_06,cr_2,2026-08-16 11:03:11.104507873,c_cmp_1_p_pl_06_cr_cr_2,synthetic
t_003411,u_01264,click,cmp_2,pl_08,cr_1,2026-08-16 11:07:55.687086883,c_cmp_2_p_pl_08_cr_cr_1,synthetic
t_005141,u_01910,click,cmp_0,pl_04,cr_3,2026-08-16 11:34:20.995974714,c_cmp_0_p_pl_04_cr_cr_3,synthetic
t_002342,u_00869,click,cmp_2,pl_00,cr_0,2026-08-16 11:44:27.841431246,c_cmp_2_p_pl_00_cr_cr_0,synthetic
t_004803,u_01772,click,cmp_1,pl_06,cr_2,2026-08-16 12:05:53.494306545,c_cmp_1_p_pl_06_cr_cr_2,synthetic
t_005142,u_01910,bot_start,cmp_0,pl_04,cr_3,2026-08-16 12:11:48.995974714,c_cmp_0_p_pl_04_cr_cr_3,synthetic
t_002034,u_00762,click,cmp_0,pl_04,cr_3,2026-08-16 12:13:11.986408386,c_cmp_0_p_pl_04_cr_cr_3,synthetic
t_000742,u_00265,click,cmp_0,pl_01,cr_4,2026-08-16 12:24:55.101050755,c_cmp_0_p_pl_01_cr_cr_4,synthetic
t_005143,u_01910,lead,cmp_0,pl_04,cr_3,2026-08-16 12:36:48.995974714,c_cmp_0_p_pl_04_cr_cr_3,synthetic
t_000967,u_00358,click,cmp_2,pl_00,cr_0,2026-08-16 12:45:42.200919454,c_cmp_2_p_pl_00_cr_cr_0,synthetic
t_002035,u_00762,bot_start,cmp_0,pl_04,cr_3,2026-08-16 12:56:56.986408386,c_cmp_0_p_pl_04_cr_cr_3,synthetic
t_004804,u_01772,bot_start,cmp_1,pl_06,cr_2,2026-08-16 12:57:47.494306545,c_cmp_1_p_pl_06_cr_cr_2,synthetic
t_002036,u_00762,lead,cmp_0,pl_04,cr_3,2026-08-16 13:26:56.986408386,c_cmp_0_p_pl_04_cr_cr_3,synthetic
t_000591,u_00206,click,cmp_0,pl_04,cr_3,2026-08-16 13:41:07.877764100,c_cmp_0_p_pl_04_cr_cr_3,synthetic
t_002194,u_00819,click,cmp_1,pl_06,cr_2,2026-08-16 13:45:18.469463199,c_cmp_1_p_pl_06_cr_cr_2,synthetic
t_001263,u_00460,click,cmp_2,pl_05,cr_4,2026-08-16 14:08:57.451778494,c_cmp_2_p_pl_05_cr_cr_4,synthetic
t_001457,u_00534,click,cmp_2,pl_05,cr_4,2026-08-16 14:11:13.097673157,c_cmp_2_p_pl_05_cr_cr_4,synthetic
t_001393,u_00507,click,cmp_0,pl_04,cr_3,2026-08-16 14:13:33.182279876,c_cmp_0_p_pl_04_cr_cr_3,synthetic
t_005258,u_01952,click,cmp_3,pl_07,cr_3,2026-08-16 14:20:51.104967326,c_cmp_3_p_pl_07_cr_cr_3,synthetic
t_000592,u_00206,bot_start,cmp_0,pl_04,cr_3,2026-08-16 14:21:43.877764100,c_cmp_0_p_pl_04_cr_cr_3,synthetic
t_000168,u_00052,click,cmp_2,pl_08,cr_1,2026-08-16 14:26:40.655346984,c_cmp_2_p_pl_08_cr_cr_1,synthetic
t_001264,u_00460,bot_start,cmp_2,pl_05,cr_4,2026-08-16 14:57:03.451778494,c_cmp_2_p_pl_05_cr_cr_4,synthetic
t_001265,u_00460,lead,cmp_2,pl_05,cr_4,2026-08-16 15:25:03.451778494,c_cmp_2_p_pl_05_cr_cr_4,synthetic
t_004119,u_01530,click,cmp_2,pl_02,cr_2,2026-08-16 15:49:33.077611839,c_cmp_2_p_pl_02_cr_cr_2,synthetic
t_000288,u_00101,click,cmp_0,pl_01,cr_4,2026-08-16 16:03:16.074028217,c_cmp_0_p_pl_01_cr_cr_4,synthetic
t_005135,u_01908,click,cmp_2,pl_00,cr_0,2026-08-16 16:09:03.048910115,c_cmp_2_p_pl_00_cr_cr_0,synthetic
t_004990,u_01845,click,cmp_3,pl_09,cr_0,2026-08-16 16:10:03.113041641,c_cmp_3_p_pl_09_cr_cr_0,synthetic
t_000623,u_00218,click,cmp_2,pl_02,cr_2,2026-08-16 16:16:24.466360342,c_cmp_2_p_pl_02_cr_cr_2,synthetic
t_002757,u_01026,click,cmp_4,pl_03,cr_0,2026-08-16 16:28:25.610819686,c_cmp_4_p_pl_03_cr_cr_0,synthetic
t_001656,u_00609,click,cmp_0,pl_01,cr_4,2026-08-16 16:42:22.359099590,c_cmp_0_p_pl_01_cr_cr_4,synthetic
t_003644,u_01347,click,cmp_2,pl_00,cr_0,2026-08-16 16:47:06.804094296,c_cmp_2_p_pl_00_cr_cr_0,synthetic
t_000624,u_00218,bot_start,cmp_2,pl_02,cr_2,2026-08-16 17:10:27.466360342,c_cmp_2_p_pl_02_cr_cr_2,synthetic
t_002150,u_00804,click,cmp_2,pl_08,cr_1,2026-08-16 17:23:25.719262259,c_cmp_2_p_pl_08_cr_cr_1,synthetic
t_005375,u_01997,click,cmp_4,pl_03,cr_0,2026-08-16 17:32:08.090135921,c_cmp_4_p_pl_03_cr_cr_0,synthetic
t_001284,u_00465,click,cmp_2,pl_02,cr_2,2026-08-16 17:42:03.293944023,c_cmp_2_p_pl_02_cr_cr_2,synthetic
t_002151,u_00804,bot_start,cmp_2,pl_08,cr_1,2026-08-16 17:55:59.719262259,c_cmp_2_p_pl_08_cr_cr_1,synthetic
t_001408,u_00513,click,cmp_4,pl_03,cr_0,2026-08-16 18:09:08.568870362,c_cmp_4_p_pl_03_cr_cr_0,synthetic
t_000606,u_00211,click,cmp_2,pl_08,cr_1,2026-08-16 18:12:36.570046204,c_cmp_2_p_pl_08_cr_cr_1,synthetic
t_003792,u_01399,click,cmp_3,pl_07,cr_3,2026-08-16 18:30:14.582069074,c_cmp_3_p_pl_07_cr_cr_3,synthetic
t_004659,u_01721,click,cmp_0,pl_04,cr_3,2026-08-16 18:51:56.430540112,c_cmp_0_p_pl_04_cr_cr_3,synthetic
t_004660,u_01721,bot_start,cmp_0,pl_04,cr_3,2026-08-16 19:16:51.430540112,c_cmp_0_p_pl_04_cr_cr_3,synthetic
t_004473,u_01645,click,cmp_4,pl_03,cr_0,2026-08-16 20:20:25.791806339,c_cmp_4_p_pl_03_cr_cr_0,synthetic
t_005206,u_01937,click,cmp_3,pl_07,cr_3,2026-08-16 20:24:39.734962775,c_cmp_3_p_pl_07_cr_cr_3,synthetic
t_000428,u_00150,click,cmp_2,pl_08,cr_1,2026-08-16 20:56:09.199938674,c_cmp_2_p_pl_08_cr_cr_1,synthetic
t_003858,u_01427,click,cmp_3,pl_09,cr_0,2026-08-16 21:02:15.953992334,c_cmp_3_p_pl_09_cr_cr_0,synthetic
t_004786,u_01767,click,cmp_2,pl_00,cr_0,2026-08-16 21:05:13.995898759,c_cmp_2_p_pl_00_cr_cr_0,synthetic
t_004787,u_01767,bot_start,cmp_2,pl_00,cr_0,2026-08-16 21:10:07.995898759,c_cmp_2_p_pl_00_cr_cr_0,synthetic
t_004009,u_01478,click,cmp_0,pl_01,cr_4,2026-08-16 21:11:21.046463757,c_cmp_0_p_pl_01_cr_cr_4,synthetic
t_001900,u_00714,click,cmp_2,pl_02,cr_2,2026-08-16 21:11:53.670197465,c_cmp_2_p_pl_02_cr_cr_2,synthetic
t_003040,u_01131,click,cmp_2,pl_02,cr_2,2026-08-16 21:13:02.835797153,c_cmp_2_p_pl_02_cr_cr_2,synthetic
t_000508,u_00179,click,cmp_2,pl_02,cr_2,2026-08-16 21:16:08.344249583,c_cmp_2_p_pl_02_cr_cr_2,synthetic
t_002023,u_00758,click,cmp_4,pl_03,cr_0,2026-08-16 21:28:22.953334959,c_cmp_4_p_pl_03_cr_cr_0,synthetic
t_000429,u_00150,bot_start,cmp_2,pl_08,cr_1,2026-08-16 21:33:24.199938674,c_cmp_2_p_pl_08_cr_cr_1,synthetic
t_005188,u_01931,click,cmp_2,pl_08,cr_1,2026-08-16 21:35:18.334496693,c_cmp_2_p_pl_08_cr_cr_1,synthetic
t_003373,u_01250,click,cmp_3,pl_09,cr_0,2026-08-16 21:39:12.256344278,c_cmp_3_p_pl_09_cr_cr_0,synthetic
t_000622,u_00217,click,cmp_1,pl_06,cr_2,2026-08-16 21:47:17.732461923,c_cmp_1_p_pl_06_cr_cr_2,synthetic
t_003374,u_01250,bot_start,cmp_3,pl_09,cr_0,2026-08-16 21:50:47.256344278,c_cmp_3_p_pl_09_cr_cr_0,synthetic
t_000430,u_00150,lead,cmp_2,pl_08,cr_1,2026-08-16 21:58:24.199938674,c_cmp_2_p_pl_08_cr_cr_1,synthetic
t_004788,u_01767,lead,cmp_2,pl_00,cr_0,2026-08-16 22:04:07.995898759,c_cmp_2_p_pl_00_cr_cr_0,synthetic
t_002188,u_00817,click,cmp_2,pl_00,cr_0,2026-08-16 22:09:04.478246093,c_cmp_2_p_pl_00_cr_cr_0,synthetic
t_004647,u_01714,click,cmp_3,pl_07,cr_3,2026-08-16 22:14:19.958368836,c_cmp_3_p_pl_07_cr_cr_3,synthetic
t_000515,u_00182,click,cmp_2,pl_00,cr_0,2026-08-16 22:24:44.953089861,c_cmp_2_p_pl_00_cr_cr_0,synthetic
t_005328,u_01979,click,cmp_0,pl_04,cr_3,2026-08-16 22:27:59.888624772,c_cmp_0_p_pl_04_cr_cr_3,synthetic
t_003475,u_01288,click,cmp_4,pl_03,cr_0,2026-08-16 22:30:58.647595400,c_cmp_4_p_pl_03_cr_cr_0,synthetic
t_003375,u_01250,lead,cmp_3,pl_09,cr_0,2026-08-16 22:31:47.256344278,c_cmp_3_p_pl_09_cr_cr_0,synthetic
t_003847,u_01422,click,cmp_0,pl_01,cr_4,2026-08-16 22:48:35.108357706,c_cmp_0_p_pl_01_cr_cr_4,synthetic
t_002725,u_01015,click,cmp_0,pl_01,cr_4,2026-08-16 22:54:39.466671655,c_cmp_0_p_pl_01_cr_cr_4,synthetic
t_001641,u_00602,click,cmp_2,pl_00,cr_0,2026-08-16 23:07:33.528384745,c_cmp_2_p_pl_00_cr_cr_0,synthetic
t_001738,u_00646,click,cmp_1,pl_06,cr_2,2026-08-16 23:27:06.296932912,c_cmp_1_p_pl_06_cr_cr_2,synthetic
t_003028,u_01128,click,cmp_0,pl_04,cr_3,2026-08-16 23:59:48.932797862,c_cmp_0_p_pl_04_cr_cr_3,synthetic
t_000987,u_00365,click,cmp_2,pl_05,cr_4,2026-08-16 23:59:54.667539119,c_cmp_2_p_pl_05_cr_cr_4,synthetic
t_003376,u_01250,click,cmp_2,pl_08,cr_1,2026-08-17 00:02:49.702757804,c_cmp_2_p_pl_08_cr_cr_1,synthetic
t_000827,u_00301,click,cmp_0,pl_01,cr_4,2026-08-17 00:03:10.209754043,c_cmp_0_p_pl_01_cr_cr_4,synthetic
t_004104,u_01523,click,cmp_1,pl_06,cr_2,2026-08-17 00:09:58.829759891,c_cmp_1_p_pl_06_cr_cr_2,synthetic
t_004614,u_01701,click,cmp_0,pl_04,cr_3,2026-08-17 00:35:09.349476083,c_cmp_0_p_pl_04_cr_cr_3,synthetic
t_000501,u_00176,click,cmp_2,pl_08,cr_1,2026-08-17 00:37:15.595407996,c_cmp_2_p_pl_08_cr_cr_1,synthetic
t_001962,u_00733,click,cmp_0,pl_01,cr_4,2026-08-17 01:13:41.343539447,c_cmp_0_p_pl_01_cr_cr_4,synthetic
t_001489,u_00549,click,cmp_3,pl_09,cr_0,2026-08-17 01:37:50.854051967,c_cmp_3_p_pl_09_cr_cr_0,synthetic
t_003436,u_01272,click,cmp_2,pl_08,cr_1,2026-08-17 01:39:54.757369744,c_cmp_2_p_pl_08_cr_cr_1,synthetic
t_001963,u_00733,bot_start,cmp_0,pl_01,cr_4,2026-08-17 01:45:39.343539447,c_cmp_0_p_pl_01_cr_cr_4,synthetic
t_000334,u_00114,click,cmp_0,pl_01,cr_4,2026-08-17 01:45:49.943594877,c_cmp_0_p_pl_01_cr_cr_4,synthetic
t_004513,u_01661,click,cmp_0,pl_01,cr_4,2026-08-17 02:07:53.728962357,c_cmp_0_p_pl_01_cr_cr_4,synthetic
t_000931,u_00344,click,cmp_4,pl_03,cr_0,2026-08-17 02:13:35.298188834,c_cmp_4_p_pl_03_cr_cr_0,synthetic
t_000932,u_00344,bot_start,cmp_4,pl_03,cr_0,2026-08-17 02:37:38.298188834,c_cmp_4_p_pl_03_cr_cr_0,synthetic
t_003943,u_01457,click,cmp_4,pl_03,cr_0,2026-08-17 02:54:29.805592813,c_cmp_4_p_pl_03_cr_cr_0,synthetic
t_001615,u_00592,click,cmp_0,pl_04,cr_3,2026-08-17 02:56:02.945536986,c_cmp_0_p_pl_04_cr_cr_3,synthetic
t_002025,u_00759,click,cmp_2,pl_00,cr_0,2026-08-17 03:09:42.803104599,c_cmp_2_p_pl_00_cr_cr_0,synthetic
t_000664,u_00230,click,cmp_0,pl_01,cr_4,2026-08-17 03:23:11.110742009,c_cmp_0_p_pl_01_cr_cr_4,synthetic
t_004190,u_01551,click,cmp_0,pl_04,cr_3,2026-08-17 03:25:45.561795609,c_cmp_0_p_pl_04_cr_cr_3,synthetic
t_001616,u_00592,bot_start,cmp_0,pl_04,cr_3,2026-08-17 03:29:25.945536986,c_cmp_0_p_pl_04_cr_cr_3,synthetic
t_001488,u_00548,click,cmp_2,pl_00,cr_0,2026-08-17 03:33:34.433554055,c_cmp_2_p_pl_00_cr_cr_0,synthetic
t_001617,u_00592,lead,cmp_0,pl_04,cr_3,2026-08-17 03:59:25.945536986,c_cmp_0_p_pl_04_cr_cr_3,synthetic
t_002204,u_00822,click,cmp_2,pl_00,cr_0,2026-08-17 04:23:49.701387334,c_cmp_2_p_pl_00_cr_cr_0,synthetic
t_002802,u_01044,click,cmp_0,pl_04,cr_3,2026-08-17 04:24:53.897756357,c_cmp_0_p_pl_04_cr_cr_3,synthetic
t_003899,u_01441,click,cmp_3,pl_09,cr_0,2026-08-17 04:34:56.597577554,c_cmp_3_p_pl_09_cr_cr_0,synthetic
t_001249,u_00456,click,cmp_2,pl_05,cr_4,2026-08-17 04:44:35.541938450,c_cmp_2_p_pl_05_cr_cr_4,synthetic
t_002080,u_00777,click,cmp_2,pl_05,cr_4,2026-08-17 04:49:53.984386309,c_cmp_2_p_pl_05_cr_cr_4,synthetic
t_001868,u_00701,click,cmp_3,pl_09,cr_0,2026-08-17 05:01:52.901445123,c_cmp_3_p_pl_09_cr_cr_0,synthetic
t_001182,u_00434,click,cmp_2,pl_00,cr_0,2026-08-17 05:07:07.136962310,c_cmp_2_p_pl_00_cr_cr_0,synthetic
t_003900,u_01441,bot_start,cmp_3,pl_09,cr_0,2026-08-17 05:12:37.597577554,c_cmp_3_p_pl_09_cr_cr_0,synthetic
t_001341,u_00487,click,cmp_2,pl_00,cr_0,2026-08-17 05:32:49.958441128,c_cmp_2_p_pl_00_cr_cr_0,synthetic
t_004602,u_01698,click,cmp_2,pl_02,cr_2,2026-08-17 05:34:46.954468955,c_cmp_2_p_pl_02_cr_cr_2,synthetic
t_002081,u_00777,bot_start,cmp_2,pl_05,cr_4,2026-08-17 05:36:48.984386309,c_cmp_2_p_pl_05_cr_cr_4,synthetic
t_005133,u_01907,click,cmp_0,pl_01,cr_4,2026-08-17 05:49:23.275527584,c_cmp_0_p_pl_01_cr_cr_4,synthetic
t_004133,u_01534,click,cmp_0,pl_04,cr_3,2026-08-17 06:41:06.950599910,c_cmp_0_p_pl_04_cr_cr_3,synthetic
t_003013,u_01121,click,cmp_0,pl_01,cr_4,2026-08-17 07:13:39.065580429,c_cmp_0_p_pl_01_cr_cr_4,synthetic
t_004905,u_01812,click,cmp_2,pl_08,cr_1,2026-08-17 07:15:56.920117848,c_cmp_2_p_pl_08_cr_cr_1,synthetic
t_001088,u_00397,click,cmp_2,pl_02,cr_2,2026-08-17 07:37:12.776925889,c_cmp_2_p_pl_02_cr_cr_2,synthetic
t_003256,u_01207,click,cmp_0,pl_01,cr_4,2026-08-17 07:38:59.075937711,c_cmp_0_p_pl_01_cr_cr_4,synthetic
t_000816,u_00296,click,cmp_2,pl_08,cr_1,2026-08-17 08:10:54.546128238,c_cmp_2_p_pl_08_cr_cr_1,synthetic
t_002834,u_01055,click,cmp_2,pl_05,cr_4,2026-08-17 08:12:06.270767746,c_cmp_2_p_pl_05_cr_cr_4,synthetic
t_002703,u_01008,click,cmp_2,pl_08,cr_1,2026-08-17 08:13:41.993268569,c_cmp_2_p_pl_08_cr_cr_1,synthetic
t_002519,u_00943,click,cmp_2,pl_05,cr_4,2026-08-17 08:25:07.357558827,c_cmp_2_p_pl_05_cr_cr_4,synthetic
t_004001,u_01475,click,cmp_1,pl_06,cr_2,2026-08-17 08:28:29.428379095,c_cmp_1_p_pl_06_cr_cr_2,synthetic
t_002704,u_01008,bot_start,cmp_2,pl_08,cr_1,2026-08-17 08:34:09.993268569,c_cmp_2_p_pl_08_cr_cr_1,synthetic
t_003957,u_01461,click,cmp_1,pl_06,cr_2,2026-08-17 08:44:35.871964967,c_cmp_1_p_pl_06_cr_cr_2,synthetic
t_004509,u_01660,click,cmp_2,pl_02,cr_2,2026-08-17 08:48:41.147888160,c_cmp_2_p_pl_02_cr_cr_2,synthetic
t_003197,u_01189,click,cmp_4,pl_03,cr_0,2026-08-17 08:48:42.005280735,c_cmp_4_p_pl_03_cr_cr_0,synthetic
t_005006,u_01853,click,cmp_2,pl_08,cr_1,2026-08-17 09:01:28.791181796,c_cmp_2_p_pl_08_cr_cr_1,synthetic
t_000231,u_00073,click,cmp_3,pl_09,cr_0,2026-08-17 09:02:38.536193792,c_cmp_3_p_pl_09_cr_cr_0,synthetic
t_002552,u_00954,click,cmp_0,pl_04,cr_3,2026-08-17 09:05:56.557712711,c_cmp_0_p_pl_04_cr_cr_3,synthetic
t_003516,u_01300,click,cmp_0,pl_04,cr_3,2026-08-17 09:09:23.636464169,c_cmp_0_p_pl_04_cr_cr_3,synthetic
t_001695,u_00629,click,cmp_1,pl_06,cr_2,2026-08-17 09:10:33.569110809,c_cmp_1_p_pl_06_cr_cr_2,synthetic
t_004510,u_01660,bot_start,cmp_2,pl_02,cr_2,2026-08-17 09:15:56.147888160,c_cmp_2_p_pl_02_cr_cr_2,synthetic
t_000017,u_00006,click,cmp_1,pl_06,cr_2,2026-08-17 09:17:22.553417078,c_cmp_1_p_pl_06_cr_cr_2,synthetic
t_002554,u_00954,click,cmp_2,pl_02,cr_2,2026-08-17 09:23:23.399320809,c_cmp_2_p_pl_02_cr_cr_2,synthetic
t_004461,u_01640,click,cmp_2,pl_05,cr_4,2026-08-17 09:27:00.955522285,c_cmp_2_p_pl_05_cr_cr_4,synthetic
t_002705,u_01008,lead,cmp_2,pl_08,cr_1,2026-08-17 09:27:09.993268569,c_cmp_2_p_pl_08_cr_cr_1,synthetic
t_002362,u_00878,click,cmp_1,pl_06,cr_2,2026-08-17 09:36:36.806891235,c_cmp_1_p_pl_06_cr_cr_2,synthetic
t_002555,u_00954,bot_start,cmp_2,pl_02,cr_2,2026-08-17 09:37:57.399320809,c_cmp_2_p_pl_02_cr_cr_2,synthetic
t_003958,u_01461,bot_start,cmp_1,pl_06,cr_2,2026-08-17 09:38:28.871964967,c_cmp_1_p_pl_06_cr_cr_2,synthetic
t_003841,u_01419,click,cmp_3,pl_09,cr_0,2026-08-17 09:54:30.524725296,c_cmp_3_p_pl_09_cr_cr_0,synthetic
t_000018,u_00006,bot_start,cmp_1,pl_06,cr_2,2026-08-17 09:55:22.553417078,c_cmp_1_p_pl_06_cr_cr_2,synthetic
t_003959,u_01461,lead,cmp_1,pl_06,cr_2,2026-08-17 10:10:28.871964967,c_cmp_1_p_pl_06_cr_cr_2,synthetic
t_004167,u_01545,click,cmp_2,pl_08,cr_1,2026-08-17 10:12:01.288834005,c_cmp_2_p_pl_08_cr_cr_1,synthetic
t_000019,u_00006,lead,cmp_1,pl_06,cr_2,2026-08-17 10:15:22.553417078,c_cmp_1_p_pl_06_cr_cr_2,synthetic
t_005194,u_01933,click,cmp_2,pl_08,cr_1,2026-08-17 10:16:45.570076785,c_cmp_2_p_pl_08_cr_cr_1,synthetic
t_003430,u_01270,click,cmp_3,pl_07,cr_3,2026-08-17 10:36:56.280206594,c_cmp_3_p_pl_07_cr_cr_3,synthetic
t_003260,u_01209,click,cmp_3,pl_07,cr_3,2026-08-17 10:50:10.370512702,c_cmp_3_p_pl_07_cr_cr_3,synthetic
t_001600,u_00588,click,cmp_1,pl_06,cr_2,2026-08-17 10:59:44.785855541,c_cmp_1_p_pl_06_cr_cr_2,synthetic
t_001664,u_00612,click,cmp_2,pl_02,cr_2,2026-08-17 11:05:45.389582264,c_cmp_2_p_pl_02_cr_cr_2,synthetic
t_003431,u_01270,bot_start,cmp_3,pl_07,cr_3,2026-08-17 11:18:46.280206594,c_cmp_3_p_pl_07_cr_cr_3,synthetic
t_004389,u_01617,click,cmp_0,pl_04,cr_3,2026-08-17 11:36:19.516296352,c_cmp_0_p_pl_04_cr_cr_3,synthetic
t_002455,u_00916,click,cmp_3,pl_09,cr_0,2026-08-17 11:43:03.366117384,c_cmp_3_p_pl_09_cr_cr_0,synthetic
t_002079,u_00777,click,cmp_3,pl_09,cr_0,2026-08-17 11:53:45.384353318,c_cmp_3_p_pl_09_cr_cr_0,synthetic
t_001665,u_00612,bot_start,cmp_2,pl_02,cr_2,2026-08-17 12:01:33.389582264,c_cmp_2_p_pl_02_cr_cr_2,synthetic
t_004762,u_01761,click,cmp_2,pl_05,cr_4,2026-08-17 12:42:14.044026473,c_cmp_2_p_pl_05_cr_cr_4,synthetic
t_002535,u_00948,click,cmp_3,pl_09,cr_0,2026-08-17 12:43:36.064587576,c_cmp_3_p_pl_09_cr_cr_0,synthetic
t_004806,u_01773,click,cmp_0,pl_01,cr_4,2026-08-17 12:48:19.990313381,c_cmp_0_p_pl_01_cr_cr_4,synthetic
t_003757,u_01386,click,cmp_0,pl_04,cr_3,2026-08-17 12:53:58.099286834,c_cmp_0_p_pl_04_cr_cr_3,synthetic
t_001666,u_00612,lead,cmp_2,pl_02,cr_2,2026-08-17 12:56:33.389582264,c_cmp_2_p_pl_02_cr_cr_2,synthetic
t_000300,u_00105,click,cmp_0,pl_04,cr_3,2026-08-17 13:18:21.289817535,c_cmp_0_p_pl_04_cr_cr_3,synthetic
t_004807,u_01773,bot_start,cmp_0,pl_01,cr_4,2026-08-17 13:33:53.990313381,c_cmp_0_p_pl_01_cr_cr_4,synthetic
t_001198,u_00440,click,cmp_3,pl_09,cr_0,2026-08-17 13:39:03.835984159,c_cmp_3_p_pl_09_cr_cr_0,synthetic
t_004172,u_01548,click,cmp_2,pl_08,cr_1,2026-08-17 13:57:08.674526443,c_cmp_2_p_pl_08_cr_cr_1,synthetic
t_005105,u_01898,click,cmp_2,pl_05,cr_4,2026-08-17 14:08:00.646487072,c_cmp_2_p_pl_05_cr_cr_4,synthetic
t_001993,u_00747,click,cmp_2,pl_08,cr_1,2026-08-17 14:20:50.677466436,c_cmp_2_p_pl_08_cr_cr_1,synthetic
t_000087,u_00027,click,cmp_3,pl_09,cr_0,2026-08-17 14:21:01.754576041,c_cmp_3_p_pl_09_cr_cr_0,synthetic
t_002292,u_00850,click,cmp_2,pl_00,cr_0,2026-08-17 14:39:27.584967591,c_cmp_2_p_pl_00_cr_cr_0,synthetic
t_002548,u_00953,click,cmp_2,pl_08,cr_1,2026-08-17 14:42:55.703061702,c_cmp_2_p_pl_08_cr_cr_1,synthetic
t_000754,u_00270,click,cmp_2,pl_00,cr_0,2026-08-17 14:52:00.568721980,c_cmp_2_p_pl_00_cr_cr_0,synthetic
t_000739,u_00264,click,cmp_2,pl_08,cr_1,2026-08-17 14:59:25.292358792,c_cmp_2_p_pl_08_cr_cr_1,synthetic
t_001570,u_00579,click,cmp_2,pl_05,cr_4,2026-08-17 15:11:59.152343316,c_cmp_2_p_pl_05_cr_cr_4,synthetic
t_004454,u_01639,click,cmp_3,pl_07,cr_3,2026-08-17 15:35:58.397826006,c_cmp_3_p_pl_07_cr_cr_3,synthetic
t_004105,u_01524,click,cmp_3,pl_07,cr_3,2026-08-17 15:46:32.588731838,c_cmp_3_p_pl_07_cr_cr_3,synthetic
t_000740,u_00264,bot_start,cmp_2,pl_08,cr_1,2026-08-17 15:51:19.292358792,c_cmp_2_p_pl_08_cr_cr_1,synthetic
t_001571,u_00579,bot_start,cmp_2,pl_05,cr_4,2026-08-17 15:56:00.152343316,c_cmp_2_p_pl_05_cr_cr_4,synthetic
t_001657,u_00610,click,cmp_0,pl_04,cr_3,2026-08-17 16:01:06.666548087,c_cmp_0_p_pl_04_cr_cr_3,synthetic
t_002225,u_00830,click,cmp_3,pl_07,cr_3,2026-08-17 16:02:55.553503124,c_cmp_3_p_pl_07_cr_cr_3,synthetic
t_005302,u_01965,click,cmp_3,pl_07,cr_3,2026-08-17 16:04:14.205371904,c_cmp_3_p_pl_07_cr_cr_3,synthetic
t_002977,u_01109,click,cmp_2,pl_05,cr_4,2026-08-17 16:07:25.608315170,c_cmp_2_p_pl_05_cr_cr_4,synthetic
t_000698,u_00245,click,cmp_0,pl_04,cr_3,2026-08-17 16:10:46.511201283,c_cmp_0_p_pl_04_cr_cr_3,synthetic
t_000741,u_00264,lead,cmp_2,pl_08,cr_1,2026-08-17 16:14:19.292358792,c_cmp_2_p_pl_08_cr_cr_1,synthetic
t_004455,u_01639,bot_start,cmp_3,pl_07,cr_3,2026-08-17 16:19:41.397826006,c_cmp_3_p_pl_07_cr_cr_3,synthetic
t_003287,u_01221,click,cmp_2,pl_00,cr_0,2026-08-17 16:20:34.966026642,c_cmp_2_p_pl_00_cr_cr_0,synthetic
t_002978,u_01109,bot_start,cmp_2,pl_05,cr_4,2026-08-17 16:28:32.608315170,c_cmp_2_p_pl_05_cr_cr_4,synthetic
t_004781,u_01765,click,cmp_4,pl_03,cr_0,2026-08-17 16:29:09.221794281,c_cmp_4_p_pl_03_cr_cr_0,synthetic
t_001697,u_00630,click,cmp_2,pl_02,cr_2,2026-08-17 16:36:15.074474005,c_cmp_2_p_pl_02_cr_cr_2,synthetic
t_001658,u_00610,bot_start,cmp_0,pl_04,cr_3,2026-08-17 16:37:41.666548087,c_cmp_0_p_pl_04_cr_cr_3,synthetic
t_002065,u_00773,click,cmp_2,pl_00,cr_0,2026-08-17 16:51:02.871875977,c_cmp_2_p_pl_00_cr_cr_0,synthetic
t_001481,u_00543,click,cmp_4,pl_03,cr_0,2026-08-17 16:57:33.253141600,c_cmp_4_p_pl_03_cr_cr_0,synthetic
t_002475,u_00924,click,cmp_0,pl_04,cr_3,2026-08-17 17:12:54.853777236,c_cmp_0_p_pl_04_cr_cr_3,synthetic
t_000443,u_00155,click,cmp_4,pl_03,cr_0,2026-08-17 17:22:12.509504408,c_cmp_4_p_pl_03_cr_cr_0,synthetic
t_000040,u_00012,click,cmp_3,pl_09,cr_0,2026-08-17 17:22:44.357051444,c_cmp_3_p_pl_09_cr_cr_0,synthetic
t_002048,u_00766,click,cmp_2,pl_00,cr_0,2026-08-17 17:23:27.949444940,c_cmp_2_p_pl_00_cr_cr_0,synthetic
t_004095,u_01519,click,cmp_3,pl_07,cr_3,2026-08-17 17:34:41.570977483,c_cmp_3_p_pl_07_cr_cr_3,synthetic
t_002899,u_01077,click,cmp_2,pl_02,cr_2,2026-08-17 17:39:41.726116778,c_cmp_2_p_pl_02_cr_cr_2,synthetic
t_002464,u_00921,click,cmp_2,pl_08,cr_1,2026-08-17 17:52:00.699129169,c_cmp_2_p_pl_08_cr_cr_1,synthetic
t_001847,u_00689,click,cmp_3,pl_07,cr_3,2026-08-17 17:53:38.788649266,c_cmp_3_p_pl_07_cr_cr_3,synthetic
t_002453,u_00916,click,cmp_3,pl_09,cr_0,2026-08-17 19:06:48.307423166,c_cmp_3_p_pl_09_cr_cr_0,synthetic
t_002491,u_00930,click,cmp_2,pl_08,cr_1,2026-08-17 19:07:40.589217633,c_cmp_2_p_pl_08_cr_cr_1,synthetic
t_002454,u_00916,bot_start,cmp_3,pl_09,cr_0,2026-08-17 19:09:13.307423166,c_cmp_3_p_pl_09_cr_cr_0,synthetic
t_002284,u_00848,click,cmp_2,pl_00,cr_0,2026-08-17 19:10:11.836640451,c_cmp_2_p_pl_00_cr_cr_0,synthetic
t_000390,u_00136,click,cmp_3,pl_07,cr_3,2026-08-17 19:16:40.086305584,c_cmp_3_p_pl_07_cr_cr_3,synthetic
t_003160,u_01179,click,cmp_2,pl_00,cr_0,2026-08-17 19:32:52.528643109,c_cmp_2_p_pl_00_cr_cr_0,synthetic
t_004440,u_01633,click,cmp_2,pl_00,cr_0,2026-08-17 19:38:25.147531272,c_cmp_2_p_pl_00_cr_cr_0,synthetic
t_001403,u_00512,click,cmp_2,pl_02,cr_2,2026-08-17 19:44:55.729490940,c_cmp_2_p_pl_02_cr_cr_2,synthetic
t_000046,u_00014,click,cmp_0,pl_04,cr_3,2026-08-17 19:48:29.027663476,c_cmp_0_p_pl_04_cr_cr_3,synthetic
t_003823,u_01415,click,cmp_4,pl_03,cr_0,2026-08-17 19:51:32.149549008,c_cmp_4_p_pl_03_cr_cr_0,synthetic
t_000600,u_00210,click,cmp_0,pl_04,cr_3,2026-08-17 19:51:41.711614300,c_cmp_0_p_pl_04_cr_cr_3,synthetic
t_002285,u_00848,bot_start,cmp_2,pl_00,cr_0,2026-08-17 19:53:42.836640451,c_cmp_2_p_pl_00_cr_cr_0,synthetic
t_002161,u_00807,click,cmp_3,pl_07,cr_3,2026-08-17 19:58:52.966075797,c_cmp_3_p_pl_07_cr_cr_3,synthetic
t_000047,u_00014,bot_start,cmp_0,pl_04,cr_3,2026-08-17 20:28:21.027663476,c_cmp_0_p_pl_04_cr_cr_3,synthetic
t_001404,u_00512,bot_start,cmp_2,pl_02,cr_2,2026-08-17 20:35:33.729490940,c_cmp_2_p_pl_02_cr_cr_2,synthetic
t_003298,u_01226,click,cmp_1,pl_06,cr_2,2026-08-17 20:41:03.308227878,c_cmp_1_p_pl_06_cr_cr_2,synthetic
t_001405,u_00512,lead,cmp_2,pl_02,cr_2,2026-08-17 20:53:33.729490940,c_cmp_2_p_pl_02_cr_cr_2,synthetic
t_005084,u_01889,click,cmp_0,pl_04,cr_3,2026-08-17 21:05:53.927927355,c_cmp_0_p_pl_04_cr_cr_3,synthetic
t_005159,u_01917,click,cmp_4,pl_03,cr_0,2026-08-17 21:09:17.502541198,c_cmp_4_p_pl_03_cr_cr_0,synthetic
t_000759,u_00274,click,cmp_0,pl_01,cr_4,2026-08-17 21:14:49.156972162,c_cmp_0_p_pl_01_cr_cr_4,synthetic
t_003299,u_01226,bot_start,cmp_1,pl_06,cr_2,2026-08-17 21:21:53.308227878,c_cmp_1_p_pl_06_cr_cr_2,synthetic
t_004910,u_01814,click,cmp_2,pl_02,cr_2,2026-08-17 21:25:48.449763540,c_cmp_2_p_pl_02_cr_cr_2,synthetic
t_003059,u_01139,click,cmp_2,pl_00,cr_0,2026-08-17 21:47:17.293959449,c_cmp_2_p_pl_00_cr_cr_0,synthetic
t_005156,u_01915,click,cmp_2,pl_02,cr_2,2026-08-17 21:50:15.761483942,c_cmp_2_p_pl_02_cr_cr_2,synthetic
t_004193,u_01551,click,cmp_3,pl_07,cr_3,2026-08-17 22:03:35.280425691,c_cmp_3_p_pl_07_cr_cr_3,synthetic
t_003701,u_01364,click,cmp_0,pl_04,cr_3,2026-08-17 22:05:08.855142736,c_cmp_0_p_pl_04_cr_cr_3,synthetic
t_002420,u_00904,click,cmp_2,pl_02,cr_2,2026-08-17 22:07:48.412910072,c_cmp_2_p_pl_02_cr_cr_2,synthetic
t_004184,u_01550,click,cmp_3,pl_07,cr_3,2026-08-17 22:13:39.604333741,c_cmp_3_p_pl_07_cr_cr_3,synthetic
t_000398,u_00141,click,cmp_2,pl_08,cr_1,2026-08-17 22:32:23.276374405,c_cmp_2_p_pl_08_cr_cr_1,synthetic
t_003543,u_01310,click,cmp_3,pl_07,cr_3,2026-08-17 22:39:52.524644109,c_cmp_3_p_pl_07_cr_cr_3,synthetic
t_000257,u_00085,click,cmp_2,pl_02,cr_2,2026-08-17 22:54:16.114161040,c_cmp_2_p_pl_02_cr_cr_2,synthetic
t_003499,u_01297,click,cmp_0,pl_04,cr_3,2026-08-17 22:55:12.843340080,c_cmp_0_p_pl_04_cr_cr_3,synthetic
t_000260,u_00087,click,cmp_1,pl_06,cr_2,2026-08-17 22:57:32.086080386,c_cmp_1_p_pl_06_cr_cr_2,synthetic
t_003241,u_01205,click,cmp_3,pl_07,cr_3,2026-08-17 23:07:13.869260785,c_cmp_3_p_pl_07_cr_cr_3,synthetic
t_002269,u_00843,click,cmp_0,pl_04,cr_3,2026-08-17 23:07:26.014827465,c_cmp_0_p_pl_04_cr_cr_3,synthetic
t_004185,u_01550,bot_start,cmp_3,pl_07,cr_3,2026-08-17 23:08:29.604333741,c_cmp_3_p_pl_07_cr_cr_3,synthetic
t_004186,u_01550,lead,cmp_3,pl_07,cr_3,2026-08-17 23:15:29.604333741,c_cmp_3_p_pl_07_cr_cr_3,synthetic
t_001786,u_00667,click,cmp_1,pl_06,cr_2,2026-08-17 23:40:38.695132840,c_cmp_1_p_pl_06_cr_cr_2,synthetic
t_002270,u_00843,bot_start,cmp_0,pl_04,cr_3,2026-08-17 23:40:55.014827465,c_cmp_0_p_pl_04_cr_cr_3,synthetic
t_004968,u_01836,click,cmp_4,pl_03,cr_0,2026-08-17 23:48:14.841076772,c_cmp_4_p_pl_03_cr_cr_0,synthetic
t_003242,u_01205,bot_start,cmp_3,pl_07,cr_3,2026-08-17 23:58:17.869260785,c_cmp_3_p_pl_07_cr_cr_3,synthetic
t_001576,u_00580,click,cmp_3,pl_07,cr_3,2026-08-17 23:59:52.444129810,c_cmp_3_p_pl_07_cr_cr_3,synthetic
t_003243,u_01205,lead,cmp_3,pl_07,cr_3,2026-08-18 00:00:17.869260785,c_cmp_3_p_pl_07_cr_cr_3,synthetic
t_001577,u_00580,bot_start,cmp_3,pl_07,cr_3,2026-08-18 00:10:56.444129810,c_cmp_3_p_pl_07_cr_cr_3,synthetic
t_000379,u_00133,click,cmp_4,pl_03,cr_0,2026-08-18 00:11:25.423270947,c_cmp_4_p_pl_03_cr_cr_0,synthetic
t_001578,u_00580,lead,cmp_3,pl_07,cr_3,2026-08-18 00:21:56.444129810,c_cmp_3_p_pl_07_cr_cr_3,synthetic
t_001195,u_00438,click,cmp_4,pl_03,cr_0,2026-08-18 00:24:43.886131634,c_cmp_4_p_pl_03_cr_cr_0,synthetic
t_002328,u_00863,click,cmp_2,pl_08,cr_1,2026-08-18 00:29:22.328953736,c_cmp_2_p_pl_08_cr_cr_1,synthetic
t_003989,u_01472,click,cmp_2,pl_08,cr_1,2026-08-18 00:29:27.492453588,c_cmp_2_p_pl_08_cr_cr_1,synthetic
t_000380,u_00133,bot_start,cmp_4,pl_03,cr_0,2026-08-18 00:32:29.423270947,c_cmp_4_p_pl_03_cr_cr_0,synthetic
t_000381,u_00133,lead,cmp_4,pl_03,cr_0,2026-08-18 01:02:29.423270947,c_cmp_4_p_pl_03_cr_cr_0,synthetic
t_001087,u_00397,click,cmp_4,pl_03,cr_0,2026-08-18 01:26:18.867582008,c_cmp_4_p_pl_03_cr_cr_0,synthetic
t_004411,u_01626,click,cmp_2,pl_08,cr_1,2026-08-18 01:28:43.906348912,c_cmp_2_p_pl_08_cr_cr_1,synthetic
t_002026,u_00759,click,cmp_2,pl_05,cr_4,2026-08-18 02:01:43.247276605,c_cmp_2_p_pl_05_cr_cr_4,synthetic
t_004196,u_01554,click,cmp_2,pl_05,cr_4,2026-08-18 02:05:19.320852991,c_cmp_2_p_pl_05_cr_cr_4,synthetic
t_001717,u_00636,click,cmp_2,pl_02,cr_2,2026-08-18 02:06:31.109503788,c_cmp_2_p_pl_02_cr_cr_2,synthetic
t_001960,u_00732,click,cmp_2,pl_05,cr_4,2026-08-18 02:18:51.517817620,c_cmp_2_p_pl_05_cr_cr_4,synthetic
t_002432,u_00909,click,cmp_2,pl_02,cr_2,2026-08-18 02:40:27.415714276,c_cmp_2_p_pl_02_cr_cr_2,synthetic
t_002924,u_01088,click,cmp_2,pl_00,cr_0,2026-08-18 02:49:27.088426744,c_cmp_2_p_pl_00_cr_cr_0,synthetic
t_003903,u_01442,click,cmp_1,pl_06,cr_2,2026-08-18 02:49:48.533410254,c_cmp_1_p_pl_06_cr_cr_2,synthetic
t_004188,u_01550,click,cmp_4,pl_03,cr_0,2026-08-18 02:57:09.654496662,c_cmp_4_p_pl_03_cr_cr_0,synthetic
t_005095,u_01894,click,cmp_0,pl_01,cr_4,2026-08-18 02:58:48.394989592,c_cmp_0_p_pl_01_cr_cr_4,synthetic
t_002108,u_00786,click,cmp_2,pl_00,cr_0,2026-08-18 03:08:38.288110155,c_cmp_2_p_pl_00_cr_cr_0,synthetic
t_005096,u_01894,bot_start,cmp_0,pl_01,cr_4,2026-08-18 03:09:32.394989592,c_cmp_0_p_pl_01_cr_cr_4,synthetic
t_001857,u_00694,click,cmp_0,pl_04,cr_3,2026-08-18 03:12:21.025406663,c_cmp_0_p_pl_04_cr_cr_3,synthetic
t_003904,u_01442,bot_start,cmp_1,pl_06,cr_2,2026-08-18 03:36:48.533410254,c_cmp_1_p_pl_06_cr_cr_2,synthetic
t_002890,u_01074,click,cmp_0,pl_04,cr_3,2026-08-18 03:55:08.075356128,c_cmp_0_p_pl_04_cr_cr_3,synthetic
t_005097,u_01894,lead,cmp_0,pl_01,cr_4,2026-08-18 04:05:32.394989592,c_cmp_0_p_pl_01_cr_cr_4,synthetic
t_000105,u_00034,click,cmp_4,pl_03,cr_0,2026-08-18 04:23:16.809454823,c_cmp_4_p_pl_03_cr_cr_0,synthetic
t_000743,u_00265,click,cmp_3,pl_09,cr_0,2026-08-18 04:24:30.241974711,c_cmp_3_p_pl_09_cr_cr_0,synthetic
t_003905,u_01442,lead,cmp_1,pl_06,cr_2,2026-08-18 04:30:48.533410254,c_cmp_1_p_pl_06_cr_cr_2,synthetic
t_001613,u_00592,click,cmp_1,pl_06,cr_2,2026-08-18 05:10:36.144644122,c_cmp_1_p_pl_06_cr_cr_2,synthetic
t_001614,u_00592,bot_start,cmp_1,pl_06,cr_2,2026-08-18 05:18:18.144644122,c_cmp_1_p_pl_06_cr_cr_2,synthetic
t_000213,u_00067,click,cmp_2,pl_08,cr_1,2026-08-18 05:26:23.595558202,c_cmp_2_p_pl_08_cr_cr_1,synthetic
t_005152,u_01914,click,cmp_0,pl_01,cr_4,2026-08-18 05:40:00.192777250,c_cmp_0_p_pl_01_cr_cr_4,synthetic
t_001620,u_00594,click,cmp_0,pl_01,cr_4,2026-08-18 05:41:51.489154277,c_cmp_0_p_pl_01_cr_cr_4,synthetic
t_003912,u_01444,click,cmp_0,pl_01,cr_4,2026-08-18 06:08:55.188014475,c_cmp_0_p_pl_01_cr_cr_4,synthetic
t_000214,u_00067,bot_start,cmp_2,pl_08,cr_1,2026-08-18 06:20:18.595558202,c_cmp_2_p_pl_08_cr_cr_1,synthetic
t_003305,u_01227,click,cmp_2,pl_02,cr_2,2026-08-18 06:23:23.430559110,c_cmp_2_p_pl_02_cr_cr_2,synthetic
t_004587,u_01691,click,cmp_2,pl_05,cr_4,2026-08-18 06:44:07.651041513,c_cmp_2_p_pl_05_cr_cr_4,synthetic
t_000215,u_00067,lead,cmp_2,pl_08,cr_1,2026-08-18 07:02:18.595558202,c_cmp_2_p_pl_08_cr_cr_1,synthetic
t_004268,u_01577,click,cmp_1,pl_06,cr_2,2026-08-18 07:02:41.200567988,c_cmp_1_p_pl_06_cr_cr_2,synthetic
t_000419,u_00147,click,cmp_4,pl_03,cr_0,2026-08-18 07:04:16.370451067,c_cmp_4_p_pl_03_cr_cr_0,synthetic
t_004967,u_01836,click,cmp_2,pl_02,cr_2,2026-08-18 07:11:47.904932543,c_cmp_2_p_pl_02_cr_cr_2,synthetic
t_004588,u_01691,bot_start,cmp_2,pl_05,cr_4,2026-08-18 07:20:03.651041513,c_cmp_2_p_pl_05_cr_cr_4,synthetic
t_001825,u_00683,click,cmp_2,pl_00,cr_0,2026-08-18 07:23:39.706075717,c_cmp_2_p_pl_00_cr_cr_0,synthetic
t_002183,u_00816,click,cmp_2,pl_00,cr_0,2026-08-18 07:29:55.272838788,c_cmp_2_p_pl_00_cr_cr_0,synthetic
t_002232,u_00834,click,cmp_3,pl_07,cr_3,2026-08-18 07:55:41.755889039,c_cmp_3_p_pl_07_cr_cr_3,synthetic
t_001826,u_00683,bot_start,cmp_2,pl_00,cr_0,2026-08-18 07:55:52.706075717,c_cmp_2_p_pl_00_cr_cr_0,synthetic
t_001466,u_00537,click,cmp_2,pl_08,cr_1,2026-08-18 08:00:17.717870686,c_cmp_2_p_pl_08_cr_cr_1,synthetic
t_002640,u_00982,click,cmp_0,pl_01,cr_4,2026-08-18 08:01:49.146117338,c_cmp_0_p_pl_01_cr_cr_4,synthetic
t_003079,u_01148,click,cmp_0,pl_01,cr_4,2026-08-18 08:24:48.705680247,c_cmp_0_p_pl_01_cr_cr_4,synthetic
t_003000,u_01115,click,cmp_2,pl_00,cr_0,2026-08-18 08:37:01.656843515,c_cmp_2_p_pl_00_cr_cr_0,synthetic
t_003618,u_01340,click,cmp_2,pl_00,cr_0,2026-08-18 08:39:55.354975514,c_cmp_2_p_pl_00_cr_cr_0,synthetic
t_001803,u_00673,click,cmp_0,pl_04,cr_3,2026-08-18 08:46:25.396215804,c_cmp_0_p_pl_04_cr_cr_3,synthetic
t_001827,u_00683,lead,cmp_2,pl_00,cr_0,2026-08-18 08:46:52.706075717,c_cmp_2_p_pl_00_cr_cr_0,synthetic
t_003619,u_01340,bot_start,cmp_2,pl_00,cr_0,2026-08-18 08:49:26.354975514,c_cmp_2_p_pl_00_cr_cr_0,synthetic
t_004886,u_01806,click,cmp_2,pl_00,cr_0,2026-08-18 08:58:12.453035015,c_cmp_2_p_pl_00_cr_cr_0,synthetic
t_004140,u_01536,click,cmp_3,pl_09,cr_0,2026-08-18 09:00:04.876644585,c_cmp_3_p_pl_09_cr_cr_0,synthetic
t_000382,u_00133,click,cmp_4,pl_03,cr_0,2026-08-18 09:31:04.367393785,c_cmp_4_p_pl_03_cr_cr_0,synthetic
t_002008,u_00752,click,cmp_4,pl_03,cr_0,2026-08-18 09:49:37.479345339,c_cmp_4_p_pl_03_cr_cr_0,synthetic
t_001467,u_00538,click,cmp_2,pl_05,cr_4,2026-08-18 10:01:40.847350024,c_cmp_2_p_pl_05_cr_cr_4,synthetic
t_002935,u_01092,click,cmp_3,pl_09,cr_0,2026-08-18 10:09:35.452203609,c_cmp_3_p_pl_09_cr_cr_0,synthetic
t_002009,u_00752,bot_start,cmp_4,pl_03,cr_0,2026-08-18 10:15:00.479345339,c_cmp_4_p_pl_03_cr_cr_0,synthetic
t_003872,u_01432,click,cmp_1,pl_06,cr_2,2026-08-18 10:18:07.002133424,c_cmp_1_p_pl_06_cr_cr_2,synthetic
t_002010,u_00752,lead,cmp_4,pl_03,cr_0,2026-08-18 10:24:00.479345339,c_cmp_4_p_pl_03_cr_cr_0,synthetic
t_002631,u_00980,click,cmp_2,pl_05,cr_4,2026-08-18 10:25:02.728778444,c_cmp_2_p_pl_05_cr_cr_4,synthetic
t_001468,u_00538,bot_start,cmp_2,pl_05,cr_4,2026-08-18 10:26:26.847350024,c_cmp_2_p_pl_05_cr_cr_4,synthetic
t_003873,u_01432,bot_start,cmp_1,pl_06,cr_2,2026-08-18 10:28:35.002133424,c_cmp_1_p_pl_06_cr_cr_2,synthetic
t_002670,u_00997,click,cmp_2,pl_05,cr_4,2026-08-18 10:28:50.711856089,c_cmp_2_p_pl_05_cr_cr_4,synthetic
t_000916,u_00337,click,cmp_1,pl_06,cr_2,2026-08-18 10:33:54.770017826,c_cmp_1_p_pl_06_cr_cr_2,synthetic
t_001225,u_00448,click,cmp_0,pl_01,cr_4,2026-08-18 10:45:02.415292007,c_cmp_0_p_pl_01_cr_cr_4,synthetic
t_002632,u_00980,bot_start,cmp_2,pl_05,cr_4,2026-08-18 10:59:19.728778444,c_cmp_2_p_pl_05_cr_cr_4,synthetic
t_001469,u_00538,lead,cmp_2,pl_05,cr_4,2026-08-18 11:00:26.847350024,c_cmp_2_p_pl_05_cr_cr_4,synthetic
t_004141,u_01536,click,cmp_2,pl_05,cr_4,2026-08-18 11:00:51.937749497,c_cmp_2_p_pl_05_cr_cr_4,synthetic
t_003731,u_01376,click,cmp_2,pl_05,cr_4,2026-08-18 11:02:38.104749056,c_cmp_2_p_pl_05_cr_cr_4,synthetic
t_001141,u_00416,click,cmp_2,pl_05,cr_4,2026-08-18 11:10:22.890606008,c_cmp_2_p_pl_05_cr_cr_4,synthetic
t_002251,u_00838,click,cmp_1,pl_06,cr_2,2026-08-18 11:27:21.509275112,c_cmp_1_p_pl_06_cr_cr_2,synthetic
t_003613,u_01338,click,cmp_2,pl_05,cr_4,2026-08-18 11:29:42.102110439,c_cmp_2_p_pl_05_cr_cr_4,synthetic
t_005291,u_01962,click,cmp_1,pl_06,cr_2,2026-08-18 11:30:48.924904095,c_cmp_1_p_pl_06_cr_cr_2,synthetic
t_002252,u_00838,bot_start,cmp_1,pl_06,cr_2,2026-08-18 11:33:02.509275112,c_cmp_1_p_pl_06_cr_cr_2,synthetic
t_001686,u_00624,click,cmp_2,pl_00,cr_0,2026-08-18 11:36:23.087754411,c_cmp_2_p_pl_00_cr_cr_0,synthetic
t_000420,u_00147,click,cmp_2,pl_05,cr_4,2026-08-18 11:39:29.071496790,c_cmp_2_p_pl_05_cr_cr_4,synthetic
t_002430,u_00909,click,cmp_2,pl_05,cr_4,2026-08-18 11:39:53.282128163,c_cmp_2_p_pl_05_cr_cr_4,synthetic
t_003082,u_01150,click,cmp_3,pl_07,cr_3,2026-08-18 11:43:55.607636995,c_cmp_3_p_pl_07_cr_cr_3,synthetic
t_005292,u_01962,bot_start,cmp_1,pl_06,cr_2,2026-08-18 12:00:24.924904095,c_cmp_1_p_pl_06_cr_cr_2,synthetic
t_002436,u_00910,click,cmp_2,pl_08,cr_1,2026-08-18 12:01:11.337964129,c_cmp_2_p_pl_08_cr_cr_1,synthetic
t_002862,u_01065,click,cmp_4,pl_03,cr_0,2026-08-18 12:07:33.974912924,c_cmp_4_p_pl_03_cr_cr_0,synthetic
t_000457,u_00159,click,cmp_4,pl_03,cr_0,2026-08-18 12:08:57.479657689,c_cmp_4_p_pl_03_cr_cr_0,synthetic
t_003606,u_01334,click,cmp_2,pl_00,cr_0,2026-08-18 12:10:24.288077467,c_cmp_2_p_pl_00_cr_cr_0,synthetic
t_003560,u_01314,click,cmp_2,pl_05,cr_4,2026-08-18 12:19:17.573856253,c_cmp_2_p_pl_05_cr_cr_4,synthetic
t_000421,u_00147,bot_start,cmp_2,pl_05,cr_4,2026-08-18 12:23:03.071496790,c_cmp_2_p_pl_05_cr_cr_4,synthetic
t_000385,u_00134,click,cmp_0,pl_01,cr_4,2026-08-18 12:31:35.198498172,c_cmp_0_p_pl_01_cr_cr_4,synthetic
t_002863,u_01065,bot_start,cmp_4,pl_03,cr_0,2026-08-18 12:41:56.974912924,c_cmp_4_p_pl_03_cr_cr_0,synthetic
t_005293,u_01962,lead,cmp_1,pl_06,cr_2,2026-08-18 12:50:24.924904095,c_cmp_1_p_pl_06_cr_cr_2,synthetic
t_004081,u_01511,click,cmp_0,pl_01,cr_4,2026-08-18 12:59:59.209687299,c_cmp_0_p_pl_01_cr_cr_4,synthetic
t_003463,u_01283,click,cmp_4,pl_03,cr_0,2026-08-18 13:05:55.042468395,c_cmp_4_p_pl_03_cr_cr_0,synthetic
t_002400,u_00895,click,cmp_3,pl_07,cr_3,2026-08-18 13:11:06.985412503,c_cmp_3_p_pl_07_cr_cr_3,synthetic
t_003464,u_01283,bot_start,cmp_4,pl_03,cr_0,2026-08-18 13:28:14.042468395,c_cmp_4_p_pl_03_cr_cr_0,synthetic
t_003465,u_01283,lead,cmp_4,pl_03,cr_0,2026-08-18 13:29:14.042468395,c_cmp_4_p_pl_03_cr_cr_0,synthetic
t_005327,u_01979,click,cmp_2,pl_00,cr_0,2026-08-18 13:55:19.677753375,c_cmp_2_p_pl_00_cr_cr_0,synthetic
t_003142,u_01172,click,cmp_0,pl_01,cr_4,2026-08-18 13:57:16.522852316,c_cmp_0_p_pl_01_cr_cr_4,synthetic
t_000793,u_00284,click,cmp_0,pl_01,cr_4,2026-08-18 14:15:00.811657670,c_cmp_0_p_pl_01_cr_cr_4,synthetic
t_000342,u_00119,click,cmp_2,pl_08,cr_1,2026-08-18 14:17:58.516546610,c_cmp_2_p_pl_08_cr_cr_1,synthetic
t_001447,u_00528,click,cmp_1,pl_06,cr_2,2026-08-18 14:37:07.365785381,c_cmp_1_p_pl_06_cr_cr_2,synthetic
t_004189,u_01551,click,cmp_3,pl_07,cr_3,2026-08-18 14:43:23.323359843,c_cmp_3_p_pl_07_cr_cr_3,synthetic
t_000250,u_00081,click,cmp_3,pl_07,cr_3,2026-08-18 14:45:59.144961650,c_cmp_3_p_pl_07_cr_cr_3,synthetic
t_002878,u_01071,click,cmp_1,pl_06,cr_2,2026-08-18 15:32:45.538343084,c_cmp_1_p_pl_06_cr_cr_2,synthetic
t_003001,u_01116,click,cmp_2,pl_02,cr_2,2026-08-18 15:59:24.039498397,c_cmp_2_p_pl_02_cr_cr_2,synthetic
t_003100,u_01155,click,cmp_0,pl_01,cr_4,2026-08-18 16:05:43.497209512,c_cmp_0_p_pl_01_cr_cr_4,synthetic
t_002827,u_01051,click,cmp_2,pl_00,cr_0,2026-08-18 16:14:42.964243686,c_cmp_2_p_pl_00_cr_cr_0,synthetic
t_004182,u_01550,click,cmp_2,pl_00,cr_0,2026-08-18 16:18:28.778777572,c_cmp_2_p_pl_00_cr_cr_0,synthetic
t_000190,u_00060,click,cmp_4,pl_03,cr_0,2026-08-18 16:28:58.008576276,c_cmp_4_p_pl_03_cr_cr_0,synthetic
t_001287,u_00466,click,cmp_2,pl_02,cr_2,2026-08-18 16:29:44.769524252,c_cmp_2_p_pl_02_cr_cr_2,synthetic
t_004005,u_01477,click,cmp_1,pl_06,cr_2,2026-08-18 16:40:59.179767652,c_cmp_1_p_pl_06_cr_cr_2,synthetic
t_001373,u_00497,click,cmp_2,pl_02,cr_2,2026-08-18 16:52:12.070776511,c_cmp_2_p_pl_02_cr_cr_2,synthetic
t_000058,u_00018,click,cmp_2,pl_00,cr_0,2026-08-18 17:02:57.970019570,c_cmp_2_p_pl_00_cr_cr_0,synthetic
t_004183,u_01550,bot_start,cmp_2,pl_00,cr_0,2026-08-18 17:08:43.778777572,c_cmp_2_p_pl_00_cr_cr_0,synthetic
t_001501,u_00554,click,cmp_0,pl_01,cr_4,2026-08-18 17:22:48.370252814,c_cmp_0_p_pl_01_cr_cr_4,synthetic
t_003795,u_01400,click,cmp_2,pl_08,cr_1,2026-08-18 17:38:50.856097604,c_cmp_2_p_pl_08_cr_cr_1,synthetic
t_002689,u_01001,click,cmp_3,pl_07,cr_3,2026-08-18 17:40:00.990592788,c_cmp_3_p_pl_07_cr_cr_3,synthetic
t_003421,u_01267,click,cmp_4,pl_03,cr_0,2026-08-18 18:18:43.385491275,c_cmp_4_p_pl_03_cr_cr_0,synthetic
t_003878,u_01433,click,cmp_0,pl_04,cr_3,2026-08-18 18:57:09.524179373,c_cmp_0_p_pl_04_cr_cr_3,synthetic
t_002625,u_00979,click,cmp_2,pl_02,cr_2,2026-08-18 19:14:55.714948782,c_cmp_2_p_pl_02_cr_cr_2,synthetic
t_004203,u_01558,click,cmp_0,pl_01,cr_4,2026-08-18 19:15:45.911548408,c_cmp_0_p_pl_01_cr_cr_4,synthetic
t_005219,u_01941,click,cmp_2,pl_08,cr_1,2026-08-18 19:22:37.106932557,c_cmp_2_p_pl_08_cr_cr_1,synthetic
t_005305,u_01966,click,cmp_2,pl_00,cr_0,2026-08-18 19:42:13.887676416,c_cmp_2_p_pl_00_cr_cr_0,synthetic
t_005220,u_01941,bot_start,cmp_2,pl_08,cr_1,2026-08-18 19:44:41.106932557,c_cmp_2_p_pl_08_cr_cr_1,synthetic
t_002042,u_00765,click,cmp_2,pl_08,cr_1,2026-08-18 19:50:21.720128375,c_cmp_2_p_pl_08_cr_cr_1,synthetic
t_003737,u_01379,click,cmp_2,pl_02,cr_2,2026-08-18 19:53:33.760849075,c_cmp_2_p_pl_02_cr_cr_2,synthetic
t_002734,u_01018,click,cmp_0,pl_01,cr_4,2026-08-18 20:01:21.460076254,c_cmp_0_p_pl_01_cr_cr_4,synthetic
t_003891,u_01439,click,cmp_2,pl_02,cr_2,2026-08-18 20:18:02.500200407,c_cmp_2_p_pl_02_cr_cr_2,synthetic
t_005221,u_01941,lead,cmp_2,pl_08,cr_1,2026-08-18 20:29:41.106932557,c_cmp_2_p_pl_08_cr_cr_1,synthetic
t_002603,u_00973,click,cmp_2,pl_08,cr_1,2026-08-18 20:30:59.824145445,c_cmp_2_p_pl_08_cr_cr_1,synthetic
t_002295,u_00850,click,cmp_3,pl_07,cr_3,2026-08-18 20:35:42.025118379,c_cmp_3_p_pl_07_cr_cr_3,synthetic
t_002043,u_00765,bot_start,cmp_2,pl_08,cr_1,2026-08-18 20:48:47.720128375,c_cmp_2_p_pl_08_cr_cr_1,synthetic
t_000489,u_00172,click,cmp_2,pl_00,cr_0,2026-08-18 21:01:06.401148519,c_cmp_2_p_pl_00_cr_cr_0,synthetic
t_002044,u_00765,lead,cmp_2,pl_08,cr_1,2026-08-18 21:02:47.720128375,c_cmp_2_p_pl_08_cr_cr_1,synthetic
t_001440,u_00526,click,cmp_0,pl_04,cr_3,2026-08-18 21:07:34.176150962,c_cmp_0_p_pl_04_cr_cr_3,synthetic
t_002152,u_00804,click,cmp_2,pl_02,cr_2,2026-08-18 21:16:04.144960004,c_cmp_2_p_pl_02_cr_cr_2,synthetic
t_000773,u_00278,click,cmp_4,pl_03,cr_0,2026-08-18 21:18:19.239324837,c_cmp_4_p_pl_03_cr_cr_0,synthetic
t_002184,u_00816,click,cmp_2,pl_00,cr_0,2026-08-18 21:25:34.780059276,c_cmp_2_p_pl_00_cr_cr_0,synthetic
t_001441,u_00526,bot_start,cmp_0,pl_04,cr_3,2026-08-18 21:32:32.176150962,c_cmp_0_p_pl_04_cr_cr_3,synthetic
t_005127,u_01904,click,cmp_2,pl_00,cr_0,2026-08-18 21:34:58.758136054,c_cmp_2_p_pl_00_cr_cr_0,synthetic
t_005015,u_01855,click,cmp_1,pl_06,cr_2,2026-08-18 21:43:50.917896119,c_cmp_1_p_pl_06_cr_cr_2,synthetic
t_000471,u_00164,click,cmp_2,pl_08,cr_1,2026-08-18 21:45:25.532477190,c_cmp_2_p_pl_08_cr_cr_1,synthetic
t_003246,u_01206,click,cmp_4,pl_03,cr_0,2026-08-18 21:51:09.529325597,c_cmp_4_p_pl_03_cr_cr_0,synthetic
t_000301,u_00105,click,cmp_4,pl_03,cr_0,2026-08-18 21:59:18.604527881,c_cmp_4_p_pl_03_cr_cr_0,synthetic
t_002277,u_00846,click,cmp_3,pl_07,cr_3,2026-08-18 22:04:41.852877942,c_cmp_3_p_pl_07_cr_cr_3,synthetic
t_003990,u_01472,click,cmp_0,pl_01,cr_4,2026-08-18 22:15:47.288515498,c_cmp_0_p_pl_01_cr_cr_4,synthetic
t_003278,u_01218,click,cmp_2,pl_02,cr_2,2026-08-18 22:18:59.579600005,c_cmp_2_p_pl_02_cr_cr_2,synthetic
t_005268,u_01955,click,cmp_3,pl_09,cr_0,2026-08-18 22:23:07.154470300,c_cmp_3_p_pl_09_cr_cr_0,synthetic
t_003369,u_01250,click,cmp_0,pl_04,cr_3,2026-08-18 22:30:51.880446033,c_cmp_0_p_pl_04_cr_cr_3,synthetic
t_004794,u_01769,click,cmp_3,pl_09,cr_0,2026-08-18 22:48:35.677564376,c_cmp_3_p_pl_09_cr_cr_0,synthetic
t_002526,u_00945,click,cmp_3,pl_07,cr_3,2026-08-18 22:55:52.570963474,c_cmp_3_p_pl_07_cr_cr_3,synthetic
t_000732,u_00262,click,cmp_2,pl_05,cr_4,2026-08-18 22:59:50.975597179,c_cmp_2_p_pl_05_cr_cr_4,synthetic
t_003279,u_01218,bot_start,cmp_2,pl_02,cr_2,2026-08-18 23:10:00.579600005,c_cmp_2_p_pl_02_cr_cr_2,synthetic
t_001274,u_00462,click,cmp_0,pl_04,cr_3,2026-08-18 23:24:59.692116451,c_cmp_0_p_pl_04_cr_cr_3,synthetic
t_003474,u_01287,click,cmp_0,pl_04,cr_3,2026-08-18 23:44:42.210905233,c_cmp_0_p_pl_04_cr_cr_3,synthetic
t_004554,u_01677,click,cmp_3,pl_09,cr_0,2026-08-18 23:52:12.784028464,c_cmp_3_p_pl_09_cr_cr_0,synthetic
t_003805,u_01406,click,cmp_2,pl_05,cr_4,2026-08-19 00:00:39.224384451,c_cmp_2_p_pl_05_cr_cr_4,synthetic
t_002882,u_01073,click,cmp_0,pl_04,cr_3,2026-08-19 00:33:15.299423684,c_cmp_0_p_pl_04_cr_cr_3,synthetic
t_004875,u_01803,click,cmp_3,pl_09,cr_0,2026-08-19 00:49:24.910252052,c_cmp_3_p_pl_09_cr_cr_0,synthetic
t_004442,u_01634,click,cmp_0,pl_04,cr_3,2026-08-19 01:29:14.259974237,c_cmp_0_p_pl_04_cr_cr_3,synthetic
t_004281,u_01584,click,cmp_3,pl_07,cr_3,2026-08-19 01:44:02.147169146,c_cmp_3_p_pl_07_cr_cr_3,synthetic
t_002727,u_01016,click,cmp_2,pl_02,cr_2,2026-08-19 01:52:32.506820936,c_cmp_2_p_pl_02_cr_cr_2,synthetic
t_003187,u_01186,click,cmp_2,pl_00,cr_0,2026-08-19 02:01:56.954779481,c_cmp_2_p_pl_00_cr_cr_0,synthetic
t_002049,u_00766,click,cmp_1,pl_06,cr_2,2026-08-19 02:06:01.471784247,c_cmp_1_p_pl_06_cr_cr_2,synthetic
t_002050,u_00766,bot_start,cmp_1,pl_06,cr_2,2026-08-19 02:19:42.471784247,c_cmp_1_p_pl_06_cr_cr_2,synthetic
t_003188,u_01186,bot_start,cmp_2,pl_00,cr_0,2026-08-19 02:22:39.954779481,c_cmp_2_p_pl_00_cr_cr_0,synthetic
t_003333,u_01236,click,cmp_2,pl_05,cr_4,2026-08-19 02:25:40.565211556,c_cmp_2_p_pl_05_cr_cr_4,synthetic
t_005376,u_01997,click,cmp_2,pl_08,cr_1,2026-08-19 02:38:41.198533933,c_cmp_2_p_pl_08_cr_cr_1,synthetic
t_005081,u_01887,click,cmp_0,pl_04,cr_3,2026-08-19 02:39:01.689013126,c_cmp_0_p_pl_04_cr_cr_3,synthetic
t_001392,u_00507,click,cmp_2,pl_05,cr_4,2026-08-19 02:45:46.091090300,c_cmp_2_p_pl_05_cr_cr_4,synthetic
t_003189,u_01186,lead,cmp_2,pl_00,cr_0,2026-08-19 03:02:39.954779481,c_cmp_2_p_pl_00_cr_cr_0,synthetic
t_003334,u_01236,bot_start,cmp_2,pl_05,cr_4,2026-08-19 03:12:32.565211556,c_cmp_2_p_pl_05_cr_cr_4,synthetic
t_000532,u_00188,click,cmp_1,pl_06,cr_2,2026-08-19 03:13:23.510123788,c_cmp_1_p_pl_06_cr_cr_2,synthetic
t_002494,u_00933,click,cmp_0,pl_04,cr_3,2026-08-19 03:18:59.812600334,c_cmp_0_p_pl_04_cr_cr_3,synthetic
t_005377,u_01997,bot_start,cmp_2,pl_08,cr_1,2026-08-19 03:23:22.198533933,c_cmp_2_p_pl_08_cr_cr_1,synthetic
t_000533,u_00188,bot_start,cmp_1,pl_06,cr_2,2026-08-19 03:40:28.510123788,c_cmp_1_p_pl_06_cr_cr_2,synthetic
t_000534,u_00188,lead,cmp_1,pl_06,cr_2,2026-08-19 04:00:28.510123788,c_cmp_1_p_pl_06_cr_cr_2,synthetic
t_000480,u_00170,click,cmp_4,pl_03,cr_0,2026-08-19 04:07:23.962009853,c_cmp_4_p_pl_03_cr_cr_0,synthetic
t_000849,u_00311,click,cmp_1,pl_06,cr_2,2026-08-19 04:28:19.302662052,c_cmp_1_p_pl_06_cr_cr_2,synthetic
t_001344,u_00488,click,cmp_0,pl_04,cr_3,2026-08-19 05:33:00.926190740,c_cmp_0_p_pl_04_cr_cr_3,synthetic
t_004143,u_01537,click,cmp_2,pl_00,cr_0,2026-08-19 05:35:10.677879263,c_cmp_2_p_pl_00_cr_cr_0,synthetic
t_001345,u_00488,bot_start,cmp_0,pl_04,cr_3,2026-08-19 05:56:23.926190740,c_cmp_0_p_pl_04_cr_cr_3,synthetic
t_004120,u_01530,click,cmp_3,pl_09,cr_0,2026-08-19 06:04:37.627430034,c_cmp_3_p_pl_09_cr_cr_0,synthetic
t_000545,u_00191,click,cmp_0,pl_04,cr_3,2026-08-19 06:05:08.281176355,c_cmp_0_p_pl_04_cr_cr_3,synthetic
t_000066,u_00020,click,cmp_2,pl_08,cr_1,2026-08-19 06:21:48.792654101,c_cmp_2_p_pl_08_cr_cr_1,synthetic
t_005238,u_01948,click,cmp_2,pl_00,cr_0,2026-08-19 06:24:26.078890164,c_cmp_2_p_pl_00_cr_cr_0,synthetic
t_002999,u_01114,click,cmp_1,pl_06,cr_2,2026-08-19 06:25:43.847833463,c_cmp_1_p_pl_06_cr_cr_2,synthetic
t_005331,u_01980,click,cmp_4,pl_03,cr_0,2026-08-19 06:30:59.480743863,c_cmp_4_p_pl_03_cr_cr_0,synthetic
t_003501,u_01298,click,cmp_4,pl_03,cr_0,2026-08-19 06:52:18.810129908,c_cmp_4_p_pl_03_cr_cr_0,synthetic
t_004121,u_01530,bot_start,cmp_3,pl_09,cr_0,2026-08-19 06:59:16.627430034,c_cmp_3_p_pl_09_cr_cr_0,synthetic
t_005239,u_01948,bot_start,cmp_2,pl_00,cr_0,2026-08-19 07:06:37.078890164,c_cmp_2_p_pl_00_cr_cr_0,synthetic
t_004290,u_01587,click,cmp_2,pl_00,cr_0,2026-08-19 07:08:01.139279107,c_cmp_2_p_pl_00_cr_cr_0,synthetic
t_004615,u_01702,click,cmp_2,pl_02,cr_2,2026-08-19 07:32:31.986052799,c_cmp_2_p_pl_02_cr_cr_2,synthetic
t_004678,u_01730,click,cmp_4,pl_03,cr_0,2026-08-19 07:37:02.188905768,c_cmp_4_p_pl_03_cr_cr_0,synthetic
t_004122,u_01530,lead,cmp_3,pl_09,cr_0,2026-08-19 07:54:16.627430034,c_cmp_3_p_pl_09_cr_cr_0,synthetic
t_003677,u_01356,click,cmp_2,pl_00,cr_0,2026-08-19 07:59:46.341468690,c_cmp_2_p_pl_00_cr_cr_0,synthetic
t_002447,u_00914,click,cmp_2,pl_00,cr_0,2026-08-19 07:59:58.235399862,c_cmp_2_p_pl_00_cr_cr_0,synthetic
t_004446,u_01636,click,cmp_2,pl_02,cr_2,2026-08-19 08:21:06.766207123,c_cmp_2_p_pl_02_cr_cr_2,synthetic
t_003923,u_01447,click,cmp_2,pl_02,cr_2,2026-08-19 08:25:45.023767263,c_cmp_2_p_pl_02_cr_cr_2,synthetic
t_002470,u_00923,click,cmp_0,pl_04,cr_3,2026-08-19 08:34:26.370606492,c_cmp_0_p_pl_04_cr_cr_3,synthetic
t_001534,u_00569,click,cmp_2,pl_00,cr_0,2026-08-19 08:36:55.421573844,c_cmp_2_p_pl_00_cr_cr_0,synthetic
t_003678,u_01356,bot_start,cmp_2,pl_00,cr_0,2026-08-19 08:45:15.341468690,c_cmp_2_p_pl_00_cr_cr_0,synthetic
t_002536,u_00948,click,cmp_2,pl_02,cr_2,2026-08-19 08:53:00.070295608,c_cmp_2_p_pl_02_cr_cr_2,synthetic
t_002537,u_00948,bot_start,cmp_2,pl_02,cr_2,2026-08-19 08:56:38.070295608,c_cmp_2_p_pl_02_cr_cr_2,synthetic
t_004400,u_01622,click,cmp_2,pl_05,cr_4,2026-08-19 09:00:49.434522533,c_cmp_2_p_pl_05_cr_cr_4,synthetic
t_004436,u_01632,click,cmp_0,pl_01,cr_4,2026-08-19 09:01:35.069695267,c_cmp_0_p_pl_01_cr_cr_4,synthetic
t_000025,u_00008,click,cmp_2,pl_00,cr_0,2026-08-19 09:14:13.103259005,c_cmp_2_p_pl_00_cr_cr_0,synthetic
t_000026,u_00008,bot_start,cmp_2,pl_00,cr_0,2026-08-19 09:25:23.103259005,c_cmp_2_p_pl_00_cr_cr_0,synthetic
t_000665,u_00230,click,cmp_2,pl_05,cr_4,2026-08-19 09:33:05.658839115,c_cmp_2_p_pl_05_cr_cr_4,synthetic
t_003402,u_01262,click,cmp_3,pl_09,cr_0,2026-08-19 09:34:58.994780829,c_cmp_3_p_pl_09_cr_cr_0,synthetic
t_000079,u_00024,click,cmp_3,pl_07,cr_3,2026-08-19 09:38:27.722487965,c_cmp_3_p_pl_07_cr_cr_3,synthetic
t_000080,u_00024,bot_start,cmp_3,pl_07,cr_3,2026-08-19 09:53:02.722487965,c_cmp_3_p_pl_07_cr_cr_3,synthetic
t_004617,u_01703,click,cmp_1,pl_06,cr_2,2026-08-19 09:57:45.081219359,c_cmp_1_p_pl_06_cr_cr_2,synthetic
t_000086,u_00027,click,cmp_2,pl_05,cr_4,2026-08-19 10:11:51.933524128,c_cmp_2_p_pl_05_cr_cr_4,synthetic
t_000720,u_00256,click,cmp_2,pl_05,cr_4,2026-08-19 10:13:05.997382482,c_cmp_2_p_pl_05_cr_cr_4,synthetic
t_000666,u_00230,bot_start,cmp_2,pl_05,cr_4,2026-08-19 10:28:53.658839115,c_cmp_2_p_pl_05_cr_cr_4,synthetic
t_000581,u_00203,click,cmp_2,pl_00,cr_0,2026-08-19 10:31:16.339996248,c_cmp_2_p_pl_00_cr_cr_0,synthetic
t_003075,u_01147,click,cmp_0,pl_01,cr_4,2026-08-19 10:38:27.723490027,c_cmp_0_p_pl_01_cr_cr_4,synthetic
t_002046,u_00766,click,cmp_1,pl_06,cr_2,2026-08-19 10:46:32.626216204,c_cmp_1_p_pl_06_cr_cr_2,synthetic
t_003657,u_01350,click,cmp_2,pl_08,cr_1,2026-08-19 10:49:46.237367290,c_cmp_2_p_pl_08_cr_cr_1,synthetic
t_000650,u_00224,click,cmp_2,pl_08,cr_1,2026-08-19 10:57:21.737844725,c_cmp_2_p_pl_08_cr_cr_1,synthetic
t_000102,u_00033,click,cmp_0,pl_01,cr_4,2026-08-19 11:43:27.015966685,c_cmp_0_p_pl_01_cr_cr_4,synthetic
t_002794,u_01042,click,cmp_3,pl_09,cr_0,2026-08-19 11:57:42.827524311,c_cmp_3_p_pl_09_cr_cr_0,synthetic
t_005373,u_01997,click,cmp_2,pl_02,cr_2,2026-08-19 12:50:54.455151980,c_cmp_2_p_pl_02_cr_cr_2,synthetic
t_000861,u_00315,click,cmp_4,pl_03,cr_0,2026-08-19 13:02:03.141559964,c_cmp_4_p_pl_03_cr_cr_0,synthetic
t_001332,u_00483,click,cmp_2,pl_05,cr_4,2026-08-19 13:46:10.520867663,c_cmp_2_p_pl_05_cr_cr_4,synthetic
t_004092,u_01519,click,cmp_2,pl_05,cr_4,2026-08-19 14:09:15.629740684,c_cmp_2_p_pl_05_cr_cr_4,synthetic
t_000437,u_00153,click,cmp_2,pl_02,cr_2,2026-08-19 14:31:41.749285909,c_cmp_2_p_pl_02_cr_cr_2,synthetic
t_000361,u_00127,click,cmp_0,pl_04,cr_3,2026-08-19 15:23:16.160760928,c_cmp_0_p_pl_04_cr_cr_3,synthetic
t_003459,u_01281,click,cmp_2,pl_08,cr_1,2026-08-19 15:24:43.531705195,c_cmp_2_p_pl_08_cr_cr_1,synthetic
t_004392,u_01618,click,cmp_2,pl_08,cr_1,2026-08-19 15:26:58.167710808,c_cmp_2_p_pl_08_cr_cr_1,synthetic
t_004056,u_01500,click,cmp_3,pl_07,cr_3,2026-08-19 15:28:34.550221251,c_cmp_3_p_pl_07_cr_cr_3,synthetic
t_000438,u_00153,bot_start,cmp_2,pl_02,cr_2,2026-08-19 15:31:22.749285909,c_cmp_2_p_pl_02_cr_cr_2,synthetic
t_000362,u_00127,bot_start,cmp_0,pl_04,cr_3,2026-08-19 15:36:04.160760928,c_cmp_0_p_pl_04_cr_cr_3,synthetic
t_004255,u_01574,click,cmp_3,pl_07,cr_3,2026-08-19 15:44:02.591555021,c_cmp_3_p_pl_07_cr_cr_3,synthetic
t_004328,u_01598,click,cmp_2,pl_05,cr_4,2026-08-19 15:45:56.880243330,c_cmp_2_p_pl_05_cr_cr_4,synthetic
t_004779,u_01765,click,cmp_3,pl_09,cr_0,2026-08-19 16:10:52.391021475,c_cmp_3_p_pl_09_cr_cr_0,synthetic
t_000363,u_00127,lead,cmp_0,pl_04,cr_3,2026-08-19 16:15:04.160760928,c_cmp_0_p_pl_04_cr_cr_3,synthetic
t_005287,u_01960,click,cmp_0,pl_01,cr_4,2026-08-19 16:16:21.182236079,c_cmp_0_p_pl_01_cr_cr_4,synthetic
t_002299,u_00853,click,cmp_2,pl_00,cr_0,2026-08-19 16:19:30.051195469,c_cmp_2_p_pl_00_cr_cr_0,synthetic
t_004649,u_01715,click,cmp_2,pl_08,cr_1,2026-08-19 16:35:58.538886665,c_cmp_2_p_pl_08_cr_cr_1,synthetic
t_002891,u_01074,click,cmp_3,pl_09,cr_0,2026-08-19 17:11:03.553849299,c_cmp_3_p_pl_09_cr_cr_0,synthetic
t_000332,u_00114,click,cmp_3,pl_07,cr_3,2026-08-19 17:12:06.873250049,c_cmp_3_p_pl_07_cr_cr_3,synthetic
t_000395,u_00138,click,cmp_2,pl_05,cr_4,2026-08-19 17:22:54.100097393,c_cmp_2_p_pl_05_cr_cr_4,synthetic
t_003306,u_01228,click,cmp_0,pl_04,cr_3,2026-08-19 17:27:30.572809871,c_cmp_0_p_pl_04_cr_cr_3,synthetic
t_005358,u_01992,click,cmp_1,pl_06,cr_2,2026-08-19 17:33:37.845654777,c_cmp_1_p_pl_06_cr_cr_2,synthetic
t_003384,u_01254,click,cmp_1,pl_06,cr_2,2026-08-19 17:43:17.498095700,c_cmp_1_p_pl_06_cr_cr_2,synthetic
t_002892,u_01074,bot_start,cmp_3,pl_09,cr_0,2026-08-19 17:44:15.553849299,c_cmp_3_p_pl_09_cr_cr_0,synthetic
t_003877,u_01433,click,cmp_3,pl_09,cr_0,2026-08-19 17:49:31.957244264,c_cmp_3_p_pl_09_cr_cr_0,synthetic
t_004751,u_01755,click,cmp_1,pl_06,cr_2,2026-08-19 17:50:45.688877251,c_cmp_1_p_pl_06_cr_cr_2,synthetic
t_005359,u_01992,bot_start,cmp_1,pl_06,cr_2,2026-08-19 17:52:41.845654777,c_cmp_1_p_pl_06_cr_cr_2,synthetic
t_001845,u_00689,click,cmp_2,pl_05,cr_4,2026-08-19 17:52:58.957061349,c_cmp_2_p_pl_05_cr_cr_4,synthetic
t_002893,u_01074,lead,cmp_3,pl_09,cr_0,2026-08-19 18:05:15.553849299,c_cmp_3_p_pl_09_cr_cr_0,synthetic
t_002203,u_00822,click,cmp_2,pl_00,cr_0,2026-08-19 18:06:45.612400471,c_cmp_2_p_pl_00_cr_cr_0,synthetic
t_000333,u_00114,bot_start,cmp_3,pl_07,cr_3,2026-08-19 18:10:42.873250049,c_cmp_3_p_pl_07_cr_cr_3,synthetic
t_002305,u_00855,click,cmp_4,pl_03,cr_0,2026-08-19 18:16:51.540720379,c_cmp_4_p_pl_03_cr_cr_0,synthetic
t_005298,u_01963,click,cmp_2,pl_00,cr_0,2026-08-19 18:24:39.787204910,c_cmp_2_p_pl_00_cr_cr_0,synthetic
t_004973,u_01837,click,cmp_2,pl_05,cr_4,2026-08-19 18:54:38.586452107,c_cmp_2_p_pl_05_cr_cr_4,synthetic
t_003776,u_01391,click,cmp_4,pl_03,cr_0,2026-08-19 19:17:51.487234062,c_cmp_4_p_pl_03_cr_cr_0,synthetic
t_004123,u_01530,click,cmp_2,pl_00,cr_0,2026-08-19 19:24:56.489206564,c_cmp_2_p_pl_00_cr_cr_0,synthetic
t_004974,u_01837,bot_start,cmp_2,pl_05,cr_4,2026-08-19 19:30:20.586452107,c_cmp_2_p_pl_05_cr_cr_4,synthetic
t_001131,u_00411,click,cmp_2,pl_08,cr_1,2026-08-19 19:53:55.185771452,c_cmp_2_p_pl_08_cr_cr_1,synthetic
t_003777,u_01391,bot_start,cmp_4,pl_03,cr_0,2026-08-19 19:57:02.487234062,c_cmp_4_p_pl_03_cr_cr_0,synthetic
t_001406,u_00512,click,cmp_2,pl_05,cr_4,2026-08-19 19:58:12.380531417,c_cmp_2_p_pl_05_cr_cr_4,synthetic
t_001980,u_00741,click,cmp_0,pl_04,cr_3,2026-08-19 19:59:14.581662271,c_cmp_0_p_pl_04_cr_cr_3,synthetic
t_001981,u_00741,bot_start,cmp_0,pl_04,cr_3,2026-08-19 19:59:54.581662271,c_cmp_0_p_pl_04_cr_cr_3,synthetic
t_001407,u_00512,bot_start,cmp_2,pl_05,cr_4,2026-08-19 20:03:05.380531417,c_cmp_2_p_pl_05_cr_cr_4,synthetic
t_004246,u_01572,click,cmp_2,pl_00,cr_0,2026-08-19 20:08:35.797129679,c_cmp_2_p_pl_00_cr_cr_0,synthetic
t_002678,u_00999,click,cmp_2,pl_05,cr_4,2026-08-19 20:14:12.818612194,c_cmp_2_p_pl_05_cr_cr_4,synthetic
t_002996,u_01114,click,cmp_3,pl_09,cr_0,2026-08-19 20:20:07.055247701,c_cmp_3_p_pl_09_cr_cr_0,synthetic
t_003686,u_01361,click,cmp_0,pl_01,cr_4,2026-08-19 20:23:35.370834029,c_cmp_0_p_pl_01_cr_cr_4,synthetic
t_003304,u_01227,click,cmp_1,pl_06,cr_2,2026-08-19 20:38:08.859458407,c_cmp_1_p_pl_06_cr_cr_2,synthetic
t_003778,u_01391,lead,cmp_4,pl_03,cr_0,2026-08-19 20:42:02.487234062,c_cmp_4_p_pl_03_cr_cr_0,synthetic
t_002189,u_00817,click,cmp_0,pl_04,cr_3,2026-08-19 20:44:13.265127919,c_cmp_0_p_pl_04_cr_cr_3,synthetic
t_004705,u_01740,click,cmp_2,pl_08,cr_1,2026-08-19 20:51:50.628252556,c_cmp_2_p_pl_08_cr_cr_1,synthetic
t_004785,u_01766,click,cmp_2,pl_05,cr_4,2026-08-19 21:06:34.608298514,c_cmp_2_p_pl_05_cr_cr_4,synthetic
t_001654,u_00608,click,cmp_2,pl_05,cr_4,2026-08-19 21:19:40.670843221,c_cmp_2_p_pl_05_cr_cr_4,synthetic
t_003611,u_01336,click,cmp_2,pl_02,cr_2,2026-08-19 21:20:02.072807862,c_cmp_2_p_pl_02_cr_cr_2,synthetic
t_002396,u_00894,click,cmp_1,pl_06,cr_2,2026-08-19 21:20:46.852595787,c_cmp_1_p_pl_06_cr_cr_2,synthetic
t_001822,u_00681,click,cmp_2,pl_05,cr_4,2026-08-19 21:30:38.294087818,c_cmp_2_p_pl_05_cr_cr_4,synthetic
t_002759,u_01027,click,cmp_4,pl_03,cr_0,2026-08-19 21:44:10.262820269,c_cmp_4_p_pl_03_cr_cr_0,synthetic
t_005002,u_01852,click,cmp_1,pl_06,cr_2,2026-08-19 21:52:14.361438858,c_cmp_1_p_pl_06_cr_cr_2,synthetic
t_003223,u_01197,click,cmp_0,pl_01,cr_4,2026-08-19 21:52:26.645146431,c_cmp_0_p_pl_01_cr_cr_4,synthetic
t_001158,u_00424,click,cmp_2,pl_05,cr_4,2026-08-19 22:17:09.784958275,c_cmp_2_p_pl_05_cr_cr_4,synthetic
t_003437,u_01272,click,cmp_3,pl_09,cr_0,2026-08-19 22:23:31.379958218,c_cmp_3_p_pl_09_cr_cr_0,synthetic
t_003148,u_01174,click,cmp_2,pl_08,cr_1,2026-08-19 22:24:00.092340170,c_cmp_2_p_pl_08_cr_cr_1,synthetic
t_001130,u_00411,click,cmp_1,pl_06,cr_2,2026-08-19 22:37:32.840043014,c_cmp_1_p_pl_06_cr_cr_2,synthetic
t_004958,u_01831,click,cmp_2,pl_05,cr_4,2026-08-19 22:42:07.442453623,c_cmp_2_p_pl_05_cr_cr_4,synthetic
t_000404,u_00143,click,cmp_1,pl_06,cr_2,2026-08-19 22:47:44.900096961,c_cmp_1_p_pl_06_cr_cr_2,synthetic
t_000405,u_00143,bot_start,cmp_1,pl_06,cr_2,2026-08-19 23:00:23.900096961,c_cmp_1_p_pl_06_cr_cr_2,synthetic
t_001101,u_00401,click,cmp_0,pl_01,cr_4,2026-08-19 23:02:50.378459634,c_cmp_0_p_pl_01_cr_cr_4,synthetic
t_003744,u_01381,click,cmp_1,pl_06,cr_2,2026-08-19 23:04:24.637648603,c_cmp_1_p_pl_06_cr_cr_2,synthetic
t_003149,u_01174,bot_start,cmp_2,pl_08,cr_1,2026-08-19 23:07:28.092340170,c_cmp_2_p_pl_08_cr_cr_1,synthetic
t_001523,u_00563,click,cmp_0,pl_04,cr_3,2026-08-19 23:18:19.385258084,c_cmp_0_p_pl_04_cr_cr_3,synthetic
t_001903,u_00714,click,cmp_0,pl_04,cr_3,2026-08-20 00:07:46.724890227,c_cmp_0_p_pl_04_cr_cr_3,synthetic
t_000209,u_00065,click,cmp_2,pl_02,cr_2,2026-08-20 00:28:46.465199678,c_cmp_2_p_pl_02_cr_cr_2,synthetic
t_005318,u_01975,click,cmp_2,pl_00,cr_0,2026-08-20 00:34:05.735774761,c_cmp_2_p_pl_00_cr_cr_0,synthetic
t_001966,u_00734,click,cmp_2,pl_08,cr_1,2026-08-20 00:36:41.876092245,c_cmp_2_p_pl_08_cr_cr_1,synthetic
t_000974,u_00361,click,cmp_1,pl_06,cr_2,2026-08-20 00:50:09.736137436,c_cmp_1_p_pl_06_cr_cr_2,synthetic
t_004832,u_01783,click,cmp_2,pl_02,cr_2,2026-08-20 00:56:17.707673808,c_cmp_2_p_pl_02_cr_cr_2,synthetic
t_003135,u_01171,click,cmp_3,pl_07,cr_3,2026-08-20 01:04:55.798484361,c_cmp_3_p_pl_07_cr_cr_3,synthetic
t_004277,u_01583,click,cmp_2,pl_02,cr_2,2026-08-20 01:14:19.881456634,c_cmp_2_p_pl_02_cr_cr_2,synthetic
t_000210,u_00065,bot_start,cmp_2,pl_02,cr_2,2026-08-20 01:16:07.465199678,c_cmp_2_p_pl_02_cr_cr_2,synthetic
t_004711,u_01743,click,cmp_0,pl_04,cr_3,2026-08-20 01:30:17.383543459,c_cmp_0_p_pl_04_cr_cr_3,synthetic
t_001688,u_00625,click,cmp_2,pl_05,cr_4,2026-08-20 01:55:42.975470372,c_cmp_2_p_pl_05_cr_cr_4,synthetic
t_001371,u_00497,click,cmp_2,pl_08,cr_1,2026-08-20 01:56:02.401204700,c_cmp_2_p_pl_08_cr_cr_1,synthetic
t_001689,u_00625,bot_start,cmp_2,pl_05,cr_4,2026-08-20 02:01:02.975470372,c_cmp_2_p_pl_05_cr_cr_4,synthetic
t_000433,u_00151,click,cmp_1,pl_06,cr_2,2026-08-20 02:03:59.958599158,c_cmp_1_p_pl_06_cr_cr_2,synthetic
t_001970,u_00735,click,cmp_0,pl_04,cr_3,2026-08-20 02:06:12.107089208,c_cmp_0_p_pl_04_cr_cr_3,synthetic
t_003966,u_01465,click,cmp_2,pl_00,cr_0,2026-08-20 02:15:14.850746198,c_cmp_2_p_pl_00_cr_cr_0,synthetic
t_003089,u_01152,click,cmp_2,pl_05,cr_4,2026-08-20 02:20:32.237394354,c_cmp_2_p_pl_05_cr_cr_4,synthetic
t_001372,u_00497,bot_start,cmp_2,pl_08,cr_1,2026-08-20 02:26:05.401204700,c_cmp_2_p_pl_08_cr_cr_1,synthetic
t_004530,u_01668,click,cmp_1,pl_06,cr_2,2026-08-20 02:58:14.238493556,c_cmp_1_p_pl_06_cr_cr_2,synthetic
t_003597,u_01331,click,cmp_2,pl_00,cr_0,2026-08-20 03:12:54.930710802,c_cmp_2_p_pl_00_cr_cr_0,synthetic
t_004855,u_01797,click,cmp_0,pl_04,cr_3,2026-08-20 03:16:56.376686059,c_cmp_0_p_pl_04_cr_cr_3,synthetic
t_002833,u_01054,click,cmp_0,pl_01,cr_4,2026-08-20 03:23:53.833820518,c_cmp_0_p_pl_01_cr_cr_4,synthetic
t_002146,u_00801,click,cmp_3,pl_09,cr_0,2026-08-20 03:32:15.607668311,c_cmp_3_p_pl_09_cr_cr_0,synthetic
t_003598,u_01331,bot_start,cmp_2,pl_00,cr_0,2026-08-20 03:53:05.930710802,c_cmp_2_p_pl_00_cr_cr_0,synthetic
t_003599,u_01331,lead,cmp_2,pl_00,cr_0,2026-08-20 04:50:05.930710802,c_cmp_2_p_pl_00_cr_cr_0,synthetic
t_001229,u_00450,click,cmp_0,pl_04,cr_3,2026-08-20 04:58:04.014366274,c_cmp_0_p_pl_04_cr_cr_3,synthetic
t_000842,u_00308,click,cmp_2,pl_00,cr_0,2026-08-20 05:09:20.379937555,c_cmp_2_p_pl_00_cr_cr_0,synthetic
t_004673,u_01728,click,cmp_2,pl_08,cr_1,2026-08-20 05:13:33.431574090,c_cmp_2_p_pl_08_cr_cr_1,synthetic
t_002908,u_01079,click,cmp_0,pl_01,cr_4,2026-08-20 05:18:53.309726469,c_cmp_0_p_pl_01_cr_cr_4,synthetic
t_000033,u_00011,click,cmp_3,pl_09,cr_0,2026-08-20 05:45:12.156303173,c_cmp_3_p_pl_09_cr_cr_0,synthetic
t_004200,u_01556,click,cmp_4,pl_03,cr_0,2026-08-20 06:00:29.051214802,c_cmp_4_p_pl_03_cr_cr_0,synthetic
t_001030,u_00377,click,cmp_2,pl_02,cr_2,2026-08-20 06:01:13.494575905,c_cmp_2_p_pl_02_cr_cr_2,synthetic
t_000957,u_00352,click,cmp_4,pl_03,cr_0,2026-08-20 06:08:34.277741980,c_cmp_4_p_pl_03_cr_cr_0,synthetic
t_001524,u_00564,click,cmp_2,pl_05,cr_4,2026-08-20 06:15:35.311399403,c_cmp_2_p_pl_05_cr_cr_4,synthetic
t_000034,u_00011,bot_start,cmp_3,pl_09,cr_0,2026-08-20 06:16:40.156303173,c_cmp_3_p_pl_09_cr_cr_0,synthetic
t_000549,u_00194,click,cmp_4,pl_03,cr_0,2026-08-20 06:33:01.547001556,c_cmp_4_p_pl_03_cr_cr_0,synthetic
t_001136,u_00414,click,cmp_3,pl_09,cr_0,2026-08-20 06:35:23.031331369,c_cmp_3_p_pl_09_cr_cr_0,synthetic
t_000958,u_00352,bot_start,cmp_4,pl_03,cr_0,2026-08-20 06:37:50.277741980,c_cmp_4_p_pl_03_cr_cr_0,synthetic
t_000302,u_00106,click,cmp_3,pl_09,cr_0,2026-08-20 06:45:52.186001020,c_cmp_3_p_pl_09_cr_cr_0,synthetic
t_002423,u_00905,click,cmp_2,pl_02,cr_2,2026-08-20 06:49:35.094727168,c_cmp_2_p_pl_02_cr_cr_2,synthetic
t_002657,u_00991,click,cmp_2,pl_00,cr_0,2026-08-20 06:59:14.710395653,c_cmp_2_p_pl_00_cr_cr_0,synthetic
t_002312,u_00859,click,cmp_0,pl_04,cr_3,2026-08-20 07:10:09.501414698,c_cmp_0_p_pl_04_cr_cr_3,synthetic
t_000303,u_00106,bot_start,cmp_3,pl_09,cr_0,2026-08-20 07:10:39.186001020,c_cmp_3_p_pl_09_cr_cr_0,synthetic
t_000304,u_00106,lead,cmp_3,pl_09,cr_0,2026-08-20 07:30:39.186001020,c_cmp_3_p_pl_09_cr_cr_0,synthetic
t_003449,u_01279,click,cmp_2,pl_02,cr_2,2026-08-20 08:01:33.253505827,c_cmp_2_p_pl_02_cr_cr_2,synthetic
t_004501,u_01656,click,cmp_2,pl_08,cr_1,2026-08-20 08:05:30.776871506,c_cmp_2_p_pl_08_cr_cr_1,synthetic
t_003556,u_01314,click,cmp_3,pl_09,cr_0,2026-08-20 08:06:29.327418988,c_cmp_3_p_pl_09_cr_cr_0,synthetic
t_001922,u_00720,click,cmp_0,pl_01,cr_4,2026-08-20 08:09:39.723441499,c_cmp_0_p_pl_01_cr_cr_4,synthetic
t_003453,u_01279,click,cmp_2,pl_08,cr_1,2026-08-20 08:34:17.360085886,c_cmp_2_p_pl_08_cr_cr_1,synthetic
t_003450,u_01279,bot_start,cmp_2,pl_02,cr_2,2026-08-20 08:34:24.253505827,c_cmp_2_p_pl_02_cr_cr_2,synthetic
t_001923,u_00720,bot_start,cmp_0,pl_01,cr_4,2026-08-20 08:34:36.723441499,c_cmp_0_p_pl_01_cr_cr_4,synthetic
t_001196,u_00438,click,cmp_3,pl_07,cr_3,2026-08-20 08:50:31.053782542,c_cmp_3_p_pl_07_cr_cr_3,synthetic
t_003451,u_01279,lead,cmp_2,pl_02,cr_2,2026-08-20 09:15:24.253505827,c_cmp_2_p_pl_02_cr_cr_2,synthetic
t_003307,u_01229,click,cmp_3,pl_09,cr_0,2026-08-20 09:20:59.880804812,c_cmp_3_p_pl_09_cr_cr_0,synthetic
t_001546,u_00572,click,cmp_0,pl_01,cr_4,2026-08-20 09:25:48.631548764,c_cmp_0_p_pl_01_cr_cr_4,synthetic
t_003881,u_01434,click,cmp_2,pl_08,cr_1,2026-08-20 09:32:15.558998923,c_cmp_2_p_pl_08_cr_cr_1,synthetic
t_001417,u_00517,click,cmp_2,pl_02,cr_2,2026-08-20 09:32:31.389625736,c_cmp_2_p_pl_02_cr_cr_2,synthetic
t_001402,u_00512,click,cmp_0,pl_04,cr_3,2026-08-20 10:35:49.748721901,c_cmp_0_p_pl_04_cr_cr_3,synthetic
t_003781,u_01393,click,cmp_0,pl_01,cr_4,2026-08-20 10:57:01.355184624,c_cmp_0_p_pl_01_cr_cr_4,synthetic
t_001690,u_00625,click,cmp_2,pl_08,cr_1,2026-08-20 11:04:18.934876368,c_cmp_2_p_pl_08_cr_cr_1,synthetic
t_000771,u_00278,click,cmp_0,pl_01,cr_4,2026-08-20 11:23:16.636257615,c_cmp_0_p_pl_01_cr_cr_4,synthetic
t_000821,u_00299,click,cmp_2,pl_05,cr_4,2026-08-20 11:23:44.641706843,c_cmp_2_p_pl_05_cr_cr_4,synthetic
t_003782,u_01393,bot_start,cmp_0,pl_01,cr_4,2026-08-20 11:32:50.355184624,c_cmp_0_p_pl_01_cr_cr_4,synthetic
t_001628,u_00597,click,cmp_2,pl_08,cr_1,2026-08-20 11:41:34.174949207,c_cmp_2_p_pl_08_cr_cr_1,synthetic
t_004913,u_01816,click,cmp_3,pl_09,cr_0,2026-08-20 11:56:04.797023081,c_cmp_3_p_pl_09_cr_cr_0,synthetic
t_004154,u_01541,click,cmp_2,pl_02,cr_2,2026-08-20 11:57:32.566650444,c_cmp_2_p_pl_02_cr_cr_2,synthetic
t_000908,u_00334,click,cmp_2,pl_02,cr_2,2026-08-20 12:04:34.200034116,c_cmp_2_p_pl_02_cr_cr_2,synthetic
t_004021,u_01484,click,cmp_3,pl_09,cr_0,2026-08-20 12:09:10.041079742,c_cmp_3_p_pl_09_cr_cr_0,synthetic
t_001629,u_00597,bot_start,cmp_2,pl_08,cr_1,2026-08-20 12:14:02.174949207,c_cmp_2_p_pl_08_cr_cr_1,synthetic
t_000594,u_00207,click,cmp_2,pl_08,cr_1,2026-08-20 12:23:37.928485010,c_cmp_2_p_pl_08_cr_cr_1,synthetic
t_002979,u_01109,click,cmp_4,pl_03,cr_0,2026-08-20 12:42:40.922270345,c_cmp_4_p_pl_03_cr_cr_0,synthetic
t_002741,u_01020,click,cmp_2,pl_05,cr_4,2026-08-20 12:53:11.587447946,c_cmp_2_p_pl_05_cr_cr_4,synthetic
t_005380,u_01999,click,cmp_1,pl_06,cr_2,2026-08-20 13:39:59.989705089,c_cmp_1_p_pl_06_cr_cr_2,synthetic
t_000648,u_00223,click,cmp_0,pl_04,cr_3,2026-08-20 14:00:57.188747504,c_cmp_0_p_pl_04_cr_cr_3,synthetic
t_000617,u_00215,click,cmp_2,pl_08,cr_1,2026-08-20 14:02:53.127037408,c_cmp_2_p_pl_08_cr_cr_1,synthetic
t_001949,u_00728,click,cmp_2,pl_00,cr_0,2026-08-20 14:25:10.238511132,c_cmp_2_p_pl_00_cr_cr_0,synthetic
t_001954,u_00730,click,cmp_2,pl_05,cr_4,2026-08-20 14:26:01.701994253,c_cmp_2_p_pl_05_cr_cr_4,synthetic
t_000347,u_00122,click,cmp_3,pl_09,cr_0,2026-08-20 14:28:18.488620957,c_cmp_3_p_pl_09_cr_cr_0,synthetic
t_005077,u_01884,click,cmp_2,pl_05,cr_4,2026-08-20 14:36:19.688113326,c_cmp_2_p_pl_05_cr_cr_4,synthetic
t_003879,u_01434,click,cmp_3,pl_07,cr_3,2026-08-20 14:47:45.736899166,c_cmp_3_p_pl_07_cr_cr_3,synthetic
t_001955,u_00730,bot_start,cmp_2,pl_05,cr_4,2026-08-20 14:54:11.701994253,c_cmp_2_p_pl_05_cr_cr_4,synthetic
t_003585,u_01327,click,cmp_3,pl_09,cr_0,2026-08-20 15:11:40.232611402,c_cmp_3_p_pl_09_cr_cr_0,synthetic
t_001950,u_00728,bot_start,cmp_2,pl_00,cr_0,2026-08-20 15:23:19.238511132,c_cmp_2_p_pl_00_cr_cr_0,synthetic
t_000276,u_00096,click,cmp_2,pl_02,cr_2,2026-08-20 15:28:30.210061382,c_cmp_2_p_pl_02_cr_cr_2,synthetic
t_001951,u_00728,lead,cmp_2,pl_00,cr_0,2026-08-20 15:29:19.238511132,c_cmp_2_p_pl_00_cr_cr_0,synthetic
t_004655,u_01719,click,cmp_1,pl_06,cr_2,2026-08-20 15:46:07.363472590,c_cmp_1_p_pl_06_cr_cr_2,synthetic
t_002967,u_01106,click,cmp_2,pl_00,cr_0,2026-08-20 16:01:10.976664012,c_cmp_2_p_pl_00_cr_cr_0,synthetic
t_002968,u_01106,bot_start,cmp_2,pl_00,cr_0,2026-08-20 16:08:23.976664012,c_cmp_2_p_pl_00_cr_cr_0,synthetic
t_001208,u_00443,click,cmp_0,pl_04,cr_3,2026-08-20 16:12:56.801355261,c_cmp_0_p_pl_04_cr_cr_3,synthetic
t_001111,u_00404,click,cmp_3,pl_07,cr_3,2026-08-20 16:15:17.920737501,c_cmp_3_p_pl_07_cr_cr_3,synthetic
t_001073,u_00391,click,cmp_2,pl_08,cr_1,2026-08-20 16:24:45.926063813,c_cmp_2_p_pl_08_cr_cr_1,synthetic
t_004897,u_01810,click,cmp_4,pl_03,cr_0,2026-08-20 16:32:46.637070310,c_cmp_4_p_pl_03_cr_cr_0,synthetic
t_003977,u_01469,click,cmp_3,pl_09,cr_0,2026-08-20 16:33:37.705811907,c_cmp_3_p_pl_09_cr_cr_0,synthetic
t_004898,u_01810,bot_start,cmp_4,pl_03,cr_0,2026-08-20 16:34:58.637070310,c_cmp_4_p_pl_03_cr_cr_0,synthetic
t_001028,u_00375,click,cmp_2,pl_00,cr_0,2026-08-20 16:37:02.714454859,c_cmp_2_p_pl_00_cr_cr_0,synthetic
t_001551,u_00574,click,cmp_3,pl_07,cr_3,2026-08-20 16:39:19.222681596,c_cmp_3_p_pl_07_cr_cr_3,synthetic
t_004899,u_01810,lead,cmp_4,pl_03,cr_0,2026-08-20 16:42:58.637070310,c_cmp_4_p_pl_03_cr_cr_0,synthetic
t_003574,u_01322,click,cmp_0,pl_04,cr_3,2026-08-20 16:43:40.990640116,c_cmp_0_p_pl_04_cr_cr_3,synthetic
t_005033,u_01865,click,cmp_2,pl_00,cr_0,2026-08-20 17:05:10.905403757,c_cmp_2_p_pl_00_cr_cr_0,synthetic
t_002969,u_01106,lead,cmp_2,pl_00,cr_0,2026-08-20 17:06:23.976664012,c_cmp_2_p_pl_00_cr_cr_0,synthetic
t_003575,u_01322,bot_start,cmp_0,pl_04,cr_3,2026-08-20 17:09:52.990640116,c_cmp_0_p_pl_04_cr_cr_3,synthetic
t_005003,u_01852,click,cmp_2,pl_08,cr_1,2026-08-20 17:26:42.669580428,c_cmp_2_p_pl_08_cr_cr_1,synthetic
t_001188,u_00436,click,cmp_2,pl_05,cr_4,2026-08-20 18:03:40.714776656,c_cmp_2_p_pl_05_cr_cr_4,synthetic
t_000792,u_00284,click,cmp_1,pl_06,cr_2,2026-08-20 18:08:55.345748179,c_cmp_1_p_pl_06_cr_cr_2,synthetic
t_003844,u_01421,click,cmp_4,pl_03,cr_0,2026-08-20 18:13:00.918056271,c_cmp_4_p_pl_03_cr_cr_0,synthetic
t_001189,u_00436,bot_start,cmp_2,pl_05,cr_4,2026-08-20 18:23:27.714776656,c_cmp_2_p_pl_05_cr_cr_4,synthetic
t_001190,u_00436,lead,cmp_2,pl_05,cr_4,2026-08-20 19:06:27.714776656,c_cmp_2_p_pl_05_cr_cr_4,synthetic
t_002093,u_00782,click,cmp_2,pl_00,cr_0,2026-08-20 19:33:43.252595304,c_cmp_2_p_pl_00_cr_cr_0,synthetic
t_000575,u_00201,click,cmp_2,pl_08,cr_1,2026-08-20 19:56:46.423458899,c_cmp_2_p_pl_08_cr_cr_1,synthetic
t_003564,u_01315,click,cmp_2,pl_08,cr_1,2026-08-20 20:00:53.852503863,c_cmp_2_p_pl_08_cr_cr_1,synthetic
t_002927,u_01090,click,cmp_0,pl_04,cr_3,2026-08-20 20:05:59.563585467,c_cmp_0_p_pl_04_cr_cr_3,synthetic
t_005202,u_01936,click,cmp_2,pl_05,cr_4,2026-08-20 20:14:08.112776468,c_cmp_2_p_pl_05_cr_cr_4,synthetic
t_004756,u_01757,click,cmp_2,pl_00,cr_0,2026-08-20 20:26:56.023524826,c_cmp_2_p_pl_00_cr_cr_0,synthetic
t_001789,u_00669,click,cmp_3,pl_09,cr_0,2026-08-20 20:27:46.886602547,c_cmp_3_p_pl_09_cr_cr_0,synthetic
t_000022,u_00007,click,cmp_2,pl_02,cr_2,2026-08-20 20:43:45.643340088,c_cmp_2_p_pl_02_cr_cr_2,synthetic
t_003452,u_01279,click,cmp_2,pl_08,cr_1,2026-08-20 20:54:19.534235162,c_cmp_2_p_pl_08_cr_cr_1,synthetic
t_004144,u_01537,click,cmp_3,pl_09,cr_0,2026-08-20 20:57:24.735138952,c_cmp_3_p_pl_09_cr_cr_0,synthetic
t_004102,u_01521,click,cmp_2,pl_02,cr_2,2026-08-20 21:04:32.892731878,c_cmp_2_p_pl_02_cr_cr_2,synthetic
t_001790,u_00669,bot_start,cmp_3,pl_09,cr_0,2026-08-20 21:16:48.886602547,c_cmp_3_p_pl_09_cr_cr_0,synthetic
t_002556,u_00955,click,cmp_0,pl_04,cr_3,2026-08-20 21:22:47.753136557,c_cmp_0_p_pl_04_cr_cr_3,synthetic
t_005352,u_01990,click,cmp_0,pl_01,cr_4,2026-08-20 21:49:51.117427564,c_cmp_0_p_pl_01_cr_cr_4,synthetic
t_002557,u_00955,bot_start,cmp_0,pl_04,cr_3,2026-08-20 22:15:08.753136557,c_cmp_0_p_pl_04_cr_cr_3,synthetic
t_004937,u_01826,click,cmp_3,pl_09,cr_0,2026-08-20 22:19:43.374137276,c_cmp_3_p_pl_09_cr_cr_0,synthetic
t_004938,u_01826,bot_start,cmp_3,pl_09,cr_0,2026-08-20 22:25:10.374137276,c_cmp_3_p_pl_09_cr_cr_0,synthetic
t_002875,u_01070,click,cmp_2,pl_02,cr_2,2026-08-20 22:25:29.260733615,c_cmp_2_p_pl_02_cr_cr_2,synthetic
t_004039,u_01491,click,cmp_4,pl_03,cr_0,2026-08-20 22:25:44.073270299,c_cmp_4_p_pl_03_cr_cr_0,synthetic
t_002313,u_00859,click,cmp_2,pl_02,cr_2,2026-08-20 22:33:49.924159627,c_cmp_2_p_pl_02_cr_cr_2,synthetic
t_005353,u_01990,bot_start,cmp_0,pl_01,cr_4,2026-08-20 22:37:24.117427564,c_cmp_0_p_pl_01_cr_cr_4,synthetic
t_001774,u_00662,click,cmp_2,pl_08,cr_1,2026-08-20 22:40:09.757299247,c_cmp_2_p_pl_08_cr_cr_1,synthetic
t_004698,u_01736,click,cmp_2,pl_00,cr_0,2026-08-20 22:40:22.696399485,c_cmp_2_p_pl_00_cr_cr_0,synthetic
t_001775,u_00662,bot_start,cmp_2,pl_08,cr_1,2026-08-20 23:07:45.757299247,c_cmp_2_p_pl_08_cr_cr_1,synthetic
t_000112,u_00035,click,cmp_2,pl_08,cr_1,2026-08-20 23:11:26.507893608,c_cmp_2_p_pl_08_cr_cr_1,synthetic
t_000131,u_00040,click,cmp_2,pl_00,cr_0,2026-08-20 23:12:06.661811300,c_cmp_2_p_pl_00_cr_cr_0,synthetic
t_001337,u_00485,click,cmp_0,pl_01,cr_4,2026-08-20 23:45:58.078708394,c_cmp_0_p_pl_01_cr_cr_4,synthetic
t_004363,u_01609,click,cmp_2,pl_00,cr_0,2026-08-21 00:26:56.888166508,c_cmp_2_p_pl_00_cr_cr_0,synthetic
t_004760,u_01759,click,cmp_2,pl_00,cr_0,2026-08-21 00:35:57.123731857,c_cmp_2_p_pl_00_cr_cr_0,synthetic
t_004364,u_01609,bot_start,cmp_2,pl_00,cr_0,2026-08-21 00:40:20.888166508,c_cmp_2_p_pl_00_cr_cr_0,synthetic
t_004894,u_01809,click,cmp_0,pl_01,cr_4,2026-08-21 00:45:05.352837026,c_cmp_0_p_pl_01_cr_cr_4,synthetic
t_004497,u_01655,click,cmp_1,pl_06,cr_2,2026-08-21 01:02:51.830738298,c_cmp_1_p_pl_06_cr_cr_2,synthetic
t_000295,u_00103,click,cmp_0,pl_04,cr_3,2026-08-21 01:27:22.658319208,c_cmp_0_p_pl_04_cr_cr_3,synthetic
t_004641,u_01711,click,cmp_2,pl_02,cr_2,2026-08-21 01:49:41.432939845,c_cmp_2_p_pl_02_cr_cr_2,synthetic
t_002708,u_01010,click,cmp_0,pl_01,cr_4,2026-08-21 01:55:20.773834102,c_cmp_0_p_pl_01_cr_cr_4,synthetic
t_004991,u_01846,click,cmp_0,pl_01,cr_4,2026-08-21 01:59:12.604350334,c_cmp_0_p_pl_01_cr_cr_4,synthetic
t_004642,u_01711,bot_start,cmp_2,pl_02,cr_2,2026-08-21 02:00:34.432939845,c_cmp_2_p_pl_02_cr_cr_2,synthetic
t_000013,u_00005,click,cmp_4,pl_03,cr_0,2026-08-21 02:08:49.129667635,c_cmp_4_p_pl_03_cr_cr_0,synthetic
t_002248,u_00837,click,cmp_4,pl_03,cr_0,2026-08-21 02:20:58.303595149,c_cmp_4_p_pl_03_cr_cr_0,synthetic
t_001745,u_00649,click,cmp_1,pl_06,cr_2,2026-08-21 02:30:01.871744005,c_cmp_1_p_pl_06_cr_cr_2,synthetic
t_002690,u_01001,click,cmp_2,pl_02,cr_2,2026-08-21 02:38:28.731901187,c_cmp_2_p_pl_02_cr_cr_2,synthetic
t_002249,u_00837,bot_start,cmp_4,pl_03,cr_0,2026-08-21 02:38:51.303595149,c_cmp_4_p_pl_03_cr_cr_0,synthetic
t_003353,u_01243,click,cmp_3,pl_09,cr_0,2026-08-21 02:42:26.159754916,c_cmp_3_p_pl_09_cr_cr_0,synthetic
t_001434,u_00524,click,cmp_0,pl_04,cr_3,2026-08-21 02:48:56.605322394,c_cmp_0_p_pl_04_cr_cr_3,synthetic
t_002250,u_00837,lead,cmp_4,pl_03,cr_0,2026-08-21 02:50:51.303595149,c_cmp_4_p_pl_03_cr_cr_0,synthetic
t_000839,u_00307,click,cmp_2,pl_08,cr_1,2026-08-21 02:57:55.644412698,c_cmp_2_p_pl_08_cr_cr_1,synthetic
t_000083,u_00027,click,cmp_2,pl_08,cr_1,2026-08-21 02:57:57.011929351,c_cmp_2_p_pl_08_cr_cr_1,synthetic
t_000014,u_00005,bot_start,cmp_4,pl_03,cr_0,2026-08-21 03:02:54.129667635,c_cmp_4_p_pl_03_cr_cr_0,synthetic
t_004851,u_01794,click,cmp_3,pl_07,cr_3,2026-08-21 03:12:57.017329349,c_cmp_3_p_pl_07_cr_cr_3,synthetic
t_003352,u_01242,click,cmp_3,pl_07,cr_3,2026-08-21 03:14:30.745199874,c_cmp_3_p_pl_07_cr_cr_3,synthetic
t_003931,u_01451,click,cmp_3,pl_09,cr_0,2026-08-21 03:28:52.354856184,c_cmp_3_p_pl_09_cr_cr_0,synthetic
t_000015,u_00005,lead,cmp_4,pl_03,cr_0,2026-08-21 03:32:54.129667635,c_cmp_4_p_pl_03_cr_cr_0,synthetic
t_000585,u_00205,click,cmp_2,pl_00,cr_0,2026-08-21 03:57:46.764236608,c_cmp_2_p_pl_00_cr_cr_0,synthetic
t_004498,u_01655,click,cmp_0,pl_04,cr_3,2026-08-21 04:20:31.687768820,c_cmp_0_p_pl_04_cr_cr_3,synthetic
t_005023,u_01860,click,cmp_1,pl_06,cr_2,2026-08-21 04:30:25.847029998,c_cmp_1_p_pl_06_cr_cr_2,synthetic
t_004088,u_01515,click,cmp_2,pl_05,cr_4,2026-08-21 04:35:48.204781718,c_cmp_2_p_pl_05_cr_cr_4,synthetic
t_000343,u_00120,click,cmp_2,pl_05,cr_4,2026-08-21 04:38:07.866302311,c_cmp_2_p_pl_05_cr_cr_4,synthetic
t_002024,u_00758,click,cmp_0,pl_04,cr_3,2026-08-21 04:38:29.540085717,c_cmp_0_p_pl_04_cr_cr_3,synthetic
t_003956,u_01460,click,cmp_0,pl_04,cr_3,2026-08-21 04:49:57.773905540,c_cmp_0_p_pl_04_cr_cr_3,synthetic
t_000838,u_00306,click,cmp_1,pl_06,cr_2,2026-08-21 05:06:31.229094430,c_cmp_1_p_pl_06_cr_cr_2,synthetic
t_002164,u_00808,click,cmp_2,pl_08,cr_1,2026-08-21 05:18:40.691543043,c_cmp_2_p_pl_08_cr_cr_1,synthetic
t_003203,u_01190,click,cmp_2,pl_00,cr_0,2026-08-21 05:46:43.137012794,c_cmp_2_p_pl_00_cr_cr_0,synthetic
t_005278,u_01957,click,cmp_3,pl_07,cr_3,2026-08-21 05:48:03.198643710,c_cmp_3_p_pl_07_cr_cr_3,synthetic
t_003523,u_01305,click,cmp_3,pl_07,cr_3,2026-08-21 06:14:16.260910611,c_cmp_3_p_pl_07_cr_cr_3,synthetic
t_004055,u_01499,click,cmp_2,pl_05,cr_4,2026-08-21 06:41:26.685957110,c_cmp_2_p_pl_05_cr_cr_4,synthetic
t_001377,u_00498,click,cmp_3,pl_07,cr_3,2026-08-21 06:42:44.284978516,c_cmp_3_p_pl_07_cr_cr_3,synthetic
t_001145,u_00418,click,cmp_2,pl_02,cr_2,2026-08-21 06:44:00.984905924,c_cmp_2_p_pl_02_cr_cr_2,synthetic
t_004349,u_01604,click,cmp_2,pl_08,cr_1,2026-08-21 07:11:08.515345220,c_cmp_2_p_pl_08_cr_cr_1,synthetic
t_000522,u_00185,click,cmp_0,pl_01,cr_4,2026-08-21 07:16:31.359992839,c_cmp_0_p_pl_01_cr_cr_4,synthetic
t_003119,u_01165,click,cmp_3,pl_09,cr_0,2026-08-21 07:32:13.565835917,c_cmp_3_p_pl_09_cr_cr_0,synthetic
t_000523,u_00185,bot_start,cmp_0,pl_01,cr_4,2026-08-21 07:42:02.359992839,c_cmp_0_p_pl_01_cr_cr_4,synthetic
t_001928,u_00721,click,cmp_1,pl_06,cr_2,2026-08-21 08:09:15.565072174,c_cmp_1_p_pl_06_cr_cr_2,synthetic
t_004820,u_01778,click,cmp_3,pl_09,cr_0,2026-08-21 08:24:36.085967108,c_cmp_3_p_pl_09_cr_cr_0,synthetic
t_000439,u_00154,click,cmp_2,pl_05,cr_4,2026-08-21 08:28:35.436587710,c_cmp_2_p_pl_05_cr_cr_4,synthetic
t_000524,u_00185,lead,cmp_0,pl_01,cr_4,2026-08-21 08:29:02.359992839,c_cmp_0_p_pl_01_cr_cr_4,synthetic
t_001894,u_00711,click,cmp_0,pl_04,cr_3,2026-08-21 08:54:24.134938113,c_cmp_0_p_pl_04_cr_cr_3,synthetic
t_004308,u_01592,click,cmp_2,pl_00,cr_0,2026-08-21 09:06:50.052097981,c_cmp_2_p_pl_00_cr_cr_0,synthetic
t_000358,u_00125,click,cmp_4,pl_03,cr_0,2026-08-21 09:19:15.149910568,c_cmp_4_p_pl_03_cr_cr_0,synthetic
t_004821,u_01778,bot_start,cmp_3,pl_09,cr_0,2026-08-21 09:21:16.085967108,c_cmp_3_p_pl_09_cr_cr_0,synthetic
t_004822,u_01778,lead,cmp_3,pl_09,cr_0,2026-08-21 09:23:16.085967108,c_cmp_3_p_pl_09_cr_cr_0,synthetic
t_005225,u_01943,click,cmp_2,pl_00,cr_0,2026-08-21 09:26:13.787149884,c_cmp_2_p_pl_00_cr_cr_0,synthetic
t_005226,u_01943,bot_start,cmp_2,pl_00,cr_0,2026-08-21 09:56:30.787149884,c_cmp_2_p_pl_00_cr_cr_0,synthetic
t_000006,u_00002,click,cmp_2,pl_05,cr_4,2026-08-21 10:20:00.351798366,c_cmp_2_p_pl_05_cr_cr_4,synthetic
t_003741,u_01380,click,cmp_3,pl_07,cr_3,2026-08-21 10:31:08.305280913,c_cmp_3_p_pl_07_cr_cr_3,synthetic
t_003041,u_01132,click,cmp_1,pl_06,cr_2,2026-08-21 10:40:18.511222956,c_cmp_1_p_pl_06_cr_cr_2,synthetic
t_001306,u_00476,click,cmp_2,pl_05,cr_4,2026-08-21 10:46:59.764435145,c_cmp_2_p_pl_05_cr_cr_4,synthetic
t_001400,u_00511,click,cmp_0,pl_04,cr_3,2026-08-21 10:48:07.008491312,c_cmp_0_p_pl_04_cr_cr_3,synthetic
t_003085,u_01151,click,cmp_4,pl_03,cr_0,2026-08-21 10:48:43.845454385,c_cmp_4_p_pl_03_cr_cr_0,synthetic
t_000872,u_00319,click,cmp_2,pl_02,cr_2,2026-08-21 10:57:03.090836650,c_cmp_2_p_pl_02_cr_cr_2,synthetic
t_000797,u_00287,click,cmp_2,pl_02,cr_2,2026-08-21 11:01:48.261494591,c_cmp_2_p_pl_02_cr_cr_2,synthetic
t_003042,u_01132,bot_start,cmp_1,pl_06,cr_2,2026-08-21 11:01:56.511222956,c_cmp_1_p_pl_06_cr_cr_2,synthetic
t_001941,u_00725,click,cmp_4,pl_03,cr_0,2026-08-21 11:10:09.871707543,c_cmp_4_p_pl_03_cr_cr_0,synthetic
t_004052,u_01497,click,cmp_4,pl_03,cr_0,2026-08-21 11:22:49.641246438,c_cmp_4_p_pl_03_cr_cr_0,synthetic
t_000962,u_00355,click,cmp_2,pl_05,cr_4,2026-08-21 11:38:42.999667727,c_cmp_2_p_pl_05_cr_cr_4,synthetic
t_004313,u_01594,click,cmp_2,pl_02,cr_2,2026-08-21 11:54:52.134048190,c_cmp_2_p_pl_02_cr_cr_2,synthetic
t_003043,u_01132,lead,cmp_1,pl_06,cr_2,2026-08-21 11:56:56.511222956,c_cmp_1_p_pl_06_cr_cr_2,synthetic
t_003062,u_01140,click,cmp_0,pl_04,cr_3,2026-08-21 12:08:22.130888280,c_cmp_0_p_pl_04_cr_cr_3,synthetic
t_001743,u_00648,click,cmp_2,pl_02,cr_2,2026-08-21 12:20:40.486989657,c_cmp_2_p_pl_02_cr_cr_2,synthetic
t_001744,u_00648,bot_start,cmp_2,pl_02,cr_2,2026-08-21 12:26:54.486989657,c_cmp_2_p_pl_02_cr_cr_2,synthetic
t_003507,u_01299,click,cmp_2,pl_02,cr_2,2026-08-21 12:41:37.657728850,c_cmp_2_p_pl_02_cr_cr_2,synthetic
t_004477,u_01646,click,cmp_2,pl_02,cr_2,2026-08-21 12:46:26.546391809,c_cmp_2_p_pl_02_cr_cr_2,synthetic
t_000502,u_00176,click,cmp_3,pl_09,cr_0,2026-08-21 12:51:08.175681407,c_cmp_3_p_pl_09_cr_cr_0,synthetic
t_001532,u_00567,click,cmp_2,pl_08,cr_1,2026-08-21 12:51:12.895610564,c_cmp_2_p_pl_08_cr_cr_1,synthetic
t_000140,u_00043,click,cmp_2,pl_02,cr_2,2026-08-21 13:01:47.335728256,c_cmp_2_p_pl_02_cr_cr_2,synthetic
t_003871,u_01432,click,cmp_0,pl_01,cr_4,2026-08-21 13:02:03.590980616,c_cmp_0_p_pl_01_cr_cr_4,synthetic
t_000134,u_00042,click,cmp_3,pl_09,cr_0,2026-08-21 13:03:42.594410033,c_cmp_3_p_pl_09_cr_cr_0,synthetic
t_003354,u_01244,click,cmp_2,pl_05,cr_4,2026-08-21 13:04:35.693527657,c_cmp_2_p_pl_05_cr_cr_4,synthetic
t_003508,u_01299,bot_start,cmp_2,pl_02,cr_2,2026-08-21 13:07:40.657728850,c_cmp_2_p_pl_02_cr_cr_2,synthetic
t_001470,u_00538,click,cmp_3,pl_09,cr_0,2026-08-21 13:15:04.802491061,c_cmp_3_p_pl_09_cr_cr_0,synthetic
t_001227,u_00448,click,cmp_4,pl_03,cr_0,2026-08-21 13:16:53.212312804,c_cmp_4_p_pl_03_cr_cr_0,synthetic
t_003509,u_01299,lead,cmp_2,pl_02,cr_2,2026-08-21 13:17:40.657728850,c_cmp_2_p_pl_02_cr_cr_2,synthetic
t_002712,u_01012,click,cmp_3,pl_07,cr_3,2026-08-21 13:22:43.421464781,c_cmp_3_p_pl_07_cr_cr_3,synthetic
t_001156,u_00423,click,cmp_2,pl_08,cr_1,2026-08-21 13:22:57.789115849,c_cmp_2_p_pl_08_cr_cr_1,synthetic
t_004478,u_01646,bot_start,cmp_2,pl_02,cr_2,2026-08-21 13:26:14.546391809,c_cmp_2_p_pl_02_cr_cr_2,synthetic
t_000135,u_00042,bot_start,cmp_3,pl_09,cr_0,2026-08-21 13:28:14.594410033,c_cmp_3_p_pl_09_cr_cr_0,synthetic
t_003481,u_01291,click,cmp_0,pl_01,cr_4,2026-08-21 13:38:36.202643149,c_cmp_0_p_pl_01_cr_cr_4,synthetic
t_000574,u_00200,click,cmp_0,pl_04,cr_3,2026-08-21 13:49:11.748993140,c_cmp_0_p_pl_04_cr_cr_3,synthetic
t_003355,u_01244,bot_start,cmp_2,pl_05,cr_4,2026-08-21 13:51:10.693527657,c_cmp_2_p_pl_05_cr_cr_4,synthetic
t_005271,u_01955,click,cmp_2,pl_00,cr_0,2026-08-21 14:01:25.183129870,c_cmp_2_p_pl_00_cr_cr_0,synthetic
t_001302,u_00473,click,cmp_2,pl_02,cr_2,2026-08-21 14:05:45.977382166,c_cmp_2_p_pl_02_cr_cr_2,synthetic
t_001998,u_00749,click,cmp_4,pl_03,cr_0,2026-08-21 14:14:01.118262561,c_cmp_4_p_pl_03_cr_cr_0,synthetic
t_000440,u_00154,click,cmp_3,pl_09,cr_0,2026-08-21 14:17:53.958591045,c_cmp_3_p_pl_09_cr_cr_0,synthetic
t_004479,u_01646,lead,cmp_2,pl_02,cr_2,2026-08-21 14:18:14.546391809,c_cmp_2_p_pl_02_cr_cr_2,synthetic
t_000136,u_00042,lead,cmp_3,pl_09,cr_0,2026-08-21 14:24:14.594410033,c_cmp_3_p_pl_09_cr_cr_0,synthetic
t_005301,u_01964,click,cmp_1,pl_06,cr_2,2026-08-21 14:26:16.731092042,c_cmp_1_p_pl_06_cr_cr_2,synthetic
t_003460,u_01282,click,cmp_2,pl_02,cr_2,2026-08-21 14:43:58.543268363,c_cmp_2_p_pl_02_cr_cr_2,synthetic
t_000441,u_00154,bot_start,cmp_3,pl_09,cr_0,2026-08-21 15:06:02.958591045,c_cmp_3_p_pl_09_cr_cr_0,synthetic
t_004887,u_01806,click,cmp_2,pl_05,cr_4,2026-08-21 15:20:19.695054972,c_cmp_2_p_pl_05_cr_cr_4,synthetic
t_004888,u_01806,bot_start,cmp_2,pl_05,cr_4,2026-08-21 15:38:54.695054972,c_cmp_2_p_pl_05_cr_cr_4,synthetic
t_000463,u_00162,click,cmp_3,pl_07,cr_3,2026-08-21 15:45:14.984478853,c_cmp_3_p_pl_07_cr_cr_3,synthetic
t_000707,u_00248,click,cmp_2,pl_00,cr_0,2026-08-21 16:09:07.586570873,c_cmp_2_p_pl_00_cr_cr_0,synthetic
t_001754,u_00653,click,cmp_0,pl_01,cr_4,2026-08-21 16:16:41.970917004,c_cmp_0_p_pl_01_cr_cr_4,synthetic
t_002698,u_01005,click,cmp_2,pl_08,cr_1,2026-08-21 16:36:52.122170282,c_cmp_2_p_pl_08_cr_cr_1,synthetic
t_004929,u_01821,click,cmp_2,pl_08,cr_1,2026-08-21 16:40:31.551491175,c_cmp_2_p_pl_08_cr_cr_1,synthetic
t_001272,u_00461,click,cmp_2,pl_05,cr_4,2026-08-21 16:55:08.635137416,c_cmp_2_p_pl_05_cr_cr_4,synthetic
t_001565,u_00578,click,cmp_1,pl_06,cr_2,2026-08-21 17:37:21.209712217,c_cmp_1_p_pl_06_cr_cr_2,synthetic
t_005319,u_01976,click,cmp_1,pl_06,cr_2,2026-08-21 17:39:27.092509390,c_cmp_1_p_pl_06_cr_cr_2,synthetic
t_004412,u_01626,click,cmp_2,pl_00,cr_0,2026-08-21 18:17:33.323574914,c_cmp_2_p_pl_00_cr_cr_0,synthetic
t_001051,u_00385,click,cmp_1,pl_06,cr_2,2026-08-21 18:18:39.984381914,c_cmp_1_p_pl_06_cr_cr_2,synthetic
t_002233,u_00834,click,cmp_2,pl_08,cr_1,2026-08-21 18:21:59.444351669,c_cmp_2_p_pl_08_cr_cr_1,synthetic
t_001566,u_00578,bot_start,cmp_1,pl_06,cr_2,2026-08-21 18:26:45.209712217,c_cmp_1_p_pl_06_cr_cr_2,synthetic
t_001567,u_00578,lead,cmp_1,pl_06,cr_2,2026-08-21 18:29:45.209712217,c_cmp_1_p_pl_06_cr_cr_2,synthetic
t_003714,u_01370,click,cmp_2,pl_00,cr_0,2026-08-21 18:36:53.717130221,c_cmp_2_p_pl_00_cr_cr_0,synthetic
t_002598,u_00972,click,cmp_0,pl_01,cr_4,2026-08-21 18:38:20.687592013,c_cmp_0_p_pl_01_cr_cr_4,synthetic
t_001197,u_00439,click,cmp_1,pl_06,cr_2,2026-08-21 18:44:13.858905981,c_cmp_1_p_pl_06_cr_cr_2,synthetic
t_004824,u_01779,click,cmp_2,pl_02,cr_2,2026-08-21 18:52:26.928194679,c_cmp_2_p_pl_02_cr_cr_2,synthetic
t_003715,u_01370,bot_start,cmp_2,pl_00,cr_0,2026-08-21 18:57:37.717130221,c_cmp_2_p_pl_00_cr_cr_0,synthetic
t_004708,u_01742,click,cmp_2,pl_00,cr_0,2026-08-21 19:01:07.976209786,c_cmp_2_p_pl_00_cr_cr_0,synthetic
t_002981,u_01109,click,cmp_2,pl_02,cr_2,2026-08-21 19:02:45.969418302,c_cmp_2_p_pl_02_cr_cr_2,synthetic
t_001460,u_00536,click,cmp_0,pl_04,cr_3,2026-08-21 19:02:47.053021757,c_cmp_0_p_pl_04_cr_cr_3,synthetic
t_000731,u_00261,click,cmp_1,pl_06,cr_2,2026-08-21 19:27:40.869966069,c_cmp_1_p_pl_06_cr_cr_2,synthetic
t_004891,u_01807,click,cmp_1,pl_06,cr_2,2026-08-21 19:30:05.854193068,c_cmp_1_p_pl_06_cr_cr_2,synthetic
t_001351,u_00490,click,cmp_3,pl_09,cr_0,2026-08-21 19:33:16.630692095,c_cmp_3_p_pl_09_cr_cr_0,synthetic
t_000265,u_00090,click,cmp_0,pl_01,cr_4,2026-08-21 19:33:51.516755054,c_cmp_0_p_pl_01_cr_cr_4,synthetic
t_000539,u_00189,click,cmp_3,pl_07,cr_3,2026-08-21 19:39:11.992373879,c_cmp_3_p_pl_07_cr_cr_3,synthetic
t_000393,u_00138,click,cmp_3,pl_09,cr_0,2026-08-21 19:48:21.720994590,c_cmp_3_p_pl_09_cr_cr_0,synthetic
t_004761,u_01760,click,cmp_4,pl_03,cr_0,2026-08-21 19:52:49.243555108,c_cmp_4_p_pl_03_cr_cr_0,synthetic
t_002228,u_00832,click,cmp_1,pl_06,cr_2,2026-08-21 20:06:51.550509344,c_cmp_1_p_pl_06_cr_cr_2,synthetic
t_003536,u_01307,click,cmp_3,pl_09,cr_0,2026-08-21 20:10:16.546947407,c_cmp_3_p_pl_09_cr_cr_0,synthetic
t_001870,u_00702,click,cmp_0,pl_04,cr_3,2026-08-21 20:11:13.909979661,c_cmp_0_p_pl_04_cr_cr_3,synthetic
t_000031,u_00009,click,cmp_0,pl_01,cr_4,2026-08-21 20:17:07.627219063,c_cmp_0_p_pl_01_cr_cr_4,synthetic
t_004258,u_01574,click,cmp_2,pl_02,cr_2,2026-08-21 20:37:59.710392154,c_cmp_2_p_pl_02_cr_cr_2,synthetic
t_001056,u_00387,click,cmp_3,pl_07,cr_3,2026-08-21 20:49:19.758523840,c_cmp_3_p_pl_07_cr_cr_3,synthetic
t_000418,u_00147,click,cmp_3,pl_07,cr_3,2026-08-21 20:50:57.443463398,c_cmp_3_p_pl_07_cr_cr_3,synthetic
t_004401,u_01623,click,cmp_3,pl_09,cr_0,2026-08-21 21:06:46.472332391,c_cmp_3_p_pl_09_cr_cr_0,synthetic
t_003022,u_01124,click,cmp_3,pl_09,cr_0,2026-08-21 21:26:26.072007573,c_cmp_3_p_pl_09_cr_cr_0,synthetic
t_004402,u_01623,bot_start,cmp_3,pl_09,cr_0,2026-08-21 21:45:55.472332391,c_cmp_3_p_pl_09_cr_cr_0,synthetic
t_001238,u_00453,click,cmp_2,pl_05,cr_4,2026-08-21 22:04:20.073909748,c_cmp_2_p_pl_05_cr_cr_4,synthetic
t_004895,u_01809,click,cmp_0,pl_01,cr_4,2026-08-21 22:09:44.885145122,c_cmp_0_p_pl_01_cr_cr_4,synthetic
t_002859,u_01064,click,cmp_3,pl_07,cr_3,2026-08-21 22:26:22.481319990,c_cmp_3_p_pl_07_cr_cr_3,synthetic
t_003204,u_01190,click,cmp_4,pl_03,cr_0,2026-08-21 22:40:43.982317601,c_cmp_4_p_pl_03_cr_cr_0,synthetic
t_002860,u_01064,bot_start,cmp_3,pl_07,cr_3,2026-08-21 23:15:07.481319990,c_cmp_3_p_pl_07_cr_cr_3,synthetic
t_001850,u_00692,click,cmp_3,pl_07,cr_3,2026-08-21 23:32:27.309644919,c_cmp_3_p_pl_07_cr_cr_3,synthetic
t_001851,u_00692,bot_start,cmp_3,pl_07,cr_3,2026-08-21 23:39:17.309644919,c_cmp_3_p_pl_07_cr_cr_3,synthetic
t_003898,u_01441,click,cmp_2,pl_08,cr_1,2026-08-21 23:40:04.441775132,c_cmp_2_p_pl_08_cr_cr_1,synthetic
t_005371,u_01996,click,cmp_0,pl_04,cr_3,2026-08-21 23:47:11.072164377,c_cmp_0_p_pl_04_cr_cr_3,synthetic
t_000436,u_00153,click,cmp_0,pl_01,cr_4,2026-08-21 23:49:01.862585316,c_cmp_0_p_pl_01_cr_cr_4,synthetic
t_000032,u_00010,click,cmp_3,pl_09,cr_0,2026-08-22 00:09:09.352023431,c_cmp_3_p_pl_09_cr_cr_0,synthetic
t_004059,u_01501,click,cmp_2,pl_08,cr_1,2026-08-22 00:09:53.503887161,c_cmp_2_p_pl_08_cr_cr_1,synthetic
t_002738,u_01019,click,cmp_2,pl_00,cr_0,2026-08-22 00:10:06.944306250,c_cmp_2_p_pl_00_cr_cr_0,synthetic
t_003434,u_01271,click,cmp_1,pl_06,cr_2,2026-08-22 00:25:41.293513972,c_cmp_1_p_pl_06_cr_cr_2,synthetic
t_002739,u_01019,bot_start,cmp_2,pl_00,cr_0,2026-08-22 00:25:58.944306250,c_cmp_2_p_pl_00_cr_cr_0,synthetic
t_001092,u_00398,click,cmp_2,pl_02,cr_2,2026-08-22 00:29:47.033234488,c_cmp_2_p_pl_02_cr_cr_2,synthetic
t_000721,u_00256,click,cmp_3,pl_07,cr_3,2026-08-22 00:33:30.574388817,c_cmp_3_p_pl_07_cr_cr_3,synthetic
t_004128,u_01532,click,cmp_0,pl_01,cr_4,2026-08-22 00:41:32.897151928,c_cmp_0_p_pl_01_cr_cr_4,synthetic
t_004218,u_01563,click,cmp_2,pl_05,cr_4,2026-08-22 00:43:07.719276720,c_cmp_2_p_pl_05_cr_cr_4,synthetic
t_000722,u_00256,bot_start,cmp_3,pl_07,cr_3,2026-08-22 00:51:41.574388817,c_cmp_3_p_pl_07_cr_cr_3,synthetic
t_002461,u_00921,click,cmp_1,pl_06,cr_2,2026-08-22 00:54:55.498256193,c_cmp_1_p_pl_06_cr_cr_2,synthetic
t_003029,u_01128,click,cmp_0,pl_01,cr_4,2026-08-22 01:03:54.323876055,c_cmp_0_p_pl_01_cr_cr_4,synthetic
t_001093,u_00398,bot_start,cmp_2,pl_02,cr_2,2026-08-22 01:15:34.033234488,c_cmp_2_p_pl_02_cr_cr_2,synthetic
t_002462,u_00921,bot_start,cmp_1,pl_06,cr_2,2026-08-22 01:16:12.498256193,c_cmp_1_p_pl_06_cr_cr_2,synthetic
t_003435,u_01271,bot_start,cmp_1,pl_06,cr_2,2026-08-22 01:19:27.293513972,c_cmp_1_p_pl_06_cr_cr_2,synthetic
t_004315,u_01594,click,cmp_0,pl_01,cr_4,2026-08-22 01:28:55.804695086,c_cmp_0_p_pl_01_cr_cr_4,synthetic
t_000723,u_00256,lead,cmp_3,pl_07,cr_3,2026-08-22 01:49:41.574388817,c_cmp_3_p_pl_07_cr_cr_3,synthetic
t_002226,u_00830,click,cmp_2,pl_00,cr_0,2026-08-22 02:21:52.764319204,c_cmp_2_p_pl_00_cr_cr_0,synthetic
t_000595,u_00208,click,cmp_4,pl_03,cr_0,2026-08-22 02:28:02.962047894,c_cmp_4_p_pl_03_cr_cr_0,synthetic
t_003366,u_01249,click,cmp_2,pl_08,cr_1,2026-08-22 02:35:21.728827406,c_cmp_2_p_pl_08_cr_cr_1,synthetic
t_003521,u_01303,click,cmp_1,pl_06,cr_2,2026-08-22 02:35:46.723125017,c_cmp_1_p_pl_06_cr_cr_2,synthetic
t_003681,u_01358,click,cmp_0,pl_01,cr_4,2026-08-22 02:37:59.622384286,c_cmp_0_p_pl_01_cr_cr_4,synthetic
t_004429,u_01631,click,cmp_2,pl_00,cr_0,2026-08-22 02:43:04.066789152,c_cmp_2_p_pl_00_cr_cr_0,synthetic
t_001861,u_00698,click,cmp_0,pl_04,cr_3,2026-08-22 03:03:46.125940820,c_cmp_0_p_pl_04_cr_cr_3,synthetic
t_000596,u_00208,bot_start,cmp_4,pl_03,cr_0,2026-08-22 03:21:11.962047894,c_cmp_4_p_pl_03_cr_cr_0,synthetic
t_004430,u_01631,bot_start,cmp_2,pl_00,cr_0,2026-08-22 03:23:34.066789152,c_cmp_2_p_pl_00_cr_cr_0,synthetic
t_003682,u_01358,bot_start,cmp_0,pl_01,cr_4,2026-08-22 03:30:40.622384286,c_cmp_0_p_pl_01_cr_cr_4,synthetic
t_000597,u_00208,lead,cmp_4,pl_03,cr_0,2026-08-22 03:33:11.962047894,c_cmp_4_p_pl_03_cr_cr_0,synthetic
t_004731,u_01750,click,cmp_2,pl_00,cr_0,2026-08-22 03:52:35.158617342,c_cmp_2_p_pl_00_cr_cr_0,synthetic
t_004774,u_01764,click,cmp_0,pl_01,cr_4,2026-08-22 04:03:49.484029983,c_cmp_0_p_pl_01_cr_cr_4,synthetic
t_001429,u_00523,click,cmp_0,pl_01,cr_4,2026-08-22 04:04:50.382937874,c_cmp_0_p_pl_01_cr_cr_4,synthetic
t_004775,u_01764,bot_start,cmp_0,pl_01,cr_4,2026-08-22 04:06:11.484029983,c_cmp_0_p_pl_01_cr_cr_4,synthetic
t_004431,u_01631,lead,cmp_2,pl_00,cr_0,2026-08-22 04:09:34.066789152,c_cmp_2_p_pl_00_cr_cr_0,synthetic
t_004502,u_01657,click,cmp_2,pl_05,cr_4,2026-08-22 04:11:41.230405558,c_cmp_2_p_pl_05_cr_cr_4,synthetic
t_000335,u_00115,click,cmp_2,pl_02,cr_2,2026-08-22 04:14:11.804623919,c_cmp_2_p_pl_02_cr_cr_2,synthetic
t_001119,u_00406,click,cmp_1,pl_06,cr_2,2026-08-22 04:16:39.133335039,c_cmp_1_p_pl_06_cr_cr_2,synthetic
t_000942,u_00346,click,cmp_2,pl_08,cr_1,2026-08-22 04:27:49.311615318,c_cmp_2_p_pl_08_cr_cr_1,synthetic
t_004732,u_01750,bot_start,cmp_2,pl_00,cr_0,2026-08-22 04:29:28.158617342,c_cmp_2_p_pl_00_cr_cr_0,synthetic
t_000536,u_00189,click,cmp_0,pl_04,cr_3,2026-08-22 04:43:46.460260790,c_cmp_0_p_pl_04_cr_cr_3,synthetic
t_003263,u_01209,click,cmp_3,pl_09,cr_0,2026-08-22 04:47:22.222643902,c_cmp_3_p_pl_09_cr_cr_0,synthetic
t_000943,u_00346,bot_start,cmp_2,pl_08,cr_1,2026-08-22 04:50:00.311615318,c_cmp_2_p_pl_08_cr_cr_1,synthetic
t_001430,u_00523,bot_start,cmp_0,pl_01,cr_4,2026-08-22 04:50:13.382937874,c_cmp_0_p_pl_01_cr_cr_4,synthetic
t_004383,u_01615,click,cmp_0,pl_01,cr_4,2026-08-22 04:51:44.214766050,c_cmp_0_p_pl_01_cr_cr_4,synthetic
t_003418,u_01266,click,cmp_3,pl_07,cr_3,2026-08-22 05:33:18.153120693,c_cmp_3_p_pl_07_cr_cr_3,synthetic
t_004870,u_01802,click,cmp_0,pl_04,cr_3,2026-08-22 05:41:52.636277866,c_cmp_0_p_pl_04_cr_cr_3,synthetic
t_000944,u_00346,lead,cmp_2,pl_08,cr_1,2026-08-22 05:49:00.311615318,c_cmp_2_p_pl_08_cr_cr_1,synthetic
t_003939,u_01456,click,cmp_3,pl_07,cr_3,2026-08-22 06:17:04.377175699,c_cmp_3_p_pl_07_cr_cr_3,synthetic
t_002753,u_01025,click,cmp_2,pl_05,cr_4,2026-08-22 06:20:56.870898185,c_cmp_2_p_pl_05_cr_cr_4,synthetic
t_002754,u_01025,bot_start,cmp_2,pl_05,cr_4,2026-08-22 06:39:35.870898185,c_cmp_2_p_pl_05_cr_cr_4,synthetic
t_002075,u_00775,click,cmp_1,pl_06,cr_2,2026-08-22 06:44:17.770712632,c_cmp_1_p_pl_06_cr_cr_2,synthetic
t_002002,u_00751,click,cmp_0,pl_01,cr_4,2026-08-22 06:48:46.918723854,c_cmp_0_p_pl_01_cr_cr_4,synthetic
t_002003,u_00751,bot_start,cmp_0,pl_01,cr_4,2026-08-22 07:15:06.918723854,c_cmp_0_p_pl_01_cr_cr_4,synthetic
t_003455,u_01280,click,cmp_1,pl_06,cr_2,2026-08-22 07:25:39.844918285,c_cmp_1_p_pl_06_cr_cr_2,synthetic
t_002755,u_01025,lead,cmp_2,pl_05,cr_4,2026-08-22 07:36:35.870898185,c_cmp_2_p_pl_05_cr_cr_4,synthetic
t_000992,u_00367,click,cmp_2,pl_00,cr_0,2026-08-22 07:59:46.719767723,c_cmp_2_p_pl_00_cr_cr_0,synthetic
t_000905,u_00333,click,cmp_1,pl_06,cr_2,2026-08-22 08:02:05.661914849,c_cmp_1_p_pl_06_cr_cr_2,synthetic
t_002720,u_01013,click,cmp_1,pl_06,cr_2,2026-08-22 08:26:25.160899546,c_cmp_1_p_pl_06_cr_cr_2,synthetic
t_002219,u_00826,click,cmp_0,pl_01,cr_4,2026-08-22 08:48:30.075697087,c_cmp_0_p_pl_01_cr_cr_4,synthetic
t_000391,u_00137,click,cmp_0,pl_04,cr_3,2026-08-22 08:58:20.442775793,c_cmp_0_p_pl_04_cr_cr_3,synthetic
t_002495,u_00933,click,cmp_0,pl_01,cr_4,2026-08-22 09:03:45.415426233,c_cmp_0_p_pl_01_cr_cr_4,synthetic
t_000975,u_00362,click,cmp_2,pl_00,cr_0,2026-08-22 09:19:04.258878936,c_cmp_2_p_pl_00_cr_cr_0,synthetic
t_000696,u_00244,click,cmp_2,pl_02,cr_2,2026-08-22 10:13:20.936007563,c_cmp_2_p_pl_02_cr_cr_2,synthetic
t_001053,u_00386,click,cmp_2,pl_02,cr_2,2026-08-22 10:28:18.814565183,c_cmp_2_p_pl_02_cr_cr_2,synthetic
t_000747,u_00267,click,cmp_3,pl_07,cr_3,2026-08-22 10:45:24.602731949,c_cmp_3_p_pl_07_cr_cr_3,synthetic
t_003181,u_01185,click,cmp_0,pl_01,cr_4,2026-08-22 10:57:22.465078811,c_cmp_0_p_pl_01_cr_cr_4,synthetic
t_005208,u_01938,click,cmp_4,pl_03,cr_0,2026-08-22 11:20:37.881251122,c_cmp_4_p_pl_03_cr_cr_0,synthetic
t_000748,u_00267,bot_start,cmp_3,pl_07,cr_3,2026-08-22 11:23:13.602731949,c_cmp_3_p_pl_07_cr_cr_3,synthetic
t_004927,u_01820,click,cmp_2,pl_08,cr_1,2026-08-22 11:42:42.546393767,c_cmp_2_p_pl_08_cr_cr_1,synthetic
t_002349,u_00872,click,cmp_1,pl_06,cr_2,2026-08-22 11:57:44.008727750,c_cmp_1_p_pl_06_cr_cr_2,synthetic
t_003934,u_01454,click,cmp_2,pl_00,cr_0,2026-08-22 12:08:08.447821097,c_cmp_2_p_pl_00_cr_cr_0,synthetic
t_002503,u_00937,click,cmp_2,pl_08,cr_1,2026-08-22 12:08:38.796687448,c_cmp_2_p_pl_08_cr_cr_1,synthetic
t_003647,u_01348,click,cmp_2,pl_05,cr_4,2026-08-22 12:11:03.424895685,c_cmp_2_p_pl_05_cr_cr_4,synthetic
t_001438,u_00525,click,cmp_3,pl_09,cr_0,2026-08-22 12:32:20.003995357,c_cmp_3_p_pl_09_cr_cr_0,synthetic
t_002654,u_00989,click,cmp_0,pl_04,cr_3,2026-08-22 12:38:25.124167382,c_cmp_0_p_pl_04_cr_cr_3,synthetic
t_004865,u_01800,click,cmp_4,pl_03,cr_0,2026-08-22 12:45:28.484837158,c_cmp_4_p_pl_03_cr_cr_0,synthetic
t_001783,u_00666,click,cmp_2,pl_08,cr_1,2026-08-22 12:46:17.154551175,c_cmp_2_p_pl_08_cr_cr_1,synthetic
t_000798,u_00287,click,cmp_4,pl_03,cr_0,2026-08-22 12:52:23.129026384,c_cmp_4_p_pl_03_cr_cr_0,synthetic
t_004866,u_01800,bot_start,cmp_4,pl_03,cr_0,2026-08-22 13:00:00.484837158,c_cmp_4_p_pl_03_cr_cr_0,synthetic
t_002948,u_01099,click,cmp_3,pl_09,cr_0,2026-08-22 13:14:18.898505233,c_cmp_3_p_pl_09_cr_cr_0,synthetic
t_001420,u_00519,click,cmp_0,pl_04,cr_3,2026-08-22 13:28:32.576714936,c_cmp_0_p_pl_04_cr_cr_3,synthetic
t_000651,u_00224,click,cmp_3,pl_09,cr_0,2026-08-22 14:22:45.265508066,c_cmp_3_p_pl_09_cr_cr_0,synthetic
t_000496,u_00175,click,cmp_3,pl_07,cr_3,2026-08-22 14:33:10.598538793,c_cmp_3_p_pl_07_cr_cr_3,synthetic
t_001223,u_00448,click,cmp_0,pl_01,cr_4,2026-08-22 14:42:16.828873120,c_cmp_0_p_pl_01_cr_cr_4,synthetic
t_002518,u_00943,click,cmp_3,pl_09,cr_0,2026-08-22 14:46:58.428475038,c_cmp_3_p_pl_09_cr_cr_0,synthetic
t_000652,u_00224,bot_start,cmp_3,pl_09,cr_0,2026-08-22 14:48:35.265508066,c_cmp_3_p_pl_09_cr_cr_0,synthetic
t_003488,u_01294,click,cmp_3,pl_07,cr_3,2026-08-22 14:52:01.987537772,c_cmp_3_p_pl_07_cr_cr_3,synthetic
t_003489,u_01294,bot_start,cmp_3,pl_07,cr_3,2026-08-22 15:04:47.987537772,c_cmp_3_p_pl_07_cr_cr_3,synthetic
t_002465,u_00922,click,cmp_2,pl_00,cr_0,2026-08-22 15:42:46.854535422,c_cmp_2_p_pl_00_cr_cr_0,synthetic
t_000123,u_00039,click,cmp_0,pl_04,cr_3,2026-08-22 16:01:24.669448939,c_cmp_0_p_pl_04_cr_cr_3,synthetic
t_002466,u_00922,bot_start,cmp_2,pl_00,cr_0,2026-08-22 16:06:40.854535422,c_cmp_2_p_pl_00_cr_cr_0,synthetic
t_000166,u_00052,click,cmp_4,pl_03,cr_0,2026-08-22 16:15:17.412545902,c_cmp_4_p_pl_03_cr_cr_0,synthetic
t_002467,u_00922,lead,cmp_2,pl_00,cr_0,2026-08-22 16:15:40.854535422,c_cmp_2_p_pl_00_cr_cr_0,synthetic
t_004597,u_01696,click,cmp_0,pl_04,cr_3,2026-08-22 16:21:29.307593485,c_cmp_0_p_pl_04_cr_cr_3,synthetic
t_002027,u_00760,click,cmp_2,pl_05,cr_4,2026-08-22 16:24:55.183812891,c_cmp_2_p_pl_05_cr_cr_4,synthetic
t_001451,u_00531,click,cmp_2,pl_05,cr_4,2026-08-22 16:47:35.222095446,c_cmp_2_p_pl_05_cr_cr_4,synthetic
t_001045,u_00381,click,cmp_2,pl_08,cr_1,2026-08-22 17:17:47.053360203,c_cmp_2_p_pl_08_cr_cr_1,synthetic
t_004535,u_01670,click,cmp_4,pl_03,cr_0,2026-08-22 17:29:13.192846041,c_cmp_4_p_pl_03_cr_cr_0,synthetic
t_001409,u_00513,click,cmp_2,pl_00,cr_0,2026-08-22 17:52:14.491584299,c_cmp_2_p_pl_00_cr_cr_0,synthetic
t_002786,u_01040,click,cmp_2,pl_00,cr_0,2026-08-22 18:12:53.821388033,c_cmp_2_p_pl_00_cr_cr_0,synthetic
t_005150,u_01914,click,cmp_2,pl_00,cr_0,2026-08-22 18:15:22.926318428,c_cmp_2_p_pl_00_cr_cr_0,synthetic
t_004536,u_01670,bot_start,cmp_4,pl_03,cr_0,2026-08-22 18:15:37.192846041,c_cmp_4_p_pl_03_cr_cr_0,synthetic
t_001410,u_00513,bot_start,cmp_2,pl_00,cr_0,2026-08-22 18:17:37.491584299,c_cmp_2_p_pl_00_cr_cr_0,synthetic
t_002344,u_00870,click,cmp_2,pl_00,cr_0,2026-08-22 18:22:53.461297246,c_cmp_2_p_pl_00_cr_cr_0,synthetic
t_000999,u_00369,click,cmp_4,pl_03,cr_0,2026-08-22 18:26:12.428253613,c_cmp_4_p_pl_03_cr_cr_0,synthetic
t_004387,u_01616,click,cmp_3,pl_07,cr_3,2026-08-22 18:27:15.512339278,c_cmp_3_p_pl_07_cr_cr_3,synthetic
t_003192,u_01187,click,cmp_0,pl_04,cr_3,2026-08-22 18:46:14.797247394,c_cmp_0_p_pl_04_cr_cr_3,synthetic
t_003381,u_01252,click,cmp_2,pl_05,cr_4,2026-08-22 18:49:19.067110483,c_cmp_2_p_pl_05_cr_cr_4,synthetic
t_001899,u_00714,click,cmp_3,pl_07,cr_3,2026-08-22 19:04:25.208340839,c_cmp_3_p_pl_07_cr_cr_3,synthetic
t_001139,u_00415,click,cmp_2,pl_05,cr_4,2026-08-22 19:24:34.619304625,c_cmp_2_p_pl_05_cr_cr_4,synthetic
t_004638,u_01711,click,cmp_2,pl_00,cr_0,2026-08-22 19:32:45.174133774,c_cmp_2_p_pl_00_cr_cr_0,synthetic
t_002957,u_01102,click,cmp_2,pl_02,cr_2,2026-08-22 19:35:09.652698265,c_cmp_2_p_pl_02_cr_cr_2,synthetic
t_002068,u_00774,click,cmp_1,pl_06,cr_2,2026-08-22 19:44:36.809530107,c_cmp_1_p_pl_06_cr_cr_2,synthetic
t_001734,u_00644,click,cmp_1,pl_06,cr_2,2026-08-22 19:46:46.788278273,c_cmp_1_p_pl_06_cr_cr_2,synthetic
t_004594,u_01694,click,cmp_0,pl_04,cr_3,2026-08-22 19:51:31.218451058,c_cmp_0_p_pl_04_cr_cr_3,synthetic
t_002984,u_01111,click,cmp_4,pl_03,cr_0,2026-08-22 20:09:15.520252991,c_cmp_4_p_pl_03_cr_cr_0,synthetic
t_003735,u_01378,click,cmp_3,pl_09,cr_0,2026-08-22 20:16:15.563175757,c_cmp_3_p_pl_09_cr_cr_0,synthetic
t_002958,u_01102,bot_start,cmp_2,pl_02,cr_2,2026-08-22 20:22:54.652698265,c_cmp_2_p_pl_02_cr_cr_2,synthetic
t_002303,u_00854,click,cmp_3,pl_09,cr_0,2026-08-22 20:24:48.673421200,c_cmp_3_p_pl_09_cr_cr_0,synthetic
t_002304,u_00854,bot_start,cmp_3,pl_09,cr_0,2026-08-22 20:34:49.673421200,c_cmp_3_p_pl_09_cr_cr_0,synthetic
t_000758,u_00273,click,cmp_3,pl_09,cr_0,2026-08-22 20:38:39.760693016,c_cmp_3_p_pl_09_cr_cr_0,synthetic
t_003976,u_01469,click,cmp_3,pl_07,cr_3,2026-08-22 20:51:11.792215179,c_cmp_3_p_pl_07_cr_cr_3,synthetic
t_002985,u_01111,bot_start,cmp_4,pl_03,cr_0,2026-08-22 20:52:53.520252991,c_cmp_4_p_pl_03_cr_cr_0,synthetic
t_002109,u_00786,click,cmp_0,pl_04,cr_3,2026-08-22 20:53:21.829365780,c_cmp_0_p_pl_04_cr_cr_3,synthetic
t_001994,u_00747,click,cmp_2,pl_08,cr_1,2026-08-22 20:53:39.731747475,c_cmp_2_p_pl_08_cr_cr_1,synthetic
t_001162,u_00425,click,cmp_2,pl_02,cr_2,2026-08-22 21:01:39.606414301,c_cmp_2_p_pl_02_cr_cr_2,synthetic
t_004033,u_01488,click,cmp_4,pl_03,cr_0,2026-08-22 21:06:57.628354674,c_cmp_4_p_pl_03_cr_cr_0,synthetic
t_002376,u_00887,click,cmp_3,pl_09,cr_0,2026-08-22 21:08:06.342102995,c_cmp_3_p_pl_09_cr_cr_0,synthetic
t_002986,u_01111,lead,cmp_4,pl_03,cr_0,2026-08-22 21:13:53.520252991,c_cmp_4_p_pl_03_cr_cr_0,synthetic
t_002905,u_01078,click,cmp_3,pl_07,cr_3,2026-08-22 21:15:27.438073510,c_cmp_3_p_pl_07_cr_cr_3,synthetic
t_001107,u_00403,click,cmp_0,pl_04,cr_3,2026-08-22 21:33:06.336837652,c_cmp_0_p_pl_04_cr_cr_3,synthetic
t_001163,u_00425,bot_start,cmp_2,pl_02,cr_2,2026-08-22 21:38:13.606414301,c_cmp_2_p_pl_02_cr_cr_2,synthetic
t_005272,u_01955,click,cmp_2,pl_08,cr_1,2026-08-22 21:38:22.520258959,c_cmp_2_p_pl_08_cr_cr_1,synthetic
t_003471,u_01286,click,cmp_3,pl_07,cr_3,2026-08-22 21:42:19.542958930,c_cmp_3_p_pl_07_cr_cr_3,synthetic
t_005363,u_01993,click,cmp_0,pl_04,cr_3,2026-08-22 21:43:54.266317061,c_cmp_0_p_pl_04_cr_cr_3,synthetic
t_002836,u_01056,click,cmp_2,pl_08,cr_1,2026-08-22 21:46:02.928470556,c_cmp_2_p_pl_08_cr_cr_1,synthetic
t_003992,u_01473,click,cmp_4,pl_03,cr_0,2026-08-22 22:03:17.864483130,c_cmp_4_p_pl_03_cr_cr_0,synthetic
t_001164,u_00425,lead,cmp_2,pl_02,cr_2,2026-08-22 22:08:13.606414301,c_cmp_2_p_pl_02_cr_cr_2,synthetic
t_004921,u_01818,click,cmp_2,pl_02,cr_2,2026-08-22 22:10:52.977183899,c_cmp_2_p_pl_02_cr_cr_2,synthetic
t_003045,u_01133,click,cmp_1,pl_06,cr_2,2026-08-22 22:14:46.437492650,c_cmp_1_p_pl_06_cr_cr_2,synthetic
t_002293,u_00850,click,cmp_1,pl_06,cr_2,2026-08-22 22:23:29.504644118,c_cmp_1_p_pl_06_cr_cr_2,synthetic
t_001108,u_00403,bot_start,cmp_0,pl_04,cr_3,2026-08-22 22:24:33.336837652,c_cmp_0_p_pl_04_cr_cr_3,synthetic
t_004555,u_01678,click,cmp_2,pl_05,cr_4,2026-08-22 22:34:38.291013636,c_cmp_2_p_pl_05_cr_cr_4,synthetic
t_002837,u_01056,bot_start,cmp_2,pl_08,cr_1,2026-08-22 22:41:52.928470556,c_cmp_2_p_pl_08_cr_cr_1,synthetic
t_003993,u_01473,bot_start,cmp_4,pl_03,cr_0,2026-08-22 22:49:03.864483130,c_cmp_4_p_pl_03_cr_cr_0,synthetic
t_004922,u_01818,bot_start,cmp_2,pl_02,cr_2,2026-08-22 23:01:10.977183899,c_cmp_2_p_pl_02_cr_cr_2,synthetic
t_002244,u_00837,click,cmp_1,pl_06,cr_2,2026-08-22 23:04:57.222095233,c_cmp_1_p_pl_06_cr_cr_2,synthetic
t_004360,u_01608,click,cmp_3,pl_09,cr_0,2026-08-22 23:05:43.478476579,c_cmp_3_p_pl_09_cr_cr_0,synthetic
t_004923,u_01818,lead,cmp_2,pl_02,cr_2,2026-08-22 23:07:10.977183899,c_cmp_2_p_pl_02_cr_cr_2,synthetic
t_004906,u_01813,click,cmp_4,pl_03,cr_0,2026-08-22 23:08:37.706230929,c_cmp_4_p_pl_03_cr_cr_0,synthetic
t_002274,u_00845,click,cmp_2,pl_05,cr_4,2026-08-22 23:12:20.471843138,c_cmp_2_p_pl_05_cr_cr_4,synthetic
t_000143,u_00044,click,cmp_2,pl_02,cr_2,2026-08-22 23:18:44.817158884,c_cmp_2_p_pl_02_cr_cr_2,synthetic
t_003736,u_01378,click,cmp_2,pl_02,cr_2,2026-08-22 23:25:33.861070973,c_cmp_2_p_pl_02_cr_cr_2,synthetic
t_001508,u_00557,click,cmp_0,pl_01,cr_4,2026-08-22 23:30:12.787394526,c_cmp_0_p_pl_01_cr_cr_4,synthetic
t_003266,u_01210,click,cmp_3,pl_09,cr_0,2026-08-22 23:45:26.428055401,c_cmp_3_p_pl_09_cr_cr_0,synthetic
t_004361,u_01608,bot_start,cmp_3,pl_09,cr_0,2026-08-22 23:53:14.478476579,c_cmp_3_p_pl_09_cr_cr_0,synthetic
t_001735,u_00645,click,cmp_4,pl_03,cr_0,2026-08-23 00:13:09.409602362,c_cmp_4_p_pl_03_cr_cr_0,synthetic
t_003967,u_01465,click,cmp_2,pl_02,cr_2,2026-08-23 00:27:49.958682277,c_cmp_2_p_pl_02_cr_cr_2,synthetic
t_005117,u_01900,click,cmp_0,pl_04,cr_3,2026-08-23 00:41:51.761340830,c_cmp_0_p_pl_04_cr_cr_3,synthetic
t_003410,u_01264,click,cmp_0,pl_01,cr_4,2026-08-23 00:51:08.377992838,c_cmp_0_p_pl_01_cr_cr_4,synthetic
t_001736,u_00645,bot_start,cmp_4,pl_03,cr_0,2026-08-23 00:51:58.409602362,c_cmp_4_p_pl_03_cr_cr_0,synthetic
t_004831,u_01783,click,cmp_3,pl_07,cr_3,2026-08-23 00:57:30.245837684,c_cmp_3_p_pl_07_cr_cr_3,synthetic
t_001150,u_00421,click,cmp_3,pl_09,cr_0,2026-08-23 02:04:59.451354028,c_cmp_3_p_pl_09_cr_cr_0,synthetic
t_001696,u_00629,click,cmp_2,pl_08,cr_1,2026-08-23 02:06:38.432140445,c_cmp_2_p_pl_08_cr_cr_1,synthetic
t_003859,u_01428,click,cmp_2,pl_05,cr_4,2026-08-23 02:07:23.767161485,c_cmp_2_p_pl_05_cr_cr_4,synthetic
t_004599,u_01697,click,cmp_0,pl_04,cr_3,2026-08-23 02:23:44.205788479,c_cmp_0_p_pl_04_cr_cr_3,synthetic
t_000279,u_00097,click,cmp_4,pl_03,cr_0,2026-08-23 03:41:00.351252612,c_cmp_4_p_pl_03_cr_cr_0,synthetic
t_002811,u_01046,click,cmp_1,pl_06,cr_2,2026-08-23 03:45:33.651036792,c_cmp_1_p_pl_06_cr_cr_2,synthetic
t_001956,u_00731,click,cmp_0,pl_01,cr_4,2026-08-23 03:58:36.098500932,c_cmp_0_p_pl_01_cr_cr_4,synthetic
t_003580,u_01324,click,cmp_0,pl_01,cr_4,2026-08-23 04:02:32.415053739,c_cmp_0_p_pl_01_cr_cr_4,synthetic
t_002812,u_01046,bot_start,cmp_1,pl_06,cr_2,2026-08-23 04:13:05.651036792,c_cmp_1_p_pl_06_cr_cr_2,synthetic
t_005130,u_01905,click,cmp_2,pl_08,cr_1,2026-08-23 04:17:16.250407691,c_cmp_2_p_pl_08_cr_cr_1,synthetic
t_001636,u_00600,click,cmp_3,pl_07,cr_3,2026-08-23 04:19:19.253215014,c_cmp_3_p_pl_07_cr_cr_3,synthetic
t_001217,u_00446,click,cmp_4,pl_03,cr_0,2026-08-23 04:29:58.437628807,c_cmp_4_p_pl_03_cr_cr_0,synthetic
t_003147,u_01173,click,cmp_3,pl_09,cr_0,2026-08-23 04:30:39.015680704,c_cmp_3_p_pl_09_cr_cr_0,synthetic
t_002091,u_00781,click,cmp_0,pl_01,cr_4,2026-08-23 04:32:44.936548286,c_cmp_0_p_pl_01_cr_cr_4,synthetic
t_003700,u_01363,click,cmp_0,pl_01,cr_4,2026-08-23 04:36:57.781239751,c_cmp_0_p_pl_01_cr_cr_4,synthetic
t_004772,u_01764,click,cmp_4,pl_03,cr_0,2026-08-23 04:41:03.570052616,c_cmp_4_p_pl_03_cr_cr_0,synthetic
t_001637,u_00600,bot_start,cmp_3,pl_07,cr_3,2026-08-23 04:41:55.253215014,c_cmp_3_p_pl_07_cr_cr_3,synthetic
t_000478,u_00168,click,cmp_2,pl_00,cr_0,2026-08-23 04:47:46.329102710,c_cmp_2_p_pl_00_cr_cr_0,synthetic
t_001732,u_00643,click,cmp_0,pl_01,cr_4,2026-08-23 05:12:21.571437395,c_cmp_0_p_pl_01_cr_cr_4,synthetic
t_001638,u_00600,lead,cmp_3,pl_07,cr_3,2026-08-23 05:19:55.253215014,c_cmp_3_p_pl_07_cr_cr_3,synthetic
t_003617,u_01339,click,cmp_2,pl_08,cr_1,2026-08-23 05:30:19.755351965,c_cmp_2_p_pl_08_cr_cr_1,synthetic
t_004773,u_01764,bot_start,cmp_4,pl_03,cr_0,2026-08-23 05:32:26.570052616,c_cmp_4_p_pl_03_cr_cr_0,synthetic
t_004226,u_01566,click,cmp_3,pl_07,cr_3,2026-08-23 05:48:06.775251909,c_cmp_3_p_pl_07_cr_cr_3,synthetic
t_002452,u_00916,click,cmp_3,pl_09,cr_0,2026-08-23 05:48:13.640582701,c_cmp_3_p_pl_09_cr_cr_0,synthetic
t_001901,u_00714,click,cmp_2,pl_08,cr_1,2026-08-23 05:48:19.927495445,c_cmp_2_p_pl_08_cr_cr_1,synthetic
t_000593,u_00207,click,cmp_2,pl_00,cr_0,2026-08-23 05:49:25.889117525,c_cmp_2_p_pl_00_cr_cr_0,synthetic
t_004227,u_01566,bot_start,cmp_3,pl_07,cr_3,2026-08-23 05:51:30.775251909,c_cmp_3_p_pl_07_cr_cr_3,synthetic
t_000248,u_00081,click,cmp_4,pl_03,cr_0,2026-08-23 05:57:51.478332633,c_cmp_4_p_pl_03_cr_cr_0,synthetic
t_005149,u_01913,click,cmp_3,pl_07,cr_3,2026-08-23 06:03:08.542777137,c_cmp_3_p_pl_07_cr_cr_3,synthetic
t_003490,u_01294,click,cmp_1,pl_06,cr_2,2026-08-23 06:05:05.292791755,c_cmp_1_p_pl_06_cr_cr_2,synthetic
t_003491,u_01294,bot_start,cmp_1,pl_06,cr_2,2026-08-23 06:26:24.292791755,c_cmp_1_p_pl_06_cr_cr_2,synthetic
t_000989,u_00365,click,cmp_2,pl_00,cr_0,2026-08-23 06:26:39.479523871,c_cmp_2_p_pl_00_cr_cr_0,synthetic
t_004228,u_01566,lead,cmp_3,pl_07,cr_3,2026-08-23 06:28:30.775251909,c_cmp_3_p_pl_07_cr_cr_3,synthetic
t_001043,u_00381,click,cmp_3,pl_09,cr_0,2026-08-23 06:31:16.164949959,c_cmp_3_p_pl_09_cr_cr_0,synthetic
t_001902,u_00714,bot_start,cmp_2,pl_08,cr_1,2026-08-23 06:45:01.927495445,c_cmp_2_p_pl_08_cr_cr_1,synthetic
t_000709,u_00249,click,cmp_2,pl_00,cr_0,2026-08-23 07:02:29.654233076,c_cmp_2_p_pl_00_cr_cr_0,synthetic
t_001883,u_00708,click,cmp_3,pl_09,cr_0,2026-08-23 07:04:50.002260374,c_cmp_3_p_pl_09_cr_cr_0,synthetic
t_004176,u_01548,click,cmp_2,pl_02,cr_2,2026-08-23 07:12:24.715305453,c_cmp_2_p_pl_02_cr_cr_2,synthetic
t_000688,u_00240,click,cmp_2,pl_00,cr_0,2026-08-23 07:16:55.999909293,c_cmp_2_p_pl_00_cr_cr_0,synthetic
t_003794,u_01400,click,cmp_0,pl_01,cr_4,2026-08-23 07:17:36.184060542,c_cmp_0_p_pl_01_cr_cr_4,synthetic
t_001884,u_00708,bot_start,cmp_3,pl_09,cr_0,2026-08-23 07:25:29.002260374,c_cmp_3_p_pl_09_cr_cr_0,synthetic
t_004051,u_01497,click,cmp_0,pl_01,cr_4,2026-08-23 07:59:06.776445453,c_cmp_0_p_pl_01_cr_cr_4,synthetic
t_004348,u_01603,click,cmp_4,pl_03,cr_0,2026-08-23 08:04:40.403703120,c_cmp_4_p_pl_03_cr_cr_0,synthetic
t_000099,u_00032,click,cmp_2,pl_05,cr_4,2026-08-23 08:05:49.259960350,c_cmp_2_p_pl_05_cr_cr_4,synthetic
t_001885,u_00708,lead,cmp_3,pl_09,cr_0,2026-08-23 08:08:29.002260374,c_cmp_3_p_pl_09_cr_cr_0,synthetic
t_003466,u_01283,click,cmp_1,pl_06,cr_2,2026-08-23 08:11:21.098218031,c_cmp_1_p_pl_06_cr_cr_2,synthetic
t_002994,u_01113,click,cmp_3,pl_09,cr_0,2026-08-23 08:14:19.328003141,c_cmp_3_p_pl_09_cr_cr_0,synthetic
t_003345,u_01239,click,cmp_2,pl_08,cr_1,2026-08-23 08:44:00.820898080,c_cmp_2_p_pl_08_cr_cr_1,synthetic
t_001737,u_00645,click,cmp_3,pl_07,cr_3,2026-08-23 08:58:51.335600447,c_cmp_3_p_pl_07_cr_cr_3,synthetic
t_002841,u_01058,click,cmp_2,pl_02,cr_2,2026-08-23 09:15:16.104871242,c_cmp_2_p_pl_02_cr_cr_2,synthetic
t_003624,u_01340,click,cmp_2,pl_00,cr_0,2026-08-23 09:40:31.304304892,c_cmp_2_p_pl_00_cr_cr_0,synthetic
t_002909,u_01079,click,cmp_2,pl_02,cr_2,2026-08-23 09:50:40.527181164,c_cmp_2_p_pl_02_cr_cr_2,synthetic
t_000153,u_00048,click,cmp_3,pl_07,cr_3,2026-08-23 10:16:42.286925740,c_cmp_3_p_pl_07_cr_cr_3,synthetic
t_001740,u_00647,click,cmp_4,pl_03,cr_0,2026-08-23 10:32:36.946940784,c_cmp_4_p_pl_03_cr_cr_0,synthetic
t_002910,u_01079,bot_start,cmp_2,pl_02,cr_2,2026-08-23 10:35:00.527181164,c_cmp_2_p_pl_02_cr_cr_2,synthetic
t_002018,u_00754,click,cmp_3,pl_07,cr_3,2026-08-23 10:58:05.970340962,c_cmp_3_p_pl_07_cr_cr_3,synthetic
t_000154,u_00048,bot_start,cmp_3,pl_07,cr_3,2026-08-23 10:59:32.286925740,c_cmp_3_p_pl_07_cr_cr_3,synthetic
t_003076,u_01147,click,cmp_2,pl_05,cr_4,2026-08-23 11:04:42.011605605,c_cmp_2_p_pl_05_cr_cr_4,synthetic
t_002148,u_00803,click,cmp_0,pl_04,cr_3,2026-08-23 11:38:53.767398335,c_cmp_0_p_pl_04_cr_cr_3,synthetic
t_003251,u_01207,click,cmp_1,pl_06,cr_2,2026-08-23 11:59:24.482914841,c_cmp_1_p_pl_06_cr_cr_2,synthetic
t_004416,u_01627,click,cmp_2,pl_08,cr_1,2026-08-23 12:04:54.191058657,c_cmp_2_p_pl_08_cr_cr_1,synthetic
t_004417,u_01627,bot_start,cmp_2,pl_08,cr_1,2026-08-23 12:28:30.191058657,c_cmp_2_p_pl_08_cr_cr_1,synthetic
t_005164,u_01919,click,cmp_1,pl_06,cr_2,2026-08-23 12:32:33.720107344,c_cmp_1_p_pl_06_cr_cr_2,synthetic
t_001848,u_00690,click,cmp_0,pl_04,cr_3,2026-08-23 12:42:03.473981532,c_cmp_0_p_pl_04_cr_cr_3,synthetic
t_001918,u_00719,click,cmp_3,pl_07,cr_3,2026-08-23 12:42:16.007949866,c_cmp_3_p_pl_07_cr_cr_3,synthetic
t_003717,u_01371,click,cmp_0,pl_04,cr_3,2026-08-23 12:56:20.757871805,c_cmp_0_p_pl_04_cr_cr_3,synthetic
t_002301,u_00854,click,cmp_2,pl_02,cr_2,2026-08-23 13:04:39.636139962,c_cmp_2_p_pl_02_cr_cr_2,synthetic
t_001541,u_00570,click,cmp_3,pl_07,cr_3,2026-08-23 13:08:35.459752599,c_cmp_3_p_pl_07_cr_cr_3,synthetic
t_002092,u_00782,click,cmp_0,pl_01,cr_4,2026-08-23 13:22:26.737703086,c_cmp_0_p_pl_01_cr_cr_4,synthetic
t_000280,u_00097,click,cmp_2,pl_02,cr_2,2026-08-23 14:24:50.945652209,c_cmp_2_p_pl_02_cr_cr_2,synthetic
t_004979,u_01840,click,cmp_2,pl_05,cr_4,2026-08-23 14:51:24.588575484,c_cmp_2_p_pl_05_cr_cr_4,synthetic
t_005040,u_01868,click,cmp_0,pl_01,cr_4,2026-08-23 14:56:51.782056484,c_cmp_0_p_pl_01_cr_cr_4,synthetic
t_003283,u_01220,click,cmp_1,pl_06,cr_2,2026-08-23 15:14:31.019649802,c_cmp_1_p_pl_06_cr_cr_2,synthetic
t_000619,u_00215,click,cmp_3,pl_07,cr_3,2026-08-23 15:16:56.216861356,c_cmp_3_p_pl_07_cr_cr_3,synthetic
t_000064,u_00020,click,cmp_0,pl_01,cr_4,2026-08-23 15:19:24.227227054,c_cmp_0_p_pl_01_cr_cr_4,synthetic
t_002912,u_01080,click,cmp_2,pl_02,cr_2,2026-08-23 15:31:58.164735030,c_cmp_2_p_pl_02_cr_cr_2,synthetic
t_002597,u_00972,click,cmp_0,pl_01,cr_4,2026-08-23 15:31:58.916463002,c_cmp_0_p_pl_01_cr_cr_4,synthetic
t_004379,u_01614,click,cmp_3,pl_07,cr_3,2026-08-23 15:39:32.757301865,c_cmp_3_p_pl_07_cr_cr_3,synthetic
t_002127,u_00793,click,cmp_3,pl_07,cr_3,2026-08-23 15:50:15.694451783,c_cmp_3_p_pl_07_cr_cr_3,synthetic
t_001161,u_00425,click,cmp_2,pl_05,cr_4,2026-08-23 15:54:29.580799674,c_cmp_2_p_pl_05_cr_cr_4,synthetic
t_001889,u_00709,click,cmp_2,pl_08,cr_1,2026-08-23 15:58:17.064001748,c_cmp_2_p_pl_08_cr_cr_1,synthetic
t_005030,u_01865,click,cmp_2,pl_00,cr_0,2026-08-23 15:59:15.267067690,c_cmp_2_p_pl_00_cr_cr_0,synthetic
t_004984,u_01842,click,cmp_2,pl_08,cr_1,2026-08-23 16:07:58.829870934,c_cmp_2_p_pl_08_cr_cr_1,synthetic
t_004931,u_01822,click,cmp_3,pl_07,cr_3,2026-08-23 16:08:32.531266646,c_cmp_3_p_pl_07_cr_cr_3,synthetic
t_002256,u_00839,click,cmp_2,pl_02,cr_2,2026-08-23 16:22:12.823987552,c_cmp_2_p_pl_02_cr_cr_2,synthetic
t_004381,u_01615,click,cmp_2,pl_00,cr_0,2026-08-23 16:29:16.518525329,c_cmp_2_p_pl_00_cr_cr_0,synthetic
t_002257,u_00839,bot_start,cmp_2,pl_02,cr_2,2026-08-23 16:39:34.823987552,c_cmp_2_p_pl_02_cr_cr_2,synthetic
t_002258,u_00839,lead,cmp_2,pl_02,cr_2,2026-08-23 16:46:34.823987552,c_cmp_2_p_pl_02_cr_cr_2,synthetic
t_002816,u_01047,click,cmp_2,pl_05,cr_4,2026-08-23 16:58:28.810858364,c_cmp_2_p_pl_05_cr_cr_4,synthetic
t_003143,u_01172,click,cmp_3,pl_09,cr_0,2026-08-23 17:08:03.071006301,c_cmp_3_p_pl_09_cr_cr_0,synthetic
t_004382,u_01615,bot_start,cmp_2,pl_00,cr_0,2026-08-23 17:13:53.518525329,c_cmp_2_p_pl_00_cr_cr_0,synthetic
t_000628,u_00219,click,cmp_2,pl_08,cr_1,2026-08-23 17:31:32.992070004,c_cmp_2_p_pl_08_cr_cr_1,synthetic
t_002817,u_01047,bot_start,cmp_2,pl_05,cr_4,2026-08-23 17:34:11.810858364,c_cmp_2_p_pl_05_cr_cr_4,synthetic
t_003432,u_01270,click,cmp_2,pl_08,cr_1,2026-08-23 17:38:24.079452035,c_cmp_2_p_pl_08_cr_cr_1,synthetic
t_001858,u_00695,click,cmp_3,pl_07,cr_3,2026-08-23 17:38:54.761069160,c_cmp_3_p_pl_07_cr_cr_3,synthetic
t_003396,u_01259,click,cmp_1,pl_06,cr_2,2026-08-23 17:44:27.784337965,c_cmp_1_p_pl_06_cr_cr_2,synthetic
t_002818,u_01047,lead,cmp_2,pl_05,cr_4,2026-08-23 17:47:11.810858364,c_cmp_2_p_pl_05_cr_cr_4,synthetic
t_001339,u_00486,click,cmp_4,pl_03,cr_0,2026-08-23 17:51:16.204818969,c_cmp_4_p_pl_03_cr_cr_0,synthetic
t_000629,u_00219,bot_start,cmp_2,pl_08,cr_1,2026-08-23 18:02:55.992070004,c_cmp_2_p_pl_08_cr_cr_1,synthetic
t_002955,u_01100,click,cmp_4,pl_03,cr_0,2026-08-23 18:15:46.979128131,c_cmp_4_p_pl_03_cr_cr_0,synthetic
t_003745,u_01382,click,cmp_1,pl_06,cr_2,2026-08-23 18:19:32.024935508,c_cmp_1_p_pl_06_cr_cr_2,synthetic
t_002669,u_00997,click,cmp_3,pl_09,cr_0,2026-08-23 18:29:59.339676037,c_cmp_3_p_pl_09_cr_cr_0,synthetic
t_001317,u_00479,click,cmp_0,pl_04,cr_3,2026-08-23 18:49:42.402256919,c_cmp_0_p_pl_04_cr_cr_3,synthetic
t_003535,u_01307,click,cmp_1,pl_06,cr_2,2026-08-23 18:52:44.102960279,c_cmp_1_p_pl_06_cr_cr_2,synthetic
t_005362,u_01993,click,cmp_2,pl_05,cr_4,2026-08-23 19:05:17.071061699,c_cmp_2_p_pl_05_cr_cr_4,synthetic
t_001782,u_00665,click,cmp_3,pl_07,cr_3,2026-08-23 19:28:32.241721030,c_cmp_3_p_pl_07_cr_cr_3,synthetic
t_004668,u_01725,click,cmp_2,pl_08,cr_1,2026-08-23 19:30:09.845376455,c_cmp_2_p_pl_08_cr_cr_1,synthetic
t_001318,u_00479,bot_start,cmp_0,pl_04,cr_3,2026-08-23 19:36:19.402256919,c_cmp_0_p_pl_04_cr_cr_3,synthetic
t_004669,u_01725,bot_start,cmp_2,pl_08,cr_1,2026-08-23 19:38:31.845376455,c_cmp_2_p_pl_08_cr_cr_1,synthetic
t_003790,u_01398,click,cmp_1,pl_06,cr_2,2026-08-23 20:01:23.346541961,c_cmp_1_p_pl_06_cr_cr_2,synthetic
t_001335,u_00485,click,cmp_3,pl_09,cr_0,2026-08-23 20:15:07.063825299,c_cmp_3_p_pl_09_cr_cr_0,synthetic
t_001319,u_00479,lead,cmp_0,pl_04,cr_3,2026-08-23 20:16:19.402256919,c_cmp_0_p_pl_04_cr_cr_3,synthetic
t_004687,u_01732,click,cmp_1,pl_06,cr_2,2026-08-23 20:25:27.498229123,c_cmp_1_p_pl_06_cr_cr_2,synthetic
t_004459,u_01639,click,cmp_3,pl_09,cr_0,2026-08-23 20:39:28.161386719,c_cmp_3_p_pl_09_cr_cr_0,synthetic
t_002569,u_00960,click,cmp_3,pl_09,cr_0,2026-08-23 20:55:28.890595629,c_cmp_3_p_pl_09_cr_cr_0,synthetic
t_001650,u_00606,click,cmp_0,pl_04,cr_3,2026-08-23 21:01:19.894952660,c_cmp_0_p_pl_04_cr_cr_3,synthetic
t_002211,u_00824,click,cmp_1,pl_06,cr_2,2026-08-23 21:10:07.132245269,c_cmp_1_p_pl_06_cr_cr_2,synthetic
t_002166,u_00809,click,cmp_2,pl_05,cr_4,2026-08-23 21:28:58.493019775,c_cmp_2_p_pl_05_cr_cr_4,synthetic
t_002570,u_00960,bot_start,cmp_3,pl_09,cr_0,2026-08-23 21:33:52.890595629,c_cmp_3_p_pl_09_cr_cr_0,synthetic
t_002167,u_00809,bot_start,cmp_2,pl_05,cr_4,2026-08-23 22:00:02.493019775,c_cmp_2_p_pl_05_cr_cr_4,synthetic
t_002571,u_00960,lead,cmp_3,pl_09,cr_0,2026-08-23 22:04:52.890595629,c_cmp_3_p_pl_09_cr_cr_0,synthetic
t_003031,u_01129,click,cmp_4,pl_03,cr_0,2026-08-23 22:49:09.092778480,c_cmp_4_p_pl_03_cr_cr_0,synthetic
t_003593,u_01329,click,cmp_2,pl_08,cr_1,2026-08-23 22:51:10.080932579,c_cmp_2_p_pl_08_cr_cr_1,synthetic
t_003032,u_01129,bot_start,cmp_4,pl_03,cr_0,2026-08-23 23:11:58.092778480,c_cmp_4_p_pl_03_cr_cr_0,synthetic
t_005314,u_01972,click,cmp_3,pl_07,cr_3,2026-08-23 23:15:57.415143952,c_cmp_3_p_pl_07_cr_cr_3,synthetic
t_005281,u_01958,click,cmp_2,pl_00,cr_0,2026-08-24 00:16:22.513812862,c_cmp_2_p_pl_00_cr_cr_0,synthetic
t_002861,u_01064,click,cmp_3,pl_09,cr_0,2026-08-24 00:21:28.567147309,c_cmp_3_p_pl_09_cr_cr_0,synthetic
t_000924,u_00341,click,cmp_4,pl_03,cr_0,2026-08-24 01:03:49.865893008,c_cmp_4_p_pl_03_cr_cr_0,synthetic
t_005069,u_01880,click,cmp_3,pl_09,cr_0,2026-08-24 01:06:59.421530701,c_cmp_3_p_pl_09_cr_cr_0,synthetic
t_001300,u_00472,click,cmp_1,pl_06,cr_2,2026-08-24 01:09:42.308132976,c_cmp_1_p_pl_06_cr_cr_2,synthetic
t_005217,u_01940,click,cmp_1,pl_06,cr_2,2026-08-24 01:20:37.159008686,c_cmp_1_p_pl_06_cr_cr_2,synthetic
t_002213,u_00824,click,cmp_0,pl_01,cr_4,2026-08-24 01:22:10.677987071,c_cmp_0_p_pl_01_cr_cr_4,synthetic
t_004428,u_01630,click,cmp_0,pl_01,cr_4,2026-08-24 01:37:35.731245530,c_cmp_0_p_pl_01_cr_cr_4,synthetic
t_000925,u_00341,bot_start,cmp_4,pl_03,cr_0,2026-08-24 01:41:27.865893008,c_cmp_4_p_pl_03_cr_cr_0,synthetic
t_003017,u_01121,click,cmp_2,pl_08,cr_1,2026-08-24 01:51:39.900248403,c_cmp_2_p_pl_08_cr_cr_1,synthetic
t_002012,u_00752,click,cmp_4,pl_03,cr_0,2026-08-24 01:54:25.140276429,c_cmp_4_p_pl_03_cr_cr_0,synthetic
t_004646,u_01713,click,cmp_3,pl_07,cr_3,2026-08-24 02:05:54.379458958,c_cmp_3_p_pl_07_cr_cr_3,synthetic
t_005218,u_01940,bot_start,cmp_1,pl_06,cr_2,2026-08-24 02:07:33.159008686,c_cmp_1_p_pl_06_cr_cr_2,synthetic
t_000879,u_00324,click,cmp_3,pl_07,cr_3,2026-08-24 02:07:56.045013232,c_cmp_3_p_pl_07_cr_cr_3,synthetic
t_002214,u_00824,bot_start,cmp_0,pl_01,cr_4,2026-08-24 02:08:26.677987071,c_cmp_0_p_pl_01_cr_cr_4,synthetic
t_004561,u_01681,click,cmp_0,pl_04,cr_3,2026-08-24 02:14:57.038018308,c_cmp_0_p_pl_04_cr_cr_3,synthetic
t_001042,u_00381,click,cmp_2,pl_00,cr_0,2026-08-24 02:29:45.811220268,c_cmp_2_p_pl_00_cr_cr_0,synthetic
t_000416,u_00147,click,cmp_2,pl_02,cr_2,2026-08-24 02:37:26.718351298,c_cmp_2_p_pl_02_cr_cr_2,synthetic
t_003712,u_01369,click,cmp_2,pl_08,cr_1,2026-08-24 03:32:40.528910263,c_cmp_2_p_pl_08_cr_cr_1,synthetic
t_002914,u_01081,click,cmp_4,pl_03,cr_0,2026-08-24 03:36:27.969796268,c_cmp_4_p_pl_03_cr_cr_0,synthetic
t_003083,u_01150,click,cmp_0,pl_04,cr_3,2026-08-24 03:42:18.256969161,c_cmp_0_p_pl_04_cr_cr_3,synthetic
t_001157,u_00424,click,cmp_0,pl_04,cr_3,2026-08-24 03:49:36.587698468,c_cmp_0_p_pl_04_cr_cr_3,synthetic
t_002142,u_00800,click,cmp_0,pl_01,cr_4,2026-08-24 04:15:31.592532398,c_cmp_0_p_pl_01_cr_cr_4,synthetic
t_003235,u_01201,click,cmp_0,pl_04,cr_3,2026-08-24 04:41:46.766612364,c_cmp_0_p_pl_04_cr_cr_3,synthetic
t_001192,u_00438,click,cmp_3,pl_09,cr_0,2026-08-24 04:58:18.732504200,c_cmp_3_p_pl_09_cr_cr_0,synthetic
t_000914,u_00336,click,cmp_3,pl_07,cr_3,2026-08-24 05:34:13.269696864,c_cmp_3_p_pl_07_cr_cr_3,synthetic
t_002191,u_00819,click,cmp_2,pl_00,cr_0,2026-08-24 05:34:24.164491197,c_cmp_2_p_pl_00_cr_cr_0,synthetic
t_001193,u_00438,bot_start,cmp_3,pl_09,cr_0,2026-08-24 05:36:54.732504200,c_cmp_3_p_pl_09_cr_cr_0,synthetic
t_000610,u_00213,click,cmp_3,pl_09,cr_0,2026-08-24 05:43:30.559330048,c_cmp_3_p_pl_09_cr_cr_0,synthetic
t_002346,u_00870,click,cmp_2,pl_05,cr_4,2026-08-24 05:44:07.494594858,c_cmp_2_p_pl_05_cr_cr_4,synthetic
t_002499,u_00935,click,cmp_2,pl_00,cr_0,2026-08-24 06:01:37.550097548,c_cmp_2_p_pl_00_cr_cr_0,synthetic
t_003944,u_01457,click,cmp_1,pl_06,cr_2,2026-08-24 06:28:37.586200482,c_cmp_1_p_pl_06_cr_cr_2,synthetic
t_003945,u_01457,bot_start,cmp_1,pl_06,cr_2,2026-08-24 06:34:35.586200482,c_cmp_1_p_pl_06_cr_cr_2,synthetic
t_000611,u_00213,bot_start,cmp_3,pl_09,cr_0,2026-08-24 06:42:22.559330048,c_cmp_3_p_pl_09_cr_cr_0,synthetic
t_001187,u_00436,click,cmp_0,pl_04,cr_3,2026-08-24 06:51:29.849572582,c_cmp_0_p_pl_04_cr_cr_3,synthetic
t_000753,u_00269,click,cmp_2,pl_02,cr_2,2026-08-24 07:10:09.424841233,c_cmp_2_p_pl_02_cr_cr_2,synthetic
t_005114,u_01900,click,cmp_3,pl_07,cr_3,2026-08-24 07:13:19.731725630,c_cmp_3_p_pl_07_cr_cr_3,synthetic
t_002493,u_00932,click,cmp_4,pl_03,cr_0,2026-08-24 07:17:33.199512146,c_cmp_4_p_pl_03_cr_cr_0,synthetic
t_004915,u_01816,click,cmp_2,pl_02,cr_2,2026-08-24 07:19:59.824253526,c_cmp_2_p_pl_02_cr_cr_2,synthetic
t_003071,u_01145,click,cmp_2,pl_02,cr_2,2026-08-24 07:36:25.884251003,c_cmp_2_p_pl_02_cr_cr_2,synthetic
t_000141,u_00044,click,cmp_1,pl_06,cr_2,2026-08-24 07:38:24.765491455,c_cmp_1_p_pl_06_cr_cr_2,synthetic
t_004837,u_01785,click,cmp_3,pl_09,cr_0,2026-08-24 07:43:02.837667477,c_cmp_3_p_pl_09_cr_cr_0,synthetic
t_001506,u_00555,click,cmp_3,pl_09,cr_0,2026-08-24 07:45:06.021440199,c_cmp_3_p_pl_09_cr_cr_0,synthetic
t_001378,u_00499,click,cmp_0,pl_01,cr_4,2026-08-24 07:47:40.045419403,c_cmp_0_p_pl_01_cr_cr_4,synthetic
t_003132,u_01169,click,cmp_4,pl_03,cr_0,2026-08-24 07:50:46.584818153,c_cmp_4_p_pl_03_cr_cr_0,synthetic
t_002207,u_00822,click,cmp_3,pl_09,cr_0,2026-08-24 07:52:32.261916155,c_cmp_3_p_pl_09_cr_cr_0,synthetic
t_000565,u_00198,click,cmp_0,pl_04,cr_3,2026-08-24 07:57:01.181399226,c_cmp_0_p_pl_04_cr_cr_3,synthetic
t_002589,u_00968,click,cmp_0,pl_04,cr_3,2026-08-24 07:57:48.924527792,c_cmp_0_p_pl_04_cr_cr_3,synthetic
t_002208,u_00822,bot_start,cmp_3,pl_09,cr_0,2026-08-24 08:00:07.261916155,c_cmp_3_p_pl_09_cr_cr_0,synthetic
t_002399,u_00895,click,cmp_1,pl_06,cr_2,2026-08-24 08:03:24.875465889,c_cmp_1_p_pl_06_cr_cr_2,synthetic
t_001659,u_00610,click,cmp_2,pl_02,cr_2,2026-08-24 08:04:14.230389644,c_cmp_2_p_pl_02_cr_cr_2,synthetic
t_004916,u_01816,bot_start,cmp_2,pl_02,cr_2,2026-08-24 08:12:47.824253526,c_cmp_2_p_pl_02_cr_cr_2,synthetic
t_002621,u_00978,click,cmp_2,pl_05,cr_4,2026-08-24 08:15:17.202289576,c_cmp_2_p_pl_05_cr_cr_4,synthetic
t_002622,u_00978,bot_start,cmp_2,pl_05,cr_4,2026-08-24 08:28:25.202289576,c_cmp_2_p_pl_05_cr_cr_4,synthetic
t_004917,u_01816,lead,cmp_2,pl_02,cr_2,2026-08-24 08:29:47.824253526,c_cmp_2_p_pl_02_cr_cr_2,synthetic
t_002209,u_00822,lead,cmp_3,pl_09,cr_0,2026-08-24 08:30:07.261916155,c_cmp_3_p_pl_09_cr_cr_0,synthetic
t_005286,u_01960,click,cmp_4,pl_03,cr_0,2026-08-24 08:40:41.621931620,c_cmp_4_p_pl_03_cr_cr_0,synthetic
t_002533,u_00948,click,cmp_1,pl_06,cr_2,2026-08-24 08:49:52.376560191,c_cmp_1_p_pl_06_cr_cr_2,synthetic
t_001705,u_00635,click,cmp_1,pl_06,cr_2,2026-08-24 08:50:08.285424566,c_cmp_1_p_pl_06_cr_cr_2,synthetic
t_000566,u_00198,bot_start,cmp_0,pl_04,cr_3,2026-08-24 08:51:17.181399226,c_cmp_0_p_pl_04_cr_cr_3,synthetic
t_005339,u_01985,click,cmp_0,pl_04,cr_3,2026-08-24 08:58:15.250302692,c_cmp_0_p_pl_04_cr_cr_3,synthetic
t_002534,u_00948,bot_start,cmp_1,pl_06,cr_2,2026-08-24 09:00:03.376560191,c_cmp_1_p_pl_06_cr_cr_2,synthetic
t_001288,u_00467,click,cmp_2,pl_00,cr_0,2026-08-24 09:15:23.043513724,c_cmp_2_p_pl_00_cr_cr_0,synthetic
t_001289,u_00467,bot_start,cmp_2,pl_00,cr_0,2026-08-24 09:27:52.043513724,c_cmp_2_p_pl_00_cr_cr_0,synthetic
t_000567,u_00198,lead,cmp_0,pl_04,cr_3,2026-08-24 09:39:17.181399226,c_cmp_0_p_pl_04_cr_cr_3,synthetic
t_000329,u_00113,click,cmp_3,pl_07,cr_3,2026-08-24 10:20:24.779618466,c_cmp_3_p_pl_07_cr_cr_3,synthetic
t_001031,u_00377,click,cmp_3,pl_07,cr_3,2026-08-24 10:28:17.335969468,c_cmp_3_p_pl_07_cr_cr_3,synthetic
t_001439,u_00525,click,cmp_1,pl_06,cr_2,2026-08-24 10:31:03.694472772,c_cmp_1_p_pl_06_cr_cr_2,synthetic
t_002797,u_01043,click,cmp_3,pl_09,cr_0,2026-08-24 10:55:51.239992926,c_cmp_3_p_pl_09_cr_cr_0,synthetic
t_000106,u_00034,click,cmp_2,pl_05,cr_4,2026-08-24 11:03:28.231000470,c_cmp_2_p_pl_05_cr_cr_4,synthetic
t_000963,u_00355,click,cmp_2,pl_02,cr_2,2026-08-24 11:04:31.978681796,c_cmp_2_p_pl_02_cr_cr_2,synthetic
t_000174,u_00056,click,cmp_2,pl_02,cr_2,2026-08-24 11:09:22.235548364,c_cmp_2_p_pl_02_cr_cr_2,synthetic
t_002101,u_00783,click,cmp_2,pl_05,cr_4,2026-08-24 11:23:43.994729484,c_cmp_2_p_pl_05_cr_cr_4,synthetic
t_004630,u_01709,click,cmp_2,pl_02,cr_2,2026-08-24 11:29:46.480648168,c_cmp_2_p_pl_02_cr_cr_2,synthetic
t_000008,u_00002,click,cmp_0,pl_01,cr_4,2026-08-24 11:34:42.628023481,c_cmp_0_p_pl_01_cr_cr_4,synthetic
t_000557,u_00195,click,cmp_4,pl_03,cr_0,2026-08-24 11:56:06.863011336,c_cmp_4_p_pl_03_cr_cr_0,synthetic
t_002336,u_00867,click,cmp_0,pl_01,cr_4,2026-08-24 12:01:52.500403099,c_cmp_0_p_pl_01_cr_cr_4,synthetic
t_001455,u_00533,click,cmp_2,pl_05,cr_4,2026-08-24 12:19:28.569115303,c_cmp_2_p_pl_05_cr_cr_4,synthetic
t_001579,u_00580,click,cmp_3,pl_07,cr_3,2026-08-24 12:41:05.839923813,c_cmp_3_p_pl_07_cr_cr_3,synthetic
t_000558,u_00195,bot_start,cmp_4,pl_03,cr_0,2026-08-24 12:47:12.863011336,c_cmp_4_p_pl_03_cr_cr_0,synthetic
t_003629,u_01344,click,cmp_3,pl_07,cr_3,2026-08-24 12:47:26.196258479,c_cmp_3_p_pl_07_cr_cr_3,synthetic
t_000813,u_00294,click,cmp_3,pl_07,cr_3,2026-08-24 12:52:39.176855984,c_cmp_3_p_pl_07_cr_cr_3,synthetic
t_002852,u_01062,click,cmp_1,pl_06,cr_2,2026-08-24 12:54:49.297574040,c_cmp_1_p_pl_06_cr_cr_2,synthetic
t_000059,u_00019,click,cmp_3,pl_09,cr_0,2026-08-24 13:00:57.101710393,c_cmp_3_p_pl_09_cr_cr_0,synthetic
t_000717,u_00255,click,cmp_2,pl_05,cr_4,2026-08-24 13:04:01.165696499,c_cmp_2_p_pl_05_cr_cr_4,synthetic
t_002853,u_01062,bot_start,cmp_1,pl_06,cr_2,2026-08-24 13:04:43.297574040,c_cmp_1_p_pl_06_cr_cr_2,synthetic
t_003404,u_01263,click,cmp_0,pl_01,cr_4,2026-08-24 13:10:58.769049861,c_cmp_0_p_pl_01_cr_cr_4,synthetic
t_002854,u_01062,lead,cmp_1,pl_06,cr_2,2026-08-24 13:45:43.297574040,c_cmp_1_p_pl_06_cr_cr_2,synthetic
t_002821,u_01048,click,cmp_0,pl_01,cr_4,2026-08-24 13:53:37.270371877,c_cmp_0_p_pl_01_cr_cr_4,synthetic
t_000810,u_00292,click,cmp_2,pl_08,cr_1,2026-08-24 14:09:34.734144906,c_cmp_2_p_pl_08_cr_cr_1,synthetic
t_003852,u_01425,click,cmp_3,pl_09,cr_0,2026-08-24 14:15:01.783448618,c_cmp_3_p_pl_09_cr_cr_0,synthetic
t_003601,u_01332,click,cmp_2,pl_08,cr_1,2026-08-24 14:16:05.277852974,c_cmp_2_p_pl_08_cr_cr_1,synthetic
t_002709,u_01010,click,cmp_3,pl_09,cr_0,2026-08-24 14:17:44.107868499,c_cmp_3_p_pl_09_cr_cr_0,synthetic
t_002849,u_01060,click,cmp_2,pl_05,cr_4,2026-08-24 14:21:10.500501000,c_cmp_2_p_pl_05_cr_cr_4,synthetic
t_000467,u_00164,click,cmp_3,pl_07,cr_3,2026-08-24 14:37:03.296318620,c_cmp_3_p_pl_07_cr_cr_3,synthetic
t_000011,u_00004,click,cmp_2,pl_08,cr_1,2026-08-24 14:38:40.384604598,c_cmp_2_p_pl_08_cr_cr_1,synthetic
t_003766,u_01388,click,cmp_3,pl_07,cr_3,2026-08-24 14:42:01.424279007,c_cmp_3_p_pl_07_cr_cr_3,synthetic
t_004217,u_01562,click,cmp_3,pl_09,cr_0,2026-08-24 14:42:50.454730567,c_cmp_3_p_pl_09_cr_cr_0,synthetic
t_005001,u_01852,click,cmp_2,pl_08,cr_1,2026-08-24 15:04:57.301345854,c_cmp_2_p_pl_08_cr_cr_1,synthetic
t_004175,u_01548,click,cmp_1,pl_06,cr_2,2026-08-24 15:18:07.150494748,c_cmp_1_p_pl_06_cr_cr_2,synthetic
t_003816,u_01411,click,cmp_1,pl_06,cr_2,2026-08-24 15:59:41.566022898,c_cmp_1_p_pl_06_cr_cr_2,synthetic
t_001503,u_00555,click,cmp_1,pl_06,cr_2,2026-08-24 16:00:17.608643643,c_cmp_1_p_pl_06_cr_cr_2,synthetic
t_000835,u_00305,click,cmp_0,pl_04,cr_3,2026-08-24 16:06:09.990971459,c_cmp_0_p_pl_04_cr_cr_3,synthetic
t_001504,u_00555,bot_start,cmp_1,pl_06,cr_2,2026-08-24 16:32:52.608643643,c_cmp_1_p_pl_06_cr_cr_2,synthetic
t_001022,u_00375,click,cmp_4,pl_03,cr_0,2026-08-24 16:36:25.556711201,c_cmp_4_p_pl_03_cr_cr_0,synthetic
t_002387,u_00891,click,cmp_1,pl_06,cr_2,2026-08-24 16:40:38.439423219,c_cmp_1_p_pl_06_cr_cr_2,synthetic
t_005266,u_01954,click,cmp_0,pl_04,cr_3,2026-08-24 17:08:09.915796228,c_cmp_0_p_pl_04_cr_cr_3,synthetic
t_001023,u_00375,bot_start,cmp_4,pl_03,cr_0,2026-08-24 17:18:05.556711201,c_cmp_4_p_pl_03_cr_cr_0,synthetic
t_001505,u_00555,lead,cmp_1,pl_06,cr_2,2026-08-24 17:21:52.608643643,c_cmp_1_p_pl_06_cr_cr_2,synthetic
t_003084,u_01151,click,cmp_3,pl_09,cr_0,2026-08-24 17:26:05.837659865,c_cmp_3_p_pl_09_cr_cr_0,synthetic
t_001024,u_00375,lead,cmp_4,pl_03,cr_0,2026-08-24 17:28:05.556711201,c_cmp_4_p_pl_03_cr_cr_0,synthetic
t_004508,u_01659,click,cmp_2,pl_02,cr_2,2026-08-24 17:44:20.688862727,c_cmp_2_p_pl_02_cr_cr_2,synthetic
t_002766,u_01032,click,cmp_0,pl_04,cr_3,2026-08-24 17:45:25.427306362,c_cmp_0_p_pl_04_cr_cr_3,synthetic
t_000993,u_00367,click,cmp_2,pl_05,cr_4,2026-08-24 17:48:44.401892242,c_cmp_2_p_pl_05_cr_cr_4,synthetic
t_003356,u_01245,click,cmp_2,pl_02,cr_2,2026-08-24 17:50:42.746283833,c_cmp_2_p_pl_02_cr_cr_2,synthetic
t_000553,u_00194,click,cmp_2,pl_02,cr_2,2026-08-24 17:58:13.110999840,c_cmp_2_p_pl_02_cr_cr_2,synthetic
t_003370,u_01250,click,cmp_2,pl_02,cr_2,2026-08-24 18:03:39.011327986,c_cmp_2_p_pl_02_cr_cr_2,synthetic
t_004999,u_01850,click,cmp_1,pl_06,cr_2,2026-08-24 18:08:10.757423503,c_cmp_1_p_pl_06_cr_cr_2,synthetic
t_003680,u_01357,click,cmp_4,pl_03,cr_0,2026-08-24 18:14:58.859966129,c_cmp_4_p_pl_03_cr_cr_0,synthetic
t_003357,u_01246,click,cmp_4,pl_03,cr_0,2026-08-24 18:21:39.683771659,c_cmp_4_p_pl_03_cr_cr_0,synthetic
t_003190,u_01186,click,cmp_3,pl_07,cr_3,2026-08-24 18:26:50.140560662,c_cmp_3_p_pl_07_cr_cr_3,synthetic
t_003652,u_01349,click,cmp_1,pl_06,cr_2,2026-08-24 18:32:59.794193493,c_cmp_1_p_pl_06_cr_cr_2,synthetic
t_003371,u_01250,bot_start,cmp_2,pl_02,cr_2,2026-08-24 18:56:26.011327986,c_cmp_2_p_pl_02_cr_cr_2,synthetic
t_003372,u_01250,lead,cmp_2,pl_02,cr_2,2026-08-24 19:03:26.011327986,c_cmp_2_p_pl_02_cr_cr_2,synthetic
t_004825,u_01779,click,cmp_1,pl_06,cr_2,2026-08-24 19:12:39.158149628,c_cmp_1_p_pl_06_cr_cr_2,synthetic
t_002170,u_00811,click,cmp_2,pl_08,cr_1,2026-08-24 19:26:15.002930454,c_cmp_2_p_pl_08_cr_cr_1,synthetic
t_004146,u_01539,click,cmp_2,pl_08,cr_1,2026-08-24 19:26:38.791575725,c_cmp_2_p_pl_08_cr_cr_1,synthetic
t_005179,u_01927,click,cmp_2,pl_05,cr_4,2026-08-24 19:28:05.975075118,c_cmp_2_p_pl_05_cr_cr_4,synthetic
t_003915,u_01444,click,cmp_2,pl_05,cr_4,2026-08-24 19:31:52.142011391,c_cmp_2_p_pl_05_cr_cr_4,synthetic
t_000383,u_00133,click,cmp_3,pl_09,cr_0,2026-08-24 19:39:11.162125704,c_cmp_3_p_pl_09_cr_cr_0,synthetic
t_000888,u_00326,click,cmp_0,pl_01,cr_4,2026-08-24 19:57:12.797844072,c_cmp_0_p_pl_01_cr_cr_4,synthetic
t_003916,u_01444,bot_start,cmp_2,pl_05,cr_4,2026-08-24 20:09:15.142011391,c_cmp_2_p_pl_05_cr_cr_4,synthetic
t_001516,u_00561,click,cmp_3,pl_09,cr_0,2026-08-24 20:10:17.204281085,c_cmp_3_p_pl_09_cr_cr_0,synthetic
t_003238,u_01203,click,cmp_2,pl_08,cr_1,2026-08-24 20:10:42.885315945,c_cmp_2_p_pl_08_cr_cr_1,synthetic
t_002072,u_00775,click,cmp_1,pl_06,cr_2,2026-08-24 20:21:39.285012540,c_cmp_1_p_pl_06_cr_cr_2,synthetic
t_002053,u_00769,click,cmp_0,pl_04,cr_3,2026-08-24 20:22:09.032814413,c_cmp_0_p_pl_04_cr_cr_3,synthetic
t_002171,u_00811,bot_start,cmp_2,pl_08,cr_1,2026-08-24 20:24:26.002930454,c_cmp_2_p_pl_08_cr_cr_1,synthetic
t_004016,u_01482,click,cmp_2,pl_05,cr_4,2026-08-24 20:26:58.754978813,c_cmp_2_p_pl_05_cr_cr_4,synthetic
t_000353,u_00125,click,cmp_0,pl_01,cr_4,2026-08-24 20:54:59.334112562,c_cmp_0_p_pl_01_cr_cr_4,synthetic
t_002073,u_00775,bot_start,cmp_1,pl_06,cr_2,2026-08-24 21:00:27.285012540,c_cmp_1_p_pl_06_cr_cr_2,synthetic
t_004650,u_01716,click,cmp_1,pl_06,cr_2,2026-08-24 21:07:03.308619817,c_cmp_1_p_pl_06_cr_cr_2,synthetic
t_002074,u_00775,lead,cmp_1,pl_06,cr_2,2026-08-24 21:16:27.285012540,c_cmp_1_p_pl_06_cr_cr_2,synthetic
t_003806,u_01406,click,cmp_4,pl_03,cr_0,2026-08-24 21:18:20.230252419,c_cmp_4_p_pl_03_cr_cr_0,synthetic
t_001562,u_00576,click,cmp_2,pl_05,cr_4,2026-08-24 21:34:03.311358720,c_cmp_2_p_pl_05_cr_cr_4,synthetic
t_002082,u_00778,click,cmp_2,pl_05,cr_4,2026-08-24 21:34:48.027670113,c_cmp_2_p_pl_05_cr_cr_4,synthetic
t_004651,u_01716,bot_start,cmp_1,pl_06,cr_2,2026-08-24 21:46:18.308619817,c_cmp_1_p_pl_06_cr_cr_2,synthetic
t_001563,u_00576,bot_start,cmp_2,pl_05,cr_4,2026-08-24 22:32:26.311358720,c_cmp_2_p_pl_05_cr_cr_4,synthetic
t_000350,u_00123,click,cmp_1,pl_06,cr_2,2026-08-24 22:58:53.536508272,c_cmp_1_p_pl_06_cr_cr_2,synthetic
t_004029,u_01486,click,cmp_2,pl_05,cr_4,2026-08-24 23:01:53.112177928,c_cmp_2_p_pl_05_cr_cr_4,synthetic
t_000247,u_00080,click,cmp_2,pl_05,cr_4,2026-08-24 23:26:26.744077015,c_cmp_2_p_pl_05_cr_cr_4,synthetic
t_001040,u_00380,click,cmp_2,pl_05,cr_4,2026-08-24 23:35:35.219594571,c_cmp_2_p_pl_05_cr_cr_4,synthetic
t_002054,u_00769,click,cmp_1,pl_06,cr_2,2026-08-24 23:43:29.785636511,c_cmp_1_p_pl_06_cr_cr_2,synthetic
t_005078,u_01885,click,cmp_2,pl_08,cr_1,2026-08-24 23:44:36.247182051,c_cmp_2_p_pl_08_cr_cr_1,synthetic
t_003506,u_01298,click,cmp_0,pl_04,cr_3,2026-08-24 23:45:02.779805274,c_cmp_0_p_pl_04_cr_cr_3,synthetic
t_005057,u_01873,click,cmp_3,pl_09,cr_0,2026-08-24 23:47:00.054220648,c_cmp_3_p_pl_09_cr_cr_0,synthetic
t_002459,u_00919,click,cmp_2,pl_05,cr_4,2026-08-24 23:50:56.567428782,c_cmp_2_p_pl_05_cr_cr_4,synthetic
t_001250,u_00457,click,cmp_0,pl_04,cr_3,2026-08-24 23:59:04.756037259,c_cmp_0_p_pl_04_cr_cr_3,synthetic
t_001251,u_00457,bot_start,cmp_0,pl_04,cr_3,2026-08-25 00:04:28.756037259,c_cmp_0_p_pl_04_cr_cr_3,synthetic
t_000864,u_00316,click,cmp_3,pl_09,cr_0,2026-08-25 00:12:59.436700764,c_cmp_3_p_pl_09_cr_cr_0,synthetic
t_004884,u_01805,click,cmp_3,pl_09,cr_0,2026-08-25 00:21:48.118458533,c_cmp_3_p_pl_09_cr_cr_0,synthetic
t_004734,u_01751,click,cmp_4,pl_03,cr_0,2026-08-25 00:24:19.894711786,c_cmp_4_p_pl_03_cr_cr_0,synthetic
t_002126,u_00792,click,cmp_2,pl_02,cr_2,2026-08-25 00:33:08.380832180,c_cmp_2_p_pl_02_cr_cr_2,synthetic
t_004735,u_01751,bot_start,cmp_4,pl_03,cr_0,2026-08-25 00:37:04.894711786,c_cmp_4_p_pl_03_cr_cr_0,synthetic
t_001252,u_00457,lead,cmp_0,pl_04,cr_3,2026-08-25 00:45:28.756037259,c_cmp_0_p_pl_04_cr_cr_3,synthetic
t_004621,u_01705,click,cmp_2,pl_02,cr_2,2026-08-25 01:14:17.040151793,c_cmp_2_p_pl_02_cr_cr_2,synthetic
t_002162,u_00808,click,cmp_0,pl_01,cr_4,2026-08-25 01:18:32.753220085,c_cmp_0_p_pl_01_cr_cr_4,synthetic
t_003438,u_01272,click,cmp_2,pl_02,cr_2,2026-08-25 01:55:15.956625294,c_cmp_2_p_pl_02_cr_cr_2,synthetic
t_004206,u_01559,click,cmp_3,pl_09,cr_0,2026-08-25 02:02:10.050688817,c_cmp_3_p_pl_09_cr_cr_0,synthetic
t_004490,u_01651,click,cmp_0,pl_04,cr_3,2026-08-25 02:42:32.809309183,c_cmp_0_p_pl_04_cr_cr_3,synthetic
t_000897,u_00329,click,cmp_3,pl_07,cr_3,2026-08-25 02:48:31.601645203,c_cmp_3_p_pl_07_cr_cr_3,synthetic
t_003277,u_01218,click,cmp_3,pl_07,cr_3,2026-08-25 03:03:10.535653180,c_cmp_3_p_pl_07_cr_cr_3,synthetic
t_000476,u_00168,click,cmp_0,pl_04,cr_3,2026-08-25 03:11:47.823019793,c_cmp_0_p_pl_04_cr_cr_3,synthetic
t_004219,u_01563,click,cmp_0,pl_04,cr_3,2026-08-25 03:16:29.430000697,c_cmp_0_p_pl_04_cr_cr_3,synthetic
t_002772,u_01037,click,cmp_2,pl_05,cr_4,2026-08-25 03:21:52.486780241,c_cmp_2_p_pl_05_cr_cr_4,synthetic
t_002773,u_01037,bot_start,cmp_2,pl_05,cr_4,2026-08-25 03:37:28.486780241,c_cmp_2_p_pl_05_cr_cr_4,synthetic
t_002435,u_00910,click,cmp_3,pl_09,cr_0,2026-08-25 03:38:26.369664339,c_cmp_3_p_pl_09_cr_cr_0,synthetic
t_005042,u_01868,click,cmp_2,pl_08,cr_1,2026-08-25 03:39:49.024893517,c_cmp_2_p_pl_08_cr_cr_1,synthetic
t_004302,u_01590,click,cmp_2,pl_05,cr_4,2026-08-25 04:13:54.043209740,c_cmp_2_p_pl_05_cr_cr_4,synthetic
t_000098,u_00032,click,cmp_3,pl_07,cr_3,2026-08-25 04:19:05.867263410,c_cmp_3_p_pl_07_cr_cr_3,synthetic
t_001640,u_00601,click,cmp_0,pl_01,cr_4,2026-08-25 04:54:33.744640559,c_cmp_0_p_pl_01_cr_cr_4,synthetic
t_003971,u_01466,click,cmp_2,pl_05,cr_4,2026-08-25 05:21:42.258486239,c_cmp_2_p_pl_05_cr_cr_4,synthetic
t_002121,u_00790,click,cmp_0,pl_01,cr_4,2026-08-25 05:31:02.292213161,c_cmp_0_p_pl_01_cr_cr_4,synthetic
t_004035,u_01489,click,cmp_2,pl_00,cr_0,2026-08-25 05:40:40.964500829,c_cmp_2_p_pl_00_cr_cr_0,synthetic
t_002040,u_00763,click,cmp_0,pl_01,cr_4,2026-08-25 06:02:29.757635240,c_cmp_0_p_pl_01_cr_cr_4,synthetic
t_002946,u_01098,click,cmp_1,pl_06,cr_2,2026-08-25 06:22:03.646708035,c_cmp_1_p_pl_06_cr_cr_2,synthetic
t_004632,u_01710,click,cmp_2,pl_05,cr_4,2026-08-25 06:49:39.512587311,c_cmp_2_p_pl_05_cr_cr_4,synthetic
t_001365,u_00494,click,cmp_1,pl_06,cr_2,2026-08-25 07:22:44.420087510,c_cmp_1_p_pl_06_cr_cr_2,synthetic
t_003098,u_01154,click,cmp_0,pl_01,cr_4,2026-08-25 07:44:25.716409774,c_cmp_0_p_pl_01_cr_cr_4,synthetic
t_000371,u_00130,click,cmp_2,pl_02,cr_2,2026-08-25 08:15:09.112125105,c_cmp_2_p_pl_02_cr_cr_2,synthetic
t_002785,u_01039,click,cmp_2,pl_05,cr_4,2026-08-25 08:25:05.379728882,c_cmp_2_p_pl_05_cr_cr_4,synthetic
t_004745,u_01753,click,cmp_1,pl_06,cr_2,2026-08-25 08:25:16.252770546,c_cmp_1_p_pl_06_cr_cr_2,synthetic
t_004169,u_01546,click,cmp_4,pl_03,cr_0,2026-08-25 08:41:05.193119632,c_cmp_4_p_pl_03_cr_cr_0,synthetic
t_003876,u_01433,click,cmp_2,pl_08,cr_1,2026-08-25 08:44:52.964486239,c_cmp_2_p_pl_08_cr_cr_1,synthetic
t_002408,u_00899,click,cmp_0,pl_04,cr_3,2026-08-25 08:46:05.442566990,c_cmp_0_p_pl_04_cr_cr_3,synthetic
t_003517,u_01301,click,cmp_2,pl_00,cr_0,2026-08-25 09:05:53.603038663,c_cmp_2_p_pl_00_cr_cr_0,synthetic
t_002011,u_00752,click,cmp_2,pl_00,cr_0,2026-08-25 09:12:56.402682290,c_cmp_2_p_pl_00_cr_cr_0,synthetic
t_002409,u_00899,bot_start,cmp_0,pl_04,cr_3,2026-08-25 09:18:38.442566990,c_cmp_0_p_pl_04_cr_cr_3,synthetic
t_003269,u_01212,click,cmp_0,pl_04,cr_3,2026-08-25 09:28:38.063455031,c_cmp_0_p_pl_04_cr_cr_3,synthetic
t_004572,u_01685,click,cmp_2,pl_05,cr_4,2026-08-25 10:05:16.082128185,c_cmp_2_p_pl_05_cr_cr_4,synthetic
t_000386,u_00134,click,cmp_1,pl_06,cr_2,2026-08-25 10:07:55.351121575,c_cmp_1_p_pl_06_cr_cr_2,synthetic
t_005173,u_01924,click,cmp_2,pl_08,cr_1,2026-08-25 10:23:11.905074334,c_cmp_2_p_pl_08_cr_cr_1,synthetic
t_004191,u_01551,click,cmp_2,pl_00,cr_0,2026-08-25 10:29:20.081854404,c_cmp_2_p_pl_00_cr_cr_0,synthetic
t_005297,u_01963,click,cmp_3,pl_09,cr_0,2026-08-25 10:35:47.676883333,c_cmp_3_p_pl_09_cr_cr_0,synthetic
t_000387,u_00134,bot_start,cmp_1,pl_06,cr_2,2026-08-25 10:45:06.351121575,c_cmp_1_p_pl_06_cr_cr_2,synthetic
t_003532,u_01306,click,cmp_0,pl_04,cr_3,2026-08-25 11:14:52.726926275,c_cmp_0_p_pl_04_cr_cr_3,synthetic
t_003077,u_01147,click,cmp_4,pl_03,cr_0,2026-08-25 11:24:42.299435750,c_cmp_4_p_pl_03_cr_cr_0,synthetic
t_004699,u_01737,click,cmp_2,pl_02,cr_2,2026-08-25 11:46:55.975328783,c_cmp_2_p_pl_02_cr_cr_2,synthetic
t_003801,u_01404,click,cmp_0,pl_01,cr_4,2026-08-25 11:53:28.606029805,c_cmp_0_p_pl_01_cr_cr_4,synthetic
t_000258,u_00086,click,cmp_3,pl_09,cr_0,2026-08-25 11:55:06.829997768,c_cmp_3_p_pl_09_cr_cr_0,synthetic
t_000030,u_00008,click,cmp_2,pl_00,cr_0,2026-08-25 11:58:56.251394222,c_cmp_2_p_pl_00_cr_cr_0,synthetic
t_001177,u_00432,click,cmp_2,pl_05,cr_4,2026-08-25 12:08:50.482657595,c_cmp_2_p_pl_05_cr_cr_4,synthetic
t_001307,u_00477,click,cmp_2,pl_08,cr_1,2026-08-25 12:48:53.525537703,c_cmp_2_p_pl_08_cr_cr_1,synthetic
t_004149,u_01540,click,cmp_3,pl_09,cr_0,2026-08-25 13:06:36.987973372,c_cmp_3_p_pl_09_cr_cr_0,synthetic
t_001595,u_00587,click,cmp_1,pl_06,cr_2,2026-08-25 13:11:51.376599219,c_cmp_1_p_pl_06_cr_cr_2,synthetic
t_000548,u_00193,click,cmp_3,pl_07,cr_3,2026-08-25 13:12:39.349753081,c_cmp_3_p_pl_07_cr_cr_3,synthetic
t_004482,u_01648,click,cmp_4,pl_03,cr_0,2026-08-25 13:14:12.940739232,c_cmp_4_p_pl_03_cr_cr_0,synthetic
t_000497,u_00175,click,cmp_0,pl_04,cr_3,2026-08-25 13:23:17.455888713,c_cmp_0_p_pl_04_cr_cr_3,synthetic
t_004883,u_01805,click,cmp_3,pl_09,cr_0,2026-08-25 13:26:20.188313500,c_cmp_3_p_pl_09_cr_cr_0,synthetic
t_002497,u_00934,click,cmp_0,pl_01,cr_4,2026-08-25 13:27:54.322317756,c_cmp_0_p_pl_01_cr_cr_4,synthetic
t_004971,u_01837,click,cmp_0,pl_04,cr_3,2026-08-25 13:40:44.766988102,c_cmp_0_p_pl_04_cr_cr_3,synthetic
t_005285,u_01960,click,cmp_0,pl_04,cr_3,2026-08-25 13:49:15.782438333,c_cmp_0_p_pl_04_cr_cr_3,synthetic
t_005160,u_01917,click,cmp_2,pl_05,cr_4,2026-08-25 13:59:47.924158962,c_cmp_2_p_pl_05_cr_cr_4,synthetic
t_001581,u_00581,click,cmp_2,pl_05,cr_4,2026-08-25 14:08:32.185337941,c_cmp_2_p_pl_05_cr_cr_4,synthetic
t_004972,u_01837,bot_start,cmp_0,pl_04,cr_3,2026-08-25 14:24:20.766988102,c_cmp_0_p_pl_04_cr_cr_3,synthetic
t_003767,u_01389,click,cmp_4,pl_03,cr_0,2026-08-25 14:26:00.582013741,c_cmp_4_p_pl_03_cr_cr_0,synthetic
t_004239,u_01569,click,cmp_4,pl_03,cr_0,2026-08-25 14:33:05.162674130,c_cmp_4_p_pl_03_cr_cr_0,synthetic
t_001698,u_00631,click,cmp_3,pl_07,cr_3,2026-08-25 14:38:05.782558805,c_cmp_3_p_pl_07_cr_cr_3,synthetic
t_003161,u_01180,click,cmp_0,pl_01,cr_4,2026-08-25 14:42:50.687536501,c_cmp_0_p_pl_01_cr_cr_4,synthetic
t_003811,u_01409,click,cmp_4,pl_03,cr_0,2026-08-25 14:45:55.429840764,c_cmp_4_p_pl_03_cr_cr_0,synthetic
t_005161,u_01917,bot_start,cmp_2,pl_05,cr_4,2026-08-25 14:52:01.924158962,c_cmp_2_p_pl_05_cr_cr_4,synthetic
t_001454,u_00533,click,cmp_2,pl_02,cr_2,2026-08-25 15:00:37.195573690,c_cmp_2_p_pl_02_cr_cr_2,synthetic
t_003219,u_01194,click,cmp_0,pl_01,cr_4,2026-08-25 15:01:42.221946293,c_cmp_0_p_pl_01_cr_cr_4,synthetic
t_004665,u_01723,click,cmp_2,pl_05,cr_4,2026-08-25 15:04:41.112810856,c_cmp_2_p_pl_05_cr_cr_4,synthetic
t_002480,u_00928,click,cmp_3,pl_09,cr_0,2026-08-25 15:06:50.890167211,c_cmp_3_p_pl_09_cr_cr_0,synthetic
t_003101,u_01156,click,cmp_1,pl_06,cr_2,2026-08-25 15:14:18.965306018,c_cmp_1_p_pl_06_cr_cr_2,synthetic
t_004919,u_01817,click,cmp_2,pl_02,cr_2,2026-08-25 15:16:20.174120778,c_cmp_2_p_pl_02_cr_cr_2,synthetic
t_001568,u_00579,click,cmp_2,pl_08,cr_1,2026-08-25 15:32:27.799477635,c_cmp_2_p_pl_08_cr_cr_1,synthetic
t_003207,u_01192,click,cmp_0,pl_04,cr_3,2026-08-25 15:59:48.580578556,c_cmp_0_p_pl_04_cr_cr_3,synthetic
t_000757,u_00272,click,cmp_2,pl_00,cr_0,2026-08-25 16:00:58.104653165,c_cmp_2_p_pl_00_cr_cr_0,synthetic
t_003698,u_01363,click,cmp_2,pl_00,cr_0,2026-08-25 16:02:31.203577596,c_cmp_2_p_pl_00_cr_cr_0,synthetic
t_000359,u_00126,click,cmp_4,pl_03,cr_0,2026-08-25 16:09:53.772254616,c_cmp_4_p_pl_03_cr_cr_0,synthetic
t_001569,u_00579,bot_start,cmp_2,pl_08,cr_1,2026-08-25 16:11:40.799477635,c_cmp_2_p_pl_08_cr_cr_1,synthetic
t_000319,u_00110,click,cmp_1,pl_06,cr_2,2026-08-25 16:20:01.320710267,c_cmp_1_p_pl_06_cr_cr_2,synthetic
t_000360,u_00126,bot_start,cmp_4,pl_03,cr_0,2026-08-25 16:23:11.772254616,c_cmp_4_p_pl_03_cr_cr_0,synthetic
t_003208,u_01192,bot_start,cmp_0,pl_04,cr_3,2026-08-25 16:25:27.580578556,c_cmp_0_p_pl_04_cr_cr_3,synthetic
t_002140,u_00799,click,cmp_3,pl_07,cr_3,2026-08-25 16:40:49.525076755,c_cmp_3_p_pl_07_cr_cr_3,synthetic
t_004700,u_01738,click,cmp_3,pl_09,cr_0,2026-08-25 17:05:56.016266316,c_cmp_3_p_pl_09_cr_cr_0,synthetic
t_000167,u_00052,click,cmp_1,pl_06,cr_2,2026-08-25 17:21:57.813108619,c_cmp_1_p_pl_06_cr_cr_2,synthetic
t_002718,u_01013,click,cmp_4,pl_03,cr_0,2026-08-25 17:31:43.588792833,c_cmp_4_p_pl_03_cr_cr_0,synthetic
t_000674,u_00234,click,cmp_2,pl_05,cr_4,2026-08-25 17:43:02.313802511,c_cmp_2_p_pl_05_cr_cr_4,synthetic
t_004476,u_01646,click,cmp_2,pl_00,cr_0,2026-08-25 17:58:07.853955795,c_cmp_2_p_pl_00_cr_cr_0,synthetic
t_002719,u_01013,bot_start,cmp_4,pl_03,cr_0,2026-08-25 18:15:54.588792833,c_cmp_4_p_pl_03_cr_cr_0,synthetic
t_001036,u_00378,click,cmp_3,pl_07,cr_3,2026-08-25 18:22:56.915361542,c_cmp_3_p_pl_07_cr_cr_3,synthetic
t_000138,u_00043,click,cmp_2,pl_02,cr_2,2026-08-25 18:24:57.414913917,c_cmp_2_p_pl_02_cr_cr_2,synthetic
t_004374,u_01612,click,cmp_2,pl_05,cr_4,2026-08-25 18:38:38.662015208,c_cmp_2_p_pl_05_cr_cr_4,synthetic
t_001945,u_00726,click,cmp_2,pl_05,cr_4,2026-08-25 18:49:03.090879856,c_cmp_2_p_pl_05_cr_cr_4,synthetic
t_005227,u_01943,click,cmp_0,pl_04,cr_3,2026-08-25 18:51:14.119057484,c_cmp_0_p_pl_04_cr_cr_3,synthetic
t_004375,u_01612,bot_start,cmp_2,pl_05,cr_4,2026-08-25 19:15:13.662015208,c_cmp_2_p_pl_05_cr_cr_4,synthetic
t_000376,u_00131,click,cmp_3,pl_07,cr_3,2026-08-25 19:19:33.871876315,c_cmp_3_p_pl_07_cr_cr_3,synthetic
t_001037,u_00378,bot_start,cmp_3,pl_07,cr_3,2026-08-25 19:20:22.915361542,c_cmp_3_p_pl_07_cr_cr_3,synthetic
t_004376,u_01612,lead,cmp_2,pl_05,cr_4,2026-08-25 19:27:13.662015208,c_cmp_2_p_pl_05_cr_cr_4,synthetic
t_000870,u_00318,click,cmp_0,pl_01,cr_4,2026-08-25 19:44:00.620390409,c_cmp_0_p_pl_01_cr_cr_4,synthetic
t_000891,u_00328,click,cmp_4,pl_03,cr_0,2026-08-25 19:54:24.758466465,c_cmp_4_p_pl_03_cr_cr_0,synthetic
t_005043,u_01869,click,cmp_0,pl_04,cr_3,2026-08-25 19:55:22.104371925,c_cmp_0_p_pl_04_cr_cr_3,synthetic
t_000892,u_00328,bot_start,cmp_4,pl_03,cr_0,2026-08-25 20:40:58.758466465,c_cmp_4_p_pl_03_cr_cr_0,synthetic
t_002021,u_00757,click,cmp_3,pl_09,cr_0,2026-08-25 20:52:53.565033475,c_cmp_3_p_pl_09_cr_cr_0,synthetic
t_003546,u_01310,click,cmp_0,pl_01,cr_4,2026-08-25 21:22:31.090320589,c_cmp_0_p_pl_01_cr_cr_4,synthetic
t_000893,u_00328,lead,cmp_4,pl_03,cr_0,2026-08-25 21:25:58.758466465,c_cmp_4_p_pl_03_cr_cr_0,synthetic
t_003702,u_01365,click,cmp_2,pl_00,cr_0,2026-08-25 21:42:11.272462759,c_cmp_2_p_pl_00_cr_cr_0,synthetic
t_005100,u_01895,click,cmp_2,pl_02,cr_2,2026-08-25 21:46:43.898060244,c_cmp_2_p_pl_02_cr_cr_2,synthetic
t_002507,u_00940,click,cmp_2,pl_05,cr_4,2026-08-25 22:02:56.879421833,c_cmp_2_p_pl_05_cr_cr_4,synthetic
t_003497,u_01295,click,cmp_2,pl_05,cr_4,2026-08-25 22:10:24.355911624,c_cmp_2_p_pl_05_cr_cr_4,synthetic
t_002508,u_00940,bot_start,cmp_2,pl_05,cr_4,2026-08-25 22:15:54.879421833,c_cmp_2_p_pl_05_cr_cr_4,synthetic
t_004858,u_01798,click,cmp_4,pl_03,cr_0,2026-08-25 22:21:26.749879795,c_cmp_4_p_pl_03_cr_cr_0,synthetic
t_004415,u_01627,click,cmp_0,pl_04,cr_3,2026-08-25 22:36:48.945057299,c_cmp_0_p_pl_04_cr_cr_3,synthetic
t_005101,u_01895,bot_start,cmp_2,pl_02,cr_2,2026-08-25 22:40:12.898060244,c_cmp_2_p_pl_02_cr_cr_2,synthetic
t_004616,u_01703,click,cmp_2,pl_08,cr_1,2026-08-25 22:58:40.387981968,c_cmp_2_p_pl_08_cr_cr_1,synthetic
t_000604,u_00211,click,cmp_0,pl_04,cr_3,2026-08-25 23:02:30.645919200,c_cmp_0_p_pl_04_cr_cr_3,synthetic
t_005102,u_01895,lead,cmp_2,pl_02,cr_2,2026-08-25 23:32:12.898060244,c_cmp_2_p_pl_02_cr_cr_2,synthetic
t_000605,u_00211,bot_start,cmp_0,pl_04,cr_3,2026-08-25 23:34:33.645919200,c_cmp_0_p_pl_04_cr_cr_3,synthetic
t_000243,u_00078,click,cmp_3,pl_07,cr_3,2026-08-25 23:58:33.732102315,c_cmp_3_p_pl_07_cr_cr_3,synthetic
t_002066,u_00774,click,cmp_0,pl_04,cr_3,2026-08-25 23:58:37.236517946,c_cmp_0_p_pl_04_cr_cr_3,synthetic
t_001765,u_00657,click,cmp_3,pl_07,cr_3,2026-08-25 23:59:33.225867232,c_cmp_3_p_pl_07_cr_cr_3,synthetic
t_001436,u_00524,click,cmp_2,pl_00,cr_0,2026-08-26 00:05:45.501586184,c_cmp_2_p_pl_00_cr_cr_0,synthetic
t_000968,u_00359,click,cmp_0,pl_04,cr_3,2026-08-26 00:08:56.771109211,c_cmp_0_p_pl_04_cr_cr_3,synthetic
t_000716,u_00254,click,cmp_2,pl_05,cr_4,2026-08-26 00:31:41.320874561,c_cmp_2_p_pl_05_cr_cr_4,synthetic
t_000195,u_00061,click,cmp_2,pl_05,cr_4,2026-08-26 00:32:56.408233466,c_cmp_2_p_pl_05_cr_cr_4,synthetic
t_002077,u_00776,click,cmp_3,pl_09,cr_0,2026-08-26 00:42:31.637324259,c_cmp_3_p_pl_09_cr_cr_0,synthetic
t_001599,u_00588,click,cmp_1,pl_06,cr_2,2026-08-26 00:55:33.697895135,c_cmp_1_p_pl_06_cr_cr_2,synthetic
t_005041,u_01868,click,cmp_3,pl_07,cr_3,2026-08-26 01:00:38.096566591,c_cmp_3_p_pl_07_cr_cr_3,synthetic
t_003932,u_01452,click,cmp_3,pl_09,cr_0,2026-08-26 01:16:21.322404829,c_cmp_3_p_pl_09_cr_cr_0,synthetic
t_002699,u_01006,click,cmp_2,pl_02,cr_2,2026-08-26 01:24:07.926436203,c_cmp_2_p_pl_02_cr_cr_2,synthetic
t_000995,u_00368,click,cmp_2,pl_02,cr_2,2026-08-26 01:37:55.313353443,c_cmp_2_p_pl_02_cr_cr_2,synthetic
t_001456,u_00534,click,cmp_1,pl_06,cr_2,2026-08-26 01:59:29.591090867,c_cmp_1_p_pl_06_cr_cr_2,synthetic
t_002636,u_00982,click,cmp_2,pl_05,cr_4,2026-08-26 02:33:36.380991812,c_cmp_2_p_pl_05_cr_cr_4,synthetic
t_004422,u_01628,click,cmp_0,pl_04,cr_3,2026-08-26 02:38:43.520347697,c_cmp_0_p_pl_04_cr_cr_3,synthetic
t_001678,u_00618,click,cmp_2,pl_05,cr_4,2026-08-26 02:58:48.200341238,c_cmp_2_p_pl_05_cr_cr_4,synthetic
t_004124,u_01531,click,cmp_2,pl_00,cr_0,2026-08-26 03:09:00.736019667,c_cmp_2_p_pl_00_cr_cr_0,synthetic
t_000689,u_00240,click,cmp_2,pl_00,cr_0,2026-08-26 03:10:23.078914348,c_cmp_2_p_pl_00_cr_cr_0,synthetic
t_001924,u_00720,click,cmp_3,pl_09,cr_0,2026-08-26 04:02:29.701312383,c_cmp_3_p_pl_09_cr_cr_0,synthetic
t_004164,u_01544,click,cmp_3,pl_09,cr_0,2026-08-26 04:27:27.562331098,c_cmp_3_p_pl_09_cr_cr_0,synthetic
t_000296,u_00103,click,cmp_3,pl_07,cr_3,2026-08-26 04:31:46.116349678,c_cmp_3_p_pl_07_cr_cr_3,synthetic
t_002102,u_00784,click,cmp_2,pl_00,cr_0,2026-08-26 04:32:06.071837519,c_cmp_2_p_pl_00_cr_cr_0,synthetic
t_003329,u_01235,click,cmp_2,pl_08,cr_1,2026-08-26 04:34:56.939735422,c_cmp_2_p_pl_08_cr_cr_1,synthetic
t_001660,u_00610,click,cmp_2,pl_02,cr_2,2026-08-26 04:42:12.909605176,c_cmp_2_p_pl_02_cr_cr_2,synthetic
t_002616,u_00978,click,cmp_3,pl_07,cr_3,2026-08-26 05:01:54.837826888,c_cmp_3_p_pl_07_cr_cr_3,synthetic
t_001823,u_00682,click,cmp_2,pl_00,cr_0,2026-08-26 05:05:07.675445113,c_cmp_2_p_pl_00_cr_cr_0,synthetic
t_002617,u_00978,bot_start,cmp_3,pl_07,cr_3,2026-08-26 05:20:13.837826888,c_cmp_3_p_pl_07_cr_cr_3,synthetic
t_003609,u_01335,click,cmp_2,pl_08,cr_1,2026-08-26 05:21:04.824354027,c_cmp_2_p_pl_08_cr_cr_1,synthetic
t_000233,u_00073,click,cmp_3,pl_09,cr_0,2026-08-26 05:27:06.191820095,c_cmp_3_p_pl_09_cr_cr_0,synthetic
t_001824,u_00682,bot_start,cmp_2,pl_00,cr_0,2026-08-26 05:27:29.675445113,c_cmp_2_p_pl_00_cr_cr_0,synthetic
t_002618,u_00978,lead,cmp_3,pl_07,cr_3,2026-08-26 05:45:13.837826888,c_cmp_3_p_pl_07_cr_cr_3,synthetic
t_000351,u_00124,click,cmp_2,pl_05,cr_4,2026-08-26 06:11:02.060811390,c_cmp_2_p_pl_05_cr_cr_4,synthetic
t_004403,u_01623,click,cmp_2,pl_08,cr_1,2026-08-26 06:21:57.651746580,c_cmp_2_p_pl_08_cr_cr_1,synthetic
t_000259,u_00086,click,cmp_4,pl_03,cr_0,2026-08-26 06:22:33.539557890,c_cmp_4_p_pl_03_cr_cr_0,synthetic
t_004404,u_01623,bot_start,cmp_2,pl_08,cr_1,2026-08-26 06:25:01.651746580,c_cmp_2_p_pl_08_cr_cr_1,synthetic
t_000537,u_00189,click,cmp_2,pl_00,cr_0,2026-08-26 06:34:23.893004806,c_cmp_2_p_pl_00_cr_cr_0,synthetic
t_005172,u_01923,click,cmp_2,pl_00,cr_0,2026-08-26 06:39:17.730247659,c_cmp_2_p_pl_00_cr_cr_0,synthetic
t_001844,u_00688,click,cmp_2,pl_05,cr_4,2026-08-26 07:00:14.451057762,c_cmp_2_p_pl_05_cr_cr_4,synthetic
t_004405,u_01623,lead,cmp_2,pl_08,cr_1,2026-08-26 07:05:01.651746580,c_cmp_2_p_pl_08_cr_cr_1,synthetic
t_001255,u_00458,click,cmp_2,pl_00,cr_0,2026-08-26 07:38:44.657250555,c_cmp_2_p_pl_00_cr_cr_0,synthetic
t_001256,u_00458,bot_start,cmp_2,pl_00,cr_0,2026-08-26 07:52:13.657250555,c_cmp_2_p_pl_00_cr_cr_0,synthetic
t_003063,u_01141,click,cmp_2,pl_02,cr_2,2026-08-26 08:05:02.530945365,c_cmp_2_p_pl_02_cr_cr_2,synthetic
t_002807,u_01045,click,cmp_0,pl_04,cr_3,2026-08-26 08:37:19.550037255,c_cmp_0_p_pl_04_cr_cr_3,synthetic
t_003592,u_01329,click,cmp_1,pl_06,cr_2,2026-08-26 08:46:22.267462435,c_cmp_1_p_pl_06_cr_cr_2,synthetic
t_004661,u_01722,click,cmp_2,pl_02,cr_2,2026-08-26 08:46:46.040738269,c_cmp_2_p_pl_02_cr_cr_2,synthetic
t_002427,u_00907,click,cmp_1,pl_06,cr_2,2026-08-26 09:05:03.147257865,c_cmp_1_p_pl_06_cr_cr_2,synthetic
t_003185,u_01186,click,cmp_3,pl_07,cr_3,2026-08-26 09:06:31.487720393,c_cmp_3_p_pl_07_cr_cr_3,synthetic
t_003072,u_01145,click,cmp_2,pl_05,cr_4,2026-08-26 09:14:48.078048621,c_cmp_2_p_pl_05_cr_cr_4,synthetic
t_002527,u_00945,click,cmp_0,pl_01,cr_4,2026-08-26 09:20:27.491072833,c_cmp_0_p_pl_01_cr_cr_4,synthetic
t_004662,u_01722,bot_start,cmp_2,pl_02,cr_2,2026-08-26 09:33:57.040738269,c_cmp_2_p_pl_02_cr_cr_2,synthetic
t_001680,u_00620,click,cmp_3,pl_07,cr_3,2026-08-26 09:45:55.366243773,c_cmp_3_p_pl_07_cr_cr_3,synthetic
t_005131,u_01906,click,cmp_2,pl_02,cr_2,2026-08-26 09:51:10.359685801,c_cmp_2_p_pl_02_cr_cr_2,synthetic
t_003747,u_01383,click,cmp_4,pl_03,cr_0,2026-08-26 10:02:01.499202820,c_cmp_4_p_pl_03_cr_cr_0,synthetic
t_005132,u_01906,bot_start,cmp_2,pl_02,cr_2,2026-08-26 10:05:24.359685801,c_cmp_2_p_pl_02_cr_cr_2,synthetic
t_000506,u_00177,click,cmp_3,pl_09,cr_0,2026-08-26 10:27:00.727601022,c_cmp_3_p_pl_09_cr_cr_0,synthetic
t_001681,u_00620,bot_start,cmp_3,pl_07,cr_3,2026-08-26 10:36:08.366243773,c_cmp_3_p_pl_07_cr_cr_3,synthetic
t_005197,u_01935,click,cmp_3,pl_09,cr_0,2026-08-26 10:45:11.484789295,c_cmp_3_p_pl_09_cr_cr_0,synthetic
t_003784,u_01394,click,cmp_1,pl_06,cr_2,2026-08-26 10:59:10.398553182,c_cmp_1_p_pl_06_cr_cr_2,synthetic
t_003166,u_01181,click,cmp_0,pl_04,cr_3,2026-08-26 11:14:54.204796023,c_cmp_0_p_pl_04_cr_cr_3,synthetic
t_002922,u_01087,click,cmp_2,pl_02,cr_2,2026-08-26 11:29:49.551501463,c_cmp_2_p_pl_02_cr_cr_2,synthetic
t_003379,u_01251,click,cmp_4,pl_03,cr_0,2026-08-26 11:34:54.609214108,c_cmp_4_p_pl_03_cr_cr_0,synthetic
t_003268,u_01211,click,cmp_2,pl_08,cr_1,2026-08-26 11:57:29.412582040,c_cmp_2_p_pl_08_cr_cr_1,synthetic
t_001138,u_00415,click,cmp_2,pl_02,cr_2,2026-08-26 12:01:06.519486550,c_cmp_2_p_pl_02_cr_cr_2,synthetic
t_003167,u_01181,bot_start,cmp_0,pl_04,cr_3,2026-08-26 12:12:35.204796023,c_cmp_0_p_pl_04_cr_cr_3,synthetic
t_003154,u_01176,click,cmp_3,pl_07,cr_3,2026-08-26 12:33:21.221257120,c_cmp_3_p_pl_07_cr_cr_3,synthetic
t_003607,u_01335,click,cmp_0,pl_01,cr_4,2026-08-26 12:55:43.768628211,c_cmp_0_p_pl_01_cr_cr_4,synthetic
t_001496,u_00552,click,cmp_3,pl_09,cr_0,2026-08-26 12:58:06.352103144,c_cmp_3_p_pl_09_cr_cr_0,synthetic
t_004688,u_01732,click,cmp_3,pl_09,cr_0,2026-08-26 13:19:52.400783278,c_cmp_3_p_pl_09_cr_cr_0,synthetic
t_004969,u_01836,click,cmp_3,pl_09,cr_0,2026-08-26 13:35:04.748579334,c_cmp_3_p_pl_09_cr_cr_0,synthetic
t_003999,u_01475,click,cmp_2,pl_00,cr_0,2026-08-26 13:36:03.521741999,c_cmp_2_p_pl_00_cr_cr_0,synthetic
t_004861,u_01798,click,cmp_2,pl_08,cr_1,2026-08-26 13:36:03.603509990,c_cmp_2_p_pl_08_cr_cr_1,synthetic
t_004072,u_01509,click,cmp_3,pl_09,cr_0,2026-08-26 13:42:40.169738820,c_cmp_3_p_pl_09_cr_cr_0,synthetic
t_004689,u_01732,bot_start,cmp_3,pl_09,cr_0,2026-08-26 13:49:45.400783278,c_cmp_3_p_pl_09_cr_cr_0,synthetic
t_003608,u_01335,bot_start,cmp_0,pl_01,cr_4,2026-08-26 13:54:03.768628211,c_cmp_0_p_pl_01_cr_cr_4,synthetic
t_000530,u_00187,click,cmp_1,pl_06,cr_2,2026-08-26 13:58:40.170884446,c_cmp_1_p_pl_06_cr_cr_2,synthetic
t_000572,u_00199,click,cmp_0,pl_04,cr_3,2026-08-26 14:02:19.856208425,c_cmp_0_p_pl_04_cr_cr_3,synthetic
t_002799,u_01044,click,cmp_0,pl_04,cr_3,2026-08-26 14:07:08.758364034,c_cmp_0_p_pl_04_cr_cr_3,synthetic
t_004690,u_01732,lead,cmp_3,pl_09,cr_0,2026-08-26 14:11:45.400783278,c_cmp_3_p_pl_09_cr_cr_0,synthetic
t_004652,u_01717,click,cmp_0,pl_04,cr_3,2026-08-26 14:19:00.874333263,c_cmp_0_p_pl_04_cr_cr_3,synthetic
t_003285,u_01221,click,cmp_2,pl_00,cr_0,2026-08-26 14:31:34.682528556,c_cmp_2_p_pl_00_cr_cr_0,synthetic
t_004125,u_01531,click,cmp_0,pl_01,cr_4,2026-08-26 14:32:21.924141379,c_cmp_0_p_pl_01_cr_cr_4,synthetic
t_004862,u_01798,bot_start,cmp_2,pl_08,cr_1,2026-08-26 14:35:53.603509990,c_cmp_2_p_pl_08_cr_cr_1,synthetic
t_004062,u_01502,click,cmp_2,pl_08,cr_1,2026-08-26 14:37:33.749109319,c_cmp_2_p_pl_08_cr_cr_1,synthetic
t_004795,u_01770,click,cmp_2,pl_00,cr_0,2026-08-26 14:46:14.149792762,c_cmp_2_p_pl_00_cr_cr_0,synthetic
t_004356,u_01607,click,cmp_2,pl_02,cr_2,2026-08-26 15:08:24.768843179,c_cmp_2_p_pl_02_cr_cr_2,synthetic
t_002103,u_00784,click,cmp_2,pl_02,cr_2,2026-08-26 15:33:27.428733627,c_cmp_2_p_pl_02_cr_cr_2,synthetic
t_004357,u_01607,bot_start,cmp_2,pl_02,cr_2,2026-08-26 15:34:51.768843179,c_cmp_2_p_pl_02_cr_cr_2,synthetic
t_005176,u_01926,click,cmp_2,pl_08,cr_1,2026-08-26 15:42:00.481748858,c_cmp_2_p_pl_08_cr_cr_1,synthetic
t_004358,u_01607,lead,cmp_2,pl_02,cr_2,2026-08-26 16:26:51.768843179,c_cmp_2_p_pl_02_cr_cr_2,synthetic
t_004324,u_01597,click,cmp_2,pl_02,cr_2,2026-08-26 16:42:21.969452827,c_cmp_2_p_pl_02_cr_cr_2,synthetic
t_004987,u_01843,click,cmp_3,pl_09,cr_0,2026-08-26 16:42:28.361249280,c_cmp_3_p_pl_09_cr_cr_0,synthetic
t_000461,u_00161,click,cmp_1,pl_06,cr_2,2026-08-26 16:48:09.498384327,c_cmp_1_p_pl_06_cr_cr_2,synthetic
t_003836,u_01418,click,cmp_3,pl_07,cr_3,2026-08-26 17:03:34.853358267,c_cmp_3_p_pl_07_cr_cr_3,synthetic
t_000580,u_00203,click,cmp_3,pl_07,cr_3,2026-08-26 17:04:46.168170248,c_cmp_3_p_pl_07_cr_cr_3,synthetic
t_004329,u_01598,click,cmp_3,pl_07,cr_3,2026-08-26 17:04:51.131609748,c_cmp_3_p_pl_07_cr_cr_3,synthetic
t_003492,u_01294,click,cmp_3,pl_07,cr_3,2026-08-26 17:18:37.268831977,c_cmp_3_p_pl_07_cr_cr_3,synthetic
t_003095,u_01153,click,cmp_3,pl_09,cr_0,2026-08-26 17:29:46.425132027,c_cmp_3_p_pl_09_cr_cr_0,synthetic
t_004988,u_01843,bot_start,cmp_3,pl_09,cr_0,2026-08-26 17:33:19.361249280,c_cmp_3_p_pl_09_cr_cr_0,synthetic
t_003493,u_01294,bot_start,cmp_3,pl_07,cr_3,2026-08-26 17:46:38.268831977,c_cmp_3_p_pl_07_cr_cr_3,synthetic
t_003604,u_01334,click,cmp_4,pl_03,cr_0,2026-08-26 17:47:04.184437582,c_cmp_4_p_pl_03_cr_cr_0,synthetic
t_003191,u_01187,click,cmp_0,pl_04,cr_3,2026-08-26 17:50:08.665119246,c_cmp_0_p_pl_04_cr_cr_3,synthetic
t_003096,u_01153,bot_start,cmp_3,pl_09,cr_0,2026-08-26 18:01:18.425132027,c_cmp_3_p_pl_09_cr_cr_0,synthetic
t_001694,u_00629,click,cmp_2,pl_05,cr_4,2026-08-26 18:17:17.916133932,c_cmp_2_p_pl_05_cr_cr_4,synthetic
t_003494,u_01294,lead,cmp_3,pl_07,cr_3,2026-08-26 18:23:38.268831977,c_cmp_3_p_pl_07_cr_cr_3,synthetic
t_001275,u_00463,click,cmp_3,pl_09,cr_0,2026-08-26 18:34:43.769802857,c_cmp_3_p_pl_09_cr_cr_0,synthetic
t_001276,u_00463,bot_start,cmp_3,pl_09,cr_0,2026-08-26 18:37:38.769802857,c_cmp_3_p_pl_09_cr_cr_0,synthetic
t_004278,u_01583,click,cmp_0,pl_01,cr_4,2026-08-26 18:46:14.660510872,c_cmp_0_p_pl_01_cr_cr_4,synthetic
t_004754,u_01757,click,cmp_0,pl_01,cr_4,2026-08-26 19:01:03.619510309,c_cmp_0_p_pl_01_cr_cr_4,synthetic
t_000096,u_00032,click,cmp_3,pl_09,cr_0,2026-08-26 19:09:18.509837111,c_cmp_3_p_pl_09_cr_cr_0,synthetic
t_002272,u_00844,click,cmp_3,pl_09,cr_0,2026-08-26 19:11:03.278366177,c_cmp_3_p_pl_09_cr_cr_0,synthetic
t_000097,u_00032,bot_start,cmp_3,pl_09,cr_0,2026-08-26 19:15:27.509837111,c_cmp_3_p_pl_09_cr_cr_0,synthetic
t_001724,u_00639,click,cmp_2,pl_00,cr_0,2026-08-26 19:16:50.524659321,c_cmp_2_p_pl_00_cr_cr_0,synthetic
t_001277,u_00463,lead,cmp_3,pl_09,cr_0,2026-08-26 19:30:38.769802857,c_cmp_3_p_pl_09_cr_cr_0,synthetic
t_005228,u_01944,click,cmp_2,pl_05,cr_4,2026-08-26 19:40:18.816661743,c_cmp_2_p_pl_05_cr_cr_4,synthetic
t_000270,u_00092,click,cmp_0,pl_01,cr_4,2026-08-26 19:40:46.153274341,c_cmp_0_p_pl_01_cr_cr_4,synthetic
t_001210,u_00444,click,cmp_2,pl_05,cr_4,2026-08-26 19:54:58.839201280,c_cmp_2_p_pl_05_cr_cr_4,synthetic
t_003539,u_01309,click,cmp_0,pl_04,cr_3,2026-08-26 19:58:22.750714215,c_cmp_0_p_pl_04_cr_cr_3,synthetic
t_003257,u_01208,click,cmp_2,pl_08,cr_1,2026-08-26 20:18:30.333241970,c_cmp_2_p_pl_08_cr_cr_1,synthetic
t_000764,u_00276,click,cmp_2,pl_02,cr_2,2026-08-26 20:29:25.731497872,c_cmp_2_p_pl_02_cr_cr_2,synthetic
t_001211,u_00444,bot_start,cmp_2,pl_05,cr_4,2026-08-26 20:35:26.839201280,c_cmp_2_p_pl_05_cr_cr_4,synthetic
t_005026,u_01862,click,cmp_4,pl_03,cr_0,2026-08-26 20:44:34.352291542,c_cmp_4_p_pl_03_cr_cr_0,synthetic
t_001212,u_00444,lead,cmp_2,pl_05,cr_4,2026-08-26 20:46:26.839201280,c_cmp_2_p_pl_05_cr_cr_4,synthetic
t_001342,u_00488,click,cmp_2,pl_02,cr_2,2026-08-26 20:50:58.446098703,c_cmp_2_p_pl_02_cr_cr_2,synthetic
t_004263,u_01576,click,cmp_0,pl_04,cr_3,2026-08-26 21:23:35.726022751,c_cmp_0_p_pl_04_cr_cr_3,synthetic
t_005195,u_01934,click,cmp_0,pl_01,cr_4,2026-08-26 21:33:14.152160880,c_cmp_0_p_pl_01_cr_cr_4,synthetic
t_000229,u_00072,click,cmp_1,pl_06,cr_2,2026-08-26 21:46:39.895489750,c_cmp_1_p_pl_06_cr_cr_2,synthetic
t_004264,u_01576,bot_start,cmp_0,pl_04,cr_3,2026-08-26 22:02:16.726022751,c_cmp_0_p_pl_04_cr_cr_3,synthetic
t_004265,u_01576,lead,cmp_0,pl_04,cr_3,2026-08-26 22:05:16.726022751,c_cmp_0_p_pl_04_cr_cr_3,synthetic
t_000368,u_00129,click,cmp_2,pl_08,cr_1,2026-08-26 22:10:38.998572805,c_cmp_2_p_pl_08_cr_cr_1,synthetic
t_000325,u_00112,click,cmp_2,pl_00,cr_0,2026-08-26 22:15:56.343820453,c_cmp_2_p_pl_00_cr_cr_0,synthetic
t_001285,u_00466,click,cmp_3,pl_07,cr_3,2026-08-26 22:16:24.591275462,c_cmp_3_p_pl_07_cr_cr_3,synthetic
t_000369,u_00129,bot_start,cmp_2,pl_08,cr_1,2026-08-26 22:22:59.998572805,c_cmp_2_p_pl_08_cr_cr_1,synthetic
t_003962,u_01463,click,cmp_1,pl_06,cr_2,2026-08-26 22:28:18.653742184,c_cmp_1_p_pl_06_cr_cr_2,synthetic
t_002041,u_00764,click,cmp_1,pl_06,cr_2,2026-08-26 22:32:02.271794586,c_cmp_1_p_pl_06_cr_cr_2,synthetic
t_000230,u_00072,bot_start,cmp_1,pl_06,cr_2,2026-08-26 22:37:41.895489750,c_cmp_1_p_pl_06_cr_cr_2,synthetic
t_000756,u_00271,click,cmp_3,pl_09,cr_0,2026-08-26 22:41:24.834585862,c_cmp_3_p_pl_09_cr_cr_0,synthetic
t_003970,u_01465,click,cmp_2,pl_02,cr_2,2026-08-26 22:42:55.310040253,c_cmp_2_p_pl_02_cr_cr_2,synthetic
t_003683,u_01358,click,cmp_2,pl_00,cr_0,2026-08-26 22:51:10.277373864,c_cmp_2_p_pl_00_cr_cr_0,synthetic
t_004098,u_01520,click,cmp_2,pl_08,cr_1,2026-08-26 23:13:00.104348963,c_cmp_2_p_pl_08_cr_cr_1,synthetic
t_005136,u_01908,click,cmp_0,pl_04,cr_3,2026-08-26 23:16:22.765692226,c_cmp_0_p_pl_04_cr_cr_3,synthetic
t_001482,u_00544,click,cmp_2,pl_00,cr_0,2026-08-26 23:39:18.224113439,c_cmp_2_p_pl_00_cr_cr_0,synthetic
t_004316,u_01594,click,cmp_2,pl_02,cr_2,2026-08-26 23:46:40.126131370,c_cmp_2_p_pl_02_cr_cr_2,synthetic
t_001529,u_00565,click,cmp_4,pl_03,cr_0,2026-08-26 23:52:29.046328348,c_cmp_4_p_pl_03_cr_cr_0,synthetic
t_002550,u_00954,click,cmp_0,pl_04,cr_3,2026-08-27 00:05:45.143840733,c_cmp_0_p_pl_04_cr_cr_3,synthetic
t_004103,u_01522,click,cmp_2,pl_02,cr_2,2026-08-27 00:09:11.541906056,c_cmp_2_p_pl_02_cr_cr_2,synthetic
t_001214,u_00445,click,cmp_2,pl_02,cr_2,2026-08-27 00:09:18.072339902,c_cmp_2_p_pl_02_cr_cr_2,synthetic
t_001072,u_00391,click,cmp_2,pl_02,cr_2,2026-08-27 00:10:06.633819788,c_cmp_2_p_pl_02_cr_cr_2,synthetic
t_005341,u_01985,click,cmp_3,pl_09,cr_0,2026-08-27 00:20:41.314472715,c_cmp_3_p_pl_09_cr_cr_0,synthetic
t_004930,u_01821,click,cmp_2,pl_02,cr_2,2026-08-27 00:30:57.786615783,c_cmp_2_p_pl_02_cr_cr_2,synthetic
t_004399,u_01621,click,cmp_2,pl_08,cr_1,2026-08-27 00:34:16.700939411,c_cmp_2_p_pl_08_cr_cr_1,synthetic
t_002551,u_00954,bot_start,cmp_0,pl_04,cr_3,2026-08-27 00:37:27.143840733,c_cmp_0_p_pl_04_cr_cr_3,synthetic
t_001522,u_00563,click,cmp_1,pl_06,cr_2,2026-08-27 00:53:42.542101481,c_cmp_1_p_pl_06_cr_cr_2,synthetic
t_001054,u_00386,click,cmp_2,pl_02,cr_2,2026-08-27 00:56:59.689637400,c_cmp_2_p_pl_02_cr_cr_2,synthetic
t_000289,u_00101,click,cmp_2,pl_05,cr_4,2026-08-27 00:57:55.315978303,c_cmp_2_p_pl_05_cr_cr_4,synthetic
t_004753,u_01756,click,cmp_0,pl_04,cr_3,2026-08-27 01:00:39.710894121,c_cmp_0_p_pl_04_cr_cr_3,synthetic
t_001380,u_00501,click,cmp_3,pl_09,cr_0,2026-08-27 01:05:29.967649019,c_cmp_3_p_pl_09_cr_cr_0,synthetic
t_004622,u_01706,click,cmp_2,pl_05,cr_4,2026-08-27 01:15:35.175940026,c_cmp_2_p_pl_05_cr_cr_4,synthetic
t_003176,u_01184,click,cmp_3,pl_07,cr_3,2026-08-27 01:19:58.773934852,c_cmp_3_p_pl_07_cr_cr_3,synthetic
t_005063,u_01877,click,cmp_4,pl_03,cr_0,2026-08-27 01:44:47.511655639,c_cmp_4_p_pl_03_cr_cr_0,synthetic
t_002360,u_00877,click,cmp_4,pl_03,cr_0,2026-08-27 01:46:59.741582016,c_cmp_4_p_pl_03_cr_cr_0,synthetic
t_004812,u_01776,click,cmp_2,pl_08,cr_1,2026-08-27 01:57:47.024256159,c_cmp_2_p_pl_08_cr_cr_1,synthetic
t_002780,u_01038,click,cmp_2,pl_00,cr_0,2026-08-27 01:59:30.488681795,c_cmp_2_p_pl_00_cr_cr_0,synthetic
t_001135,u_00413,click,cmp_2,pl_08,cr_1,2026-08-27 02:26:01.225190751,c_cmp_2_p_pl_08_cr_cr_1,synthetic
t_004813,u_01776,bot_start,cmp_2,pl_08,cr_1,2026-08-27 02:36:03.024256159,c_cmp_2_p_pl_08_cr_cr_1,synthetic
t_004814,u_01776,lead,cmp_2,pl_08,cr_1,2026-08-27 02:42:03.024256159,c_cmp_2_p_pl_08_cr_cr_1,synthetic
t_002442,u_00911,click,cmp_0,pl_01,cr_4,2026-08-27 02:46:15.985758124,c_cmp_0_p_pl_01_cr_cr_4,synthetic
t_005004,u_01853,click,cmp_2,pl_05,cr_4,2026-08-27 02:51:48.366596436,c_cmp_2_p_pl_05_cr_cr_4,synthetic
t_002781,u_01038,bot_start,cmp_2,pl_00,cr_0,2026-08-27 02:58:12.488681795,c_cmp_2_p_pl_00_cr_cr_0,synthetic
t_005214,u_01940,click,cmp_2,pl_05,cr_4,2026-08-27 02:58:47.621677043,c_cmp_2_p_pl_05_cr_cr_4,synthetic
t_004073,u_01510,click,cmp_3,pl_07,cr_3,2026-08-27 03:03:47.966234039,c_cmp_3_p_pl_07_cr_cr_3,synthetic
t_002848,u_01060,click,cmp_4,pl_03,cr_0,2026-08-27 03:19:04.903341552,c_cmp_4_p_pl_03_cr_cr_0,synthetic
t_005215,u_01940,bot_start,cmp_2,pl_05,cr_4,2026-08-27 03:20:00.621677043,c_cmp_2_p_pl_05_cr_cr_4,synthetic
t_002831,u_01053,click,cmp_3,pl_09,cr_0,2026-08-27 03:28:40.995953173,c_cmp_3_p_pl_09_cr_cr_0,synthetic
t_003587,u_01328,click,cmp_3,pl_09,cr_0,2026-08-27 03:28:47.396713477,c_cmp_3_p_pl_09_cr_cr_0,synthetic
t_005216,u_01940,lead,cmp_2,pl_05,cr_4,2026-08-27 03:32:00.621677043,c_cmp_2_p_pl_05_cr_cr_4,synthetic
t_005005,u_01853,bot_start,cmp_2,pl_05,cr_4,2026-08-27 03:46:22.366596436,c_cmp_2_p_pl_05_cr_cr_4,synthetic
t_002105,u_00785,click,cmp_2,pl_05,cr_4,2026-08-27 03:48:37.225024071,c_cmp_2_p_pl_05_cr_cr_4,synthetic
t_003116,u_01164,click,cmp_2,pl_02,cr_2,2026-08-27 03:49:51.579856631,c_cmp_2_p_pl_02_cr_cr_2,synthetic
t_000142,u_00044,click,cmp_4,pl_03,cr_0,2026-08-27 03:53:56.699072371,c_cmp_4_p_pl_03_cr_cr_0,synthetic
t_001648,u_00604,click,cmp_2,pl_00,cr_0,2026-08-27 03:55:53.050778125,c_cmp_2_p_pl_00_cr_cr_0,synthetic
t_002106,u_00785,bot_start,cmp_2,pl_05,cr_4,2026-08-27 03:58:59.225024071,c_cmp_2_p_pl_05_cr_cr_4,synthetic
t_000830,u_00302,click,cmp_2,pl_08,cr_1,2026-08-27 04:34:05.754441067,c_cmp_2_p_pl_08_cr_cr_1,synthetic
t_000446,u_00156,click,cmp_1,pl_06,cr_2,2026-08-27 04:37:14.104964558,c_cmp_1_p_pl_06_cr_cr_2,synthetic
t_002057,u_00772,click,cmp_3,pl_07,cr_3,2026-08-27 05:50:07.145607386,c_cmp_3_p_pl_07_cr_cr_3,synthetic
t_003746,u_01382,click,cmp_4,pl_03,cr_0,2026-08-27 06:09:44.351446662,c_cmp_4_p_pl_03_cr_cr_0,synthetic
t_004980,u_01840,click,cmp_0,pl_01,cr_4,2026-08-27 06:34:48.502472434,c_cmp_0_p_pl_01_cr_cr_4,synthetic
t_003751,u_01384,click,cmp_3,pl_07,cr_3,2026-08-27 06:36:24.050516862,c_cmp_3_p_pl_07_cr_cr_3,synthetic
t_003927,u_01448,click,cmp_2,pl_00,cr_0,2026-08-27 06:36:46.788640113,c_cmp_2_p_pl_00_cr_cr_0,synthetic
t_003928,u_01448,bot_start,cmp_2,pl_00,cr_0,2026-08-27 06:54:14.788640113,c_cmp_2_p_pl_00_cr_cr_0,synthetic
t_002796,u_01043,click,cmp_2,pl_05,cr_4,2026-08-27 06:59:44.296351516,c_cmp_2_p_pl_05_cr_cr_4,synthetic
t_001495,u_00552,click,cmp_2,pl_05,cr_4,2026-08-27 07:00:38.575462509,c_cmp_2_p_pl_05_cr_cr_4,synthetic
t_000124,u_00039,click,cmp_2,pl_02,cr_2,2026-08-27 07:27:01.864741831,c_cmp_2_p_pl_02_cr_cr_2,synthetic
t_000787,u_00282,click,cmp_2,pl_02,cr_2,2026-08-27 07:34:29.815376353,c_cmp_2_p_pl_02_cr_cr_2,synthetic
t_003705,u_01366,click,cmp_3,pl_09,cr_0,2026-08-27 07:36:17.013195106,c_cmp_3_p_pl_09_cr_cr_0,synthetic
t_004729,u_01749,click,cmp_2,pl_02,cr_2,2026-08-27 07:40:58.851623632,c_cmp_2_p_pl_02_cr_cr_2,synthetic
t_002789,u_01041,click,cmp_3,pl_07,cr_3,2026-08-27 07:59:44.251537173,c_cmp_3_p_pl_07_cr_cr_3,synthetic
t_003833,u_01417,click,cmp_3,pl_09,cr_0,2026-08-27 07:59:54.293241015,c_cmp_3_p_pl_09_cr_cr_0,synthetic
t_003233,u_01200,click,cmp_2,pl_02,cr_2,2026-08-27 08:07:45.589240042,c_cmp_2_p_pl_02_cr_cr_2,synthetic
t_003761,u_01387,click,cmp_4,pl_03,cr_0,2026-08-27 08:20:12.403380670,c_cmp_4_p_pl_03_cr_cr_0,synthetic
t_004245,u_01571,click,cmp_3,pl_07,cr_3,2026-08-27 08:21:33.563836683,c_cmp_3_p_pl_07_cr_cr_3,synthetic
t_000727,u_00259,click,cmp_2,pl_00,cr_0,2026-08-27 08:53:10.123613268,c_cmp_2_p_pl_00_cr_cr_0,synthetic
t_003834,u_01417,bot_start,cmp_3,pl_09,cr_0,2026-08-27 08:55:52.293241015,c_cmp_3_p_pl_09_cr_cr_0,synthetic
t_004014,u_01480,click,cmp_2,pl_08,cr_1,2026-08-27 08:58:05.870215581,c_cmp_2_p_pl_08_cr_cr_1,synthetic
t_002964,u_01104,click,cmp_2,pl_02,cr_2,2026-08-27 08:59:16.138171854,c_cmp_2_p_pl_02_cr_cr_2,synthetic
t_002028,u_00761,click,cmp_1,pl_06,cr_2,2026-08-27 09:02:23.183377487,c_cmp_1_p_pl_06_cr_cr_2,synthetic
t_003518,u_01302,click,cmp_2,pl_05,cr_4,2026-08-27 09:05:22.610353928,c_cmp_2_p_pl_05_cr_cr_4,synthetic
t_000315,u_00109,click,cmp_2,pl_08,cr_1,2026-08-27 09:23:44.952367192,c_cmp_2_p_pl_08_cr_cr_1,synthetic
t_002850,u_01061,click,cmp_2,pl_00,cr_0,2026-08-27 09:29:34.328102521,c_cmp_2_p_pl_00_cr_cr_0,synthetic
t_002851,u_01061,bot_start,cmp_2,pl_00,cr_0,2026-08-27 09:31:24.328102521,c_cmp_2_p_pl_00_cr_cr_0,synthetic
t_003835,u_01417,lead,cmp_3,pl_09,cr_0,2026-08-27 09:46:52.293241015,c_cmp_3_p_pl_09_cr_cr_0,synthetic
t_005330,u_01980,click,cmp_2,pl_05,cr_4,2026-08-27 10:01:49.075264481,c_cmp_2_p_pl_05_cr_cr_4,synthetic
t_000090,u_00029,click,cmp_2,pl_08,cr_1,2026-08-27 10:01:51.077242730,c_cmp_2_p_pl_08_cr_cr_1,synthetic
t_003960,u_01462,click,cmp_4,pl_03,cr_0,2026-08-27 10:02:36.175241141,c_cmp_4_p_pl_03_cr_cr_0,synthetic
t_001675,u_00616,click,cmp_0,pl_04,cr_3,2026-08-27 10:38:24.582898941,c_cmp_0_p_pl_04_cr_cr_3,synthetic
t_002264,u_00841,click,cmp_2,pl_08,cr_1,2026-08-27 10:53:09.085333235,c_cmp_2_p_pl_08_cr_cr_1,synthetic
t_005261,u_01953,click,cmp_3,pl_09,cr_0,2026-08-27 10:56:33.069598887,c_cmp_3_p_pl_09_cr_cr_0,synthetic
t_004776,u_01764,click,cmp_2,pl_02,cr_2,2026-08-27 10:59:51.915834380,c_cmp_2_p_pl_02_cr_cr_2,synthetic
t_002037,u_00762,click,cmp_2,pl_08,cr_1,2026-08-27 11:09:25.451392668,c_cmp_2_p_pl_08_cr_cr_1,synthetic
t_004096,u_01519,click,cmp_1,pl_06,cr_2,2026-08-27 11:10:09.040785407,c_cmp_1_p_pl_06_cr_cr_2,synthetic
t_000403,u_00143,click,cmp_2,pl_05,cr_4,2026-08-27 11:12:00.638504837,c_cmp_2_p_pl_05_cr_cr_4,synthetic
t_005134,u_01907,click,cmp_0,pl_01,cr_4,2026-08-27 11:14:22.211177735,c_cmp_0_p_pl_01_cr_cr_4,synthetic
t_002038,u_00762,bot_start,cmp_2,pl_08,cr_1,2026-08-27 11:17:16.451392668,c_cmp_2_p_pl_08_cr_cr_1,synthetic
t_003854,u_01426,click,cmp_1,pl_06,cr_2,2026-08-27 11:35:52.917039847,c_cmp_1_p_pl_06_cr_cr_2,synthetic
t_002320,u_00861,click,cmp_4,pl_03,cr_0,2026-08-27 11:43:36.911783392,c_cmp_4_p_pl_03_cr_cr_0,synthetic
t_002330,u_00864,click,cmp_3,pl_07,cr_3,2026-08-27 11:44:17.212151327,c_cmp_3_p_pl_07_cr_cr_3,synthetic
t_004236,u_01568,click,cmp_0,pl_04,cr_3,2026-08-27 11:54:33.158331861,c_cmp_0_p_pl_04_cr_cr_3,synthetic
t_001807,u_00675,click,cmp_4,pl_03,cr_0,2026-08-27 11:58:49.884073588,c_cmp_4_p_pl_03_cr_cr_0,synthetic
t_004828,u_01781,click,cmp_2,pl_05,cr_4,2026-08-27 12:07:10.698805401,c_cmp_2_p_pl_05_cr_cr_4,synthetic
t_004237,u_01568,bot_start,cmp_0,pl_04,cr_3,2026-08-27 12:15:51.158331861,c_cmp_0_p_pl_04_cr_cr_3,synthetic
t_004238,u_01568,lead,cmp_0,pl_04,cr_3,2026-08-27 12:19:51.158331861,c_cmp_0_p_pl_04_cr_cr_3,synthetic
t_000901,u_00332,click,cmp_4,pl_03,cr_0,2026-08-27 12:21:38.405376336,c_cmp_4_p_pl_03_cr_cr_0,synthetic
t_003817,u_01412,click,cmp_1,pl_06,cr_2,2026-08-27 12:33:30.767225954,c_cmp_1_p_pl_06_cr_cr_2,synthetic
t_002321,u_00861,bot_start,cmp_4,pl_03,cr_0,2026-08-27 12:33:54.911783392,c_cmp_4_p_pl_03_cr_cr_0,synthetic
t_003855,u_01426,bot_start,cmp_1,pl_06,cr_2,2026-08-27 12:34:07.917039847,c_cmp_1_p_pl_06_cr_cr_2,synthetic
t_004829,u_01781,bot_start,cmp_2,pl_05,cr_4,2026-08-27 12:49:36.698805401,c_cmp_2_p_pl_05_cr_cr_4,synthetic
t_002858,u_01064,click,cmp_2,pl_08,cr_1,2026-08-27 13:55:53.191453165,c_cmp_2_p_pl_08_cr_cr_1,synthetic
t_005348,u_01988,click,cmp_2,pl_02,cr_2,2026-08-27 14:26:11.577048740,c_cmp_2_p_pl_02_cr_cr_2,synthetic
t_001587,u_00583,click,cmp_2,pl_00,cr_0,2026-08-27 14:43:39.301890506,c_cmp_2_p_pl_00_cr_cr_0,synthetic
t_001415,u_00516,click,cmp_4,pl_03,cr_0,2026-08-27 14:50:45.196306730,c_cmp_4_p_pl_03_cr_cr_0,synthetic
t_001818,u_00681,click,cmp_0,pl_01,cr_4,2026-08-27 14:51:07.087840091,c_cmp_0_p_pl_01_cr_cr_4,synthetic
t_002917,u_01083,click,cmp_4,pl_03,cr_0,2026-08-27 14:56:21.053971857,c_cmp_4_p_pl_03_cr_cr_0,synthetic
t_001379,u_00500,click,cmp_1,pl_06,cr_2,2026-08-27 15:04:08.336429475,c_cmp_1_p_pl_06_cr_cr_2,synthetic
t_001233,u_00452,click,cmp_4,pl_03,cr_0,2026-08-27 15:12:53.760680540,c_cmp_4_p_pl_03_cr_cr_0,synthetic
t_001819,u_00681,bot_start,cmp_0,pl_01,cr_4,2026-08-27 15:23:29.087840091,c_cmp_0_p_pl_01_cr_cr_4,synthetic
t_000490,u_00173,click,cmp_3,pl_09,cr_0,2026-08-27 15:39:15.488050604,c_cmp_3_p_pl_09_cr_cr_0,synthetic
t_002601,u_00972,click,cmp_0,pl_01,cr_4,2026-08-27 15:54:30.706480923,c_cmp_0_p_pl_01_cr_cr_4,synthetic
t_000084,u_00027,click,cmp_2,pl_05,cr_4,2026-08-27 15:55:55.865490793,c_cmp_2_p_pl_05_cr_cr_4,synthetic
t_001820,u_00681,lead,cmp_0,pl_01,cr_4,2026-08-27 15:56:29.087840091,c_cmp_0_p_pl_01_cr_cr_4,synthetic
t_002847,u_01059,click,cmp_0,pl_01,cr_4,2026-08-27 15:56:57.541944370,c_cmp_0_p_pl_01_cr_cr_4,synthetic
t_002602,u_00972,bot_start,cmp_0,pl_01,cr_4,2026-08-27 16:08:17.706480923,c_cmp_0_p_pl_01_cr_cr_4,synthetic
t_001776,u_00662,click,cmp_2,pl_02,cr_2,2026-08-27 17:15:54.556006679,c_cmp_2_p_pl_02_cr_cr_2,synthetic
t_005222,u_01942,click,cmp_2,pl_08,cr_1,2026-08-27 17:23:21.255448679,c_cmp_2_p_pl_08_cr_cr_1,synthetic
t_004090,u_01517,click,cmp_1,pl_06,cr_2,2026-08-27 17:33:38.355619321,c_cmp_1_p_pl_06_cr_cr_2,synthetic
t_001982,u_00741,click,cmp_2,pl_02,cr_2,2026-08-27 17:55:48.515056133,c_cmp_2_p_pl_02_cr_cr_2,synthetic
t_005223,u_01942,bot_start,cmp_2,pl_08,cr_1,2026-08-27 18:04:35.255448679,c_cmp_2_p_pl_08_cr_cr_1,synthetic
t_002302,u_00854,click,cmp_2,pl_05,cr_4,2026-08-27 18:21:37.244285451,c_cmp_2_p_pl_05_cr_cr_4,synthetic
t_004353,u_01605,click,cmp_0,pl_04,cr_3,2026-08-27 18:29:14.230092445,c_cmp_0_p_pl_04_cr_cr_3,synthetic
t_004441,u_01634,click,cmp_2,pl_00,cr_0,2026-08-27 18:33:10.439334229,c_cmp_2_p_pl_00_cr_cr_0,synthetic
t_002562,u_00957,click,cmp_0,pl_01,cr_4,2026-08-27 18:48:55.820910171,c_cmp_0_p_pl_01_cr_cr_4,synthetic
t_002181,u_00815,click,cmp_1,pl_06,cr_2,2026-08-27 19:03:17.113638101,c_cmp_1_p_pl_06_cr_cr_2,synthetic
t_003561,u_01315,click,cmp_0,pl_04,cr_3,2026-08-27 19:08:19.804884292,c_cmp_0_p_pl_04_cr_cr_3,synthetic
t_002563,u_00957,bot_start,cmp_0,pl_01,cr_4,2026-08-27 19:26:19.820910171,c_cmp_0_p_pl_01_cr_cr_4,synthetic
t_004977,u_01839,click,cmp_3,pl_09,cr_0,2026-08-27 19:28:18.890966991,c_cmp_3_p_pl_09_cr_cr_0,synthetic
t_002573,u_00962,click,cmp_0,pl_04,cr_3,2026-08-27 20:38:19.850513909,c_cmp_0_p_pl_04_cr_cr_3,synthetic
t_001039,u_00380,click,cmp_3,pl_09,cr_0,2026-08-27 20:38:50.373002190,c_cmp_3_p_pl_09_cr_cr_0,synthetic
t_003351,u_01242,click,cmp_0,pl_01,cr_4,2026-08-27 20:49:57.583170006,c_cmp_0_p_pl_01_cr_cr_4,synthetic
t_001965,u_00734,click,cmp_3,pl_07,cr_3,2026-08-27 20:55:30.479056993,c_cmp_3_p_pl_07_cr_cr_3,synthetic
t_002509,u_00940,click,cmp_3,pl_09,cr_0,2026-08-27 21:00:35.987946612,c_cmp_3_p_pl_09_cr_cr_0,synthetic
t_003124,u_01166,click,cmp_0,pl_04,cr_3,2026-08-27 21:23:46.692427510,c_cmp_0_p_pl_04_cr_cr_3,synthetic
t_004488,u_01649,click,cmp_2,pl_08,cr_1,2026-08-27 21:27:22.851610520,c_cmp_2_p_pl_08_cr_cr_1,synthetic
t_004527,u_01667,click,cmp_3,pl_09,cr_0,2026-08-27 21:31:56.147780371,c_cmp_3_p_pl_09_cr_cr_0,synthetic
t_001621,u_00595,click,cmp_3,pl_09,cr_0,2026-08-27 21:38:19.106376986,c_cmp_3_p_pl_09_cr_cr_0,synthetic
t_002801,u_01044,click,cmp_1,pl_06,cr_2,2026-08-27 21:38:48.230423639,c_cmp_1_p_pl_06_cr_cr_2,synthetic
t_004986,u_01843,click,cmp_3,pl_09,cr_0,2026-08-27 21:43:06.121289989,c_cmp_3_p_pl_09_cr_cr_0,synthetic
t_000356,u_00125,click,cmp_0,pl_01,cr_4,2026-08-27 21:54:22.311889058,c_cmp_0_p_pl_01_cr_cr_4,synthetic
t_000357,u_00125,bot_start,cmp_0,pl_01,cr_4,2026-08-27 22:07:29.311889058,c_cmp_0_p_pl_01_cr_cr_4,synthetic
t_004989,u_01844,click,cmp_2,pl_02,cr_2,2026-08-27 22:14:31.382800592,c_cmp_2_p_pl_02_cr_cr_2,synthetic
t_003099,u_01154,click,cmp_3,pl_09,cr_0,2026-08-27 22:15:12.041629231,c_cmp_3_p_pl_09_cr_cr_0,synthetic
t_005333,u_01981,click,cmp_4,pl_03,cr_0,2026-08-27 22:29:41.311171238,c_cmp_4_p_pl_03_cr_cr_0,synthetic
t_001205,u_00442,click,cmp_3,pl_07,cr_3,2026-08-27 22:38:29.341713576,c_cmp_3_p_pl_07_cr_cr_3,synthetic
t_004790,u_01768,click,cmp_2,pl_02,cr_2,2026-08-27 22:39:29.100180821,c_cmp_2_p_pl_02_cr_cr_2,synthetic
t_005344,u_01986,click,cmp_3,pl_09,cr_0,2026-08-27 23:02:21.147776202,c_cmp_3_p_pl_09_cr_cr_0,synthetic
t_003335,u_01236,click,cmp_4,pl_03,cr_0,2026-08-27 23:10:40.495960677,c_cmp_4_p_pl_03_cr_cr_0,synthetic
t_002221,u_00827,click,cmp_4,pl_03,cr_0,2026-08-27 23:19:32.199876789,c_cmp_4_p_pl_03_cr_cr_0,synthetic
t_001007,u_00371,click,cmp_4,pl_03,cr_0,2026-08-27 23:23:29.320063656,c_cmp_4_p_pl_03_cr_cr_0,synthetic
t_001008,u_00371,bot_start,cmp_4,pl_03,cr_0,2026-08-27 23:30:32.320063656,c_cmp_4_p_pl_03_cr_cr_0,synthetic
t_000681,u_00236,click,cmp_3,pl_07,cr_3,2026-08-27 23:46:37.720058105,c_cmp_3_p_pl_07_cr_cr_3,synthetic
t_001382,u_00503,click,cmp_2,pl_02,cr_2,2026-08-27 23:52:44.115541545,c_cmp_2_p_pl_02_cr_cr_2,synthetic
t_004853,u_01795,click,cmp_1,pl_06,cr_2,2026-08-28 00:15:53.441469094,c_cmp_1_p_pl_06_cr_cr_2,synthetic
t_003224,u_01197,click,cmp_0,pl_01,cr_4,2026-08-28 00:19:10.528267439,c_cmp_0_p_pl_01_cr_cr_4,synthetic
t_003600,u_01331,click,cmp_0,pl_01,cr_4,2026-08-28 00:19:25.729187623,c_cmp_0_p_pl_01_cr_cr_4,synthetic
t_000163,u_00051,click,cmp_2,pl_02,cr_2,2026-08-28 00:26:39.683469248,c_cmp_2_p_pl_02_cr_cr_2,synthetic
t_004451,u_01638,click,cmp_0,pl_01,cr_4,2026-08-28 00:32:30.965365804,c_cmp_0_p_pl_01_cr_cr_4,synthetic
t_000950,u_00348,click,cmp_0,pl_01,cr_4,2026-08-28 00:39:38.318370025,c_cmp_0_p_pl_01_cr_cr_4,synthetic
t_001383,u_00503,bot_start,cmp_2,pl_02,cr_2,2026-08-28 00:43:59.115541545,c_cmp_2_p_pl_02_cr_cr_2,synthetic
t_002143,u_00800,click,cmp_0,pl_04,cr_3,2026-08-28 00:44:32.977333711,c_cmp_0_p_pl_04_cr_cr_3,synthetic
t_004452,u_01638,bot_start,cmp_0,pl_01,cr_4,2026-08-28 00:48:01.965365804,c_cmp_0_p_pl_01_cr_cr_4,synthetic
t_002716,u_01013,click,cmp_2,pl_05,cr_4,2026-08-28 00:48:56.677770033,c_cmp_2_p_pl_05_cr_cr_4,synthetic
t_002717,u_01013,bot_start,cmp_2,pl_05,cr_4,2026-08-28 00:51:57.677770033,c_cmp_2_p_pl_05_cr_cr_4,synthetic
t_002544,u_00951,click,cmp_2,pl_05,cr_4,2026-08-28 00:53:17.626574507,c_cmp_2_p_pl_05_cr_cr_4,synthetic
t_001603,u_00590,click,cmp_2,pl_05,cr_4,2026-08-28 01:23:18.598104087,c_cmp_2_p_pl_05_cr_cr_4,synthetic
t_004515,u_01663,click,cmp_2,pl_02,cr_2,2026-08-28 01:36:02.585521840,c_cmp_2_p_pl_02_cr_cr_2,synthetic
t_005088,u_01891,click,cmp_2,pl_08,cr_1,2026-08-28 01:41:44.397263991,c_cmp_2_p_pl_08_cr_cr_1,synthetic
t_002685,u_01000,click,cmp_1,pl_06,cr_2,2026-08-28 01:45:50.198431272,c_cmp_1_p_pl_06_cr_cr_2,synthetic
t_004516,u_01663,bot_start,cmp_2,pl_02,cr_2,2026-08-28 01:56:14.585521840,c_cmp_2_p_pl_02_cr_cr_2,synthetic
t_004020,u_01483,click,cmp_3,pl_07,cr_3,2026-08-28 01:57:34.376180735,c_cmp_3_p_pl_07_cr_cr_3,synthetic
t_004354,u_01605,click,cmp_2,pl_08,cr_1,2026-08-28 03:04:39.727913054,c_cmp_2_p_pl_08_cr_cr_1,synthetic
t_000340,u_00117,click,cmp_2,pl_00,cr_0,2026-08-28 03:12:17.116350046,c_cmp_2_p_pl_00_cr_cr_0,synthetic
t_003519,u_01303,click,cmp_3,pl_09,cr_0,2026-08-28 03:14:03.502214871,c_cmp_3_p_pl_09_cr_cr_0,synthetic
t_002769,u_01035,click,cmp_3,pl_07,cr_3,2026-08-28 03:14:07.208275984,c_cmp_3_p_pl_07_cr_cr_3,synthetic
t_003520,u_01303,bot_start,cmp_3,pl_09,cr_0,2026-08-28 03:17:54.502214871,c_cmp_3_p_pl_09_cr_cr_0,synthetic
t_003136,u_01171,click,cmp_0,pl_04,cr_3,2026-08-28 03:24:33.576522683,c_cmp_0_p_pl_04_cr_cr_3,synthetic
t_005325,u_01978,click,cmp_1,pl_06,cr_2,2026-08-28 03:34:40.955911553,c_cmp_1_p_pl_06_cr_cr_2,synthetic
t_003446,u_01277,click,cmp_0,pl_04,cr_3,2026-08-28 03:38:09.116823383,c_cmp_0_p_pl_04_cr_cr_3,synthetic
t_003419,u_01266,click,cmp_4,pl_03,cr_0,2026-08-28 03:38:14.143627492,c_cmp_4_p_pl_03_cr_cr_0,synthetic
t_003447,u_01277,bot_start,cmp_0,pl_04,cr_3,2026-08-28 03:40:44.116823383,c_cmp_0_p_pl_04_cr_cr_3,synthetic
t_001564,u_00577,click,cmp_2,pl_02,cr_2,2026-08-28 03:55:13.666353340,c_cmp_2_p_pl_02_cr_cr_2,synthetic
t_001125,u_00409,click,cmp_4,pl_03,cr_0,2026-08-28 03:56:38.323961211,c_cmp_4_p_pl_03_cr_cr_0,synthetic
t_000432,u_00151,click,cmp_0,pl_04,cr_3,2026-08-28 04:02:03.818040946,c_cmp_0_p_pl_04_cr_cr_3,synthetic
t_003137,u_01171,bot_start,cmp_0,pl_04,cr_3,2026-08-28 04:06:16.576522683,c_cmp_0_p_pl_04_cr_cr_3,synthetic
t_002770,u_01035,bot_start,cmp_3,pl_07,cr_3,2026-08-28 04:10:11.208275984,c_cmp_3_p_pl_07_cr_cr_3,synthetic
t_001330,u_00482,click,cmp_2,pl_00,cr_0,2026-08-28 04:13:24.503013243,c_cmp_2_p_pl_00_cr_cr_0,synthetic
t_003724,u_01376,click,cmp_2,pl_05,cr_4,2026-08-28 04:19:50.827731549,c_cmp_2_p_pl_05_cr_cr_4,synthetic
t_000667,u_00231,click,cmp_2,pl_05,cr_4,2026-08-28 04:30:45.574733900,c_cmp_2_p_pl_05_cr_cr_4,synthetic
t_002224,u_00830,click,cmp_4,pl_03,cr_0,2026-08-28 04:39:08.703989881,c_cmp_4_p_pl_03_cr_cr_0,synthetic
t_003725,u_01376,bot_start,cmp_2,pl_05,cr_4,2026-08-28 04:59:55.827731549,c_cmp_2_p_pl_05_cr_cr_4,synthetic
t_004860,u_01798,click,cmp_2,pl_05,cr_4,2026-08-28 05:08:17.988768210,c_cmp_2_p_pl_05_cr_cr_4,synthetic
t_000765,u_00277,click,cmp_0,pl_04,cr_3,2026-08-28 05:38:10.970487240,c_cmp_0_p_pl_04_cr_cr_3,synthetic
t_002371,u_00885,click,cmp_2,pl_08,cr_1,2026-08-28 05:53:49.842077192,c_cmp_2_p_pl_08_cr_cr_1,synthetic
t_005196,u_01934,click,cmp_1,pl_06,cr_2,2026-08-28 05:57:36.331845099,c_cmp_1_p_pl_06_cr_cr_2,synthetic
t_001791,u_00670,click,cmp_0,pl_01,cr_4,2026-08-28 05:58:17.845109060,c_cmp_0_p_pl_01_cr_cr_4,synthetic
t_003668,u_01354,click,cmp_2,pl_00,cr_0,2026-08-28 06:00:50.777275484,c_cmp_2_p_pl_00_cr_cr_0,synthetic
t_000668,u_00231,click,cmp_2,pl_00,cr_0,2026-08-28 06:02:52.586647300,c_cmp_2_p_pl_00_cr_cr_0,synthetic
t_000305,u_00106,click,cmp_0,pl_04,cr_3,2026-08-28 06:05:59.105935069,c_cmp_0_p_pl_04_cr_cr_3,synthetic
t_003673,u_01355,click,cmp_3,pl_09,cr_0,2026-08-28 06:07:34.280346563,c_cmp_3_p_pl_09_cr_cr_0,synthetic
t_001771,u_00660,click,cmp_2,pl_05,cr_4,2026-08-28 06:10:43.122754471,c_cmp_2_p_pl_05_cr_cr_4,synthetic
t_003968,u_01465,click,cmp_2,pl_00,cr_0,2026-08-28 06:20:41.776803000,c_cmp_2_p_pl_00_cr_cr_0,synthetic
t_002357,u_00877,click,cmp_1,pl_06,cr_2,2026-08-28 06:25:23.743395320,c_cmp_1_p_pl_06_cr_cr_2,synthetic
t_002199,u_00820,click,cmp_2,pl_08,cr_1,2026-08-28 06:26:27.896141084,c_cmp_2_p_pl_08_cr_cr_1,synthetic
t_000669,u_00231,bot_start,cmp_2,pl_00,cr_0,2026-08-28 06:50:54.586647300,c_cmp_2_p_pl_00_cr_cr_0,synthetic
t_000921,u_00338,click,cmp_0,pl_04,cr_3,2026-08-28 06:55:35.261913970,c_cmp_0_p_pl_04_cr_cr_3,synthetic
t_002941,u_01096,click,cmp_3,pl_09,cr_0,2026-08-28 07:05:39.760008872,c_cmp_3_p_pl_09_cr_cr_0,synthetic
t_005016,u_01855,click,cmp_4,pl_03,cr_0,2026-08-28 07:09:39.353702188,c_cmp_4_p_pl_03_cr_cr_0,synthetic
t_002173,u_00812,click,cmp_2,pl_08,cr_1,2026-08-28 07:11:53.146112262,c_cmp_2_p_pl_08_cr_cr_1,synthetic
t_002915,u_01082,click,cmp_0,pl_04,cr_3,2026-08-28 07:51:01.795187355,c_cmp_0_p_pl_04_cr_cr_3,synthetic
t_004054,u_01498,click,cmp_2,pl_02,cr_2,2026-08-28 07:51:20.092148197,c_cmp_2_p_pl_02_cr_cr_2,synthetic
t_004053,u_01497,click,cmp_4,pl_03,cr_0,2026-08-28 08:23:18.470590378,c_cmp_4_p_pl_03_cr_cr_0,synthetic
t_002039,u_00762,click,cmp_3,pl_07,cr_3,2026-08-28 08:31:02.609616944,c_cmp_3_p_pl_07_cr_cr_3,synthetic
t_001422,u_00520,click,cmp_3,pl_09,cr_0,2026-08-28 09:01:45.440161930,c_cmp_3_p_pl_09_cr_cr_0,synthetic
t_002615,u_00977,click,cmp_0,pl_04,cr_3,2026-08-28 09:25:36.136690028,c_cmp_0_p_pl_04_cr_cr_3,synthetic
t_004050,u_01497,click,cmp_4,pl_03,cr_0,2026-08-28 09:29:40.806417249,c_cmp_4_p_pl_03_cr_cr_0,synthetic
t_003567,u_01317,click,cmp_4,pl_03,cr_0,2026-08-28 10:07:07.014145900,c_cmp_4_p_pl_03_cr_cr_0,synthetic
t_002558,u_00955,click,cmp_4,pl_03,cr_0,2026-08-28 10:13:01.645965712,c_cmp_4_p_pl_03_cr_cr_0,synthetic
t_004949,u_01829,click,cmp_4,pl_03,cr_0,2026-08-28 10:27:17.235714206,c_cmp_4_p_pl_03_cr_cr_0,synthetic
t_001364,u_00493,click,cmp_3,pl_07,cr_3,2026-08-28 10:35:53.893852950,c_cmp_3_p_pl_07_cr_cr_3,synthetic
t_003894,u_01440,click,cmp_3,pl_07,cr_3,2026-08-28 10:59:01.917353856,c_cmp_3_p_pl_07_cr_cr_3,synthetic
t_002870,u_01067,click,cmp_3,pl_07,cr_3,2026-08-28 11:09:17.978851675,c_cmp_3_p_pl_07_cr_cr_3,synthetic
t_002543,u_00951,click,cmp_3,pl_09,cr_0,2026-08-28 11:31:57.543431439,c_cmp_3_p_pl_09_cr_cr_0,synthetic
t_003117,u_01164,click,cmp_3,pl_09,cr_0,2026-08-28 11:41:20.776964968,c_cmp_3_p_pl_09_cr_cr_0,synthetic
t_003895,u_01440,bot_start,cmp_3,pl_07,cr_3,2026-08-28 11:48:44.917353856,c_cmp_3_p_pl_07_cr_cr_3,synthetic
t_004230,u_01566,click,cmp_3,pl_09,cr_0,2026-08-28 11:53:18.146882186,c_cmp_3_p_pl_09_cr_cr_0,synthetic
t_002560,u_00956,click,cmp_2,pl_00,cr_0,2026-08-28 12:01:36.949244632,c_cmp_2_p_pl_00_cr_cr_0,synthetic
t_003118,u_01164,bot_start,cmp_3,pl_09,cr_0,2026-08-28 12:05:23.776964968,c_cmp_3_p_pl_09_cr_cr_0,synthetic
t_003050,u_01134,click,cmp_2,pl_00,cr_0,2026-08-28 12:45:17.536995194,c_cmp_2_p_pl_00_cr_cr_0,synthetic
t_003793,u_01399,click,cmp_0,pl_04,cr_3,2026-08-28 12:54:21.855011050,c_cmp_0_p_pl_04_cr_cr_3,synthetic
t_001643,u_00603,click,cmp_1,pl_06,cr_2,2026-08-28 12:57:19.329542530,c_cmp_1_p_pl_06_cr_cr_2,synthetic
t_004030,u_01487,click,cmp_0,pl_04,cr_3,2026-08-28 13:17:35.828950552,c_cmp_0_p_pl_04_cr_cr_3,synthetic
t_000244,u_00078,click,cmp_2,pl_00,cr_0,2026-08-28 13:17:43.761963813,c_cmp_2_p_pl_00_cr_cr_0,synthetic
t_002032,u_00761,click,cmp_1,pl_06,cr_2,2026-08-28 13:37:35.454696508,c_cmp_1_p_pl_06_cr_cr_2,synthetic
t_004031,u_01487,bot_start,cmp_0,pl_04,cr_3,2026-08-28 13:41:42.828950552,c_cmp_0_p_pl_04_cr_cr_3,synthetic
t_000729,u_00260,click,cmp_3,pl_09,cr_0,2026-08-28 13:56:17.675410622,c_cmp_3_p_pl_09_cr_cr_0,synthetic
t_003454,u_01280,click,cmp_0,pl_04,cr_3,2026-08-28 13:58:23.642081840,c_cmp_0_p_pl_04_cr_cr_3,synthetic
t_001938,u_00725,click,cmp_2,pl_00,cr_0,2026-08-28 14:20:16.955295873,c_cmp_2_p_pl_00_cr_cr_0,synthetic
t_004724,u_01748,click,cmp_1,pl_06,cr_2,2026-08-28 14:21:09.553686711,c_cmp_1_p_pl_06_cr_cr_2,synthetic
t_004032,u_01487,lead,cmp_0,pl_04,cr_3,2026-08-28 14:28:42.828950552,c_cmp_0_p_pl_04_cr_cr_3,synthetic
t_000708,u_00248,click,cmp_2,pl_05,cr_4,2026-08-28 14:42:36.005243254,c_cmp_2_p_pl_05_cr_cr_4,synthetic
t_002131,u_00795,click,cmp_0,pl_04,cr_3,2026-08-28 15:02:29.055859623,c_cmp_0_p_pl_04_cr_cr_3,synthetic
t_005058,u_01874,click,cmp_0,pl_04,cr_3,2026-08-28 15:07:23.260659122,c_cmp_0_p_pl_04_cr_cr_3,synthetic
t_000115,u_00036,click,cmp_2,pl_00,cr_0,2026-08-28 15:07:40.964385377,c_cmp_2_p_pl_00_cr_cr_0,synthetic
t_003070,u_01144,click,cmp_2,pl_08,cr_1,2026-08-28 15:09:55.055651865,c_cmp_2_p_pl_08_cr_cr_1,synthetic
t_000780,u_00280,click,cmp_3,pl_07,cr_3,2026-08-28 15:27:15.990303614,c_cmp_3_p_pl_07_cr_cr_3,synthetic
t_002132,u_00795,bot_start,cmp_0,pl_04,cr_3,2026-08-28 15:29:47.055859623,c_cmp_0_p_pl_04_cr_cr_3,synthetic
t_001785,u_00666,click,cmp_2,pl_00,cr_0,2026-08-28 16:22:48.527347543,c_cmp_2_p_pl_00_cr_cr_0,synthetic
t_003008,u_01119,click,cmp_0,pl_01,cr_4,2026-08-28 16:24:24.466341731,c_cmp_0_p_pl_01_cr_cr_4,synthetic
t_004964,u_01835,click,cmp_0,pl_04,cr_3,2026-08-28 16:33:07.115101736,c_cmp_0_p_pl_04_cr_cr_3,synthetic
t_003009,u_01119,bot_start,cmp_0,pl_01,cr_4,2026-08-28 16:35:13.466341731,c_cmp_0_p_pl_01_cr_cr_4,synthetic
t_003555,u_01314,click,cmp_4,pl_03,cr_0,2026-08-28 16:48:35.271544641,c_cmp_4_p_pl_03_cr_cr_0,synthetic
t_004965,u_01835,bot_start,cmp_0,pl_04,cr_3,2026-08-28 17:01:14.115101736,c_cmp_0_p_pl_04_cr_cr_3,synthetic
t_002276,u_00846,click,cmp_4,pl_03,cr_0,2026-08-28 17:06:56.983160553,c_cmp_4_p_pl_03_cr_cr_0,synthetic
t_001716,u_00636,click,cmp_0,pl_01,cr_4,2026-08-28 17:12:54.428957869,c_cmp_0_p_pl_01_cr_cr_4,synthetic
t_001580,u_00581,click,cmp_3,pl_07,cr_3,2026-08-28 17:19:54.593223378,c_cmp_3_p_pl_07_cr_cr_3,synthetic
t_003338,u_01238,click,cmp_2,pl_00,cr_0,2026-08-28 17:21:22.814006060,c_cmp_2_p_pl_00_cr_cr_0,synthetic
t_001074,u_00391,click,cmp_4,pl_03,cr_0,2026-08-28 17:34:40.406832216,c_cmp_4_p_pl_03_cr_cr_0,synthetic
t_003339,u_01238,bot_start,cmp_2,pl_00,cr_0,2026-08-28 17:43:12.814006060,c_cmp_2_p_pl_00_cr_cr_0,synthetic
t_001863,u_00699,click,cmp_1,pl_06,cr_2,2026-08-28 17:48:19.799001139,c_cmp_1_p_pl_06_cr_cr_2,synthetic
t_003340,u_01238,lead,cmp_2,pl_00,cr_0,2026-08-28 17:50:12.814006060,c_cmp_2_p_pl_00_cr_cr_0,synthetic
t_004575,u_01686,click,cmp_2,pl_05,cr_4,2026-08-28 18:24:23.091268709,c_cmp_2_p_pl_05_cr_cr_4,synthetic
t_002297,u_00851,click,cmp_2,pl_02,cr_2,2026-08-28 18:46:56.944274531,c_cmp_2_p_pl_02_cr_cr_2,synthetic
t_004475,u_01645,click,cmp_0,pl_04,cr_3,2026-08-28 18:50:27.043452175,c_cmp_0_p_pl_04_cr_cr_3,synthetic
t_005024,u_01861,click,cmp_1,pl_06,cr_2,2026-08-28 19:00:04.752900219,c_cmp_1_p_pl_06_cr_cr_2,synthetic
t_001100,u_00400,click,cmp_3,pl_09,cr_0,2026-08-28 19:02:33.859118150,c_cmp_3_p_pl_09_cr_cr_0,synthetic
t_001741,u_00647,click,cmp_0,pl_04,cr_3,2026-08-28 19:47:38.674069419,c_cmp_0_p_pl_04_cr_cr_3,synthetic
t_005025,u_01861,bot_start,cmp_1,pl_06,cr_2,2026-08-28 19:56:18.752900219,c_cmp_1_p_pl_06_cr_cr_2,synthetic
t_004517,u_01663,click,cmp_0,pl_01,cr_4,2026-08-28 20:05:18.856652825,c_cmp_0_p_pl_01_cr_cr_4,synthetic
t_000442,u_00155,click,cmp_2,pl_08,cr_1,2026-08-28 20:36:23.470161450,c_cmp_2_p_pl_08_cr_cr_1,synthetic
t_004444,u_01636,click,cmp_2,pl_02,cr_2,2026-08-28 20:39:21.492136317,c_cmp_2_p_pl_02_cr_cr_2,synthetic
t_000038,u_00011,click,cmp_2,pl_05,cr_4,2026-08-28 20:56:57.129429670,c_cmp_2_p_pl_05_cr_cr_4,synthetic
t_002581,u_00965,click,cmp_4,pl_03,cr_0,2026-08-28 20:58:44.077206353,c_cmp_4_p_pl_03_cr_cr_0,synthetic
t_004559,u_01680,click,cmp_2,pl_02,cr_2,2026-08-28 21:00:39.906007285,c_cmp_2_p_pl_02_cr_cr_2,synthetic
t_002245,u_00837,click,cmp_3,pl_07,cr_3,2026-08-28 21:07:25.971052549,c_cmp_3_p_pl_07_cr_cr_3,synthetic
t_004623,u_01707,click,cmp_4,pl_03,cr_0,2026-08-28 21:40:04.380085550,c_cmp_4_p_pl_03_cr_cr_0,synthetic
t_005347,u_01987,click,cmp_2,pl_08,cr_1,2026-08-28 21:41:02.872597391,c_cmp_2_p_pl_08_cr_cr_1,synthetic
t_000922,u_00339,click,cmp_0,pl_01,cr_4,2026-08-28 21:54:55.933102570,c_cmp_0_p_pl_01_cr_cr_4,synthetic
t_004603,u_01698,click,cmp_3,pl_07,cr_3,2026-08-28 22:20:02.240809411,c_cmp_3_p_pl_07_cr_cr_3,synthetic
t_003991,u_01472,click,cmp_2,pl_05,cr_4,2026-08-28 22:24:09.427537383,c_cmp_2_p_pl_05_cr_cr_4,synthetic
t_001542,u_00571,click,cmp_2,pl_05,cr_4,2026-08-28 22:24:55.242410334,c_cmp_2_p_pl_05_cr_cr_4,synthetic
t_001543,u_00571,bot_start,cmp_2,pl_05,cr_4,2026-08-28 22:32:49.242410334,c_cmp_2_p_pl_05_cr_cr_4,synthetic
t_004309,u_01592,click,cmp_2,pl_08,cr_1,2026-08-28 23:09:11.985396149,c_cmp_2_p_pl_08_cr_cr_1,synthetic
t_000309,u_00107,click,cmp_2,pl_08,cr_1,2026-08-28 23:09:57.794566171,c_cmp_2_p_pl_08_cr_cr_1,synthetic
t_001544,u_00571,lead,cmp_2,pl_05,cr_4,2026-08-28 23:24:49.242410334,c_cmp_2_p_pl_05_cr_cr_4,synthetic
t_001034,u_00378,click,cmp_0,pl_04,cr_3,2026-08-29 00:38:15.625409822,c_cmp_0_p_pl_04_cr_cr_3,synthetic
t_005209,u_01939,click,cmp_2,pl_02,cr_2,2026-08-29 00:50:44.450820058,c_cmp_2_p_pl_02_cr_cr_2,synthetic
t_001670,u_00614,click,cmp_2,pl_00,cr_0,2026-08-29 00:56:38.050751756,c_cmp_2_p_pl_00_cr_cr_0,synthetic
t_002732,u_01017,click,cmp_1,pl_06,cr_2,2026-08-29 01:15:49.184978534,c_cmp_1_p_pl_06_cr_cr_2,synthetic
t_000187,u_00059,click,cmp_3,pl_09,cr_0,2026-08-29 01:25:52.358288105,c_cmp_3_p_pl_09_cr_cr_0,synthetic
t_001854,u_00693,click,cmp_0,pl_04,cr_3,2026-08-29 01:29:27.278355179,c_cmp_0_p_pl_04_cr_cr_3,synthetic
t_002733,u_01017,bot_start,cmp_1,pl_06,cr_2,2026-08-29 01:32:01.184978534,c_cmp_1_p_pl_06_cr_cr_2,synthetic
t_005243,u_01949,click,cmp_3,pl_09,cr_0,2026-08-29 01:40:11.804861687,c_cmp_3_p_pl_09_cr_cr_0,synthetic
t_004725,u_01749,click,cmp_3,pl_09,cr_0,2026-08-29 01:41:21.390619918,c_cmp_3_p_pl_09_cr_cr_0,synthetic
t_004017,u_01482,click,cmp_0,pl_01,cr_4,2026-08-29 01:42:00.801815403,c_cmp_0_p_pl_01_cr_cr_4,synthetic
t_000246,u_00080,click,cmp_2,pl_05,cr_4,2026-08-29 01:43:38.057075821,c_cmp_2_p_pl_05_cr_cr_4,synthetic
t_002374,u_00885,click,cmp_0,pl_04,cr_3,2026-08-29 01:56:36.799810546,c_cmp_0_p_pl_04_cr_cr_3,synthetic
t_000188,u_00059,bot_start,cmp_3,pl_09,cr_0,2026-08-29 01:56:59.358288105,c_cmp_3_p_pl_09_cr_cr_0,synthetic
t_001368,u_00496,click,cmp_2,pl_08,cr_1,2026-08-29 01:58:42.180724648,c_cmp_2_p_pl_08_cr_cr_1,synthetic
t_000994,u_00367,click,cmp_0,pl_01,cr_4,2026-08-29 02:00:47.548998644,c_cmp_0_p_pl_01_cr_cr_4,synthetic
t_000500,u_00175,click,cmp_2,pl_02,cr_2,2026-08-29 02:02:20.418215999,c_cmp_2_p_pl_02_cr_cr_2,synthetic
t_004018,u_01482,bot_start,cmp_0,pl_01,cr_4,2026-08-29 02:12:14.801815403,c_cmp_0_p_pl_01_cr_cr_4,synthetic
t_004019,u_01482,lead,cmp_0,pl_01,cr_4,2026-08-29 02:20:14.801815403,c_cmp_0_p_pl_01_cr_cr_4,synthetic
t_004550,u_01675,click,cmp_4,pl_03,cr_0,2026-08-29 02:39:44.799465042,c_cmp_4_p_pl_03_cr_cr_0,synthetic
t_003750,u_01384,click,cmp_0,pl_04,cr_3,2026-08-29 03:12:13.022268966,c_cmp_0_p_pl_04_cr_cr_3,synthetic
t_000831,u_00302,click,cmp_3,pl_07,cr_3,2026-08-29 03:22:58.345727506,c_cmp_3_p_pl_07_cr_cr_3,synthetic
t_003086,u_01152,click,cmp_0,pl_04,cr_3,2026-08-29 03:31:15.842487796,c_cmp_0_p_pl_04_cr_cr_3,synthetic
t_003087,u_01152,bot_start,cmp_0,pl_04,cr_3,2026-08-29 03:43:15.842487796,c_cmp_0_p_pl_04_cr_cr_3,synthetic
t_002513,u_00941,click,cmp_3,pl_07,cr_3,2026-08-29 03:52:56.326143044,c_cmp_3_p_pl_07_cr_cr_3,synthetic
t_002514,u_00941,bot_start,cmp_3,pl_07,cr_3,2026-08-29 04:12:57.326143044,c_cmp_3_p_pl_07_cr_cr_3,synthetic
t_004282,u_01585,click,cmp_1,pl_06,cr_2,2026-08-29 04:20:01.940005068,c_cmp_1_p_pl_06_cr_cr_2,synthetic
t_004049,u_01496,click,cmp_2,pl_02,cr_2,2026-08-29 04:26:27.942607662,c_cmp_2_p_pl_02_cr_cr_2,synthetic
t_003088,u_01152,lead,cmp_0,pl_04,cr_3,2026-08-29 04:36:15.842487796,c_cmp_0_p_pl_04_cr_cr_3,synthetic
t_002502,u_00937,click,cmp_2,pl_05,cr_4,2026-08-29 04:44:35.038913114,c_cmp_2_p_pl_05_cr_cr_4,synthetic
t_003023,u_01125,click,cmp_4,pl_03,cr_0,2026-08-29 05:01:51.109774849,c_cmp_4_p_pl_03_cr_cr_0,synthetic
t_000719,u_00256,click,cmp_2,pl_05,cr_4,2026-08-29 05:31:24.829318420,c_cmp_2_p_pl_05_cr_cr_4,synthetic
t_003044,u_01132,click,cmp_4,pl_03,cr_0,2026-08-29 06:02:02.016273556,c_cmp_4_p_pl_03_cr_cr_0,synthetic
t_000002,u_00001,click,cmp_2,pl_08,cr_1,2026-08-29 06:03:21.627107201,c_cmp_2_p_pl_08_cr_cr_1,synthetic
t_004730,u_01749,click,cmp_4,pl_03,cr_0,2026-08-29 06:05:31.974451427,c_cmp_4_p_pl_03_cr_cr_0,synthetic
t_003164,u_01181,click,cmp_0,pl_01,cr_4,2026-08-29 06:21:29.707718053,c_cmp_0_p_pl_01_cr_cr_4,synthetic
t_003097,u_01154,click,cmp_3,pl_07,cr_3,2026-08-29 06:41:13.376294084,c_cmp_3_p_pl_07_cr_cr_3,synthetic
t_002751,u_01025,click,cmp_3,pl_07,cr_3,2026-08-29 06:45:08.572275669,c_cmp_3_p_pl_07_cr_cr_3,synthetic
t_003703,u_01366,click,cmp_3,pl_09,cr_0,2026-08-29 06:47:49.340603548,c_cmp_3_p_pl_09_cr_cr_0,synthetic
t_000003,u_00001,bot_start,cmp_2,pl_08,cr_1,2026-08-29 06:53:23.627107201,c_cmp_2_p_pl_08_cr_cr_1,synthetic
t_000004,u_00001,lead,cmp_2,pl_08,cr_1,2026-08-29 07:05:23.627107201,c_cmp_2_p_pl_08_cr_cr_1,synthetic
t_003763,u_01387,click,cmp_3,pl_09,cr_0,2026-08-29 07:11:34.659606003,c_cmp_3_p_pl_09_cr_cr_0,synthetic
t_005049,u_01870,click,cmp_2,pl_08,cr_1,2026-08-29 07:12:22.207220381,c_cmp_2_p_pl_08_cr_cr_1,synthetic
t_000840,u_00307,click,cmp_0,pl_04,cr_3,2026-08-29 07:15:14.686879175,c_cmp_0_p_pl_04_cr_cr_3,synthetic
t_003225,u_01198,click,cmp_0,pl_04,cr_3,2026-08-29 07:46:25.956331197,c_cmp_0_p_pl_04_cr_cr_3,synthetic
t_000261,u_00088,click,cmp_4,pl_03,cr_0,2026-08-29 07:53:28.036224907,c_cmp_4_p_pl_03_cr_cr_0,synthetic
t_003764,u_01387,bot_start,cmp_3,pl_09,cr_0,2026-08-29 07:56:59.659606003,c_cmp_3_p_pl_09_cr_cr_0,synthetic
t_002481,u_00928,click,cmp_2,pl_00,cr_0,2026-08-29 08:13:24.802196597,c_cmp_2_p_pl_00_cr_cr_0,synthetic
t_004299,u_01589,click,cmp_0,pl_01,cr_4,2026-08-29 08:25:17.683095311,c_cmp_0_p_pl_01_cr_cr_4,synthetic
t_000312,u_00108,click,cmp_1,pl_06,cr_2,2026-08-29 08:39:35.337728810,c_cmp_1_p_pl_06_cr_cr_2,synthetic
t_003765,u_01387,lead,cmp_3,pl_09,cr_0,2026-08-29 08:41:59.659606003,c_cmp_3_p_pl_09_cr_cr_0,synthetic
t_000088,u_00028,click,cmp_2,pl_08,cr_1,2026-08-29 08:56:24.326753566,c_cmp_2_p_pl_08_cr_cr_1,synthetic
t_000313,u_00108,bot_start,cmp_1,pl_06,cr_2,2026-08-29 08:59:09.337728810,c_cmp_1_p_pl_06_cr_cr_2,synthetic
t_005346,u_01986,click,cmp_2,pl_05,cr_4,2026-08-29 09:00:30.408162310,c_cmp_2_p_pl_05_cr_cr_4,synthetic
t_001132,u_00411,click,cmp_2,pl_05,cr_4,2026-08-29 09:01:02.774963840,c_cmp_2_p_pl_05_cr_cr_4,synthetic
t_001706,u_00635,click,cmp_1,pl_06,cr_2,2026-08-29 09:12:36.662857282,c_cmp_1_p_pl_06_cr_cr_2,synthetic
t_000527,u_00185,click,cmp_3,pl_07,cr_3,2026-08-29 09:12:44.222836461,c_cmp_3_p_pl_07_cr_cr_3,synthetic
t_000109,u_00035,click,cmp_2,pl_02,cr_2,2026-08-29 09:15:12.859969098,c_cmp_2_p_pl_02_cr_cr_2,synthetic
t_000330,u_00113,click,cmp_2,pl_08,cr_1,2026-08-29 09:18:45.608638513,c_cmp_2_p_pl_08_cr_cr_1,synthetic
t_004177,u_01549,click,cmp_2,pl_08,cr_1,2026-08-29 09:35:46.256271211,c_cmp_2_p_pl_08_cr_cr_1,synthetic
t_001707,u_00635,bot_start,cmp_1,pl_06,cr_2,2026-08-29 09:36:59.662857282,c_cmp_1_p_pl_06_cr_cr_2,synthetic
t_001739,u_00647,click,cmp_0,pl_04,cr_3,2026-08-29 09:48:39.921147178,c_cmp_0_p_pl_04_cr_cr_3,synthetic
t_000110,u_00035,bot_start,cmp_2,pl_02,cr_2,2026-08-29 09:53:36.859969098,c_cmp_2_p_pl_02_cr_cr_2,synthetic
t_002747,u_01024,click,cmp_0,pl_01,cr_4,2026-08-29 10:21:18.771006548,c_cmp_0_p_pl_01_cr_cr_4,synthetic
t_001610,u_00592,click,cmp_0,pl_04,cr_3,2026-08-29 10:47:57.513182619,c_cmp_0_p_pl_04_cr_cr_3,synthetic
t_002370,u_00884,click,cmp_2,pl_02,cr_2,2026-08-29 10:50:36.731929148,c_cmp_2_p_pl_02_cr_cr_2,synthetic
t_002433,u_00909,click,cmp_2,pl_02,cr_2,2026-08-29 11:03:19.959945894,c_cmp_2_p_pl_02_cr_cr_2,synthetic
t_002701,u_01008,click,cmp_4,pl_03,cr_0,2026-08-29 11:04:30.891966126,c_cmp_4_p_pl_03_cr_cr_0,synthetic
t_004082,u_01512,click,cmp_2,pl_05,cr_4,2026-08-29 11:14:09.713774419,c_cmp_2_p_pl_05_cr_cr_4,synthetic
t_001611,u_00592,bot_start,cmp_0,pl_04,cr_3,2026-08-29 11:19:11.513182619,c_cmp_0_p_pl_04_cr_cr_3,synthetic
t_002748,u_01024,bot_start,cmp_0,pl_01,cr_4,2026-08-29 11:19:58.771006548,c_cmp_0_p_pl_01_cr_cr_4,synthetic
t_004083,u_01512,bot_start,cmp_2,pl_05,cr_4,2026-08-29 11:47:31.713774419,c_cmp_2_p_pl_05_cr_cr_4,synthetic
t_003723,u_01375,click,cmp_2,pl_05,cr_4,2026-08-29 11:48:49.819865123,c_cmp_2_p_pl_05_cr_cr_4,synthetic
t_001612,u_00592,lead,cmp_0,pl_04,cr_3,2026-08-29 12:00:11.513182619,c_cmp_0_p_pl_04_cr_cr_3,synthetic
t_002702,u_01008,bot_start,cmp_4,pl_03,cr_0,2026-08-29 12:00:25.891966126,c_cmp_4_p_pl_03_cr_cr_0,synthetic
t_004084,u_01512,lead,cmp_2,pl_05,cr_4,2026-08-29 12:00:31.713774419,c_cmp_2_p_pl_05_cr_cr_4,synthetic
t_004434,u_01631,click,cmp_2,pl_02,cr_2,2026-08-29 12:17:42.986209632,c_cmp_2_p_pl_02_cr_cr_2,synthetic
t_004293,u_01588,click,cmp_3,pl_07,cr_3,2026-08-29 12:21:46.798817277,c_cmp_3_p_pl_07_cr_cr_3,synthetic
t_000697,u_00245,click,cmp_3,pl_07,cr_3,2026-08-29 12:30:30.677106057,c_cmp_3_p_pl_07_cr_cr_3,synthetic
t_004377,u_01613,click,cmp_0,pl_04,cr_3,2026-08-29 12:30:51.771345679,c_cmp_0_p_pl_04_cr_cr_3,synthetic
t_003902,u_01441,click,cmp_3,pl_07,cr_3,2026-08-29 13:01:56.370542359,c_cmp_3_p_pl_07_cr_cr_3,synthetic
t_004378,u_01613,bot_start,cmp_0,pl_04,cr_3,2026-08-29 13:02:54.771345679,c_cmp_0_p_pl_04_cr_cr_3,synthetic
t_001228,u_00449,click,cmp_2,pl_00,cr_0,2026-08-29 13:04:56.642144553,c_cmp_2_p_pl_00_cr_cr_0,synthetic
t_002644,u_00984,click,cmp_2,pl_02,cr_2,2026-08-29 13:05:16.024017422,c_cmp_2_p_pl_02_cr_cr_2,synthetic
t_002645,u_00984,bot_start,cmp_2,pl_02,cr_2,2026-08-29 13:23:52.024017422,c_cmp_2_p_pl_02_cr_cr_2,synthetic
t_003716,u_01371,click,cmp_1,pl_06,cr_2,2026-08-29 13:36:19.470010959,c_cmp_1_p_pl_06_cr_cr_2,synthetic
t_001299,u_00471,click,cmp_3,pl_07,cr_3,2026-08-29 14:06:00.297472995,c_cmp_3_p_pl_07_cr_cr_3,synthetic
t_003377,u_01251,click,cmp_0,pl_01,cr_4,2026-08-29 14:31:17.692556965,c_cmp_0_p_pl_01_cr_cr_4,synthetic
t_004243,u_01571,click,cmp_0,pl_04,cr_3,2026-08-29 14:47:24.051473416,c_cmp_0_p_pl_04_cr_cr_3,synthetic
t_003378,u_01251,bot_start,cmp_0,pl_01,cr_4,2026-08-29 14:55:36.692556965,c_cmp_0_p_pl_01_cr_cr_4,synthetic
t_002149,u_00804,click,cmp_0,pl_04,cr_3,2026-08-29 14:59:15.173608342,c_cmp_0_p_pl_04_cr_cr_3,synthetic
t_000762,u_00275,click,cmp_1,pl_06,cr_2,2026-08-29 15:10:52.152594372,c_cmp_1_p_pl_06_cr_cr_2,synthetic
t_003405,u_01264,click,cmp_2,pl_05,cr_4,2026-08-29 15:17:44.015074630,c_cmp_2_p_pl_05_cr_cr_4,synthetic
t_000763,u_00275,bot_start,cmp_1,pl_06,cr_2,2026-08-29 15:25:32.152594372,c_cmp_1_p_pl_06_cr_cr_2,synthetic
t_000238,u_00076,click,cmp_3,pl_07,cr_3,2026-08-29 15:28:07.460808870,c_cmp_3_p_pl_07_cr_cr_3,synthetic
t_001886,u_00708,click,cmp_0,pl_04,cr_3,2026-08-29 15:28:14.979417165,c_cmp_0_p_pl_04_cr_cr_3,synthetic
t_002341,u_00869,click,cmp_4,pl_03,cr_0,2026-08-29 15:32:28.615486566,c_cmp_4_p_pl_03_cr_cr_0,synthetic
t_000239,u_00076,bot_start,cmp_3,pl_07,cr_3,2026-08-29 15:37:10.460808870,c_cmp_3_p_pl_07_cr_cr_3,synthetic
t_005275,u_01956,click,cmp_1,pl_06,cr_2,2026-08-29 15:49:03.922842426,c_cmp_1_p_pl_06_cr_cr_2,synthetic
t_002582,u_00965,click,cmp_1,pl_06,cr_2,2026-08-29 16:01:29.121667453,c_cmp_1_p_pl_06_cr_cr_2,synthetic
t_004904,u_01812,click,cmp_0,pl_04,cr_3,2026-08-29 16:26:57.895562585,c_cmp_0_p_pl_04_cr_cr_3,synthetic
t_000055,u_00017,click,cmp_2,pl_02,cr_2,2026-08-29 16:30:18.154263179,c_cmp_2_p_pl_02_cr_cr_2,synthetic
t_002583,u_00965,bot_start,cmp_1,pl_06,cr_2,2026-08-29 16:45:21.121667453,c_cmp_1_p_pl_06_cr_cr_2,synthetic
t_004691,u_01732,click,cmp_2,pl_08,cr_1,2026-08-29 16:45:29.771079537,c_cmp_2_p_pl_08_cr_cr_1,synthetic
t_004136,u_01535,click,cmp_2,pl_02,cr_2,2026-08-29 16:46:14.078630322,c_cmp_2_p_pl_02_cr_cr_2,synthetic
t_000092,u_00029,click,cmp_1,pl_06,cr_2,2026-08-29 16:58:50.658206975,c_cmp_1_p_pl_06_cr_cr_2,synthetic
t_004137,u_01535,bot_start,cmp_2,pl_02,cr_2,2026-08-29 17:11:29.078630322,c_cmp_2_p_pl_02_cr_cr_2,synthetic
t_001458,u_00535,click,cmp_0,pl_01,cr_4,2026-08-29 17:11:38.718150746,c_cmp_0_p_pl_01_cr_cr_4,synthetic
t_004755,u_01757,click,cmp_2,pl_02,cr_2,2026-08-29 17:35:05.178030059,c_cmp_2_p_pl_02_cr_cr_2,synthetic
t_003445,u_01276,click,cmp_4,pl_03,cr_0,2026-08-29 17:53:18.585423038,c_cmp_4_p_pl_03_cr_cr_0,synthetic
t_002681,u_01000,click,cmp_0,pl_04,cr_3,2026-08-29 18:03:16.719128992,c_cmp_0_p_pl_04_cr_cr_3,synthetic
t_000016,u_00005,click,cmp_2,pl_00,cr_0,2026-08-29 18:19:56.975048506,c_cmp_2_p_pl_00_cr_cr_0,synthetic
t_002682,u_01000,bot_start,cmp_0,pl_04,cr_3,2026-08-29 18:44:56.719128992,c_cmp_0_p_pl_04_cr_cr_3,synthetic
t_004199,u_01556,click,cmp_0,pl_01,cr_4,2026-08-29 19:05:07.073510709,c_cmp_0_p_pl_01_cr_cr_4,synthetic
t_003791,u_01398,click,cmp_4,pl_03,cr_0,2026-08-29 19:30:41.989899014,c_cmp_4_p_pl_03_cr_cr_0,synthetic
t_003183,u_01185,click,cmp_2,pl_00,cr_0,2026-08-29 19:42:40.175807469,c_cmp_2_p_pl_00_cr_cr_0,synthetic
t_004248,u_01572,click,cmp_0,pl_01,cr_4,2026-08-29 19:46:17.755803448,c_cmp_0_p_pl_01_cr_cr_4,synthetic
t_002449,u_00915,click,cmp_0,pl_04,cr_3,2026-08-29 19:54:35.557251399,c_cmp_0_p_pl_04_cr_cr_3,synthetic
t_002450,u_00915,bot_start,cmp_0,pl_04,cr_3,2026-08-29 19:56:23.557251399,c_cmp_0_p_pl_04_cr_cr_3,synthetic
t_001122,u_00409,click,cmp_2,pl_08,cr_1,2026-08-29 19:57:08.788831058,c_cmp_2_p_pl_08_cr_cr_1,synthetic
t_002243,u_00837,click,cmp_0,pl_01,cr_4,2026-08-29 20:05:13.914219573,c_cmp_0_p_pl_01_cr_cr_4,synthetic
t_000819,u_00298,click,cmp_2,pl_05,cr_4,2026-08-29 20:12:16.403277635,c_cmp_2_p_pl_05_cr_cr_4,synthetic
t_002843,u_01058,click,cmp_2,pl_02,cr_2,2026-08-29 20:19:22.830905316,c_cmp_2_p_pl_02_cr_cr_2,synthetic
t_003557,u_01314,click,cmp_3,pl_07,cr_3,2026-08-29 20:32:39.925441705,c_cmp_3_p_pl_07_cr_cr_3,synthetic
t_003426,u_01269,click,cmp_3,pl_07,cr_3,2026-08-29 20:40:52.442523982,c_cmp_3_p_pl_07_cr_cr_3,synthetic
t_002415,u_00902,click,cmp_3,pl_07,cr_3,2026-08-29 20:52:24.283911379,c_cmp_3_p_pl_07_cr_cr_3,synthetic
t_001964,u_00734,click,cmp_3,pl_09,cr_0,2026-08-29 20:59:21.802618929,c_cmp_3_p_pl_09_cr_cr_0,synthetic
t_002416,u_00902,bot_start,cmp_3,pl_07,cr_3,2026-08-29 21:03:35.283911379,c_cmp_3_p_pl_07_cr_cr_3,synthetic
t_004292,u_01588,click,cmp_0,pl_04,cr_3,2026-08-29 21:17:54.226013165,c_cmp_0_p_pl_04_cr_cr_3,synthetic
t_000133,u_00041,click,cmp_2,pl_02,cr_2,2026-08-29 21:24:03.739662326,c_cmp_2_p_pl_02_cr_cr_2,synthetic
t_001033,u_00378,click,cmp_2,pl_02,cr_2,2026-08-29 21:34:59.330561405,c_cmp_2_p_pl_02_cr_cr_2,synthetic
t_005107,u_01899,click,cmp_2,pl_00,cr_0,2026-08-29 21:50:00.030682523,c_cmp_2_p_pl_00_cr_cr_0,synthetic
t_000000,u_00000,click,cmp_0,pl_01,cr_4,2026-08-29 21:50:07.478080790,c_cmp_0_p_pl_01_cr_cr_4,synthetic
t_002417,u_00902,lead,cmp_3,pl_07,cr_3,2026-08-29 22:00:35.283911379,c_cmp_3_p_pl_07_cr_cr_3,synthetic
t_002881,u_01073,click,cmp_2,pl_00,cr_0,2026-08-29 22:05:05.288235761,c_cmp_2_p_pl_00_cr_cr_0,synthetic
t_004789,u_01767,click,cmp_2,pl_00,cr_0,2026-08-29 22:06:39.634241297,c_cmp_2_p_pl_00_cr_cr_0,synthetic
t_005108,u_01899,bot_start,cmp_2,pl_00,cr_0,2026-08-29 22:36:01.030682523,c_cmp_2_p_pl_00_cr_cr_0,synthetic
t_003979,u_01470,click,cmp_3,pl_09,cr_0,2026-08-29 22:43:51.810290546,c_cmp_3_p_pl_09_cr_cr_0,synthetic
t_004173,u_01548,click,cmp_3,pl_09,cr_0,2026-08-29 22:55:56.226871546,c_cmp_3_p_pl_09_cr_cr_0,synthetic
t_003849,u_01423,click,cmp_2,pl_02,cr_2,2026-08-29 23:17:13.625673462,c_cmp_2_p_pl_02_cr_cr_2,synthetic
t_003480,u_01290,click,cmp_4,pl_03,cr_0,2026-08-29 23:27:29.342363477,c_cmp_4_p_pl_03_cr_cr_0,synthetic
t_003980,u_01470,bot_start,cmp_3,pl_09,cr_0,2026-08-29 23:35:55.810290546,c_cmp_3_p_pl_09_cr_cr_0,synthetic
t_003981,u_01470,lead,cmp_3,pl_09,cr_0,2026-08-29 23:53:55.810290546,c_cmp_3_p_pl_09_cr_cr_0,synthetic
t_000172,u_00055,click,cmp_3,pl_09,cr_0,2026-08-30 00:17:37.383146220,c_cmp_3_p_pl_09_cr_cr_0,synthetic
t_004116,u_01529,click,cmp_2,pl_00,cr_0,2026-08-30 00:24:30.753400303,c_cmp_2_p_pl_00_cr_cr_0,synthetic
t_004108,u_01525,click,cmp_2,pl_05,cr_4,2026-08-30 00:25:24.724880417,c_cmp_2_p_pl_05_cr_cr_4,synthetic
t_003448,u_01278,click,cmp_2,pl_08,cr_1,2026-08-30 00:43:57.176154145,c_cmp_2_p_pl_08_cr_cr_1,synthetic
t_002163,u_00808,click,cmp_4,pl_03,cr_0,2026-08-30 00:47:07.743747448,c_cmp_4_p_pl_03_cr_cr_0,synthetic
t_001201,u_00441,click,cmp_0,pl_01,cr_4,2026-08-30 00:50:54.216815217,c_cmp_0_p_pl_01_cr_cr_4,synthetic
t_001904,u_00715,click,cmp_2,pl_08,cr_1,2026-08-30 00:59:24.557690676,c_cmp_2_p_pl_08_cr_cr_1,synthetic
t_003655,u_01350,click,cmp_0,pl_01,cr_4,2026-08-30 01:08:57.972291936,c_cmp_0_p_pl_01_cr_cr_4,synthetic
t_001202,u_00441,bot_start,cmp_0,pl_01,cr_4,2026-08-30 01:18:07.216815217,c_cmp_0_p_pl_01_cr_cr_4,synthetic
t_001871,u_00703,click,cmp_1,pl_06,cr_2,2026-08-30 01:31:58.734452890,c_cmp_1_p_pl_06_cr_cr_2,synthetic
t_002286,u_00848,click,cmp_1,pl_06,cr_2,2026-08-30 01:50:32.396524099,c_cmp_1_p_pl_06_cr_cr_2,synthetic
t_001203,u_00441,lead,cmp_0,pl_01,cr_4,2026-08-30 01:53:07.216815217,c_cmp_0_p_pl_01_cr_cr_4,synthetic
t_003656,u_01350,bot_start,cmp_0,pl_01,cr_4,2026-08-30 01:56:18.972291936,c_cmp_0_p_pl_01_cr_cr_4,synthetic
t_004943,u_01828,click,cmp_2,pl_02,cr_2,2026-08-30 02:03:10.355661541,c_cmp_2_p_pl_02_cr_cr_2,synthetic
t_002086,u_00780,click,cmp_2,pl_08,cr_1,2026-08-30 02:11:03.247132188,c_cmp_2_p_pl_08_cr_cr_1,synthetic
t_004147,u_01540,click,cmp_2,pl_00,cr_0,2026-08-30 02:24:44.814009049,c_cmp_2_p_pl_00_cr_cr_0,synthetic
t_002997,u_01114,click,cmp_3,pl_07,cr_3,2026-08-30 02:25:57.336774874,c_cmp_3_p_pl_07_cr_cr_3,synthetic
t_002679,u_01000,click,cmp_2,pl_00,cr_0,2026-08-30 02:26:32.856699280,c_cmp_2_p_pl_00_cr_cr_0,synthetic
t_002680,u_01000,bot_start,cmp_2,pl_00,cr_0,2026-08-30 02:27:33.856699280,c_cmp_2_p_pl_00_cr_cr_0,synthetic
t_002760,u_01028,click,cmp_2,pl_05,cr_4,2026-08-30 02:34:28.439910958,c_cmp_2_p_pl_05_cr_cr_4,synthetic
t_000900,u_00331,click,cmp_2,pl_02,cr_2,2026-08-30 03:00:55.948193175,c_cmp_2_p_pl_02_cr_cr_2,synthetic
t_002998,u_01114,bot_start,cmp_3,pl_07,cr_3,2026-08-30 03:04:10.336774874,c_cmp_3_p_pl_07_cr_cr_3,synthetic
t_002649,u_00986,click,cmp_2,pl_02,cr_2,2026-08-30 03:16:20.774181431,c_cmp_2_p_pl_02_cr_cr_2,synthetic
t_003230,u_01199,click,cmp_2,pl_08,cr_1,2026-08-30 03:30:04.971017408,c_cmp_2_p_pl_08_cr_cr_1,synthetic
t_002071,u_00775,click,cmp_2,pl_02,cr_2,2026-08-30 03:35:33.872044773,c_cmp_2_p_pl_02_cr_cr_2,synthetic
t_001846,u_00689,click,cmp_4,pl_03,cr_0,2026-08-30 03:37:08.733605860,c_cmp_4_p_pl_03_cr_cr_0,synthetic
t_004830,u_01782,click,cmp_3,pl_07,cr_3,2026-08-30 03:45:58.464127199,c_cmp_3_p_pl_07_cr_cr_3,synthetic
t_003231,u_01199,bot_start,cmp_2,pl_08,cr_1,2026-08-30 04:16:08.971017408,c_cmp_2_p_pl_08_cr_cr_1,synthetic
t_000983,u_00364,click,cmp_2,pl_00,cr_0,2026-08-30 04:25:14.333343989,c_cmp_2_p_pl_00_cr_cr_0,synthetic
t_001727,u_00640,click,cmp_4,pl_03,cr_0,2026-08-30 04:32:55.932370137,c_cmp_4_p_pl_03_cr_cr_0,synthetic
t_000685,u_00237,click,cmp_2,pl_08,cr_1,2026-08-30 04:52:04.167271546,c_cmp_2_p_pl_08_cr_cr_1,synthetic
t_002354,u_00876,click,cmp_1,pl_06,cr_2,2026-08-30 05:07:49.243500610,c_cmp_1_p_pl_06_cr_cr_2,synthetic
t_002949,u_01099,click,cmp_4,pl_03,cr_0,2026-08-30 05:11:08.565510514,c_cmp_4_p_pl_03_cr_cr_0,synthetic
t_003328,u_01234,click,cmp_2,pl_08,cr_1,2026-08-30 05:12:05.152154635,c_cmp_2_p_pl_08_cr_cr_1,synthetic
t_002355,u_00876,bot_start,cmp_1,pl_06,cr_2,2026-08-30 05:27:55.243500610,c_cmp_1_p_pl_06_cr_cr_2,synthetic
t_001224,u_00448,click,cmp_2,pl_05,cr_4,2026-08-30 05:50:07.158819539,c_cmp_2_p_pl_05_cr_cr_4,synthetic
t_005244,u_01949,click,cmp_2,pl_00,cr_0,2026-08-30 06:19:35.945966419,c_cmp_2_p_pl_00_cr_cr_0,synthetic
t_003472,u_01286,click,cmp_0,pl_01,cr_4,2026-08-30 06:19:55.553626372,c_cmp_0_p_pl_01_cr_cr_4,synthetic
t_002929,u_01090,click,cmp_2,pl_08,cr_1,2026-08-30 06:23:30.490610970,c_cmp_2_p_pl_08_cr_cr_1,synthetic
t_000969,u_00359,click,cmp_3,pl_09,cr_0,2026-08-30 06:24:52.645646205,c_cmp_3_p_pl_09_cr_cr_0,synthetic
t_005259,u_01953,click,cmp_0,pl_04,cr_3,2026-08-30 06:25:44.547421940,c_cmp_0_p_pl_04_cr_cr_3,synthetic
t_000513,u_00181,click,cmp_0,pl_04,cr_3,2026-08-30 06:29:41.962158620,c_cmp_0_p_pl_04_cr_cr_3,synthetic
t_001461,u_00537,click,cmp_2,pl_08,cr_1,2026-08-30 06:37:41.675386232,c_cmp_2_p_pl_08_cr_cr_1,synthetic
t_002545,u_00951,click,cmp_3,pl_09,cr_0,2026-08-30 06:38:59.850900170,c_cmp_3_p_pl_09_cr_cr_0,synthetic
t_002421,u_00904,click,cmp_4,pl_03,cr_0,2026-08-30 06:55:24.790885621,c_cmp_4_p_pl_03_cr_cr_0,synthetic
t_003832,u_01416,click,cmp_3,pl_09,cr_0,2026-08-30 07:04:59.084015931,c_cmp_3_p_pl_09_cr_cr_0,synthetic
t_001055,u_00386,click,cmp_2,pl_00,cr_0,2026-08-30 07:25:46.510795758,c_cmp_2_p_pl_00_cr_cr_0,synthetic
t_002982,u_01109,click,cmp_0,pl_04,cr_3,2026-08-30 07:34:44.875882226,c_cmp_0_p_pl_04_cr_cr_3,synthetic
t_002422,u_00904,bot_start,cmp_4,pl_03,cr_0,2026-08-30 07:39:03.790885621,c_cmp_4_p_pl_03_cr_cr_0,synthetic
t_000570,u_00199,click,cmp_3,pl_09,cr_0,2026-08-30 07:43:53.402758504,c_cmp_3_p_pl_09_cr_cr_0,synthetic
t_003227,u_01198,click,cmp_0,pl_01,cr_4,2026-08-30 07:48:26.486453999,c_cmp_0_p_pl_01_cr_cr_4,synthetic
t_004174,u_01548,click,cmp_4,pl_03,cr_0,2026-08-30 07:50:35.499053335,c_cmp_4_p_pl_03_cr_cr_0,synthetic
t_004347,u_01602,click,cmp_1,pl_06,cr_2,2026-08-30 07:58:33.355736829,c_cmp_1_p_pl_06_cr_cr_2,synthetic
t_004495,u_01654,click,cmp_0,pl_01,cr_4,2026-08-30 08:03:07.387478013,c_cmp_0_p_pl_01_cr_cr_4,synthetic
t_000571,u_00199,bot_start,cmp_3,pl_09,cr_0,2026-08-30 08:03:44.402758504,c_cmp_3_p_pl_09_cr_cr_0,synthetic
t_003228,u_01198,bot_start,cmp_0,pl_01,cr_4,2026-08-30 08:07:33.486453999,c_cmp_0_p_pl_01_cr_cr_4,synthetic
t_000507,u_00178,click,cmp_0,pl_04,cr_3,2026-08-30 08:10:58.856889568,c_cmp_0_p_pl_04_cr_cr_3,synthetic
t_005010,u_01854,click,cmp_0,pl_04,cr_3,2026-08-30 08:43:44.291037217,c_cmp_0_p_pl_04_cr_cr_3,synthetic
t_004679,u_01730,click,cmp_1,pl_06,cr_2,2026-08-30 08:47:58.415925263,c_cmp_1_p_pl_06_cr_cr_2,synthetic
t_005011,u_01854,bot_start,cmp_0,pl_04,cr_3,2026-08-30 08:54:05.291037217,c_cmp_0_p_pl_04_cr_cr_3,synthetic
t_002135,u_00796,click,cmp_1,pl_06,cr_2,2026-08-30 09:02:17.092385683,c_cmp_1_p_pl_06_cr_cr_2,synthetic
t_005126,u_01904,click,cmp_4,pl_03,cr_0,2026-08-30 09:40:04.855357244,c_cmp_4_p_pl_03_cr_cr_0,synthetic
t_001895,u_00712,click,cmp_0,pl_04,cr_3,2026-08-30 09:51:45.295963033,c_cmp_0_p_pl_04_cr_cr_3,synthetic
t_005212,u_01939,click,cmp_4,pl_03,cr_0,2026-08-30 10:23:19.881965138,c_cmp_4_p_pl_03_cr_cr_0,synthetic
t_003554,u_01313,click,cmp_0,pl_04,cr_3,2026-08-30 10:41:59.710680228,c_cmp_0_p_pl_04_cr_cr_3,synthetic
t_005213,u_01939,bot_start,cmp_4,pl_03,cr_0,2026-08-30 10:58:19.881965138,c_cmp_4_p_pl_03_cr_cr_0,synthetic
t_003625,u_01341,click,cmp_2,pl_02,cr_2,2026-08-30 11:09:08.062530238,c_cmp_2_p_pl_02_cr_cr_2,synthetic
t_002076,u_00776,click,cmp_3,pl_07,cr_3,2026-08-30 11:11:43.564354911,c_cmp_3_p_pl_07_cr_cr_3,synthetic
t_002155,u_00805,click,cmp_2,pl_08,cr_1,2026-08-30 11:26:40.392242324,c_cmp_2_p_pl_08_cr_cr_1,synthetic
t_004901,u_01811,click,cmp_2,pl_08,cr_1,2026-08-30 11:45:37.087670462,c_cmp_2_p_pl_08_cr_cr_1,synthetic
t_003626,u_01341,bot_start,cmp_2,pl_02,cr_2,2026-08-30 11:59:55.062530238,c_cmp_2_p_pl_02_cr_cr_2,synthetic
t_004063,u_01503,click,cmp_2,pl_02,cr_2,2026-08-30 12:29:54.850785637,c_cmp_2_p_pl_02_cr_cr_2,synthetic
t_001672,u_00615,click,cmp_3,pl_09,cr_0,2026-08-30 12:39:33.239355454,c_cmp_3_p_pl_09_cr_cr_0,synthetic
t_003139,u_01171,click,cmp_2,pl_08,cr_1,2026-08-30 12:46:04.742370983,c_cmp_2_p_pl_08_cr_cr_1,synthetic
t_003314,u_01231,click,cmp_3,pl_09,cr_0,2026-08-30 12:48:53.452044016,c_cmp_3_p_pl_09_cr_cr_0,synthetic
t_003252,u_01207,click,cmp_1,pl_06,cr_2,2026-08-30 12:52:42.381721101,c_cmp_1_p_pl_06_cr_cr_2,synthetic
t_001511,u_00559,click,cmp_4,pl_03,cr_0,2026-08-30 12:58:18.905560633,c_cmp_4_p_pl_03_cr_cr_0,synthetic
t_003315,u_01231,bot_start,cmp_3,pl_09,cr_0,2026-08-30 13:06:47.452044016,c_cmp_3_p_pl_09_cr_cr_0,synthetic
t_003140,u_01171,bot_start,cmp_2,pl_08,cr_1,2026-08-30 13:16:52.742370983,c_cmp_2_p_pl_08_cr_cr_1,synthetic
t_001512,u_00559,bot_start,cmp_4,pl_03,cr_0,2026-08-30 13:23:26.905560633,c_cmp_4_p_pl_03_cr_cr_0,synthetic
t_003906,u_01442,click,cmp_0,pl_01,cr_4,2026-08-30 13:30:24.620511216,c_cmp_0_p_pl_01_cr_cr_4,synthetic
t_003316,u_01231,lead,cmp_3,pl_09,cr_0,2026-08-30 13:31:47.452044016,c_cmp_3_p_pl_09_cr_cr_0,synthetic
t_005110,u_01899,click,cmp_0,pl_01,cr_4,2026-08-30 13:33:49.484843752,c_cmp_0_p_pl_01_cr_cr_4,synthetic
t_000661,u_00228,click,cmp_0,pl_01,cr_4,2026-08-30 13:38:21.677752372,c_cmp_0_p_pl_01_cr_cr_4,synthetic
t_003006,u_01117,click,cmp_2,pl_05,cr_4,2026-08-30 13:39:41.319002147,c_cmp_2_p_pl_05_cr_cr_4,synthetic
t_002724,u_01014,click,cmp_0,pl_04,cr_3,2026-08-30 13:40:21.393541317,c_cmp_0_p_pl_04_cr_cr_3,synthetic
t_004704,u_01740,click,cmp_4,pl_03,cr_0,2026-08-30 13:44:04.096933956,c_cmp_4_p_pl_03_cr_cr_0,synthetic
t_004712,u_01743,click,cmp_1,pl_06,cr_2,2026-08-30 14:02:23.083084556,c_cmp_1_p_pl_06_cr_cr_2,synthetic
t_002592,u_00969,click,cmp_2,pl_05,cr_4,2026-08-30 14:17:46.484668114,c_cmp_2_p_pl_05_cr_cr_4,synthetic
t_004713,u_01743,bot_start,cmp_1,pl_06,cr_2,2026-08-30 14:38:05.083084556,c_cmp_1_p_pl_06_cr_cr_2,synthetic
t_002593,u_00969,bot_start,cmp_2,pl_05,cr_4,2026-08-30 14:41:19.484668114,c_cmp_2_p_pl_05_cr_cr_4,synthetic
t_001849,u_00691,click,cmp_2,pl_00,cr_0,2026-08-30 14:52:45.272722234,c_cmp_2_p_pl_00_cr_cr_0,synthetic
t_003325,u_01232,click,cmp_3,pl_07,cr_3,2026-08-30 14:56:48.014152858,c_cmp_3_p_pl_07_cr_cr_3,synthetic
t_004696,u_01735,click,cmp_2,pl_02,cr_2,2026-08-30 15:15:45.322898264,c_cmp_2_p_pl_02_cr_cr_2,synthetic
t_004259,u_01575,click,cmp_2,pl_02,cr_2,2026-08-30 15:20:45.322866470,c_cmp_2_p_pl_02_cr_cr_2,synthetic
t_004890,u_01807,click,cmp_1,pl_06,cr_2,2026-08-30 15:40:58.685097790,c_cmp_1_p_pl_06_cr_cr_2,synthetic
t_004365,u_01610,click,cmp_2,pl_08,cr_1,2026-08-30 15:42:53.472109887,c_cmp_2_p_pl_08_cr_cr_1,synthetic
t_004222,u_01564,click,cmp_4,pl_03,cr_0,2026-08-30 15:49:45.237873320,c_cmp_4_p_pl_03_cr_cr_0,synthetic
t_005151,u_01914,click,cmp_3,pl_07,cr_3,2026-08-30 15:50:47.460192408,c_cmp_3_p_pl_07_cr_cr_3,synthetic
t_003570,u_01319,click,cmp_0,pl_01,cr_4,2026-08-30 15:53:54.721622105,c_cmp_0_p_pl_01_cr_cr_4,synthetic
t_005252,u_01951,click,cmp_0,pl_01,cr_4,2026-08-30 16:06:33.569427038,c_cmp_0_p_pl_01_cr_cr_4,synthetic
t_001839,u_00686,click,cmp_3,pl_07,cr_3,2026-08-30 16:12:51.845321230,c_cmp_3_p_pl_07_cr_cr_3,synthetic
t_000656,u_00226,click,cmp_3,pl_07,cr_3,2026-08-30 16:17:02.445158588,c_cmp_3_p_pl_07_cr_cr_3,synthetic
t_005253,u_01951,bot_start,cmp_0,pl_01,cr_4,2026-08-30 16:23:42.569427038,c_cmp_0_p_pl_01_cr_cr_4,synthetic
t_005270,u_01955,click,cmp_2,pl_00,cr_0,2026-08-30 16:25:52.137035643,c_cmp_2_p_pl_00_cr_cr_0,synthetic
t_003479,u_01290,click,cmp_2,pl_08,cr_1,2026-08-30 16:25:58.606403523,c_cmp_2_p_pl_08_cr_cr_1,synthetic
t_000926,u_00342,click,cmp_1,pl_06,cr_2,2026-08-30 16:34:32.027636243,c_cmp_1_p_pl_06_cr_cr_2,synthetic
t_004366,u_01610,bot_start,cmp_2,pl_08,cr_1,2026-08-30 16:34:35.472109887,c_cmp_2_p_pl_08_cr_cr_1,synthetic
t_003658,u_01351,click,cmp_4,pl_03,cr_0,2026-08-30 16:35:44.148673160,c_cmp_4_p_pl_03_cr_cr_0,synthetic
t_003198,u_01189,click,cmp_3,pl_07,cr_3,2026-08-30 16:36:11.500420741,c_cmp_3_p_pl_07_cr_cr_3,synthetic
t_000657,u_00226,bot_start,cmp_3,pl_07,cr_3,2026-08-30 16:37:34.445158588,c_cmp_3_p_pl_07_cr_cr_3,synthetic
t_003659,u_01351,bot_start,cmp_4,pl_03,cr_0,2026-08-30 16:47:06.148673160,c_cmp_4_p_pl_03_cr_cr_0,synthetic
t_002001,u_00750,click,cmp_0,pl_04,cr_3,2026-08-30 16:56:57.445006134,c_cmp_0_p_pl_04_cr_cr_3,synthetic
t_002646,u_00984,click,cmp_2,pl_00,cr_0,2026-08-30 17:03:03.285750425,c_cmp_2_p_pl_00_cr_cr_0,synthetic
t_005254,u_01951,lead,cmp_0,pl_01,cr_4,2026-08-30 17:14:42.569427038,c_cmp_0_p_pl_01_cr_cr_4,synthetic
t_003660,u_01351,lead,cmp_4,pl_03,cr_0,2026-08-30 17:17:06.148673160,c_cmp_4_p_pl_03_cr_cr_0,synthetic
t_002971,u_01107,click,cmp_0,pl_01,cr_4,2026-08-30 17:49:17.427185649,c_cmp_0_p_pl_01_cr_cr_4,synthetic
t_001134,u_00412,click,cmp_2,pl_00,cr_0,2026-08-30 17:57:55.407018333,c_cmp_2_p_pl_00_cr_cr_0,synthetic
t_002664,u_00994,click,cmp_3,pl_07,cr_3,2026-08-30 18:16:48.151934043,c_cmp_3_p_pl_07_cr_cr_3,synthetic
t_003563,u_01315,click,cmp_2,pl_08,cr_1,2026-08-30 18:16:52.494891210,c_cmp_2_p_pl_08_cr_cr_1,synthetic
t_000738,u_00264,click,cmp_0,pl_01,cr_4,2026-08-30 18:18:30.434035806,c_cmp_0_p_pl_01_cr_cr_4,synthetic
t_002972,u_01107,bot_start,cmp_0,pl_01,cr_4,2026-08-30 18:21:30.427185649,c_cmp_0_p_pl_01_cr_cr_4,synthetic
t_003440,u_01274,click,cmp_2,pl_08,cr_1,2026-08-30 18:33:59.893552771,c_cmp_2_p_pl_08_cr_cr_1,synthetic
t_001242,u_00454,click,cmp_2,pl_00,cr_0,2026-08-30 18:37:34.906361982,c_cmp_2_p_pl_00_cr_cr_0,synthetic
t_001361,u_00492,click,cmp_2,pl_08,cr_1,2026-08-30 19:00:26.021051905,c_cmp_2_p_pl_08_cr_cr_1,synthetic
t_003525,u_01305,click,cmp_3,pl_07,cr_3,2026-08-30 19:13:39.258803898,c_cmp_3_p_pl_07_cr_cr_3,synthetic
t_001474,u_00539,click,cmp_3,pl_07,cr_3,2026-08-30 19:13:54.351193467,c_cmp_3_p_pl_07_cr_cr_3,synthetic
t_002856,u_01064,click,cmp_3,pl_07,cr_3,2026-08-30 19:15:32.762676808,c_cmp_3_p_pl_07_cr_cr_3,synthetic
t_002867,u_01066,click,cmp_1,pl_06,cr_2,2026-08-30 19:19:51.555967854,c_cmp_1_p_pl_06_cr_cr_2,synthetic
t_001362,u_00492,bot_start,cmp_2,pl_08,cr_1,2026-08-30 19:22:48.021051905,c_cmp_2_p_pl_08_cr_cr_1,synthetic
t_002857,u_01064,bot_start,cmp_3,pl_07,cr_3,2026-08-30 19:24:11.762676808,c_cmp_3_p_pl_07_cr_cr_3,synthetic
t_003171,u_01183,click,cmp_3,pl_09,cr_0,2026-08-30 19:39:11.186387662,c_cmp_3_p_pl_09_cr_cr_0,synthetic
t_003848,u_01422,click,cmp_3,pl_07,cr_3,2026-08-30 19:48:03.879667029,c_cmp_3_p_pl_07_cr_cr_3,synthetic
t_002868,u_01066,bot_start,cmp_1,pl_06,cr_2,2026-08-30 20:04:24.555967854,c_cmp_1_p_pl_06_cr_cr_2,synthetic
t_002463,u_00921,click,cmp_3,pl_07,cr_3,2026-08-30 20:48:35.986218663,c_cmp_3_p_pl_07_cr_cr_3,synthetic
t_003222,u_01196,click,cmp_0,pl_01,cr_4,2026-08-30 21:16:52.129142510,c_cmp_0_p_pl_01_cr_cr_4,synthetic
t_003938,u_01456,click,cmp_2,pl_05,cr_4,2026-08-30 21:20:50.127724895,c_cmp_2_p_pl_05_cr_cr_4,synthetic
t_002787,u_01040,click,cmp_2,pl_00,cr_0,2026-08-30 21:28:24.869936532,c_cmp_2_p_pl_00_cr_cr_0,synthetic
t_000945,u_00346,click,cmp_3,pl_07,cr_3,2026-08-30 21:35:08.464177261,c_cmp_3_p_pl_07_cr_cr_3,synthetic
t_003441,u_01275,click,cmp_2,pl_02,cr_2,2026-08-30 21:49:56.355794755,c_cmp_2_p_pl_02_cr_cr_2,synthetic
t_005312,u_01970,click,cmp_2,pl_02,cr_2,2026-08-30 21:50:06.218959495,c_cmp_2_p_pl_02_cr_cr_2,synthetic
t_001618,u_00593,click,cmp_2,pl_08,cr_1,2026-08-30 21:51:00.003416971,c_cmp_2_p_pl_08_cr_cr_1,synthetic
t_003442,u_01275,bot_start,cmp_2,pl_02,cr_2,2026-08-30 22:06:11.355794755,c_cmp_2_p_pl_02_cr_cr_2,synthetic
t_003327,u_01233,click,cmp_2,pl_00,cr_0,2026-08-30 22:15:08.431635269,c_cmp_2_p_pl_00_cr_cr_0,synthetic
t_001216,u_00446,click,cmp_4,pl_03,cr_0,2026-08-30 22:21:06.685790654,c_cmp_4_p_pl_03_cr_cr_0,synthetic
t_000495,u_00174,click,cmp_2,pl_08,cr_1,2026-08-30 22:47:49.090498120,c_cmp_2_p_pl_08_cr_cr_1,synthetic
t_003770,u_01389,click,cmp_3,pl_09,cr_0,2026-08-30 23:05:42.510084900,c_cmp_3_p_pl_09_cr_cr_0,synthetic
t_001816,u_00680,click,cmp_2,pl_08,cr_1,2026-08-30 23:33:57.561165850,c_cmp_2_p_pl_08_cr_cr_1,synthetic
t_003367,u_01249,click,cmp_2,pl_02,cr_2,2026-08-30 23:36:06.715070376,c_cmp_2_p_pl_02_cr_cr_2,synthetic
t_001817,u_00680,bot_start,cmp_2,pl_08,cr_1,2026-08-30 23:37:29.561165850,c_cmp_2_p_pl_08_cr_cr_1,synthetic
t_000687,u_00239,click,cmp_2,pl_08,cr_1,2026-08-30 23:47:29.896873978,c_cmp_2_p_pl_08_cr_cr_1,synthetic
t_001435,u_00524,click,cmp_0,pl_04,cr_3,2026-08-30 23:57:27.397122302,c_cmp_0_p_pl_04_cr_cr_3,synthetic
t_001369,u_00497,click,cmp_0,pl_01,cr_4,2026-08-31 00:04:45.126856768,c_cmp_0_p_pl_01_cr_cr_4,synthetic
t_003779,u_01392,click,cmp_0,pl_01,cr_4,2026-08-31 00:26:19.058547979,c_cmp_0_p_pl_01_cr_cr_4,synthetic
t_002710,u_01011,click,cmp_2,pl_02,cr_2,2026-08-31 00:29:51.928687786,c_cmp_2_p_pl_02_cr_cr_2,synthetic
t_001449,u_00529,click,cmp_2,pl_00,cr_0,2026-08-31 01:27:27.794643771,c_cmp_2_p_pl_00_cr_cr_0,synthetic
t_001574,u_00580,click,cmp_4,pl_03,cr_0,2026-08-31 01:28:40.057162134,c_cmp_4_p_pl_03_cr_cr_0,synthetic
t_005367,u_01995,click,cmp_2,pl_08,cr_1,2026-08-31 01:41:39.573661936,c_cmp_2_p_pl_08_cr_cr_1,synthetic
t_001948,u_00727,click,cmp_0,pl_01,cr_4,2026-08-31 01:42:12.614786307,c_cmp_0_p_pl_01_cr_cr_4,synthetic
t_001622,u_00596,click,cmp_3,pl_09,cr_0,2026-08-31 01:43:31.554189828,c_cmp_3_p_pl_09_cr_cr_0,synthetic
t_001623,u_00596,bot_start,cmp_3,pl_09,cr_0,2026-08-31 02:09:25.554189828,c_cmp_3_p_pl_09_cr_cr_0,synthetic
t_004407,u_01623,click,cmp_0,pl_04,cr_3,2026-08-31 02:12:04.625520366,c_cmp_0_p_pl_04_cr_cr_3,synthetic
t_002241,u_00836,click,cmp_2,pl_05,cr_4,2026-08-31 02:22:01.721029536,c_cmp_2_p_pl_05_cr_cr_4,synthetic
t_002242,u_00836,bot_start,cmp_2,pl_05,cr_4,2026-08-31 03:01:53.721029536,c_cmp_2_p_pl_05_cr_cr_4,synthetic
t_001838,u_00686,click,cmp_1,pl_06,cr_2,2026-08-31 03:05:08.500664599,c_cmp_1_p_pl_06_cr_cr_2,synthetic
t_001535,u_00569,click,cmp_2,pl_05,cr_4,2026-08-31 03:20:23.381543702,c_cmp_2_p_pl_05_cr_cr_4,synthetic
t_002483,u_00928,click,cmp_3,pl_09,cr_0,2026-08-31 03:22:01.811802306,c_cmp_3_p_pl_09_cr_cr_0,synthetic
t_002484,u_00928,bot_start,cmp_3,pl_09,cr_0,2026-08-31 03:27:17.811802306,c_cmp_3_p_pl_09_cr_cr_0,synthetic
t_000586,u_00205,click,cmp_4,pl_03,cr_0,2026-08-31 03:55:19.038128503,c_cmp_4_p_pl_03_cr_cr_0,synthetic
t_001750,u_00652,click,cmp_1,pl_06,cr_2,2026-08-31 04:10:38.068315686,c_cmp_1_p_pl_06_cr_cr_2,synthetic
t_005070,u_01881,click,cmp_2,pl_05,cr_4,2026-08-31 04:26:44.107012506,c_cmp_2_p_pl_05_cr_cr_4,synthetic
t_001683,u_00621,click,cmp_2,pl_08,cr_1,2026-08-31 04:32:47.373859045,c_cmp_2_p_pl_08_cr_cr_1,synthetic
t_000091,u_00029,click,cmp_0,pl_04,cr_3,2026-08-31 04:35:06.461273537,c_cmp_0_p_pl_04_cr_cr_3,synthetic
t_004573,u_01685,click,cmp_2,pl_00,cr_0,2026-08-31 05:19:40.838910457,c_cmp_2_p_pl_00_cr_cr_0,synthetic
t_004574,u_01685,bot_start,cmp_2,pl_00,cr_0,2026-08-31 05:29:47.838910457,c_cmp_2_p_pl_00_cr_cr_0,synthetic
t_001933,u_00723,click,cmp_4,pl_03,cr_0,2026-08-31 05:33:00.173538117,c_cmp_4_p_pl_03_cr_cr_0,synthetic
t_004706,u_01740,click,cmp_1,pl_06,cr_2,2026-08-31 06:01:20.709203561,c_cmp_1_p_pl_06_cr_cr_2,synthetic
t_000445,u_00155,click,cmp_0,pl_04,cr_3,2026-08-31 06:04:36.864072375,c_cmp_0_p_pl_04_cr_cr_3,synthetic
t_005169,u_01922,click,cmp_1,pl_06,cr_2,2026-08-31 06:12:17.006307364,c_cmp_1_p_pl_06_cr_cr_2,synthetic
t_003769,u_01389,click,cmp_4,pl_03,cr_0,2026-08-31 06:21:10.470643397,c_cmp_4_p_pl_03_cr_cr_0,synthetic
t_002546,u_00952,click,cmp_3,pl_07,cr_3,2026-08-31 06:28:31.649322264,c_cmp_3_p_pl_07_cr_cr_3,synthetic
t_002215,u_00825,click,cmp_2,pl_08,cr_1,2026-08-31 06:41:27.217829603,c_cmp_2_p_pl_08_cr_cr_1,synthetic
t_003595,u_01331,click,cmp_0,pl_04,cr_3,2026-08-31 06:48:43.342636357,c_cmp_0_p_pl_04_cr_cr_3,synthetic
t_002216,u_00825,bot_start,cmp_2,pl_08,cr_1,2026-08-31 06:51:29.217829603,c_cmp_2_p_pl_08_cr_cr_1,synthetic
t_000980,u_00364,click,cmp_2,pl_00,cr_0,2026-08-31 06:51:53.551189196,c_cmp_2_p_pl_00_cr_cr_0,synthetic
t_000981,u_00364,bot_start,cmp_2,pl_00,cr_0,2026-08-31 06:58:08.551189196,c_cmp_2_p_pl_00_cr_cr_0,synthetic
t_003212,u_01193,click,cmp_2,pl_02,cr_2,2026-08-31 07:07:34.852970224,c_cmp_2_p_pl_02_cr_cr_2,synthetic
t_002626,u_00979,click,cmp_3,pl_07,cr_3,2026-08-31 07:10:13.546484888,c_cmp_3_p_pl_07_cr_cr_3,synthetic
t_003213,u_01193,bot_start,cmp_2,pl_02,cr_2,2026-08-31 07:12:12.852970224,c_cmp_2_p_pl_02_cr_cr_2,synthetic
t_003214,u_01193,lead,cmp_2,pl_02,cr_2,2026-08-31 07:14:12.852970224,c_cmp_2_p_pl_02_cr_cr_2,synthetic
t_000237,u_00075,click,cmp_2,pl_08,cr_1,2026-08-31 07:51:33.779426960,c_cmp_2_p_pl_08_cr_cr_1,synthetic
t_001627,u_00596,click,cmp_4,pl_03,cr_0,2026-08-31 08:01:06.113476371,c_cmp_4_p_pl_03_cr_cr_0,synthetic
t_004067,u_01505,click,cmp_2,pl_00,cr_0,2026-08-31 08:16:27.707180659,c_cmp_2_p_pl_00_cr_cr_0,synthetic
t_002539,u_00949,click,cmp_0,pl_04,cr_3,2026-08-31 08:26:27.397713843,c_cmp_0_p_pl_04_cr_cr_3,synthetic
t_004213,u_01561,click,cmp_0,pl_04,cr_3,2026-08-31 08:34:43.021901006,c_cmp_0_p_pl_04_cr_cr_3,synthetic
t_000185,u_00057,click,cmp_2,pl_08,cr_1,2026-08-31 08:36:54.518425707,c_cmp_2_p_pl_08_cr_cr_1,synthetic
t_003051,u_01134,click,cmp_2,pl_00,cr_0,2026-08-31 08:45:21.074785182,c_cmp_2_p_pl_00_cr_cr_0,synthetic
t_002174,u_00812,click,cmp_2,pl_02,cr_2,2026-08-31 08:55:12.597246268,c_cmp_2_p_pl_02_cr_cr_2,synthetic
t_000828,u_00302,click,cmp_1,pl_06,cr_2,2026-08-31 08:58:12.041422291,c_cmp_1_p_pl_06_cr_cr_2,synthetic
t_004778,u_01765,click,cmp_2,pl_02,cr_2,2026-08-31 09:05:20.730722525,c_cmp_2_p_pl_02_cr_cr_2,synthetic
t_003349,u_01241,click,cmp_4,pl_03,cr_0,2026-08-31 09:21:31.726550576,c_cmp_4_p_pl_03_cr_cr_0,synthetic
t_002880,u_01072,click,cmp_3,pl_09,cr_0,2026-08-31 09:45:05.566449583,c_cmp_3_p_pl_09_cr_cr_0,synthetic
t_000811,u_00293,click,cmp_0,pl_04,cr_3,2026-08-31 09:50:38.132493282,c_cmp_0_p_pl_04_cr_cr_3,synthetic
t_005171,u_01923,click,cmp_2,pl_00,cr_0,2026-08-31 09:52:47.459773438,c_cmp_2_p_pl_00_cr_cr_0,synthetic
t_004740,u_01752,click,cmp_3,pl_09,cr_0,2026-08-31 10:05:02.894824062,c_cmp_3_p_pl_09_cr_cr_0,synthetic
t_002798,u_01043,click,cmp_2,pl_00,cr_0,2026-08-31 10:19:23.953870821,c_cmp_2_p_pl_00_cr_cr_0,synthetic
t_004741,u_01752,bot_start,cmp_3,pl_09,cr_0,2026-08-31 10:22:16.894824062,c_cmp_3_p_pl_09_cr_cr_0,synthetic
t_000287,u_00100,click,cmp_1,pl_06,cr_2,2026-08-31 10:33:13.657916108,c_cmp_1_p_pl_06_cr_cr_2,synthetic
t_002278,u_00847,click,cmp_2,pl_08,cr_1,2026-08-31 10:47:51.608228364,c_cmp_2_p_pl_08_cr_cr_1,synthetic
t_004341,u_01601,click,cmp_2,pl_00,cr_0,2026-08-31 10:53:04.901679856,c_cmp_2_p_pl_00_cr_cr_0,synthetic
t_000896,u_00329,click,cmp_3,pl_07,cr_3,2026-08-31 11:11:29.031037096,c_cmp_3_p_pl_07_cr_cr_3,synthetic
t_001314,u_00479,click,cmp_0,pl_04,cr_3,2026-08-31 11:19:49.765646613,c_cmp_0_p_pl_04_cr_cr_3,synthetic
t_001315,u_00479,bot_start,cmp_0,pl_04,cr_3,2026-08-31 11:23:25.765646613,c_cmp_0_p_pl_04_cr_cr_3,synthetic
t_001592,u_00586,click,cmp_0,pl_01,cr_4,2026-08-31 11:24:04.776620466,c_cmp_0_p_pl_01_cr_cr_4,synthetic
t_002279,u_00847,bot_start,cmp_2,pl_08,cr_1,2026-08-31 11:28:40.608228364,c_cmp_2_p_pl_08_cr_cr_1,synthetic
t_000535,u_00188,click,cmp_3,pl_07,cr_3,2026-08-31 11:42:02.891354317,c_cmp_3_p_pl_07_cr_cr_3,synthetic
t_002869,u_01066,click,cmp_0,pl_04,cr_3,2026-08-31 11:56:25.294865505,c_cmp_0_p_pl_04_cr_cr_3,synthetic
t_000388,u_00135,click,cmp_2,pl_00,cr_0,2026-08-31 12:11:32.804035721,c_cmp_2_p_pl_00_cr_cr_0,synthetic
t_005000,u_01851,click,cmp_0,pl_01,cr_4,2026-08-31 12:19:00.785453724,c_cmp_0_p_pl_01_cr_cr_4,synthetic
t_001316,u_00479,lead,cmp_0,pl_04,cr_3,2026-08-31 12:19:25.765646613,c_cmp_0_p_pl_04_cr_cr_3,synthetic
t_004212,u_01561,click,cmp_0,pl_04,cr_3,2026-08-31 12:30:26.801561036,c_cmp_0_p_pl_04_cr_cr_3,synthetic
t_001794,u_00671,click,cmp_0,pl_01,cr_4,2026-08-31 12:32:17.739862148,c_cmp_0_p_pl_01_cr_cr_4,synthetic
t_000514,u_00181,click,cmp_3,pl_07,cr_3,2026-08-31 12:40:02.329511347,c_cmp_3_p_pl_07_cr_cr_3,synthetic
t_003210,u_01192,click,cmp_0,pl_01,cr_4,2026-08-31 12:47:57.065015667,c_cmp_0_p_pl_01_cr_cr_4,synthetic
t_002913,u_01081,click,cmp_2,pl_08,cr_1,2026-08-31 13:00:25.356496272,c_cmp_2_p_pl_08_cr_cr_1,synthetic
t_003787,u_01396,click,cmp_3,pl_09,cr_0,2026-08-31 13:14:58.941091093,c_cmp_3_p_pl_09_cr_cr_0,synthetic
t_004532,u_01670,click,cmp_2,pl_05,cr_4,2026-08-31 13:39:50.216929632,c_cmp_2_p_pl_05_cr_cr_4,synthetic
t_003907,u_01442,click,cmp_2,pl_05,cr_4,2026-08-31 13:43:29.819598368,c_cmp_2_p_pl_05_cr_cr_4,synthetic
t_005128,u_01905,click,cmp_2,pl_08,cr_1,2026-08-31 13:45:33.744113005,c_cmp_2_p_pl_08_cr_cr_1,synthetic
t_004533,u_01670,bot_start,cmp_2,pl_05,cr_4,2026-08-31 14:01:56.216929632,c_cmp_2_p_pl_05_cr_cr_4,synthetic
t_001642,u_00603,click,cmp_2,pl_00,cr_0,2026-08-31 14:20:45.686824730,c_cmp_2_p_pl_00_cr_cr_0,synthetic
t_000067,u_00021,click,cmp_2,pl_05,cr_4,2026-08-31 14:27:38.451082249,c_cmp_2_p_pl_05_cr_cr_4,synthetic
t_002736,u_01018,click,cmp_0,pl_04,cr_3,2026-08-31 14:29:28.246543779,c_cmp_0_p_pl_04_cr_cr_3,synthetic
t_001725,u_00639,click,cmp_3,pl_09,cr_0,2026-08-31 14:41:26.274393677,c_cmp_3_p_pl_09_cr_cr_0,synthetic
t_001536,u_00569,click,cmp_0,pl_01,cr_4,2026-08-31 14:41:53.698952359,c_cmp_0_p_pl_01_cr_cr_4,synthetic
t_001311,u_00478,click,cmp_0,pl_01,cr_4,2026-08-31 14:58:53.961891412,c_cmp_0_p_pl_01_cr_cr_4,synthetic
t_001692,u_00627,click,cmp_2,pl_02,cr_2,2026-08-31 15:05:30.084529620,c_cmp_2_p_pl_02_cr_cr_2,synthetic
t_001930,u_00722,click,cmp_0,pl_04,cr_3,2026-08-31 15:05:47.889391475,c_cmp_0_p_pl_04_cr_cr_3,synthetic
t_004670,u_01726,click,cmp_0,pl_01,cr_4,2026-08-31 15:11:42.716382822,c_cmp_0_p_pl_01_cr_cr_4,synthetic
t_000479,u_00169,click,cmp_0,pl_01,cr_4,2026-08-31 15:24:11.919453620,c_cmp_0_p_pl_01_cr_cr_4,synthetic
t_000626,u_00218,click,cmp_2,pl_00,cr_0,2026-08-31 15:26:04.037807116,c_cmp_2_p_pl_00_cr_cr_0,synthetic
t_001537,u_00569,bot_start,cmp_0,pl_01,cr_4,2026-08-31 15:34:50.698952359,c_cmp_0_p_pl_01_cr_cr_4,synthetic
t_002656,u_00990,click,cmp_2,pl_05,cr_4,2026-08-31 15:39:43.050227312,c_cmp_2_p_pl_05_cr_cr_4,synthetic
t_000627,u_00218,bot_start,cmp_2,pl_00,cr_0,2026-08-31 15:44:13.037807116,c_cmp_2_p_pl_00_cr_cr_0,synthetic
t_001312,u_00478,bot_start,cmp_0,pl_01,cr_4,2026-08-31 15:45:41.961891412,c_cmp_0_p_pl_01_cr_cr_4,synthetic
t_001630,u_00597,click,cmp_3,pl_07,cr_3,2026-08-31 15:47:06.822003805,c_cmp_3_p_pl_07_cr_cr_3,synthetic
t_004631,u_01709,click,cmp_4,pl_03,cr_0,2026-08-31 16:06:37.459186189,c_cmp_4_p_pl_03_cr_cr_0,synthetic
t_001313,u_00478,lead,cmp_0,pl_01,cr_4,2026-08-31 16:31:41.961891412,c_cmp_0_p_pl_01_cr_cr_4,synthetic
t_002673,u_00999,click,cmp_3,pl_09,cr_0,2026-08-31 16:44:22.983512868,c_cmp_3_p_pl_09_cr_cr_0,synthetic
t_001631,u_00597,bot_start,cmp_3,pl_07,cr_3,2026-08-31 16:44:33.822003805,c_cmp_3_p_pl_07_cr_cr_3,synthetic
t_002414,u_00902,click,cmp_2,pl_08,cr_1,2026-08-31 16:51:29.198333646,c_cmp_2_p_pl_08_cr_cr_1,synthetic
t_001597,u_00587,click,cmp_1,pl_06,cr_2,2026-08-31 16:52:44.102494438,c_cmp_1_p_pl_06_cr_cr_2,synthetic
t_004300,u_01590,click,cmp_0,pl_01,cr_4,2026-08-31 16:54:49.781717697,c_cmp_0_p_pl_01_cr_cr_4,synthetic
t_005311,u_01970,click,cmp_3,pl_07,cr_3,2026-08-31 17:12:33.466246189,c_cmp_3_p_pl_07_cr_cr_3,synthetic
t_000299,u_00104,click,cmp_1,pl_06,cr_2,2026-08-31 17:39:40.800972623,c_cmp_1_p_pl_06_cr_cr_2,synthetic
t_005309,u_01968,click,cmp_2,pl_00,cr_0,2026-08-31 17:51:48.294160473,c_cmp_2_p_pl_00_cr_cr_0,synthetic
t_000177,u_00056,click,cmp_2,pl_08,cr_1,2026-08-31 17:59:07.374071466,c_cmp_2_p_pl_08_cr_cr_1,synthetic
t_004270,u_01579,click,cmp_2,pl_08,cr_1,2026-08-31 18:47:10.915673367,c_cmp_2_p_pl_08_cr_cr_1,synthetic
t_000767,u_00277,click,cmp_3,pl_07,cr_3,2026-08-31 18:53:44.781214961,c_cmp_3_p_pl_07_cr_cr_3,synthetic
t_001029,u_00376,click,cmp_4,pl_03,cr_0,2026-08-31 19:10:31.846449634,c_cmp_4_p_pl_03_cr_cr_0,synthetic
t_003558,u_01314,click,cmp_2,pl_08,cr_1,2026-08-31 19:18:02.717936279,c_cmp_2_p_pl_08_cr_cr_1,synthetic
t_004523,u_01666,click,cmp_2,pl_08,cr_1,2026-08-31 19:22:10.006908088,c_cmp_2_p_pl_08_cr_cr_1,synthetic
t_004065,u_01504,click,cmp_2,pl_08,cr_1,2026-08-31 19:29:33.396119675,c_cmp_2_p_pl_08_cr_cr_1,synthetic
t_000458,u_00159,click,cmp_4,pl_03,cr_0,2026-08-31 19:34:52.571268962,c_cmp_4_p_pl_03_cr_cr_0,synthetic
t_004682,u_01731,click,cmp_2,pl_08,cr_1,2026-08-31 19:35:39.086390435,c_cmp_2_p_pl_08_cr_cr_1,synthetic
t_004156,u_01542,click,cmp_2,pl_00,cr_0,2026-08-31 19:40:07.581985479,c_cmp_2_p_pl_00_cr_cr_0,synthetic
t_001095,u_00399,click,cmp_2,pl_02,cr_2,2026-08-31 19:43:55.384843108,c_cmp_2_p_pl_02_cr_cr_2,synthetic
t_001671,u_00614,click,cmp_0,pl_01,cr_4,2026-08-31 19:53:55.628981103,c_cmp_0_p_pl_01_cr_cr_4,synthetic
t_004157,u_01542,bot_start,cmp_2,pl_00,cr_0,2026-08-31 19:59:57.581985479,c_cmp_2_p_pl_00_cr_cr_0,synthetic
t_002473,u_00924,click,cmp_2,pl_05,cr_4,2026-08-31 20:05:07.759280278,c_cmp_2_p_pl_05_cr_cr_4,synthetic
t_003559,u_01314,bot_start,cmp_2,pl_08,cr_1,2026-08-31 20:05:49.717936279,c_cmp_2_p_pl_08_cr_cr_1,synthetic
t_002474,u_00924,bot_start,cmp_2,pl_05,cr_4,2026-08-31 20:32:37.759280278,c_cmp_2_p_pl_05_cr_cr_4,synthetic
t_004752,u_01756,click,cmp_2,pl_02,cr_2,2026-08-31 20:37:07.313010030,c_cmp_2_p_pl_02_cr_cr_2,synthetic
t_003699,u_01363,click,cmp_4,pl_03,cr_0,2026-08-31 20:45:32.855902575,c_cmp_4_p_pl_03_cr_cr_0,synthetic
t_003933,u_01453,click,cmp_1,pl_06,cr_2,2026-08-31 20:48:48.694489641,c_cmp_1_p_pl_06_cr_cr_2,synthetic
t_004158,u_01542,lead,cmp_2,pl_00,cr_0,2026-08-31 20:54:57.581985479,c_cmp_2_p_pl_00_cr_cr_0,synthetic
t_001547,u_00572,click,cmp_0,pl_01,cr_4,2026-08-31 20:56:20.179138306,c_cmp_0_p_pl_01_cr_cr_4,synthetic
t_001520,u_00562,click,cmp_2,pl_08,cr_1,2026-08-31 20:59:28.785077104,c_cmp_2_p_pl_08_cr_cr_1,synthetic
t_002735,u_01018,click,cmp_0,pl_04,cr_3,2026-08-31 21:13:34.872072185,c_cmp_0_p_pl_04_cr_cr_3,synthetic
t_003569,u_01318,click,cmp_4,pl_03,cr_0,2026-08-31 21:21:39.773977150,c_cmp_4_p_pl_03_cr_cr_0,synthetic
t_003069,u_01143,click,cmp_4,pl_03,cr_0,2026-08-31 21:41:14.194228586,c_cmp_4_p_pl_03_cr_cr_0,synthetic
t_004540,u_01672,click,cmp_2,pl_08,cr_1,2026-08-31 21:42:00.207790048,c_cmp_2_p_pl_08_cr_cr_1,synthetic
t_002737,u_01018,click,cmp_1,pl_06,cr_2,2026-08-31 21:44:53.158701812,c_cmp_1_p_pl_06_cr_cr_2,synthetic
t_005374,u_01997,click,cmp_2,pl_02,cr_2,2026-08-31 21:50:59.267288405,c_cmp_2_p_pl_02_cr_cr_2,synthetic
t_005034,u_01866,click,cmp_0,pl_04,cr_3,2026-08-31 21:54:45.279430821,c_cmp_0_p_pl_04_cr_cr_3,synthetic
t_000481,u_00171,click,cmp_2,pl_02,cr_2,2026-08-31 22:03:39.408255733,c_cmp_2_p_pl_02_cr_cr_2,synthetic
t_003511,u_01299,click,cmp_3,pl_07,cr_3,2026-08-31 22:03:45.452764391,c_cmp_3_p_pl_07_cr_cr_3,synthetic
t_004214,u_01562,click,cmp_0,pl_04,cr_3,2026-08-31 22:11:21.044216663,c_cmp_0_p_pl_04_cr_cr_3,synthetic
t_004541,u_01672,bot_start,cmp_2,pl_08,cr_1,2026-08-31 22:35:25.207790048,c_cmp_2_p_pl_08_cr_cr_1,synthetic
t_005059,u_01875,click,cmp_0,pl_01,cr_4,2026-08-31 22:41:39.584168682,c_cmp_0_p_pl_01_cr_cr_4,synthetic
t_004507,u_01659,click,cmp_1,pl_06,cr_2,2026-08-31 22:42:14.893002185,c_cmp_1_p_pl_06_cr_cr_2,synthetic
t_002437,u_00910,click,cmp_1,pl_06,cr_2,2026-08-31 22:43:33.322717279,c_cmp_1_p_pl_06_cr_cr_2,synthetic
t_000158,u_00049,click,cmp_0,pl_01,cr_4,2026-08-31 22:43:59.496390239,c_cmp_0_p_pl_01_cr_cr_4,synthetic
t_000482,u_00171,bot_start,cmp_2,pl_02,cr_2,2026-08-31 22:47:34.408255733,c_cmp_2_p_pl_02_cr_cr_2,synthetic
t_003512,u_01299,bot_start,cmp_3,pl_07,cr_3,2026-08-31 22:59:54.452764391,c_cmp_3_p_pl_07_cr_cr_3,synthetic
t_002404,u_00896,click,cmp_3,pl_07,cr_3,2026-08-31 23:16:20.734510283,c_cmp_3_p_pl_07_cr_cr_3,synthetic
t_003129,u_01169,click,cmp_3,pl_07,cr_3,2026-08-31 23:22:16.274883393,c_cmp_3_p_pl_07_cr_cr_3,synthetic
t_000715,u_00253,click,cmp_2,pl_08,cr_1,2026-08-31 23:23:41.462866591,c_cmp_2_p_pl_08_cr_cr_1,synthetic
t_000730,u_00260,click,cmp_1,pl_06,cr_2,2026-08-31 23:26:07.004586660,c_cmp_1_p_pl_06_cr_cr_2,synthetic
t_004542,u_01672,lead,cmp_2,pl_08,cr_1,2026-08-31 23:27:25.207790048,c_cmp_2_p_pl_08_cr_cr_1,synthetic
t_003513,u_01299,lead,cmp_3,pl_07,cr_3,2026-08-31 23:43:54.452764391,c_cmp_3_p_pl_07_cr_cr_3,synthetic
t_001309,u_00478,click,cmp_1,pl_06,cr_2,2026-08-31 23:47:09.925688626,c_cmp_1_p_pl_06_cr_cr_2,synthetic
t_005338,u_01985,click,cmp_0,pl_04,cr_3,2026-08-31 23:48:43.131952221,c_cmp_0_p_pl_04_cr_cr_3,synthetic
t_002172,u_00812,click,cmp_4,pl_03,cr_0,2026-09-01 00:04:35.840116700,c_cmp_4_p_pl_03_cr_cr_0,synthetic
t_002762,u_01030,click,cmp_0,pl_04,cr_3,2026-09-01 00:05:14.948922110,c_cmp_0_p_pl_04_cr_cr_3,synthetic
t_001104,u_00401,click,cmp_2,pl_05,cr_4,2026-09-01 00:08:40.250079484,c_cmp_2_p_pl_05_cr_cr_4,synthetic
t_001271,u_00461,click,cmp_3,pl_07,cr_3,2026-09-01 00:09:34.078741173,c_cmp_3_p_pl_07_cr_cr_3,synthetic
t_002492,u_00931,click,cmp_3,pl_09,cr_0,2026-09-01 00:10:14.079818474,c_cmp_3_p_pl_09_cr_cr_0,synthetic
t_001936,u_00724,click,cmp_0,pl_01,cr_4,2026-09-01 00:32:49.579775699,c_cmp_0_p_pl_01_cr_cr_4,synthetic
t_001310,u_00478,bot_start,cmp_1,pl_06,cr_2,2026-09-01 00:38:05.925688626,c_cmp_1_p_pl_06_cr_cr_2,synthetic
t_004093,u_01519,click,cmp_2,pl_00,cr_0,2026-09-01 01:06:00.482284913,c_cmp_2_p_pl_00_cr_cr_0,synthetic
t_001120,u_00407,click,cmp_3,pl_09,cr_0,2026-09-01 01:07:21.798614901,c_cmp_3_p_pl_09_cr_cr_0,synthetic
t_001515,u_00560,click,cmp_3,pl_07,cr_3,2026-09-01 01:52:17.203260886,c_cmp_3_p_pl_07_cr_cr_3,synthetic
t_001911,u_00716,click,cmp_2,pl_02,cr_2,2026-09-01 01:58:43.974384042,c_cmp_2_p_pl_02_cr_cr_2,synthetic
t_003504,u_01298,click,cmp_2,pl_08,cr_1,2026-09-01 02:16:07.569359005,c_cmp_2_p_pl_08_cr_cr_1,synthetic
t_002879,u_01071,click,cmp_3,pl_07,cr_3,2026-09-01 02:26:57.374509869,c_cmp_3_p_pl_07_cr_cr_3,synthetic
t_001720,u_00637,click,cmp_0,pl_01,cr_4,2026-09-01 02:35:21.700108825,c_cmp_0_p_pl_01_cr_cr_4,synthetic
t_000493,u_00174,click,cmp_2,pl_08,cr_1,2026-09-01 02:51:02.133814493,c_cmp_2_p_pl_08_cr_cr_1,synthetic
t_000789,u_00283,click,cmp_2,pl_02,cr_2,2026-09-01 02:52:00.084750900,c_cmp_2_p_pl_02_cr_cr_2,synthetic
t_000272,u_00094,click,cmp_0,pl_01,cr_4,2026-09-01 02:53:35.861671331,c_cmp_0_p_pl_01_cr_cr_4,synthetic
t_001398,u_00510,click,cmp_2,pl_08,cr_1,2026-09-01 02:56:37.471238389,c_cmp_2_p_pl_08_cr_cr_1,synthetic
t_000494,u_00174,bot_start,cmp_2,pl_08,cr_1,2026-09-01 02:58:46.133814493,c_cmp_2_p_pl_08_cr_cr_1,synthetic
t_001733,u_00644,click,cmp_3,pl_07,cr_3,2026-09-01 03:07:28.030085318,c_cmp_3_p_pl_07_cr_cr_3,synthetic
t_001308,u_00477,click,cmp_3,pl_07,cr_3,2026-09-01 03:08:33.575357917,c_cmp_3_p_pl_07_cr_cr_3,synthetic
t_003158,u_01178,click,cmp_0,pl_04,cr_3,2026-09-01 03:09:37.505372200,c_cmp_0_p_pl_04_cr_cr_3,synthetic
t_005050,u_01871,click,cmp_0,pl_04,cr_3,2026-09-01 03:35:15.228889705,c_cmp_0_p_pl_04_cr_cr_3,synthetic
t_002686,u_01001,click,cmp_0,pl_04,cr_3,2026-09-01 03:42:22.789263453,c_cmp_0_p_pl_04_cr_cr_3,synthetic
t_000912,u_00336,click,cmp_2,pl_00,cr_0,2026-09-01 03:43:34.484919958,c_cmp_2_p_pl_00_cr_cr_0,synthetic
t_004150,u_01540,click,cmp_4,pl_03,cr_0,2026-09-01 05:12:26.641103281,c_cmp_4_p_pl_03_cr_cr_0,synthetic
t_000164,u_00051,click,cmp_2,pl_02,cr_2,2026-09-01 05:27:28.371265566,c_cmp_2_p_pl_02_cr_cr_2,synthetic
t_002790,u_01041,click,cmp_2,pl_00,cr_0,2026-09-01 05:34:23.681721343,c_cmp_2_p_pl_00_cr_cr_0,synthetic
t_005351,u_01990,click,cmp_1,pl_06,cr_2,2026-09-01 05:43:12.710520269,c_cmp_1_p_pl_06_cr_cr_2,synthetic
t_002327,u_00862,click,cmp_0,pl_04,cr_3,2026-09-01 05:49:55.318988162,c_cmp_0_p_pl_04_cr_cr_3,synthetic
t_005175,u_01925,click,cmp_2,pl_02,cr_2,2026-09-01 06:01:41.505496563,c_cmp_2_p_pl_02_cr_cr_2,synthetic
t_000165,u_00051,bot_start,cmp_2,pl_02,cr_2,2026-09-01 06:11:06.371265566,c_cmp_2_p_pl_02_cr_cr_2,synthetic
t_003522,u_01304,click,cmp_1,pl_06,cr_2,2026-09-01 06:16:46.509088219,c_cmp_1_p_pl_06_cr_cr_2,synthetic
t_003273,u_01215,click,cmp_0,pl_04,cr_3,2026-09-01 06:17:57.906288167,c_cmp_0_p_pl_04_cr_cr_3,synthetic
t_002389,u_00893,click,cmp_0,pl_01,cr_4,2026-09-01 06:21:41.076185009,c_cmp_0_p_pl_01_cr_cr_4,synthetic
t_000693,u_00241,click,cmp_2,pl_02,cr_2,2026-09-01 06:29:58.327577181,c_cmp_2_p_pl_02_cr_cr_2,synthetic
t_000683,u_00237,click,cmp_0,pl_04,cr_3,2026-09-01 06:37:07.645537717,c_cmp_0_p_pl_04_cr_cr_3,synthetic
t_004750,u_01754,click,cmp_2,pl_02,cr_2,2026-09-01 06:44:55.040395737,c_cmp_2_p_pl_02_cr_cr_2,synthetic
t_000684,u_00237,bot_start,cmp_0,pl_04,cr_3,2026-09-01 06:53:59.645537717,c_cmp_0_p_pl_04_cr_cr_3,synthetic
t_004432,u_01631,click,cmp_1,pl_06,cr_2,2026-09-01 06:59:56.291715306,c_cmp_1_p_pl_06_cr_cr_2,synthetic
t_000640,u_00221,click,cmp_2,pl_02,cr_2,2026-09-01 07:06:14.179983091,c_cmp_2_p_pl_02_cr_cr_2,synthetic
t_004433,u_01631,bot_start,cmp_1,pl_06,cr_2,2026-09-01 07:07:15.291715306,c_cmp_1_p_pl_06_cr_cr_2,synthetic
t_000007,u_00002,click,cmp_2,pl_00,cr_0,2026-09-01 07:19:08.347387550,c_cmp_2_p_pl_00_cr_cr_0,synthetic
t_005064,u_01878,click,cmp_2,pl_00,cr_0,2026-09-01 07:43:50.523690280,c_cmp_2_p_pl_00_cr_cr_0,synthetic
t_004368,u_01611,click,cmp_1,pl_06,cr_2,2026-09-01 07:54:15.318878639,c_cmp_1_p_pl_06_cr_cr_2,synthetic
t_004900,u_01810,click,cmp_1,pl_06,cr_2,2026-09-01 08:47:12.106461171,c_cmp_1_p_pl_06_cr_cr_2,synthetic
t_003281,u_01218,click,cmp_3,pl_09,cr_0,2026-09-01 09:39:54.286382723,c_cmp_3_p_pl_09_cr_cr_0,synthetic
t_002923,u_01088,click,cmp_2,pl_02,cr_2,2026-09-01 09:46:03.958013148,c_cmp_2_p_pl_02_cr_cr_2,synthetic
t_002275,u_00846,click,cmp_4,pl_03,cr_0,2026-09-01 10:17:49.290702816,c_cmp_4_p_pl_03_cr_cr_0,synthetic
t_005029,u_01864,click,cmp_2,pl_05,cr_4,2026-09-01 10:24:57.580104160,c_cmp_2_p_pl_05_cr_cr_4,synthetic
t_001133,u_00411,click,cmp_2,pl_02,cr_2,2026-09-01 10:26:35.121940411,c_cmp_2_p_pl_02_cr_cr_2,synthetic
t_002122,u_00790,click,cmp_0,pl_01,cr_4,2026-09-01 10:54:08.619126116,c_cmp_0_p_pl_01_cr_cr_4,synthetic
t_000542,u_00190,click,cmp_2,pl_05,cr_4,2026-09-01 11:05:14.683894154,c_cmp_2_p_pl_05_cr_cr_4,synthetic
t_002200,u_00820,click,cmp_3,pl_07,cr_3,2026-09-01 11:50:31.828544414,c_cmp_3_p_pl_07_cr_cr_3,synthetic
t_000505,u_00177,click,cmp_1,pl_06,cr_2,2026-09-01 11:55:53.345357815,c_cmp_1_p_pl_06_cr_cr_2,synthetic
t_003755,u_01386,click,cmp_0,pl_04,cr_3,2026-09-01 12:20:19.060325948,c_cmp_0_p_pl_04_cr_cr_3,synthetic
t_003667,u_01353,click,cmp_2,pl_08,cr_1,2026-09-01 12:27:39.039632860,c_cmp_2_p_pl_08_cr_cr_1,synthetic
t_005315,u_01973,click,cmp_2,pl_00,cr_0,2026-09-01 12:52:24.578490112,c_cmp_2_p_pl_00_cr_cr_0,synthetic
t_004113,u_01527,click,cmp_0,pl_01,cr_4,2026-09-01 13:07:15.472189032,c_cmp_0_p_pl_01_cr_cr_4,synthetic
t_004710,u_01742,click,cmp_3,pl_07,cr_3,2026-09-01 13:09:32.592819864,c_cmp_3_p_pl_07_cr_cr_3,synthetic
t_000673,u_00234,click,cmp_1,pl_06,cr_2,2026-09-01 13:24:43.776969861,c_cmp_1_p_pl_06_cr_cr_2,synthetic
t_004114,u_01527,bot_start,cmp_0,pl_01,cr_4,2026-09-01 13:26:35.472189032,c_cmp_0_p_pl_01_cr_cr_4,synthetic
t_001731,u_00643,click,cmp_0,pl_01,cr_4,2026-09-01 13:28:00.684155856,c_cmp_0_p_pl_01_cr_cr_4,synthetic
t_002809,u_01046,click,cmp_3,pl_07,cr_3,2026-09-01 13:28:11.205047940,c_cmp_3_p_pl_07_cr_cr_3,synthetic
t_003620,u_01340,click,cmp_3,pl_09,cr_0,2026-09-01 13:47:11.365871137,c_cmp_3_p_pl_09_cr_cr_0,synthetic
t_003621,u_01340,bot_start,cmp_3,pl_09,cr_0,2026-09-01 13:59:41.365871137,c_cmp_3_p_pl_09_cr_cr_0,synthetic
t_003789,u_01398,click,cmp_2,pl_02,cr_2,2026-09-01 14:02:29.777539981,c_cmp_2_p_pl_02_cr_cr_2,synthetic
t_002029,u_00761,click,cmp_2,pl_00,cr_0,2026-09-01 14:09:05.056578082,c_cmp_2_p_pl_00_cr_cr_0,synthetic
t_001942,u_00726,click,cmp_2,pl_02,cr_2,2026-09-01 14:25:11.679060085,c_cmp_2_p_pl_02_cr_cr_2,synthetic
t_001257,u_00459,click,cmp_0,pl_04,cr_3,2026-09-01 14:25:16.893328754,c_cmp_0_p_pl_04_cr_cr_3,synthetic
t_003622,u_01340,lead,cmp_3,pl_09,cr_0,2026-09-01 14:31:41.365871137,c_cmp_3_p_pl_09_cr_cr_0,synthetic
t_004664,u_01723,click,cmp_1,pl_06,cr_2,2026-09-01 14:35:23.737028006,c_cmp_1_p_pl_06_cr_cr_2,synthetic
t_002030,u_00761,bot_start,cmp_2,pl_00,cr_0,2026-09-01 14:44:12.056578082,c_cmp_2_p_pl_00_cr_cr_0,synthetic
t_005124,u_01904,click,cmp_2,pl_05,cr_4,2026-09-01 14:50:53.371485069,c_cmp_2_p_pl_05_cr_cr_4,synthetic
t_002083,u_00779,click,cmp_2,pl_08,cr_1,2026-09-01 14:58:04.833339357,c_cmp_2_p_pl_08_cr_cr_1,synthetic
t_001258,u_00459,bot_start,cmp_0,pl_04,cr_3,2026-09-01 14:58:57.893328754,c_cmp_0_p_pl_04_cr_cr_3,synthetic
t_003151,u_01175,click,cmp_4,pl_03,cr_0,2026-09-01 15:02:12.611175357,c_cmp_4_p_pl_03_cr_cr_0,synthetic
t_000184,u_00057,click,cmp_2,pl_05,cr_4,2026-09-01 15:03:50.278620399,c_cmp_2_p_pl_05_cr_cr_4,synthetic
t_002642,u_00984,click,cmp_0,pl_04,cr_3,2026-09-01 15:18:39.434472174,c_cmp_0_p_pl_04_cr_cr_3,synthetic
t_001943,u_00726,bot_start,cmp_2,pl_02,cr_2,2026-09-01 15:19:11.679060085,c_cmp_2_p_pl_02_cr_cr_2,synthetic
t_001491,u_00550,click,cmp_1,pl_06,cr_2,2026-09-01 15:20:00.198100622,c_cmp_1_p_pl_06_cr_cr_2,synthetic
t_002643,u_00984,bot_start,cmp_0,pl_04,cr_3,2026-09-01 16:07:25.434472174,c_cmp_0_p_pl_04_cr_cr_3,synthetic
t_004233,u_01567,click,cmp_1,pl_06,cr_2,2026-09-01 16:08:19.989606464,c_cmp_1_p_pl_06_cr_cr_2,synthetic
t_001944,u_00726,lead,cmp_2,pl_02,cr_2,2026-09-01 16:15:11.679060085,c_cmp_2_p_pl_02_cr_cr_2,synthetic
t_004626,u_01708,click,cmp_0,pl_01,cr_4,2026-09-01 16:37:42.074744250,c_cmp_0_p_pl_01_cr_cr_4,synthetic
t_001594,u_00586,click,cmp_3,pl_07,cr_3,2026-09-01 16:44:08.924270095,c_cmp_3_p_pl_07_cr_cr_3,synthetic
t_002388,u_00892,click,cmp_3,pl_09,cr_0,2026-09-01 16:46:53.915776761,c_cmp_3_p_pl_09_cr_cr_0,synthetic
t_001401,u_00512,click,cmp_0,pl_01,cr_4,2026-09-01 16:50:40.282266418,c_cmp_0_p_pl_01_cr_cr_4,synthetic
t_004443,u_01635,click,cmp_3,pl_09,cr_0,2026-09-01 17:09:35.467363386,c_cmp_3_p_pl_09_cr_cr_0,synthetic
t_004627,u_01708,bot_start,cmp_0,pl_01,cr_4,2026-09-01 17:13:23.074744250,c_cmp_0_p_pl_01_cr_cr_4,synthetic
t_004271,u_01580,click,cmp_2,pl_00,cr_0,2026-09-01 17:16:50.918698925,c_cmp_2_p_pl_00_cr_cr_0,synthetic
t_003458,u_01280,click,cmp_2,pl_02,cr_2,2026-09-01 17:24:19.146966606,c_cmp_2_p_pl_02_cr_cr_2,synthetic
t_002775,u_01037,click,cmp_2,pl_05,cr_4,2026-09-01 17:40:35.923315256,c_cmp_2_p_pl_05_cr_cr_4,synthetic
t_004628,u_01708,lead,cmp_0,pl_01,cr_4,2026-09-01 17:44:23.074744250,c_cmp_0_p_pl_01_cr_cr_4,synthetic
t_002776,u_01037,bot_start,cmp_2,pl_05,cr_4,2026-09-01 17:48:37.923315256,c_cmp_2_p_pl_05_cr_cr_4,synthetic
t_002584,u_00965,click,cmp_3,pl_09,cr_0,2026-09-01 17:51:59.378806313,c_cmp_3_p_pl_09_cr_cr_0,synthetic
t_001766,u_00657,click,cmp_3,pl_09,cr_0,2026-09-01 18:08:07.370715032,c_cmp_3_p_pl_09_cr_cr_0,synthetic
t_002353,u_00875,click,cmp_2,pl_00,cr_0,2026-09-01 18:10:33.900762494,c_cmp_2_p_pl_00_cr_cr_0,synthetic
t_004272,u_01580,bot_start,cmp_2,pl_00,cr_0,2026-09-01 18:12:50.918698925,c_cmp_2_p_pl_00_cr_cr_0,synthetic
t_004601,u_01698,click,cmp_1,pl_06,cr_2,2026-09-01 18:14:23.383360083,c_cmp_1_p_pl_06_cr_cr_2,synthetic
t_002019,u_00755,click,cmp_0,pl_04,cr_3,2026-09-01 18:19:29.083380289,c_cmp_0_p_pl_04_cr_cr_3,synthetic
t_004215,u_01562,click,cmp_1,pl_06,cr_2,2026-09-01 18:27:49.414855706,c_cmp_1_p_pl_06_cr_cr_2,synthetic
t_002529,u_00946,click,cmp_3,pl_09,cr_0,2026-09-01 18:32:15.911721694,c_cmp_3_p_pl_09_cr_cr_0,synthetic
t_002777,u_01037,lead,cmp_2,pl_05,cr_4,2026-09-01 18:32:37.923315256,c_cmp_2_p_pl_05_cr_cr_4,synthetic
t_002530,u_00946,bot_start,cmp_3,pl_09,cr_0,2026-09-01 18:33:50.911721694,c_cmp_3_p_pl_09_cr_cr_0,synthetic
t_003175,u_01184,click,cmp_4,pl_03,cr_0,2026-09-01 18:47:40.540771128,c_cmp_4_p_pl_03_cr_cr_0,synthetic
t_005282,u_01959,click,cmp_1,pl_06,cr_2,2026-09-01 19:03:46.242324559,c_cmp_1_p_pl_06_cr_cr_2,synthetic
t_005138,u_01909,click,cmp_4,pl_03,cr_0,2026-09-01 19:22:42.432945206,c_cmp_4_p_pl_03_cr_cr_0,synthetic
t_004372,u_01611,click,cmp_2,pl_05,cr_4,2026-09-01 19:51:29.030545163,c_cmp_2_p_pl_05_cr_cr_4,synthetic
t_002379,u_00888,click,cmp_3,pl_07,cr_3,2026-09-01 20:34:37.860120486,c_cmp_3_p_pl_07_cr_cr_3,synthetic
t_003696,u_01362,click,cmp_2,pl_05,cr_4,2026-09-01 20:38:16.994839769,c_cmp_2_p_pl_05_cr_cr_4,synthetic
t_000107,u_00034,click,cmp_4,pl_03,cr_0,2026-09-01 20:54:27.815729545,c_cmp_4_p_pl_03_cr_cr_0,synthetic
t_005093,u_01893,click,cmp_2,pl_08,cr_1,2026-09-01 21:07:39.971860959,c_cmp_2_p_pl_08_cr_cr_1,synthetic
t_004135,u_01535,click,cmp_3,pl_09,cr_0,2026-09-01 21:11:49.664727999,c_cmp_3_p_pl_09_cr_cr_0,synthetic
t_004663,u_01723,click,cmp_4,pl_03,cr_0,2026-09-01 21:26:05.372386070,c_cmp_4_p_pl_03_cr_cr_0,synthetic
t_002333,u_00866,click,cmp_3,pl_07,cr_3,2026-09-01 21:33:27.597263584,c_cmp_3_p_pl_07_cr_cr_3,synthetic
t_003053,u_01136,click,cmp_3,pl_07,cr_3,2026-09-01 21:55:33.951393315,c_cmp_3_p_pl_07_cr_cr_3,synthetic
t_000455,u_00158,click,cmp_0,pl_04,cr_3,2026-09-01 22:36:12.749032087,c_cmp_0_p_pl_04_cr_cr_3,synthetic
t_001025,u_00375,click,cmp_3,pl_09,cr_0,2026-09-01 22:40:05.246656178,c_cmp_3_p_pl_09_cr_cr_0,synthetic
t_000904,u_00333,click,cmp_1,pl_06,cr_2,2026-09-01 23:09:37.014082331,c_cmp_1_p_pl_06_cr_cr_2,synthetic
t_001919,u_00719,click,cmp_0,pl_01,cr_4,2026-09-01 23:10:39.548572095,c_cmp_0_p_pl_01_cr_cr_4,synthetic
t_000253,u_00083,click,cmp_2,pl_00,cr_0,2026-09-01 23:16:06.943667388,c_cmp_2_p_pl_00_cr_cr_0,synthetic
t_001920,u_00719,bot_start,cmp_0,pl_01,cr_4,2026-09-01 23:31:27.548572095,c_cmp_0_p_pl_01_cr_cr_4,synthetic
t_003697,u_01362,click,cmp_2,pl_02,cr_2,2026-09-01 23:31:58.225945252,c_cmp_2_p_pl_02_cr_cr_2,synthetic
t_002201,u_00821,click,cmp_3,pl_09,cr_0,2026-09-01 23:46:30.914907617,c_cmp_3_p_pl_09_cr_cr_0,synthetic
t_001921,u_00719,lead,cmp_0,pl_01,cr_4,2026-09-01 23:48:27.548572095,c_cmp_0_p_pl_01_cr_cr_4,synthetic
t_001687,u_00624,click,cmp_0,pl_01,cr_4,2026-09-02 00:08:56.411601140,c_cmp_0_p_pl_01_cr_cr_4,synthetic
t_003108,u_01160,click,cmp_0,pl_04,cr_3,2026-09-02 00:50:59.542596924,c_cmp_0_p_pl_04_cr_cr_3,synthetic
t_005308,u_01968,click,cmp_2,pl_08,cr_1,2026-09-02 01:30:26.399812426,c_cmp_2_p_pl_08_cr_cr_1,synthetic
t_004692,u_01733,click,cmp_2,pl_05,cr_4,2026-09-02 01:51:44.058994483,c_cmp_2_p_pl_05_cr_cr_4,synthetic
t_001649,u_00605,click,cmp_0,pl_04,cr_3,2026-09-02 01:56:18.734813364,c_cmp_0_p_pl_04_cr_cr_3,synthetic
t_004962,u_01833,click,cmp_2,pl_02,cr_2,2026-09-02 02:07:46.266269391,c_cmp_2_p_pl_02_cr_cr_2,synthetic
t_002960,u_01104,click,cmp_2,pl_08,cr_1,2026-09-02 02:17:30.339031250,c_cmp_2_p_pl_08_cr_cr_1,synthetic
t_001946,u_00726,click,cmp_2,pl_08,cr_1,2026-09-02 02:18:52.289509164,c_cmp_2_p_pl_08_cr_cr_1,synthetic
t_001012,u_00372,click,cmp_0,pl_01,cr_4,2026-09-02 02:39:59.760993555,c_cmp_0_p_pl_01_cr_cr_4,synthetic
t_001442,u_00526,click,cmp_3,pl_09,cr_0,2026-09-02 02:41:34.321328977,c_cmp_3_p_pl_09_cr_cr_0,synthetic
t_000498,u_00175,click,cmp_0,pl_01,cr_4,2026-09-02 02:45:34.368219448,c_cmp_0_p_pl_01_cr_cr_4,synthetic
t_004386,u_01616,click,cmp_3,pl_07,cr_3,2026-09-02 02:45:35.762118978,c_cmp_3_p_pl_07_cr_cr_3,synthetic
t_000841,u_00308,click,cmp_1,pl_06,cr_2,2026-09-02 02:48:13.422964197,c_cmp_1_p_pl_06_cr_cr_2,synthetic
t_003528,u_01305,click,cmp_2,pl_05,cr_4,2026-09-02 03:02:16.935676403,c_cmp_2_p_pl_05_cr_cr_4,synthetic
t_001947,u_00726,bot_start,cmp_2,pl_08,cr_1,2026-09-02 03:05:46.289509164,c_cmp_2_p_pl_08_cr_cr_1,synthetic
t_004043,u_01493,click,cmp_3,pl_09,cr_0,2026-09-02 03:15:01.672070252,c_cmp_3_p_pl_09_cr_cr_0,synthetic
t_001013,u_00372,bot_start,cmp_0,pl_01,cr_4,2026-09-02 03:19:41.760993555,c_cmp_0_p_pl_01_cr_cr_4,synthetic
t_004367,u_01610,click,cmp_2,pl_05,cr_4,2026-09-02 03:20:57.880911129,c_cmp_2_p_pl_05_cr_cr_4,synthetic
t_004044,u_01493,bot_start,cmp_3,pl_09,cr_0,2026-09-02 03:24:43.672070252,c_cmp_3_p_pl_09_cr_cr_0,synthetic
t_002950,u_01099,click,cmp_2,pl_02,cr_2,2026-09-02 03:28:18.413499296,c_cmp_2_p_pl_02_cr_cr_2,synthetic
t_001286,u_00466,click,cmp_2,pl_08,cr_1,2026-09-02 03:37:10.694661875,c_cmp_2_p_pl_08_cr_cr_1,synthetic
t_001989,u_00746,click,cmp_0,pl_01,cr_4,2026-09-02 03:46:59.166926758,c_cmp_0_p_pl_01_cr_cr_4,synthetic
t_004155,u_01541,click,cmp_2,pl_00,cr_0,2026-09-02 03:53:56.323581638,c_cmp_2_p_pl_00_cr_cr_0,synthetic
t_001204,u_00441,click,cmp_2,pl_02,cr_2,2026-09-02 04:45:29.273052983,c_cmp_2_p_pl_02_cr_cr_2,synthetic
t_003058,u_01138,click,cmp_4,pl_03,cr_0,2026-09-02 05:42:21.528301009,c_cmp_4_p_pl_03_cr_cr_0,synthetic
t_002339,u_00868,click,cmp_0,pl_04,cr_3,2026-09-02 05:45:51.973782920,c_cmp_0_p_pl_04_cr_cr_3,synthetic
t_001934,u_00724,click,cmp_3,pl_07,cr_3,2026-09-02 05:47:57.424749710,c_cmp_3_p_pl_07_cr_cr_3,synthetic
t_002234,u_00835,click,cmp_0,pl_04,cr_3,2026-09-02 05:53:13.844973963,c_cmp_0_p_pl_04_cr_cr_3,synthetic
t_005082,u_01888,click,cmp_2,pl_02,cr_2,2026-09-02 05:54:03.170512196,c_cmp_2_p_pl_02_cr_cr_2,synthetic
t_002340,u_00868,bot_start,cmp_0,pl_04,cr_3,2026-09-02 06:01:24.973782920,c_cmp_0_p_pl_04_cr_cr_3,synthetic
t_000886,u_00326,click,cmp_3,pl_07,cr_3,2026-09-02 06:17:17.650343694,c_cmp_3_p_pl_07_cr_cr_3,synthetic
t_002067,u_00774,click,cmp_2,pl_00,cr_0,2026-09-02 06:24:32.272241532,c_cmp_2_p_pl_00_cr_cr_0,synthetic
t_001673,u_00616,click,cmp_3,pl_09,cr_0,2026-09-02 06:31:34.368755804,c_cmp_3_p_pl_09_cr_cr_0,synthetic
t_004595,u_01695,click,cmp_2,pl_00,cr_0,2026-09-02 06:36:35.926148112,c_cmp_2_p_pl_00_cr_cr_0,synthetic
t_004152,u_01541,click,cmp_4,pl_03,cr_0,2026-09-02 06:44:49.145296659,c_cmp_4_p_pl_03_cr_cr_0,synthetic
t_003159,u_01178,click,cmp_2,pl_00,cr_0,2026-09-02 06:54:59.251924059,c_cmp_2_p_pl_00_cr_cr_0,synthetic
t_001864,u_00700,click,cmp_0,pl_04,cr_3,2026-09-02 07:01:08.662502844,c_cmp_0_p_pl_04_cr_cr_3,synthetic
t_001865,u_00700,bot_start,cmp_0,pl_04,cr_3,2026-09-02 07:03:50.662502844,c_cmp_0_p_pl_04_cr_cr_3,synthetic
t_003864,u_01429,click,cmp_0,pl_04,cr_3,2026-09-02 07:10:31.485250210,c_cmp_0_p_pl_04_cr_cr_3,synthetic
t_004815,u_01777,click,cmp_3,pl_09,cr_0,2026-09-02 07:14:19.431651686,c_cmp_3_p_pl_09_cr_cr_0,synthetic
t_000205,u_00064,click,cmp_2,pl_02,cr_2,2026-09-02 07:16:23.842291944,c_cmp_2_p_pl_02_cr_cr_2,synthetic
t_001866,u_00700,lead,cmp_0,pl_04,cr_3,2026-09-02 07:19:50.662502844,c_cmp_0_p_pl_04_cr_cr_3,synthetic
t_004208,u_01560,click,cmp_3,pl_07,cr_3,2026-09-02 07:40:30.334811333,c_cmp_3_p_pl_07_cr_cr_3,synthetic
t_001984,u_00742,click,cmp_2,pl_00,cr_0,2026-09-02 07:42:38.125304229,c_cmp_2_p_pl_00_cr_cr_0,synthetic
t_002015,u_00753,click,cmp_3,pl_09,cr_0,2026-09-02 07:45:00.792983826,c_cmp_3_p_pl_09_cr_cr_0,synthetic
t_004816,u_01777,bot_start,cmp_3,pl_09,cr_0,2026-09-02 07:48:53.431651686,c_cmp_3_p_pl_09_cr_cr_0,synthetic
t_002587,u_00967,click,cmp_1,pl_06,cr_2,2026-09-02 07:50:58.071327150,c_cmp_1_p_pl_06_cr_cr_2,synthetic
t_000465,u_00163,click,cmp_1,pl_06,cr_2,2026-09-02 08:11:18.316738146,c_cmp_1_p_pl_06_cr_cr_2,synthetic
t_004801,u_01771,click,cmp_2,pl_02,cr_2,2026-09-02 08:11:23.857108000,c_cmp_2_p_pl_02_cr_cr_2,synthetic
t_004817,u_01777,lead,cmp_3,pl_09,cr_0,2026-09-02 08:13:53.431651686,c_cmp_3_p_pl_09_cr_cr_0,synthetic
t_002290,u_00849,click,cmp_2,pl_05,cr_4,2026-09-02 08:32:15.750939467,c_cmp_2_p_pl_05_cr_cr_4,synthetic
t_001985,u_00743,click,cmp_3,pl_09,cr_0,2026-09-02 08:58:04.171420502,c_cmp_3_p_pl_09_cr_cr_0,synthetic
t_002928,u_01090,click,cmp_2,pl_00,cr_0,2026-09-02 09:12:33.163507476,c_cmp_2_p_pl_00_cr_cr_0,synthetic
t_003596,u_01331,click,cmp_2,pl_05,cr_4,2026-09-02 09:17:19.196372703,c_cmp_2_p_pl_05_cr_cr_4,synthetic
t_004068,u_01506,click,cmp_0,pl_01,cr_4,2026-09-02 09:36:23.433793980,c_cmp_0_p_pl_01_cr_cr_4,synthetic
t_000396,u_00139,click,cmp_4,pl_03,cr_0,2026-09-02 09:44:18.585149294,c_cmp_4_p_pl_03_cr_cr_0,synthetic
t_002119,u_00789,click,cmp_4,pl_03,cr_0,2026-09-02 09:53:12.529626905,c_cmp_4_p_pl_03_cr_cr_0,synthetic
t_004506,u_01658,click,cmp_0,pl_04,cr_3,2026-09-02 10:06:40.107823509,c_cmp_0_p_pl_04_cr_cr_3,synthetic
t_005071,u_01881,click,cmp_1,pl_06,cr_2,2026-09-02 10:09:15.877277236,c_cmp_1_p_pl_06_cr_cr_2,synthetic
t_005018,u_01857,click,cmp_0,pl_01,cr_4,2026-09-02 10:13:48.367102181,c_cmp_0_p_pl_01_cr_cr_4,synthetic
t_005072,u_01881,bot_start,cmp_1,pl_06,cr_2,2026-09-02 10:18:23.877277236,c_cmp_1_p_pl_06_cr_cr_2,synthetic
t_005073,u_01881,lead,cmp_1,pl_06,cr_2,2026-09-02 10:33:23.877277236,c_cmp_1_p_pl_06_cr_cr_2,synthetic
t_003547,u_01311,click,cmp_3,pl_07,cr_3,2026-09-02 10:45:48.634697866,c_cmp_3_p_pl_07_cr_cr_3,synthetic
t_003548,u_01311,bot_start,cmp_3,pl_07,cr_3,2026-09-02 10:52:41.634697866,c_cmp_3_p_pl_07_cr_cr_3,synthetic
t_000486,u_00171,click,cmp_2,pl_00,cr_0,2026-09-02 10:54:06.038970384,c_cmp_2_p_pl_00_cr_cr_0,synthetic
t_002013,u_00752,click,cmp_4,pl_03,cr_0,2026-09-02 10:54:27.304006768,c_cmp_4_p_pl_03_cr_cr_0,synthetic
t_003718,u_01372,click,cmp_2,pl_08,cr_1,2026-09-02 11:03:16.285098108,c_cmp_2_p_pl_08_cr_cr_1,synthetic
t_003719,u_01372,bot_start,cmp_2,pl_08,cr_1,2026-09-02 11:09:13.285098108,c_cmp_2_p_pl_08_cr_cr_1,synthetic
t_001191,u_00437,click,cmp_0,pl_04,cr_3,2026-09-02 11:15:44.581232829,c_cmp_0_p_pl_04_cr_cr_3,synthetic
t_002115,u_00789,click,cmp_3,pl_07,cr_3,2026-09-02 11:25:54.117398131,c_cmp_3_p_pl_07_cr_cr_3,synthetic
t_000063,u_00020,click,cmp_1,pl_06,cr_2,2026-09-02 11:34:24.867957877,c_cmp_1_p_pl_06_cr_cr_2,synthetic
t_002014,u_00752,bot_start,cmp_4,pl_03,cr_0,2026-09-02 11:39:41.304006768,c_cmp_4_p_pl_03_cr_cr_0,synthetic
t_003830,u_01416,click,cmp_2,pl_05,cr_4,2026-09-02 11:43:25.091962078,c_cmp_2_p_pl_05_cr_cr_4,synthetic
t_004069,u_01507,click,cmp_3,pl_09,cr_0,2026-09-02 11:49:49.262497762,c_cmp_3_p_pl_09_cr_cr_0,synthetic
t_000323,u_00110,click,cmp_1,pl_06,cr_2,2026-09-02 12:11:22.639504229,c_cmp_1_p_pl_06_cr_cr_2,synthetic
t_000818,u_00298,click,cmp_0,pl_04,cr_3,2026-09-02 12:11:42.997917203,c_cmp_0_p_pl_04_cr_cr_3,synthetic
t_003831,u_01416,bot_start,cmp_2,pl_05,cr_4,2026-09-02 12:15:46.091962078,c_cmp_2_p_pl_05_cr_cr_4,synthetic
t_002612,u_00976,click,cmp_3,pl_09,cr_0,2026-09-02 12:41:43.542981588,c_cmp_3_p_pl_09_cr_cr_0,synthetic
t_003550,u_01311,click,cmp_2,pl_08,cr_1,2026-09-02 12:46:29.759161984,c_cmp_2_p_pl_08_cr_cr_1,synthetic
t_004512,u_01661,click,cmp_3,pl_09,cr_0,2026-09-02 12:53:23.401622187,c_cmp_3_p_pl_09_cr_cr_0,synthetic
t_000551,u_00194,click,cmp_1,pl_06,cr_2,2026-09-02 13:01:19.668746334,c_cmp_1_p_pl_06_cr_cr_2,synthetic
t_004684,u_01732,click,cmp_2,pl_08,cr_1,2026-09-02 13:12:02.122022322,c_cmp_2_p_pl_08_cr_cr_1,synthetic
t_002020,u_00756,click,cmp_2,pl_02,cr_2,2026-09-02 13:16:16.033565630,c_cmp_2_p_pl_02_cr_cr_2,synthetic
t_003551,u_01311,bot_start,cmp_2,pl_08,cr_1,2026-09-02 13:27:56.759161984,c_cmp_2_p_pl_08_cr_cr_1,synthetic
t_001781,u_00664,click,cmp_2,pl_00,cr_0,2026-09-02 13:42:14.924386972,c_cmp_2_p_pl_00_cr_cr_0,synthetic
t_000644,u_00222,click,cmp_3,pl_09,cr_0,2026-09-02 13:42:35.835959668,c_cmp_3_p_pl_09_cr_cr_0,synthetic
t_000100,u_00032,click,cmp_2,pl_00,cr_0,2026-09-02 13:43:45.509745775,c_cmp_2_p_pl_00_cr_cr_0,synthetic
t_004666,u_01724,click,cmp_2,pl_02,cr_2,2026-09-02 13:47:08.388254239,c_cmp_2_p_pl_02_cr_cr_2,synthetic
t_001102,u_00401,click,cmp_1,pl_06,cr_2,2026-09-02 13:49:36.705542661,c_cmp_1_p_pl_06_cr_cr_2,synthetic
t_001200,u_00441,click,cmp_2,pl_08,cr_1,2026-09-02 14:28:09.571591476,c_cmp_2_p_pl_08_cr_cr_1,synthetic
t_001559,u_00575,click,cmp_4,pl_03,cr_0,2026-09-02 14:37:14.224528828,c_cmp_4_p_pl_03_cr_cr_0,synthetic
t_001476,u_00540,click,cmp_2,pl_05,cr_4,2026-09-02 14:59:47.674046276,c_cmp_2_p_pl_05_cr_cr_4,synthetic
t_003616,u_01339,click,cmp_1,pl_06,cr_2,2026-09-02 15:03:34.405579157,c_cmp_1_p_pl_06_cr_cr_2,synthetic
t_002876,u_01070,click,cmp_2,pl_02,cr_2,2026-09-02 15:14:53.718325056,c_cmp_2_p_pl_02_cr_cr_2,synthetic
t_002815,u_01047,click,cmp_1,pl_06,cr_2,2026-09-02 15:18:43.253079535,c_cmp_1_p_pl_06_cr_cr_2,synthetic
t_001872,u_00704,click,cmp_2,pl_00,cr_0,2026-09-02 15:21:20.180720750,c_cmp_2_p_pl_00_cr_cr_0,synthetic
t_001873,u_00704,bot_start,cmp_2,pl_00,cr_0,2026-09-02 15:31:52.180720750,c_cmp_2_p_pl_00_cr_cr_0,synthetic
t_000120,u_00038,click,cmp_2,pl_00,cr_0,2026-09-02 15:42:57.052955379,c_cmp_2_p_pl_00_cr_cr_0,synthetic
t_002877,u_01070,bot_start,cmp_2,pl_02,cr_2,2026-09-02 15:45:24.718325056,c_cmp_2_p_pl_02_cr_cr_2,synthetic
t_002520,u_00943,click,cmp_2,pl_05,cr_4,2026-09-02 16:03:44.194978104,c_cmp_2_p_pl_05_cr_cr_4,synthetic
t_000961,u_00355,click,cmp_2,pl_08,cr_1,2026-09-02 16:05:35.765303224,c_cmp_2_p_pl_08_cr_cr_1,synthetic
t_004629,u_01709,click,cmp_1,pl_06,cr_2,2026-09-02 16:41:10.701038786,c_cmp_1_p_pl_06_cr_cr_2,synthetic
t_002596,u_00971,click,cmp_2,pl_00,cr_0,2026-09-02 16:44:58.214903687,c_cmp_2_p_pl_00_cr_cr_0,synthetic
t_000744,u_00265,click,cmp_0,pl_01,cr_4,2026-09-02 16:48:07.267682406,c_cmp_0_p_pl_01_cr_cr_4,synthetic
t_000487,u_00171,click,cmp_2,pl_02,cr_2,2026-09-02 16:48:57.230985847,c_cmp_2_p_pl_02_cr_cr_2,synthetic
t_003049,u_01134,click,cmp_2,pl_02,cr_2,2026-09-02 16:58:31.192988204,c_cmp_2_p_pl_02_cr_cr_2,synthetic
t_004393,u_01619,click,cmp_1,pl_06,cr_2,2026-09-02 17:34:01.680641161,c_cmp_1_p_pl_06_cr_cr_2,synthetic
t_000745,u_00265,bot_start,cmp_0,pl_01,cr_4,2026-09-02 17:43:33.267682406,c_cmp_0_p_pl_01_cr_cr_4,synthetic
t_001061,u_00389,click,cmp_0,pl_01,cr_4,2026-09-02 17:50:52.344219407,c_cmp_0_p_pl_01_cr_cr_4,synthetic
t_000964,u_00356,click,cmp_4,pl_03,cr_0,2026-09-02 17:57:10.909128974,c_cmp_4_p_pl_03_cr_cr_0,synthetic
t_000089,u_00029,click,cmp_3,pl_09,cr_0,2026-09-02 18:17:59.795581217,c_cmp_3_p_pl_09_cr_cr_0,synthetic
t_001882,u_00707,click,cmp_2,pl_05,cr_4,2026-09-02 18:23:27.553896178,c_cmp_2_p_pl_05_cr_cr_4,synthetic
t_001077,u_00393,click,cmp_2,pl_05,cr_4,2026-09-02 18:26:12.672997213,c_cmp_2_p_pl_05_cr_cr_4,synthetic
t_004394,u_01619,bot_start,cmp_1,pl_06,cr_2,2026-09-02 18:31:40.680641161,c_cmp_1_p_pl_06_cr_cr_2,synthetic
t_002900,u_01077,click,cmp_2,pl_02,cr_2,2026-09-02 18:34:18.015424078,c_cmp_2_p_pl_02_cr_cr_2,synthetic
t_003577,u_01324,click,cmp_1,pl_06,cr_2,2026-09-02 18:34:47.657293416,c_cmp_1_p_pl_06_cr_cr_2,synthetic
t_003578,u_01324,bot_start,cmp_1,pl_06,cr_2,2026-09-02 18:43:51.657293416,c_cmp_1_p_pl_06_cr_cr_2,synthetic
t_000965,u_00356,bot_start,cmp_4,pl_03,cr_0,2026-09-02 18:45:51.909128974,c_cmp_4_p_pl_03_cr_cr_0,synthetic
t_004395,u_01619,lead,cmp_1,pl_06,cr_2,2026-09-02 19:01:40.680641161,c_cmp_1_p_pl_06_cr_cr_2,synthetic
t_000795,u_00286,click,cmp_0,pl_01,cr_4,2026-09-02 19:33:55.662045669,c_cmp_0_p_pl_01_cr_cr_4,synthetic
t_001062,u_00389,click,cmp_0,pl_04,cr_3,2026-09-02 19:43:10.693770088,c_cmp_0_p_pl_04_cr_cr_3,synthetic
t_001246,u_00455,click,cmp_0,pl_01,cr_4,2026-09-02 19:56:00.823149627,c_cmp_0_p_pl_01_cr_cr_4,synthetic
t_001063,u_00389,bot_start,cmp_0,pl_04,cr_3,2026-09-02 20:01:04.693770088,c_cmp_0_p_pl_04_cr_cr_3,synthetic
t_001247,u_00455,bot_start,cmp_0,pl_01,cr_4,2026-09-02 20:02:02.823149627,c_cmp_0_p_pl_01_cr_cr_4,synthetic
t_001239,u_00453,click,cmp_4,pl_03,cr_0,2026-09-02 20:28:08.360778447,c_cmp_4_p_pl_03_cr_cr_0,synthetic
t_001064,u_00389,lead,cmp_0,pl_04,cr_3,2026-09-02 20:30:04.693770088,c_cmp_0_p_pl_04_cr_cr_3,synthetic
t_003276,u_01217,click,cmp_2,pl_08,cr_1,2026-09-02 20:56:59.244631306,c_cmp_2_p_pl_08_cr_cr_1,synthetic
t_001240,u_00453,bot_start,cmp_4,pl_03,cr_0,2026-09-02 21:05:01.360778447,c_cmp_4_p_pl_03_cr_cr_0,synthetic
t_001241,u_00453,lead,cmp_4,pl_03,cr_0,2026-09-02 21:15:01.360778447,c_cmp_4_p_pl_03_cr_cr_0,synthetic
t_000956,u_00351,click,cmp_4,pl_03,cr_0,2026-09-02 21:21:23.442549042,c_cmp_4_p_pl_03_cr_cr_0,synthetic
t_004094,u_01519,click,cmp_3,pl_09,cr_0,2026-09-02 21:25:06.472443318,c_cmp_3_p_pl_09_cr_cr_0,synthetic
t_003156,u_01177,click,cmp_1,pl_06,cr_2,2026-09-02 21:25:53.600926373,c_cmp_1_p_pl_06_cr_cr_2,synthetic
t_001806,u_00675,click,cmp_2,pl_00,cr_0,2026-09-02 21:40:05.200729238,c_cmp_2_p_pl_00_cr_cr_0,synthetic
t_000041,u_00012,click,cmp_3,pl_09,cr_0,2026-09-02 21:43:38.305895160,c_cmp_3_p_pl_09_cr_cr_0,synthetic
t_004539,u_01671,click,cmp_2,pl_08,cr_1,2026-09-02 21:48:48.513672233,c_cmp_2_p_pl_08_cr_cr_1,synthetic
t_002064,u_00773,click,cmp_4,pl_03,cr_0,2026-09-02 21:54:11.078660313,c_cmp_4_p_pl_03_cr_cr_0,synthetic
t_002872,u_01068,click,cmp_3,pl_09,cr_0,2026-09-02 22:06:55.011631950,c_cmp_3_p_pl_09_cr_cr_0,synthetic
t_002138,u_00798,click,cmp_2,pl_05,cr_4,2026-09-02 22:08:29.292449554,c_cmp_2_p_pl_05_cr_cr_4,synthetic
t_004981,u_01841,click,cmp_2,pl_02,cr_2,2026-09-02 22:13:20.544931263,c_cmp_2_p_pl_02_cr_cr_2,synthetic
t_005370,u_01996,click,cmp_4,pl_03,cr_0,2026-09-02 22:25:36.647768878,c_cmp_4_p_pl_03_cr_cr_0,synthetic
t_002118,u_00789,click,cmp_4,pl_03,cr_0,2026-09-02 22:25:59.174854586,c_cmp_4_p_pl_03_cr_cr_0,synthetic
t_004445,u_01636,click,cmp_2,pl_00,cr_0,2026-09-02 22:45:11.916222165,c_cmp_2_p_pl_00_cr_cr_0,synthetic
t_003250,u_01206,click,cmp_0,pl_04,cr_3,2026-09-02 22:48:35.725516371,c_cmp_0_p_pl_04_cr_cr_3,synthetic
t_003632,u_01345,click,cmp_2,pl_02,cr_2,2026-09-02 22:51:49.900639193,c_cmp_2_p_pl_02_cr_cr_2,synthetic
t_001280,u_00464,click,cmp_2,pl_00,cr_0,2026-09-02 22:54:22.794000185,c_cmp_2_p_pl_00_cr_cr_0,synthetic
t_001041,u_00380,click,cmp_4,pl_03,cr_0,2026-09-02 23:13:24.919161589,c_cmp_4_p_pl_03_cr_cr_0,synthetic
t_000573,u_00199,click,cmp_3,pl_07,cr_3,2026-09-02 23:44:29.427021241,c_cmp_3_p_pl_07_cr_cr_3,synthetic
t_001730,u_00642,click,cmp_3,pl_07,cr_3,2026-09-03 00:51:19.373321332,c_cmp_3_p_pl_07_cr_cr_3,synthetic
t_000955,u_00350,click,cmp_2,pl_02,cr_2,2026-09-03 00:56:26.505710073,c_cmp_2_p_pl_02_cr_cr_2,synthetic
t_000444,u_00155,click,cmp_4,pl_03,cr_0,2026-09-03 01:09:54.682322791,c_cmp_4_p_pl_03_cr_cr_0,synthetic
t_003391,u_01257,click,cmp_1,pl_06,cr_2,2026-09-03 01:53:48.153223764,c_cmp_1_p_pl_06_cr_cr_2,synthetic
t_004961,u_01832,click,cmp_3,pl_09,cr_0,2026-09-03 02:19:19.609772382,c_cmp_3_p_pl_09_cr_cr_0,synthetic
t_002652,u_00989,click,cmp_0,pl_01,cr_4,2026-09-03 02:24:37.715594035,c_cmp_0_p_pl_01_cr_cr_4,synthetic
t_003392,u_01257,bot_start,cmp_1,pl_06,cr_2,2026-09-03 02:41:56.153223764,c_cmp_1_p_pl_06_cr_cr_2,synthetic
t_000791,u_00284,click,cmp_2,pl_00,cr_0,2026-09-03 02:45:25.657682754,c_cmp_2_p_pl_00_cr_cr_0,synthetic
t_003182,u_01185,click,cmp_0,pl_04,cr_3,2026-09-03 03:01:31.016227417,c_cmp_0_p_pl_04_cr_cr_3,synthetic
t_002965,u_01105,click,cmp_2,pl_05,cr_4,2026-09-03 03:07:28.084621852,c_cmp_2_p_pl_05_cr_cr_4,synthetic
t_000473,u_00166,click,cmp_2,pl_02,cr_2,2026-09-03 03:15:10.086895689,c_cmp_2_p_pl_02_cr_cr_2,synthetic
t_004839,u_01787,click,cmp_2,pl_05,cr_4,2026-09-03 03:23:55.153598315,c_cmp_2_p_pl_05_cr_cr_4,synthetic
t_004351,u_01604,click,cmp_0,pl_01,cr_4,2026-09-03 03:32:59.328761832,c_cmp_0_p_pl_01_cr_cr_4,synthetic
t_004840,u_01787,bot_start,cmp_2,pl_05,cr_4,2026-09-03 03:47:33.153598315,c_cmp_2_p_pl_05_cr_cr_4,synthetic
t_001270,u_00461,click,cmp_0,pl_04,cr_3,2026-09-03 04:09:59.210142500,c_cmp_0_p_pl_04_cr_cr_3,synthetic
t_005020,u_01858,click,cmp_1,pl_06,cr_2,2026-09-03 04:14:41.386852217,c_cmp_1_p_pl_06_cr_cr_2,synthetic
t_004352,u_01604,bot_start,cmp_0,pl_01,cr_4,2026-09-03 04:15:52.328761832,c_cmp_0_p_pl_01_cr_cr_4,synthetic
t_002838,u_01057,click,cmp_2,pl_05,cr_4,2026-09-03 04:29:03.144075699,c_cmp_2_p_pl_05_cr_cr_4,synthetic
t_001038,u_00379,click,cmp_2,pl_08,cr_1,2026-09-03 04:55:30.289610404,c_cmp_2_p_pl_08_cr_cr_1,synthetic
t_003172,u_01183,click,cmp_0,pl_04,cr_3,2026-09-03 05:06:52.239342505,c_cmp_0_p_pl_04_cr_cr_3,synthetic
t_002063,u_00773,click,cmp_2,pl_08,cr_1,2026-09-03 05:35:14.391943741,c_cmp_2_p_pl_08_cr_cr_1,synthetic
t_004985,u_01843,click,cmp_4,pl_03,cr_0,2026-09-03 05:36:45.653817407,c_cmp_4_p_pl_03_cr_cr_0,synthetic
t_003173,u_01183,bot_start,cmp_0,pl_04,cr_3,2026-09-03 05:55:56.239342505,c_cmp_0_p_pl_04_cr_cr_3,synthetic
t_001118,u_00406,click,cmp_1,pl_06,cr_2,2026-09-03 06:13:13.956214158,c_cmp_1_p_pl_06_cr_cr_2,synthetic
t_005038,u_01867,click,cmp_0,pl_01,cr_4,2026-09-03 06:18:33.475365847,c_cmp_0_p_pl_01_cr_cr_4,synthetic
t_003150,u_01175,click,cmp_2,pl_08,cr_1,2026-09-03 06:21:14.587399254,c_cmp_2_p_pl_08_cr_cr_1,synthetic
t_002000,u_00749,click,cmp_3,pl_09,cr_0,2026-09-03 06:31:00.348502144,c_cmp_3_p_pl_09_cr_cr_0,synthetic
t_001986,u_00744,click,cmp_3,pl_07,cr_3,2026-09-03 06:36:34.466013474,c_cmp_3_p_pl_07_cr_cr_3,synthetic
t_004484,u_01649,click,cmp_2,pl_05,cr_4,2026-09-03 06:53:28.652510051,c_cmp_2_p_pl_05_cr_cr_4,synthetic
t_004604,u_01699,click,cmp_3,pl_09,cr_0,2026-09-03 07:18:29.445672495,c_cmp_3_p_pl_09_cr_cr_0,synthetic
t_003579,u_01324,click,cmp_4,pl_03,cr_0,2026-09-03 07:33:05.132298022,c_cmp_4_p_pl_03_cr_cr_0,synthetic
t_004605,u_01699,bot_start,cmp_3,pl_09,cr_0,2026-09-03 07:54:31.445672495,c_cmp_3_p_pl_09_cr_cr_0,synthetic
t_002022,u_00758,click,cmp_2,pl_00,cr_0,2026-09-03 07:56:11.972825090,c_cmp_2_p_pl_00_cr_cr_0,synthetic
t_000970,u_00359,click,cmp_3,pl_09,cr_0,2026-09-03 07:59:32.150648008,c_cmp_3_p_pl_09_cr_cr_0,synthetic
t_001155,u_00423,click,cmp_2,pl_00,cr_0,2026-09-03 08:03:28.757433220,c_cmp_2_p_pl_00_cr_cr_0,synthetic
t_004161,u_01543,click,cmp_2,pl_02,cr_2,2026-09-03 08:05:38.315628237,c_cmp_2_p_pl_02_cr_cr_2,synthetic
t_004435,u_01631,click,cmp_3,pl_09,cr_0,2026-09-03 08:40:46.744055947,c_cmp_3_p_pl_09_cr_cr_0,synthetic
t_004606,u_01699,lead,cmp_3,pl_09,cr_0,2026-09-03 08:46:31.445672495,c_cmp_3_p_pl_09_cr_cr_0,synthetic
t_002084,u_00780,click,cmp_2,pl_05,cr_4,2026-09-03 08:47:31.111768421,c_cmp_2_p_pl_05_cr_cr_4,synthetic
t_002085,u_00780,bot_start,cmp_2,pl_05,cr_4,2026-09-03 08:49:37.111768421,c_cmp_2_p_pl_05_cr_cr_4,synthetic
t_001748,u_00651,click,cmp_3,pl_07,cr_3,2026-09-03 08:51:07.512525201,c_cmp_3_p_pl_07_cr_cr_3,synthetic
t_003054,u_01136,click,cmp_2,pl_02,cr_2,2026-09-03 08:54:25.713400476,c_cmp_2_p_pl_02_cr_cr_2,synthetic
t_002271,u_00844,click,cmp_1,pl_06,cr_2,2026-09-03 09:13:05.972424225,c_cmp_1_p_pl_06_cr_cr_2,synthetic
t_003729,u_01376,click,cmp_2,pl_08,cr_1,2026-09-03 09:17:41.648827582,c_cmp_2_p_pl_08_cr_cr_1,synthetic
t_003055,u_01136,bot_start,cmp_2,pl_02,cr_2,2026-09-03 09:25:34.713400476,c_cmp_2_p_pl_02_cr_cr_2,synthetic
t_003651,u_01349,click,cmp_0,pl_04,cr_3,2026-09-03 10:26:51.728178248,c_cmp_0_p_pl_04_cr_cr_3,synthetic
t_002254,u_00838,click,cmp_3,pl_07,cr_3,2026-09-03 10:30:30.438970732,c_cmp_3_p_pl_07_cr_cr_3,synthetic
t_002255,u_00838,bot_start,cmp_3,pl_07,cr_3,2026-09-03 10:42:58.438970732,c_cmp_3_p_pl_07_cr_cr_3,synthetic
t_002624,u_00978,click,cmp_0,pl_04,cr_3,2026-09-03 10:50:20.371169435,c_cmp_0_p_pl_04_cr_cr_3,synthetic
t_004842,u_01789,click,cmp_0,pl_01,cr_4,2026-09-03 10:51:55.948789489,c_cmp_0_p_pl_01_cr_cr_4,synthetic
t_000341,u_00118,click,cmp_2,pl_00,cr_0,2026-09-03 10:56:04.753088462,c_cmp_2_p_pl_00_cr_cr_0,synthetic
t_003205,u_01191,click,cmp_4,pl_03,cr_0,2026-09-03 11:05:39.206157527,c_cmp_4_p_pl_03_cr_cr_0,synthetic
t_005091,u_01893,click,cmp_2,pl_05,cr_4,2026-09-03 11:54:56.502839781,c_cmp_2_p_pl_05_cr_cr_4,synthetic
t_004869,u_01801,click,cmp_2,pl_02,cr_2,2026-09-03 12:24:01.449275905,c_cmp_2_p_pl_02_cr_cr_2,synthetic
t_000111,u_00035,click,cmp_2,pl_08,cr_1,2026-09-03 12:57:17.157392399,c_cmp_2_p_pl_08_cr_cr_1,synthetic
t_001518,u_00561,click,cmp_2,pl_08,cr_1,2026-09-03 13:00:58.766183533,c_cmp_2_p_pl_08_cr_cr_1,synthetic
t_003918,u_01445,click,cmp_3,pl_09,cr_0,2026-09-03 13:18:06.236617087,c_cmp_3_p_pl_09_cr_cr_0,synthetic
t_002428,u_00908,click,cmp_4,pl_03,cr_0,2026-09-03 13:48:21.862020113,c_cmp_4_p_pl_03_cr_cr_0,synthetic
t_005207,u_01938,click,cmp_4,pl_03,cr_0,2026-09-03 13:50:01.566986006,c_cmp_4_p_pl_03_cr_cr_0,synthetic
t_003282,u_01219,click,cmp_1,pl_06,cr_2,2026-09-03 13:50:37.127377870,c_cmp_1_p_pl_06_cr_cr_2,synthetic
t_005044,u_01870,click,cmp_2,pl_08,cr_1,2026-09-03 14:02:55.096166994,c_cmp_2_p_pl_08_cr_cr_1,synthetic
t_002169,u_00810,click,cmp_3,pl_07,cr_3,2026-09-03 14:04:49.773298166,c_cmp_3_p_pl_07_cr_cr_3,synthetic
t_002429,u_00908,bot_start,cmp_4,pl_03,cr_0,2026-09-03 14:24:32.862020113,c_cmp_4_p_pl_03_cr_cr_0,synthetic
t_003845,u_01421,click,cmp_3,pl_09,cr_0,2026-09-03 14:31:18.519069515,c_cmp_3_p_pl_09_cr_cr_0,synthetic
t_000150,u_00046,click,cmp_4,pl_03,cr_0,2026-09-03 14:31:48.003507730,c_cmp_4_p_pl_03_cr_cr_0,synthetic
t_000521,u_00184,click,cmp_2,pl_00,cr_0,2026-09-03 14:36:07.491184466,c_cmp_2_p_pl_00_cr_cr_0,synthetic
t_004907,u_01813,click,cmp_0,pl_01,cr_4,2026-09-03 14:36:30.600510184,c_cmp_0_p_pl_01_cr_cr_4,synthetic
t_004131,u_01534,click,cmp_2,pl_08,cr_1,2026-09-03 14:40:19.811692934,c_cmp_2_p_pl_08_cr_cr_1,synthetic
t_001784,u_00666,click,cmp_0,pl_01,cr_4,2026-09-03 14:43:28.862634473,c_cmp_0_p_pl_01_cr_cr_4,synthetic
t_000737,u_00263,click,cmp_3,pl_07,cr_3,2026-09-03 14:46:02.917299963,c_cmp_3_p_pl_07_cr_cr_3,synthetic
t_002460,u_00920,click,cmp_3,pl_07,cr_3,2026-09-03 14:49:42.400951100,c_cmp_3_p_pl_07_cr_cr_3,synthetic
t_004132,u_01534,bot_start,cmp_2,pl_08,cr_1,2026-09-03 14:50:10.811692934,c_cmp_2_p_pl_08_cr_cr_1,synthetic
t_002504,u_00938,click,cmp_2,pl_08,cr_1,2026-09-03 15:00:39.007490096,c_cmp_2_p_pl_08_cr_cr_1,synthetic
t_003272,u_01215,click,cmp_3,pl_09,cr_0,2026-09-03 15:14:23.339904952,c_cmp_3_p_pl_09_cr_cr_0,synthetic
t_003901,u_01441,click,cmp_2,pl_02,cr_2,2026-09-03 15:18:20.464072704,c_cmp_2_p_pl_02_cr_cr_2,synthetic
t_004180,u_01549,click,cmp_2,pl_05,cr_4,2026-09-03 15:21:09.592247598,c_cmp_2_p_pl_05_cr_cr_4,synthetic
t_001336,u_00485,click,cmp_0,pl_04,cr_3,2026-09-03 15:42:19.044222872,c_cmp_0_p_pl_04_cr_cr_3,synthetic
t_005335,u_01982,click,cmp_0,pl_01,cr_4,2026-09-03 15:43:13.963114440,c_cmp_0_p_pl_01_cr_cr_4,synthetic
t_003940,u_01456,click,cmp_3,pl_09,cr_0,2026-09-03 15:46:26.252550788,c_cmp_3_p_pl_09_cr_cr_0,synthetic
t_002756,u_01026,click,cmp_4,pl_03,cr_0,2026-09-03 15:48:38.596607627,c_cmp_4_p_pl_03_cr_cr_0,synthetic
t_001159,u_00425,click,cmp_4,pl_03,cr_0,2026-09-03 15:50:21.440253018,c_cmp_4_p_pl_03_cr_cr_0,synthetic
t_002361,u_00878,click,cmp_4,pl_03,cr_0,2026-09-03 16:02:40.041550107,c_cmp_4_p_pl_03_cr_cr_0,synthetic
t_003866,u_01430,click,cmp_2,pl_00,cr_0,2026-09-03 16:02:40.392221405,c_cmp_2_p_pl_00_cr_cr_0,synthetic
t_004591,u_01693,click,cmp_2,pl_02,cr_2,2026-09-03 16:10:08.328488662,c_cmp_2_p_pl_02_cr_cr_2,synthetic
t_000755,u_00271,click,cmp_2,pl_00,cr_0,2026-09-03 16:13:47.186408214,c_cmp_2_p_pl_00_cr_cr_0,synthetic
t_000749,u_00267,click,cmp_2,pl_08,cr_1,2026-09-03 16:17:08.287537294,c_cmp_2_p_pl_08_cr_cr_1,synthetic
t_004496,u_01654,click,cmp_3,pl_09,cr_0,2026-09-03 16:17:34.501618864,c_cmp_3_p_pl_09_cr_cr_0,synthetic
t_004028,u_01486,click,cmp_2,pl_02,cr_2,2026-09-03 16:19:24.283512559,c_cmp_2_p_pl_02_cr_cr_2,synthetic
t_000889,u_00327,click,cmp_3,pl_07,cr_3,2026-09-03 16:20:54.144198131,c_cmp_3_p_pl_07_cr_cr_3,synthetic
t_001160,u_00425,bot_start,cmp_4,pl_03,cr_0,2026-09-03 16:22:46.440253018,c_cmp_4_p_pl_03_cr_cr_0,synthetic
t_005158,u_01916,click,cmp_0,pl_01,cr_4,2026-09-03 16:27:27.691293762,c_cmp_0_p_pl_01_cr_cr_4,synthetic
t_003941,u_01456,bot_start,cmp_3,pl_09,cr_0,2026-09-03 16:39:39.252550788,c_cmp_3_p_pl_09_cr_cr_0,synthetic
t_004581,u_01688,click,cmp_2,pl_02,cr_2,2026-09-03 17:33:25.346942121,c_cmp_2_p_pl_02_cr_cr_2,synthetic
t_004582,u_01688,bot_start,cmp_2,pl_02,cr_2,2026-09-03 18:14:40.346942121,c_cmp_2_p_pl_02_cr_cr_2,synthetic
t_004439,u_01632,click,cmp_2,pl_08,cr_1,2026-09-03 18:41:43.414193226,c_cmp_2_p_pl_08_cr_cr_1,synthetic
t_004583,u_01688,lead,cmp_2,pl_02,cr_2,2026-09-03 18:49:40.346942121,c_cmp_2_p_pl_02_cr_cr_2,synthetic
t_000001,u_00000,click,cmp_0,pl_01,cr_4,2026-09-03 19:02:48.133100178,c_cmp_0_p_pl_01_cr_cr_4,synthetic
t_001295,u_00471,click,cmp_0,pl_04,cr_3,2026-09-03 19:05:58.351722610,c_cmp_0_p_pl_04_cr_cr_3,synthetic
t_004244,u_01571,click,cmp_2,pl_02,cr_2,2026-09-03 19:06:28.496797743,c_cmp_2_p_pl_02_cr_cr_2,synthetic
t_005354,u_01991,click,cmp_2,pl_00,cr_0,2026-09-03 19:09:36.716897898,c_cmp_2_p_pl_00_cr_cr_0,synthetic
t_001296,u_00471,bot_start,cmp_0,pl_04,cr_3,2026-09-03 19:37:22.351722610,c_cmp_0_p_pl_04_cr_cr_3,synthetic
t_005355,u_01991,bot_start,cmp_2,pl_00,cr_0,2026-09-03 20:06:17.716897898,c_cmp_2_p_pl_00_cr_cr_0,synthetic
t_001297,u_00471,lead,cmp_0,pl_04,cr_3,2026-09-03 20:19:22.351722610,c_cmp_0_p_pl_04_cr_cr_3,synthetic
t_002501,u_00936,click,cmp_1,pl_06,cr_2,2026-09-03 20:51:26.681043114,c_cmp_1_p_pl_06_cr_cr_2,synthetic
t_002298,u_00852,click,cmp_3,pl_09,cr_0,2026-09-03 20:57:02.850140128,c_cmp_3_p_pl_09_cr_cr_0,synthetic
t_003935,u_01454,click,cmp_1,pl_06,cr_2,2026-09-03 21:16:33.407213513,c_cmp_1_p_pl_06_cr_cr_2,synthetic
t_004012,u_01479,click,cmp_4,pl_03,cr_0,2026-09-03 21:25:46.860171917,c_cmp_4_p_pl_03_cr_cr_0,synthetic
t_003936,u_01454,bot_start,cmp_1,pl_06,cr_2,2026-09-03 21:39:21.407213513,c_cmp_1_p_pl_06_cr_cr_2,synthetic
t_004959,u_01832,click,cmp_1,pl_06,cr_2,2026-09-03 21:53:43.604422892,c_cmp_1_p_pl_06_cr_cr_2,synthetic
t_004560,u_01680,click,cmp_2,pl_02,cr_2,2026-09-03 21:54:19.758868838,c_cmp_2_p_pl_02_cr_cr_2,synthetic
t_000700,u_00247,click,cmp_0,pl_01,cr_4,2026-09-03 21:57:02.937321537,c_cmp_0_p_pl_01_cr_cr_4,synthetic
t_002217,u_00825,click,cmp_3,pl_07,cr_3,2026-09-03 21:59:04.340477771,c_cmp_3_p_pl_07_cr_cr_3,synthetic
t_003911,u_01443,click,cmp_3,pl_07,cr_3,2026-09-03 22:07:28.631977543,c_cmp_3_p_pl_07_cr_cr_3,synthetic
t_000768,u_00278,click,cmp_2,pl_00,cr_0,2026-09-03 22:32:43.363861816,c_cmp_2_p_pl_00_cr_cr_0,synthetic
t_002696,u_01004,click,cmp_2,pl_05,cr_4,2026-09-03 22:33:42.690809758,c_cmp_2_p_pl_05_cr_cr_4,synthetic
t_000769,u_00278,bot_start,cmp_2,pl_00,cr_0,2026-09-03 22:34:45.363861816,c_cmp_2_p_pl_00_cr_cr_0,synthetic
t_005186,u_01929,click,cmp_0,pl_01,cr_4,2026-09-03 22:44:42.904386356,c_cmp_0_p_pl_01_cr_cr_4,synthetic
t_000701,u_00247,bot_start,cmp_0,pl_01,cr_4,2026-09-03 22:48:51.937321537,c_cmp_0_p_pl_01_cr_cr_4,synthetic
t_004355,u_01606,click,cmp_2,pl_00,cr_0,2026-09-03 22:51:26.949782169,c_cmp_2_p_pl_00_cr_cr_0,synthetic
t_000770,u_00278,lead,cmp_2,pl_00,cr_0,2026-09-03 22:55:45.363861816,c_cmp_2_p_pl_00_cr_cr_0,synthetic
t_003060,u_01139,click,cmp_2,pl_08,cr_1,2026-09-03 23:01:31.351463150,c_cmp_2_p_pl_08_cr_cr_1,synthetic
t_004209,u_01560,click,cmp_4,pl_03,cr_0,2026-09-03 23:38:25.178210136,c_cmp_4_p_pl_03_cr_cr_0,synthetic
t_000409,u_00144,click,cmp_4,pl_03,cr_0,2026-09-03 23:40:42.457740765,c_cmp_4_p_pl_03_cr_cr_0,synthetic
t_000702,u_00247,lead,cmp_0,pl_01,cr_4,2026-09-03 23:41:51.937321537,c_cmp_0_p_pl_01_cr_cr_4,synthetic
t_001925,u_00721,click,cmp_3,pl_07,cr_3,2026-09-04 00:07:33.499314667,c_cmp_3_p_pl_07_cr_cr_3,synthetic
t_001032,u_00378,click,cmp_3,pl_09,cr_0,2026-09-04 00:25:52.856654754,c_cmp_3_p_pl_09_cr_cr_0,synthetic
t_003399,u_01261,click,cmp_2,pl_08,cr_1,2026-09-04 00:34:34.334124959,c_cmp_2_p_pl_08_cr_cr_1,synthetic
t_000410,u_00144,bot_start,cmp_4,pl_03,cr_0,2026-09-04 00:36:53.457740765,c_cmp_4_p_pl_03_cr_cr_0,synthetic
t_000411,u_00144,lead,cmp_4,pl_03,cr_0,2026-09-04 00:37:53.457740765,c_cmp_4_p_pl_03_cr_cr_0,synthetic
t_005112,u_01900,click,cmp_2,pl_02,cr_2,2026-09-04 00:42:50.779839236,c_cmp_2_p_pl_02_cr_cr_2,synthetic
t_005068,u_01879,click,cmp_4,pl_03,cr_0,2026-09-04 00:57:29.771417492,c_cmp_4_p_pl_03_cr_cr_0,synthetic
t_005113,u_01900,bot_start,cmp_2,pl_02,cr_2,2026-09-04 01:02:01.779839236,c_cmp_2_p_pl_02_cr_cr_2,synthetic
t_000156,u_00048,click,cmp_3,pl_09,cr_0,2026-09-04 01:05:38.115682661,c_cmp_3_p_pl_09_cr_cr_0,synthetic
t_003875,u_01432,click,cmp_2,pl_02,cr_2,2026-09-04 01:39:55.620270317,c_cmp_2_p_pl_02_cr_cr_2,synthetic
t_001494,u_00552,click,cmp_2,pl_05,cr_4,2026-09-04 01:51:41.312329571,c_cmp_2_p_pl_05_cr_cr_4,synthetic
t_001290,u_00467,click,cmp_2,pl_08,cr_1,2026-09-04 01:58:14.244842814,c_cmp_2_p_pl_08_cr_cr_1,synthetic
t_002973,u_01108,click,cmp_2,pl_05,cr_4,2026-09-04 02:19:30.850289355,c_cmp_2_p_pl_05_cr_cr_4,synthetic
t_004160,u_01542,click,cmp_4,pl_03,cr_0,2026-09-04 02:28:14.490313502,c_cmp_4_p_pl_03_cr_cr_0,synthetic
t_001759,u_00656,click,cmp_1,pl_06,cr_2,2026-09-04 02:36:39.426692773,c_cmp_1_p_pl_06_cr_cr_2,synthetic
t_004503,u_01657,click,cmp_2,pl_02,cr_2,2026-09-04 02:38:04.617301971,c_cmp_2_p_pl_02_cr_cr_2,synthetic
t_000822,u_00299,click,cmp_4,pl_03,cr_0,2026-09-04 02:54:52.622207415,c_cmp_4_p_pl_03_cr_cr_0,synthetic
t_000219,u_00069,click,cmp_2,pl_05,cr_4,2026-09-04 02:59:20.008027972,c_cmp_2_p_pl_05_cr_cr_4,synthetic
t_002974,u_01108,bot_start,cmp_2,pl_05,cr_4,2026-09-04 03:07:03.850289355,c_cmp_2_p_pl_05_cr_cr_4,synthetic
t_002975,u_01108,lead,cmp_2,pl_05,cr_4,2026-09-04 03:15:03.850289355,c_cmp_2_p_pl_05_cr_cr_4,synthetic
t_002348,u_00871,click,cmp_3,pl_07,cr_3,2026-09-04 03:19:50.426100214,c_cmp_3_p_pl_07_cr_cr_3,synthetic
t_004504,u_01657,bot_start,cmp_2,pl_02,cr_2,2026-09-04 03:26:06.617301971,c_cmp_2_p_pl_02_cr_cr_2,synthetic
t_004505,u_01657,lead,cmp_2,pl_02,cr_2,2026-09-04 03:31:06.617301971,c_cmp_2_p_pl_02_cr_cr_2,synthetic
t_004845,u_01791,click,cmp_3,pl_09,cr_0,2026-09-04 03:37:08.570300363,c_cmp_3_p_pl_09_cr_cr_0,synthetic
t_000526,u_00185,click,cmp_0,pl_04,cr_3,2026-09-04 03:45:29.861185496,c_cmp_0_p_pl_04_cr_cr_3,synthetic
t_001329,u_00482,click,cmp_3,pl_07,cr_3,2026-09-04 03:54:40.018154367,c_cmp_3_p_pl_07_cr_cr_3,synthetic
t_003713,u_01369,click,cmp_3,pl_07,cr_3,2026-09-04 04:17:09.855576559,c_cmp_3_p_pl_07_cr_cr_3,synthetic
t_003495,u_01294,click,cmp_3,pl_07,cr_3,2026-09-04 04:18:17.719018206,c_cmp_3_p_pl_07_cr_cr_3,synthetic
t_004106,u_01524,click,cmp_2,pl_08,cr_1,2026-09-04 04:24:04.782378970,c_cmp_2_p_pl_08_cr_cr_1,synthetic
t_003141,u_01172,click,cmp_2,pl_08,cr_1,2026-09-04 04:25:31.163805139,c_cmp_2_p_pl_08_cr_cr_1,synthetic
t_002505,u_00939,click,cmp_2,pl_02,cr_2,2026-09-04 04:26:16.129389088,c_cmp_2_p_pl_02_cr_cr_2,synthetic
t_003146,u_01173,click,cmp_2,pl_02,cr_2,2026-09-04 04:27:50.370675339,c_cmp_2_p_pl_02_cr_cr_2,synthetic
t_000927,u_00342,click,cmp_1,pl_06,cr_2,2026-09-04 04:38:08.584719314,c_cmp_1_p_pl_06_cr_cr_2,synthetic
t_000928,u_00342,bot_start,cmp_1,pl_06,cr_2,2026-09-04 04:41:11.584719314,c_cmp_1_p_pl_06_cr_cr_2,synthetic
t_004107,u_01524,bot_start,cmp_2,pl_08,cr_1,2026-09-04 04:43:20.782378970,c_cmp_2_p_pl_08_cr_cr_1,synthetic
t_002742,u_01021,click,cmp_3,pl_09,cr_0,2026-09-04 04:48:35.547997186,c_cmp_3_p_pl_09_cr_cr_0,synthetic
t_003860,u_01428,click,cmp_0,pl_04,cr_3,2026-09-04 05:05:25.233639170,c_cmp_0_p_pl_04_cr_cr_3,synthetic
t_000082,u_00026,click,cmp_2,pl_08,cr_1,2026-09-04 05:05:40.405267696,c_cmp_2_p_pl_08_cr_cr_1,synthetic
t_000162,u_00051,click,cmp_2,pl_02,cr_2,2026-09-04 05:06:23.348408892,c_cmp_2_p_pl_02_cr_cr_2,synthetic
t_003484,u_01292,click,cmp_0,pl_04,cr_3,2026-09-04 05:37:05.520321569,c_cmp_0_p_pl_04_cr_cr_3,synthetic
t_001387,u_00505,click,cmp_3,pl_07,cr_3,2026-09-04 05:50:21.225960269,c_cmp_3_p_pl_07_cr_cr_3,synthetic
t_001821,u_00681,click,cmp_2,pl_00,cr_0,2026-09-04 06:07:13.049034199,c_cmp_2_p_pl_00_cr_cr_0,synthetic
t_003425,u_01268,click,cmp_1,pl_06,cr_2,2026-09-04 06:52:10.476737180,c_cmp_1_p_pl_06_cr_cr_2,synthetic
t_002713,u_01012,click,cmp_3,pl_07,cr_3,2026-09-04 06:55:14.358244166,c_cmp_3_p_pl_07_cr_cr_3,synthetic
t_001957,u_00731,click,cmp_0,pl_01,cr_4,2026-09-04 07:03:28.167246421,c_cmp_0_p_pl_01_cr_cr_4,synthetic
t_002714,u_01012,bot_start,cmp_3,pl_07,cr_3,2026-09-04 07:04:09.358244166,c_cmp_3_p_pl_07_cr_cr_3,synthetic
t_001958,u_00731,bot_start,cmp_0,pl_01,cr_4,2026-09-04 07:07:02.167246421,c_cmp_0_p_pl_01_cr_cr_4,synthetic
t_000297,u_00104,click,cmp_2,pl_00,cr_0,2026-09-04 07:15:16.971989122,c_cmp_2_p_pl_00_cr_cr_0,synthetic
t_001266,u_00460,click,cmp_3,pl_07,cr_3,2026-09-04 07:24:33.113010057,c_cmp_3_p_pl_07_cr_cr_3,synthetic
t_000829,u_00302,click,cmp_2,pl_05,cr_4,2026-09-04 07:46:45.177828893,c_cmp_2_p_pl_05_cr_cr_4,synthetic
t_001267,u_00460,bot_start,cmp_3,pl_07,cr_3,2026-09-04 07:56:37.113010057,c_cmp_3_p_pl_07_cr_cr_3,synthetic
t_003444,u_01276,click,cmp_2,pl_02,cr_2,2026-09-04 08:03:46.416133188,c_cmp_2_p_pl_02_cr_cr_2,synthetic
t_003186,u_01186,click,cmp_2,pl_02,cr_2,2026-09-04 08:14:13.596897876,c_cmp_2_p_pl_02_cr_cr_2,synthetic
t_000298,u_00104,bot_start,cmp_2,pl_00,cr_0,2026-09-04 08:14:33.971989122,c_cmp_2_p_pl_00_cr_cr_0,synthetic
t_001268,u_00460,lead,cmp_3,pl_07,cr_3,2026-09-04 08:30:37.113010057,c_cmp_3_p_pl_07_cr_cr_3,synthetic
t_004148,u_01540,click,cmp_2,pl_05,cr_4,2026-09-04 09:11:17.281499611,c_cmp_2_p_pl_05_cr_cr_4,synthetic
t_004413,u_01626,click,cmp_0,pl_04,cr_3,2026-09-04 09:12:39.416597379,c_cmp_0_p_pl_04_cr_cr_3,synthetic
t_005045,u_01870,click,cmp_0,pl_01,cr_4,2026-09-04 09:14:52.317928457,c_cmp_0_p_pl_01_cr_cr_4,synthetic
t_005304,u_01965,click,cmp_0,pl_04,cr_3,2026-09-04 09:40:26.646205310,c_cmp_0_p_pl_04_cr_cr_3,synthetic
t_002316,u_00860,click,cmp_2,pl_08,cr_1,2026-09-04 09:40:28.772056562,c_cmp_2_p_pl_08_cr_cr_1,synthetic
t_004414,u_01626,bot_start,cmp_0,pl_04,cr_3,2026-09-04 09:47:52.416597379,c_cmp_0_p_pl_04_cr_cr_3,synthetic
t_000583,u_00204,click,cmp_3,pl_07,cr_3,2026-09-04 09:53:34.221447133,c_cmp_3_p_pl_07_cr_cr_3,synthetic
t_004344,u_01601,click,cmp_0,pl_01,cr_4,2026-09-04 09:57:46.982371232,c_cmp_0_p_pl_01_cr_cr_4,synthetic
t_000121,u_00038,click,cmp_2,pl_00,cr_0,2026-09-04 10:16:30.189056479,c_cmp_2_p_pl_00_cr_cr_0,synthetic
t_000122,u_00038,bot_start,cmp_2,pl_00,cr_0,2026-09-04 10:17:19.189056479,c_cmp_2_p_pl_00_cr_cr_0,synthetic
t_002930,u_01090,click,cmp_3,pl_09,cr_0,2026-09-04 10:24:10.334322959,c_cmp_3_p_pl_09_cr_cr_0,synthetic
t_005260,u_01953,click,cmp_4,pl_03,cr_0,2026-09-04 10:25:41.798823582,c_cmp_4_p_pl_03_cr_cr_0,synthetic
t_000546,u_00192,click,cmp_1,pl_06,cr_2,2026-09-04 10:33:37.475871443,c_cmp_1_p_pl_06_cr_cr_2,synthetic
t_002439,u_00911,click,cmp_0,pl_04,cr_3,2026-09-04 10:50:54.964453835,c_cmp_0_p_pl_04_cr_cr_3,synthetic
t_002931,u_01090,bot_start,cmp_3,pl_09,cr_0,2026-09-04 10:54:11.334322959,c_cmp_3_p_pl_09_cr_cr_0,synthetic
t_004034,u_01488,click,cmp_3,pl_07,cr_3,2026-09-04 11:09:46.046417221,c_cmp_3_p_pl_07_cr_cr_3,synthetic
t_001340,u_00486,click,cmp_3,pl_07,cr_3,2026-09-04 11:10:58.410566015,c_cmp_3_p_pl_07_cr_cr_3,synthetic
t_002933,u_01090,click,cmp_0,pl_04,cr_3,2026-09-04 11:16:47.510636854,c_cmp_0_p_pl_04_cr_cr_3,synthetic
t_002932,u_01090,lead,cmp_3,pl_09,cr_0,2026-09-04 11:19:11.334322959,c_cmp_3_p_pl_09_cr_cr_0,synthetic
t_002440,u_00911,bot_start,cmp_0,pl_04,cr_3,2026-09-04 11:31:10.964453835,c_cmp_0_p_pl_04_cr_cr_3,synthetic
t_000075,u_00024,click,cmp_3,pl_09,cr_0,2026-09-04 11:48:17.584625228,c_cmp_3_p_pl_09_cr_cr_0,synthetic
t_002715,u_01012,click,cmp_0,pl_04,cr_3,2026-09-04 11:53:04.277636164,c_cmp_0_p_pl_04_cr_cr_3,synthetic
t_001497,u_00553,click,cmp_0,pl_01,cr_4,2026-09-04 12:15:28.590305445,c_cmp_0_p_pl_01_cr_cr_4,synthetic
t_001979,u_00740,click,cmp_4,pl_03,cr_0,2026-09-04 12:15:53.129062820,c_cmp_4_p_pl_03_cr_cr_0,synthetic
t_000271,u_00093,click,cmp_0,pl_04,cr_3,2026-09-04 12:30:59.918838412,c_cmp_0_p_pl_04_cr_cr_3,synthetic
t_002446,u_00914,click,cmp_4,pl_03,cr_0,2026-09-04 12:31:05.073668918,c_cmp_4_p_pl_03_cr_cr_0,synthetic
t_004151,u_01540,click,cmp_2,pl_05,cr_4,2026-09-04 12:31:20.528400592,c_cmp_2_p_pl_05_cr_cr_4,synthetic
t_002136,u_00797,click,cmp_0,pl_04,cr_3,2026-09-04 12:34:19.564192188,c_cmp_0_p_pl_04_cr_cr_3,synthetic
t_000076,u_00024,bot_start,cmp_3,pl_09,cr_0,2026-09-04 12:40:50.584625228,c_cmp_3_p_pl_09_cr_cr_0,synthetic
t_001498,u_00553,bot_start,cmp_0,pl_01,cr_4,2026-09-04 13:02:27.590305445,c_cmp_0_p_pl_01_cr_cr_4,synthetic
t_002761,u_01029,click,cmp_2,pl_02,cr_2,2026-09-04 13:22:01.580127899,c_cmp_2_p_pl_02_cr_cr_2,synthetic
t_000077,u_00024,lead,cmp_3,pl_09,cr_0,2026-09-04 13:33:50.584625228,c_cmp_3_p_pl_09_cr_cr_0,synthetic
t_002165,u_00809,click,cmp_1,pl_06,cr_2,2026-09-04 13:49:44.741246869,c_cmp_1_p_pl_06_cr_cr_2,synthetic
t_000703,u_00247,click,cmp_3,pl_09,cr_0,2026-09-04 14:01:24.937515479,c_cmp_3_p_pl_09_cr_cr_0,synthetic
t_000866,u_00317,click,cmp_3,pl_09,cr_0,2026-09-04 14:42:02.874248016,c_cmp_3_p_pl_09_cr_cr_0,synthetic
t_001260,u_00460,click,cmp_0,pl_01,cr_4,2026-09-04 14:47:12.789213308,c_cmp_0_p_pl_01_cr_cr_4,synthetic
t_000867,u_00317,bot_start,cmp_3,pl_09,cr_0,2026-09-04 14:57:03.874248016,c_cmp_3_p_pl_09_cr_cr_0,synthetic
t_001261,u_00460,bot_start,cmp_0,pl_01,cr_4,2026-09-04 15:03:22.789213308,c_cmp_0_p_pl_01_cr_cr_4,synthetic
t_004695,u_01735,click,cmp_3,pl_09,cr_0,2026-09-04 15:08:20.676567935,c_cmp_3_p_pl_09_cr_cr_0,synthetic
t_001487,u_00548,click,cmp_0,pl_04,cr_3,2026-09-04 15:11:28.587206088,c_cmp_0_p_pl_04_cr_cr_3,synthetic
t_001932,u_00723,click,cmp_3,pl_07,cr_3,2026-09-04 15:31:00.339860887,c_cmp_3_p_pl_07_cr_cr_3,synthetic
t_001262,u_00460,lead,cmp_0,pl_01,cr_4,2026-09-04 15:39:22.789213308,c_cmp_0_p_pl_01_cr_cr_4,synthetic
t_000618,u_00215,click,cmp_2,pl_05,cr_4,2026-09-04 15:39:43.641774284,c_cmp_2_p_pl_05_cr_cr_4,synthetic
t_001700,u_00633,click,cmp_2,pl_00,cr_0,2026-09-04 15:46:39.536436314,c_cmp_2_p_pl_00_cr_cr_0,synthetic
t_002139,u_00798,click,cmp_2,pl_00,cr_0,2026-09-04 15:57:28.299621734,c_cmp_2_p_pl_00_cr_cr_0,synthetic
t_005230,u_01945,click,cmp_4,pl_03,cr_0,2026-09-04 16:10:24.974955670,c_cmp_4_p_pl_03_cr_cr_0,synthetic
t_001399,u_00511,click,cmp_2,pl_02,cr_2,2026-09-04 16:38:19.526310532,c_cmp_2_p_pl_02_cr_cr_2,synthetic
t_002309,u_00856,click,cmp_2,pl_05,cr_4,2026-09-04 16:40:27.287173015,c_cmp_2_p_pl_05_cr_cr_4,synthetic
t_005231,u_01945,bot_start,cmp_4,pl_03,cr_0,2026-09-04 16:43:42.974955670,c_cmp_4_p_pl_03_cr_cr_0,synthetic
t_002111,u_00787,click,cmp_3,pl_09,cr_0,2026-09-04 16:46:36.766021988,c_cmp_3_p_pl_09_cr_cr_0,synthetic
t_000645,u_00222,click,cmp_0,pl_04,cr_3,2026-09-04 16:53:31.300878892,c_cmp_0_p_pl_04_cr_cr_3,synthetic
t_003239,u_01204,click,cmp_3,pl_09,cr_0,2026-09-04 17:01:06.285809650,c_cmp_3_p_pl_09_cr_cr_0,synthetic
t_002697,u_01005,click,cmp_0,pl_04,cr_3,2026-09-04 17:01:31.708328766,c_cmp_0_p_pl_04_cr_cr_3,synthetic
t_004469,u_01641,click,cmp_3,pl_09,cr_0,2026-09-04 17:02:11.147107693,c_cmp_3_p_pl_09_cr_cr_0,synthetic
t_002112,u_00787,bot_start,cmp_3,pl_09,cr_0,2026-09-04 17:12:38.766021988,c_cmp_3_p_pl_09_cr_cr_0,synthetic
t_002383,u_00889,click,cmp_0,pl_04,cr_3,2026-09-04 17:15:53.555466032,c_cmp_0_p_pl_04_cr_cr_3,synthetic
t_005232,u_01945,lead,cmp_4,pl_03,cr_0,2026-09-04 17:17:42.974955670,c_cmp_4_p_pl_03_cr_cr_0,synthetic
t_003534,u_01307,click,cmp_2,pl_02,cr_2,2026-09-04 17:25:38.791504465,c_cmp_2_p_pl_02_cr_cr_2,synthetic
t_000646,u_00222,bot_start,cmp_0,pl_04,cr_3,2026-09-04 17:39:50.300878892,c_cmp_0_p_pl_04_cr_cr_3,synthetic
t_004289,u_01587,click,cmp_1,pl_06,cr_2,2026-09-04 17:42:26.348309866,c_cmp_1_p_pl_06_cr_cr_2,synthetic
t_004201,u_01557,click,cmp_2,pl_00,cr_0,2026-09-04 18:25:27.391139878,c_cmp_2_p_pl_00_cr_cr_0,synthetic
t_004202,u_01557,bot_start,cmp_2,pl_00,cr_0,2026-09-04 18:29:41.391139878,c_cmp_2_p_pl_00_cr_cr_0,synthetic
t_003676,u_01356,click,cmp_2,pl_08,cr_1,2026-09-04 18:32:08.677889455,c_cmp_2_p_pl_08_cr_cr_1,synthetic
t_000647,u_00222,lead,cmp_0,pl_04,cr_3,2026-09-04 18:37:50.300878892,c_cmp_0_p_pl_04_cr_cr_3,synthetic
t_000251,u_00082,click,cmp_1,pl_06,cr_2,2026-09-04 18:46:36.408630899,c_cmp_1_p_pl_06_cr_cr_2,synthetic
t_002951,u_01099,click,cmp_2,pl_05,cr_4,2026-09-04 18:47:00.650099496,c_cmp_2_p_pl_05_cr_cr_4,synthetic
t_003302,u_01226,click,cmp_3,pl_09,cr_0,2026-09-04 18:52:24.214042156,c_cmp_3_p_pl_09_cr_cr_0,synthetic
t_001082,u_00394,click,cmp_3,pl_07,cr_3,2026-09-04 18:57:01.760698240,c_cmp_3_p_pl_07_cr_cr_3,synthetic
t_002952,u_01099,bot_start,cmp_2,pl_05,cr_4,2026-09-04 19:22:08.650099496,c_cmp_2_p_pl_05_cr_cr_4,synthetic
t_000898,u_00330,click,cmp_3,pl_09,cr_0,2026-09-04 19:23:45.987010384,c_cmp_3_p_pl_09_cr_cr_0,synthetic
t_004997,u_01850,click,cmp_4,pl_03,cr_0,2026-09-04 19:25:38.563787397,c_cmp_4_p_pl_03_cr_cr_0,synthetic
t_004998,u_01850,bot_start,cmp_4,pl_03,cr_0,2026-09-04 19:26:51.563787397,c_cmp_4_p_pl_03_cr_cr_0,synthetic
t_004879,u_01804,click,cmp_2,pl_08,cr_1,2026-09-04 19:28:42.313695620,c_cmp_2_p_pl_08_cr_cr_1,synthetic
t_004880,u_01804,bot_start,cmp_2,pl_08,cr_1,2026-09-04 19:34:51.313695620,c_cmp_2_p_pl_08_cr_cr_1,synthetic
t_003303,u_01226,bot_start,cmp_3,pl_09,cr_0,2026-09-04 19:45:43.214042156,c_cmp_3_p_pl_09_cr_cr_0,synthetic
t_003798,u_01403,click,cmp_0,pl_01,cr_4,2026-09-04 19:56:48.329815264,c_cmp_0_p_pl_01_cr_cr_4,synthetic
t_000321,u_00110,click,cmp_1,pl_06,cr_2,2026-09-04 20:11:09.918000261,c_cmp_1_p_pl_06_cr_cr_2,synthetic
t_003015,u_01121,click,cmp_0,pl_04,cr_3,2026-09-04 20:16:21.756231990,c_cmp_0_p_pl_04_cr_cr_3,synthetic
t_003016,u_01121,bot_start,cmp_0,pl_04,cr_3,2026-09-04 20:16:52.756231990,c_cmp_0_p_pl_04_cr_cr_3,synthetic
t_001014,u_00372,click,cmp_3,pl_07,cr_3,2026-09-04 20:21:42.167230879,c_cmp_3_p_pl_07_cr_cr_3,synthetic
t_000781,u_00281,click,cmp_0,pl_01,cr_4,2026-09-04 20:28:00.903527913,c_cmp_0_p_pl_01_cr_cr_4,synthetic
t_000322,u_00110,bot_start,cmp_1,pl_06,cr_2,2026-09-04 20:33:25.918000261,c_cmp_1_p_pl_06_cr_cr_2,synthetic
t_001788,u_00669,click,cmp_1,pl_06,cr_2,2026-09-04 20:46:43.534964594,c_cmp_1_p_pl_06_cr_cr_2,synthetic
t_005300,u_01964,click,cmp_3,pl_07,cr_3,2026-09-04 20:47:31.726753426,c_cmp_3_p_pl_07_cr_cr_3,synthetic
t_003240,u_01204,click,cmp_0,pl_01,cr_4,2026-09-04 20:53:27.808312275,c_cmp_0_p_pl_01_cr_cr_4,synthetic
t_001273,u_00461,click,cmp_4,pl_03,cr_0,2026-09-04 21:52:50.843572783,c_cmp_4_p_pl_03_cr_cr_0,synthetic
t_003364,u_01248,click,cmp_1,pl_06,cr_2,2026-09-04 22:07:01.534528416,c_cmp_1_p_pl_06_cr_cr_2,synthetic
t_000217,u_00068,click,cmp_2,pl_02,cr_2,2026-09-04 22:08:05.757366839,c_cmp_2_p_pl_02_cr_cr_2,synthetic
t_000218,u_00068,bot_start,cmp_2,pl_02,cr_2,2026-09-04 22:15:15.757366839,c_cmp_2_p_pl_02_cr_cr_2,synthetic
t_002887,u_01073,click,cmp_0,pl_01,cr_4,2026-09-04 22:31:41.338956382,c_cmp_0_p_pl_01_cr_cr_4,synthetic
t_002511,u_00941,click,cmp_3,pl_07,cr_3,2026-09-04 22:58:58.561242168,c_cmp_3_p_pl_07_cr_cr_3,synthetic
t_001589,u_00585,click,cmp_3,pl_07,cr_3,2026-09-04 23:04:35.601003172,c_cmp_3_p_pl_07_cr_cr_3,synthetic
t_001968,u_00735,click,cmp_0,pl_01,cr_4,2026-09-04 23:05:51.082527966,c_cmp_0_p_pl_01_cr_cr_4,synthetic
t_002384,u_00890,click,cmp_3,pl_09,cr_0,2026-09-04 23:11:59.144922515,c_cmp_3_p_pl_09_cr_cr_0,synthetic
t_002512,u_00941,bot_start,cmp_3,pl_07,cr_3,2026-09-04 23:17:46.561242168,c_cmp_3_p_pl_07_cr_cr_3,synthetic
t_002385,u_00890,bot_start,cmp_3,pl_09,cr_0,2026-09-04 23:19:35.144922515,c_cmp_3_p_pl_09_cr_cr_0,synthetic
t_000427,u_00150,click,cmp_2,pl_05,cr_4,2026-09-04 23:21:12.615563303,c_cmp_2_p_pl_05_cr_cr_4,synthetic
t_002888,u_01073,bot_start,cmp_0,pl_01,cr_4,2026-09-04 23:23:10.338956382,c_cmp_0_p_pl_01_cr_cr_4,synthetic
t_002889,u_01073,lead,cmp_0,pl_01,cr_4,2026-09-04 23:27:10.338956382,c_cmp_0_p_pl_01_cr_cr_4,synthetic
t_005074,u_01882,click,cmp_1,pl_06,cr_2,2026-09-04 23:31:55.364995262,c_cmp_1_p_pl_06_cr_cr_2,synthetic
t_003642,u_01347,click,cmp_2,pl_00,cr_0,2026-09-04 23:38:26.344461436,c_cmp_2_p_pl_00_cr_cr_0,synthetic
t_002386,u_00890,lead,cmp_3,pl_09,cr_0,2026-09-04 23:40:35.144922515,c_cmp_3_p_pl_09_cr_cr_0,synthetic
t_001590,u_00585,bot_start,cmp_3,pl_07,cr_3,2026-09-04 23:42:49.601003172,c_cmp_3_p_pl_07_cr_cr_3,synthetic
t_003331,u_01235,click,cmp_2,pl_02,cr_2,2026-09-04 23:45:46.528419307,c_cmp_2_p_pl_02_cr_cr_2,synthetic
t_001591,u_00585,lead,cmp_3,pl_07,cr_3,2026-09-05 00:14:49.601003172,c_cmp_3_p_pl_07_cr_cr_3,synthetic
t_001890,u_00710,click,cmp_1,pl_06,cr_2,2026-09-05 00:20:00.351108577,c_cmp_1_p_pl_06_cr_cr_2,synthetic
t_005350,u_01989,click,cmp_3,pl_07,cr_3,2026-09-05 00:25:49.646802209,c_cmp_3_p_pl_07_cr_cr_3,synthetic
t_000255,u_00083,click,cmp_1,pl_06,cr_2,2026-09-05 00:37:42.293701463,c_cmp_1_p_pl_06_cr_cr_2,synthetic
t_003457,u_01280,click,cmp_3,pl_09,cr_0,2026-09-05 00:40:58.605687116,c_cmp_3_p_pl_09_cr_cr_0,synthetic
t_003332,u_01235,bot_start,cmp_2,pl_02,cr_2,2026-09-05 00:41:03.528419307,c_cmp_2_p_pl_02_cr_cr_2,synthetic
t_001891,u_00710,bot_start,cmp_1,pl_06,cr_2,2026-09-05 00:43:01.351108577,c_cmp_1_p_pl_06_cr_cr_2,synthetic
t_001353,u_00490,click,cmp_1,pl_06,cr_2,2026-09-05 00:43:48.314621330,c_cmp_1_p_pl_06_cr_cr_2,synthetic
t_001354,u_00490,bot_start,cmp_1,pl_06,cr_2,2026-09-05 00:50:15.314621330,c_cmp_1_p_pl_06_cr_cr_2,synthetic
t_002728,u_01016,click,cmp_2,pl_02,cr_2,2026-09-05 00:51:23.066383869,c_cmp_2_p_pl_02_cr_cr_2,synthetic
t_002767,u_01033,click,cmp_3,pl_09,cr_0,2026-09-05 01:10:41.333701500,c_cmp_3_p_pl_09_cr_cr_0,synthetic
t_001355,u_00490,lead,cmp_1,pl_06,cr_2,2026-09-05 01:12:15.314621330,c_cmp_1_p_pl_06_cr_cr_2,synthetic
t_002479,u_00927,click,cmp_3,pl_07,cr_3,2026-09-05 01:50:14.083255744,c_cmp_3_p_pl_07_cr_cr_3,synthetic
t_000460,u_00161,click,cmp_0,pl_04,cr_3,2026-09-05 02:02:56.333856317,c_cmp_0_p_pl_04_cr_cr_3,synthetic
t_000065,u_00020,click,cmp_2,pl_02,cr_2,2026-09-05 02:33:07.887431152,c_cmp_2_p_pl_02_cr_cr_2,synthetic
t_005118,u_01901,click,cmp_0,pl_01,cr_4,2026-09-05 02:34:28.399273476,c_cmp_0_p_pl_01_cr_cr_4,synthetic
t_003589,u_01328,click,cmp_2,pl_05,cr_4,2026-09-05 02:36:26.170838503,c_cmp_2_p_pl_05_cr_cr_4,synthetic
t_003483,u_01292,click,cmp_3,pl_09,cr_0,2026-09-05 02:38:00.191116342,c_cmp_3_p_pl_09_cr_cr_0,synthetic
t_001259,u_00459,click,cmp_3,pl_07,cr_3,2026-09-05 02:55:17.349448124,c_cmp_3_p_pl_07_cr_cr_3,synthetic
t_003216,u_01194,click,cmp_2,pl_05,cr_4,2026-09-05 03:01:52.761702831,c_cmp_2_p_pl_05_cr_cr_4,synthetic
t_002130,u_00794,click,cmp_4,pl_03,cr_0,2026-09-05 03:10:33.932778176,c_cmp_4_p_pl_03_cr_cr_0,synthetic
t_001937,u_00724,click,cmp_2,pl_00,cr_0,2026-09-05 03:13:39.177706722,c_cmp_2_p_pl_00_cr_cr_0,synthetic
t_003010,u_01119,click,cmp_0,pl_01,cr_4,2026-09-05 03:24:38.715038612,c_cmp_0_p_pl_01_cr_cr_4,synthetic
t_000678,u_00236,click,cmp_1,pl_06,cr_2,2026-09-05 03:43:11.143970322,c_cmp_1_p_pl_06_cr_cr_2,synthetic
t_004480,u_01647,click,cmp_2,pl_08,cr_1,2026-09-05 03:47:15.941231478,c_cmp_2_p_pl_08_cr_cr_1,synthetic
t_003217,u_01194,bot_start,cmp_2,pl_05,cr_4,2026-09-05 03:50:10.761702831,c_cmp_2_p_pl_05_cr_cr_4,synthetic
t_003661,u_01352,click,cmp_2,pl_00,cr_0,2026-09-05 03:58:09.924401376,c_cmp_2_p_pl_00_cr_cr_0,synthetic
t_005360,u_01992,click,cmp_3,pl_09,cr_0,2026-09-05 03:59:40.767536286,c_cmp_3_p_pl_09_cr_cr_0,synthetic
t_001065,u_00389,click,cmp_3,pl_07,cr_3,2026-09-05 04:04:40.531556654,c_cmp_3_p_pl_07_cr_cr_3,synthetic
t_004342,u_01601,click,cmp_1,pl_06,cr_2,2026-09-05 04:04:47.624368276,c_cmp_1_p_pl_06_cr_cr_2,synthetic
t_003662,u_01352,bot_start,cmp_2,pl_00,cr_0,2026-09-05 04:07:10.924401376,c_cmp_2_p_pl_00_cr_cr_0,synthetic
t_003663,u_01352,lead,cmp_2,pl_00,cr_0,2026-09-05 04:17:10.924401376,c_cmp_2_p_pl_00_cr_cr_0,synthetic
t_004481,u_01647,bot_start,cmp_2,pl_08,cr_1,2026-09-05 04:26:09.941231478,c_cmp_2_p_pl_08_cr_cr_1,synthetic
t_000679,u_00236,bot_start,cmp_1,pl_06,cr_2,2026-09-05 04:33:48.143970322,c_cmp_1_p_pl_06_cr_cr_2,synthetic
t_001390,u_00505,click,cmp_2,pl_08,cr_1,2026-09-05 04:38:40.941517306,c_cmp_2_p_pl_08_cr_cr_1,synthetic
t_000805,u_00289,click,cmp_3,pl_09,cr_0,2026-09-05 05:12:40.447822547,c_cmp_3_p_pl_09_cr_cr_0,synthetic
t_003797,u_01402,click,cmp_3,pl_09,cr_0,2026-09-05 05:24:57.987182601,c_cmp_3_p_pl_09_cr_cr_0,synthetic
t_004047,u_01496,click,cmp_0,pl_01,cr_4,2026-09-05 05:29:27.660404115,c_cmp_0_p_pl_01_cr_cr_4,synthetic
t_003398,u_01261,click,cmp_3,pl_07,cr_3,2026-09-05 05:31:52.089004953,c_cmp_3_p_pl_07_cr_cr_3,synthetic
t_003756,u_01386,click,cmp_0,pl_04,cr_3,2026-09-05 05:40:39.580714835,c_cmp_0_p_pl_04_cr_cr_3,synthetic
t_003614,u_01339,click,cmp_4,pl_03,cr_0,2026-09-05 05:41:45.716450573,c_cmp_4_p_pl_03_cr_cr_0,synthetic
t_005247,u_01950,click,cmp_3,pl_09,cr_0,2026-09-05 05:45:40.699350263,c_cmp_3_p_pl_09_cr_cr_0,synthetic
t_003293,u_01224,click,cmp_3,pl_07,cr_3,2026-09-05 06:13:31.345658967,c_cmp_3_p_pl_07_cr_cr_3,synthetic
t_004170,u_01547,click,cmp_0,pl_04,cr_3,2026-09-05 06:36:49.696389212,c_cmp_0_p_pl_04_cr_cr_3,synthetic
t_004023,u_01485,click,cmp_2,pl_05,cr_4,2026-09-05 06:50:23.035634124,c_cmp_2_p_pl_05_cr_cr_4,synthetic
t_005021,u_01859,click,cmp_1,pl_06,cr_2,2026-09-05 07:00:16.227530292,c_cmp_1_p_pl_06_cr_cr_2,synthetic
t_001483,u_00545,click,cmp_0,pl_01,cr_4,2026-09-05 07:03:04.724682887,c_cmp_0_p_pl_01_cr_cr_4,synthetic
t_005014,u_01855,click,cmp_3,pl_07,cr_3,2026-09-05 07:08:01.217838701,c_cmp_3_p_pl_07_cr_cr_3,synthetic
t_000734,u_00263,click,cmp_2,pl_05,cr_4,2026-09-05 07:12:45.530196177,c_cmp_2_p_pl_05_cr_cr_4,synthetic
t_005294,u_01962,click,cmp_2,pl_02,cr_2,2026-09-05 07:41:33.515980537,c_cmp_2_p_pl_02_cr_cr_2,synthetic
t_005089,u_01892,click,cmp_3,pl_07,cr_3,2026-09-05 07:48:54.707448456,c_cmp_3_p_pl_07_cr_cr_3,synthetic
t_003420,u_01266,click,cmp_2,pl_00,cr_0,2026-09-05 07:50:29.456220764,c_cmp_2_p_pl_00_cr_cr_0,synthetic
t_001742,u_00648,click,cmp_0,pl_01,cr_4,2026-09-05 08:06:16.312589672,c_cmp_0_p_pl_01_cr_cr_4,synthetic
t_005295,u_01962,bot_start,cmp_2,pl_02,cr_2,2026-09-05 08:14:13.515980537,c_cmp_2_p_pl_02_cr_cr_2,synthetic
t_005090,u_01892,bot_start,cmp_3,pl_07,cr_3,2026-09-05 08:19:21.707448456,c_cmp_3_p_pl_07_cr_cr_3,synthetic
t_005296,u_01962,lead,cmp_2,pl_02,cr_2,2026-09-05 08:32:13.515980537,c_cmp_2_p_pl_02_cr_cr_2,synthetic
t_001525,u_00565,click,cmp_1,pl_06,cr_2,2026-09-05 08:33:39.499245008,c_cmp_1_p_pl_06_cr_cr_2,synthetic
t_000915,u_00336,click,cmp_2,pl_02,cr_2,2026-09-05 08:50:34.659583296,c_cmp_2_p_pl_02_cr_cr_2,synthetic
t_000803,u_00288,click,cmp_3,pl_07,cr_3,2026-09-05 08:52:03.193460346,c_cmp_3_p_pl_07_cr_cr_3,synthetic
t_004467,u_01641,click,cmp_2,pl_08,cr_1,2026-09-05 08:58:59.763522038,c_cmp_2_p_pl_08_cr_cr_1,synthetic
t_000348,u_00122,click,cmp_1,pl_06,cr_2,2026-09-05 09:04:29.167536090,c_cmp_1_p_pl_06_cr_cr_2,synthetic
t_000314,u_00108,click,cmp_2,pl_00,cr_0,2026-09-05 09:05:44.018269405,c_cmp_2_p_pl_00_cr_cr_0,synthetic
t_000804,u_00288,bot_start,cmp_3,pl_07,cr_3,2026-09-05 09:36:31.193460346,c_cmp_3_p_pl_07_cr_cr_3,synthetic
t_001906,u_00715,click,cmp_3,pl_09,cr_0,2026-09-05 09:38:40.082927283,c_cmp_3_p_pl_09_cr_cr_0,synthetic
t_000802,u_00288,click,cmp_2,pl_02,cr_2,2026-09-05 09:39:20.791927182,c_cmp_2_p_pl_02_cr_cr_2,synthetic
t_001168,u_00427,click,cmp_0,pl_01,cr_4,2026-09-05 09:39:44.865098519,c_cmp_0_p_pl_01_cr_cr_4,synthetic
t_003646,u_01348,click,cmp_2,pl_00,cr_0,2026-09-05 09:42:36.975939809,c_cmp_2_p_pl_00_cr_cr_0,synthetic
t_001726,u_00639,click,cmp_4,pl_03,cr_0,2026-09-05 09:44:59.996275045,c_cmp_4_p_pl_03_cr_cr_0,synthetic
t_002627,u_00979,click,cmp_3,pl_07,cr_3,2026-09-05 09:45:02.321083592,c_cmp_3_p_pl_07_cr_cr_3,synthetic
t_004159,u_01542,click,cmp_2,pl_02,cr_2,2026-09-05 09:51:56.043012578,c_cmp_2_p_pl_02_cr_cr_2,synthetic
t_004074,u_01510,click,cmp_2,pl_05,cr_4,2026-09-05 09:52:27.330167641,c_cmp_2_p_pl_05_cr_cr_4,synthetic
t_000267,u_00091,click,cmp_2,pl_02,cr_2,2026-09-05 10:31:09.076695535,c_cmp_2_p_pl_02_cr_cr_2,synthetic
t_004456,u_01639,click,cmp_2,pl_00,cr_0,2026-09-05 10:37:59.531952384,c_cmp_2_p_pl_00_cr_cr_0,synthetic
t_005342,u_01985,click,cmp_0,pl_04,cr_3,2026-09-05 11:08:29.572826970,c_cmp_0_p_pl_04_cr_cr_3,synthetic
t_004294,u_01588,click,cmp_0,pl_01,cr_4,2026-09-05 11:17:21.077563785,c_cmp_0_p_pl_01_cr_cr_4,synthetic
t_001327,u_00481,click,cmp_4,pl_03,cr_0,2026-09-05 11:35:14.760996540,c_cmp_4_p_pl_03_cr_cr_0,synthetic
t_002192,u_00819,click,cmp_0,pl_01,cr_4,2026-09-05 11:35:56.687759639,c_cmp_0_p_pl_01_cr_cr_4,synthetic
t_002193,u_00819,bot_start,cmp_0,pl_01,cr_4,2026-09-05 11:57:47.687759639,c_cmp_0_p_pl_01_cr_cr_4,synthetic
t_004295,u_01588,bot_start,cmp_0,pl_01,cr_4,2026-09-05 12:16:43.077563785,c_cmp_0_p_pl_01_cr_cr_4,synthetic
t_001663,u_00611,click,cmp_2,pl_08,cr_1,2026-09-05 12:33:19.618937333,c_cmp_2_p_pl_08_cr_cr_1,synthetic
t_001729,u_00642,click,cmp_2,pl_00,cr_0,2026-09-05 12:45:09.219061607,c_cmp_2_p_pl_00_cr_cr_0,synthetic
t_001668,u_00613,click,cmp_3,pl_09,cr_0,2026-09-05 12:45:48.738179448,c_cmp_3_p_pl_09_cr_cr_0,synthetic
t_002992,u_01112,click,cmp_2,pl_02,cr_2,2026-09-05 12:48:02.047071283,c_cmp_2_p_pl_02_cr_cr_2,synthetic
t_001462,u_00537,click,cmp_0,pl_01,cr_4,2026-09-05 12:56:16.676184687,c_cmp_0_p_pl_01_cr_cr_4,synthetic
t_005313,u_01971,click,cmp_2,pl_08,cr_1,2026-09-05 13:00:34.749540223,c_cmp_2_p_pl_08_cr_cr_1,synthetic
t_004296,u_01588,lead,cmp_0,pl_01,cr_4,2026-09-05 13:02:43.077563785,c_cmp_0_p_pl_01_cr_cr_4,synthetic
t_001463,u_00537,bot_start,cmp_0,pl_01,cr_4,2026-09-05 13:11:35.676184687,c_cmp_0_p_pl_01_cr_cr_4,synthetic
t_003684,u_01359,click,cmp_2,pl_05,cr_4,2026-09-05 13:26:28.817296061,c_cmp_2_p_pl_05_cr_cr_4,synthetic
t_001669,u_00613,bot_start,cmp_3,pl_09,cr_0,2026-09-05 13:34:40.738179448,c_cmp_3_p_pl_09_cr_cr_0,synthetic
t_001545,u_00572,click,cmp_3,pl_07,cr_3,2026-09-05 13:45:18.486818568,c_cmp_3_p_pl_07_cr_cr_3,synthetic
t_005336,u_01983,click,cmp_2,pl_00,cr_0,2026-09-05 13:50:00.952572930,c_cmp_2_p_pl_00_cr_cr_0,synthetic
t_003953,u_01458,click,cmp_4,pl_03,cr_0,2026-09-05 13:50:31.181931542,c_cmp_4_p_pl_03_cr_cr_0,synthetic
t_001464,u_00537,lead,cmp_0,pl_01,cr_4,2026-09-05 13:52:35.676184687,c_cmp_0_p_pl_01_cr_cr_4,synthetic
t_001983,u_00742,click,cmp_1,pl_06,cr_2,2026-09-05 14:11:30.189695238,c_cmp_1_p_pl_06_cr_cr_2,synthetic
t_000262,u_00089,click,cmp_0,pl_01,cr_4,2026-09-05 14:21:36.050771047,c_cmp_0_p_pl_01_cr_cr_4,synthetic
t_001154,u_00423,click,cmp_0,pl_01,cr_4,2026-09-05 14:32:06.343859319,c_cmp_0_p_pl_01_cr_cr_4,synthetic
t_003954,u_01458,bot_start,cmp_4,pl_03,cr_0,2026-09-05 14:45:48.181931542,c_cmp_4_p_pl_03_cr_cr_0,synthetic
t_004656,u_01720,click,cmp_2,pl_05,cr_4,2026-09-05 14:58:22.341765283,c_cmp_2_p_pl_05_cr_cr_4,synthetic
t_000871,u_00319,click,cmp_2,pl_05,cr_4,2026-09-05 15:08:00.991749723,c_cmp_2_p_pl_05_cr_cr_4,synthetic
t_002402,u_00896,click,cmp_3,pl_09,cr_0,2026-09-05 15:10:25.821550077,c_cmp_3_p_pl_09_cr_cr_0,synthetic
t_002487,u_00929,click,cmp_1,pl_06,cr_2,2026-09-05 15:47:11.173964809,c_cmp_1_p_pl_06_cr_cr_2,synthetic
t_000907,u_00334,click,cmp_0,pl_01,cr_4,2026-09-05 15:56:04.872999794,c_cmp_0_p_pl_01_cr_cr_4,synthetic
t_000988,u_00365,click,cmp_2,pl_02,cr_2,2026-09-05 16:13:00.016492440,c_cmp_2_p_pl_02_cr_cr_2,synthetic
t_000504,u_00177,click,cmp_3,pl_09,cr_0,2026-09-05 16:34:28.181079308,c_cmp_3_p_pl_09_cr_cr_0,synthetic
t_004251,u_01573,click,cmp_2,pl_02,cr_2,2026-09-05 16:43:43.412962116,c_cmp_2_p_pl_02_cr_cr_2,synthetic
t_000127,u_00040,click,cmp_2,pl_00,cr_0,2026-09-05 17:07:17.010097441,c_cmp_2_p_pl_00_cr_cr_0,synthetic
t_004252,u_01573,bot_start,cmp_2,pl_02,cr_2,2026-09-05 17:09:32.412962116,c_cmp_2_p_pl_02_cr_cr_2,synthetic
t_002259,u_00839,click,cmp_3,pl_09,cr_0,2026-09-05 17:10:42.660875005,c_cmp_3_p_pl_09_cr_cr_0,synthetic
t_004674,u_01728,click,cmp_0,pl_01,cr_4,2026-09-05 17:18:38.656013866,c_cmp_0_p_pl_01_cr_cr_4,synthetic
t_004534,u_01670,click,cmp_1,pl_06,cr_2,2026-09-05 17:24:48.671906696,c_cmp_1_p_pl_06_cr_cr_2,synthetic
t_001243,u_00455,click,cmp_3,pl_09,cr_0,2026-09-05 17:32:01.256472416,c_cmp_3_p_pl_09_cr_cr_0,synthetic
t_001075,u_00391,click,cmp_2,pl_02,cr_2,2026-09-05 18:01:28.684023063,c_cmp_2_p_pl_02_cr_cr_2,synthetic
t_004872,u_01803,click,cmp_2,pl_05,cr_4,2026-09-05 18:24:25.021166184,c_cmp_2_p_pl_05_cr_cr_4,synthetic
t_003209,u_01192,click,cmp_4,pl_03,cr_0,2026-09-05 18:24:36.555351650,c_cmp_4_p_pl_03_cr_cr_0,synthetic
t_001244,u_00455,bot_start,cmp_3,pl_09,cr_0,2026-09-05 18:25:45.256472416,c_cmp_3_p_pl_09_cr_cr_0,synthetic
t_003433,u_01271,click,cmp_3,pl_07,cr_3,2026-09-05 18:26:11.178395002,c_cmp_3_p_pl_07_cr_cr_3,synthetic
t_002190,u_00818,click,cmp_4,pl_03,cr_0,2026-09-05 18:26:50.020577904,c_cmp_4_p_pl_03_cr_cr_0,synthetic
t_001245,u_00455,lead,cmp_3,pl_09,cr_0,2026-09-05 18:32:45.256472416,c_cmp_3_p_pl_09_cr_cr_0,synthetic
t_003732,u_01377,click,cmp_0,pl_04,cr_3,2026-09-05 18:40:29.965697886,c_cmp_0_p_pl_04_cr_cr_3,synthetic
t_001997,u_00749,click,cmp_4,pl_03,cr_0,2026-09-05 18:44:45.241534699,c_cmp_4_p_pl_03_cr_cr_0,synthetic
t_001713,u_00636,click,cmp_4,pl_03,cr_0,2026-09-05 19:07:24.860075451,c_cmp_4_p_pl_03_cr_cr_0,synthetic
t_000144,u_00044,click,cmp_3,pl_07,cr_3,2026-09-05 19:07:32.748278348,c_cmp_3_p_pl_07_cr_cr_3,synthetic
t_003286,u_01221,click,cmp_3,pl_07,cr_3,2026-09-05 19:11:59.482677222,c_cmp_3_p_pl_07_cr_cr_3,synthetic
t_000191,u_00060,click,cmp_3,pl_07,cr_3,2026-09-05 19:15:47.214751031,c_cmp_3_p_pl_07_cr_cr_3,synthetic
t_005283,u_01959,click,cmp_0,pl_04,cr_3,2026-09-05 19:18:37.713733379,c_cmp_0_p_pl_04_cr_cr_3,synthetic
t_004138,u_01536,click,cmp_0,pl_04,cr_3,2026-09-05 19:23:33.525261326,c_cmp_0_p_pl_04_cr_cr_3,synthetic
t_002372,u_00885,click,cmp_2,pl_02,cr_2,2026-09-05 19:25:13.336044806,c_cmp_2_p_pl_02_cr_cr_2,synthetic
t_005119,u_01902,click,cmp_2,pl_00,cr_0,2026-09-05 19:30:53.825572512,c_cmp_2_p_pl_00_cr_cr_0,synthetic
t_003924,u_01447,click,cmp_1,pl_06,cr_2,2026-09-05 19:32:52.466409579,c_cmp_1_p_pl_06_cr_cr_2,synthetic
t_002774,u_01037,click,cmp_1,pl_06,cr_2,2026-09-05 19:34:57.788578830,c_cmp_1_p_pl_06_cr_cr_2,synthetic
t_003925,u_01447,bot_start,cmp_1,pl_06,cr_2,2026-09-05 19:36:49.466409579,c_cmp_1_p_pl_06_cr_cr_2,synthetic
t_003926,u_01447,lead,cmp_1,pl_06,cr_2,2026-09-05 19:38:49.466409579,c_cmp_1_p_pl_06_cr_cr_2,synthetic
t_001220,u_00447,click,cmp_2,pl_05,cr_4,2026-09-05 19:41:26.340192711,c_cmp_2_p_pl_05_cr_cr_4,synthetic
t_003874,u_01432,click,cmp_3,pl_07,cr_3,2026-09-05 19:49:49.006961738,c_cmp_3_p_pl_07_cr_cr_3,synthetic
t_003344,u_01239,click,cmp_1,pl_06,cr_2,2026-09-05 19:50:39.101093297,c_cmp_1_p_pl_06_cr_cr_2,synthetic
t_003033,u_01130,click,cmp_0,pl_04,cr_3,2026-09-05 19:59:55.377161134,c_cmp_0_p_pl_04_cr_cr_3,synthetic
t_000192,u_00060,bot_start,cmp_3,pl_07,cr_3,2026-09-05 20:07:03.214751031,c_cmp_3_p_pl_07_cr_cr_3,synthetic
t_005249,u_01950,click,cmp_3,pl_09,cr_0,2026-09-05 20:19:07.701117958,c_cmp_3_p_pl_09_cr_cr_0,synthetic
t_003034,u_01130,bot_start,cmp_0,pl_04,cr_3,2026-09-05 20:19:19.377161134,c_cmp_0_p_pl_04_cr_cr_3,synthetic
t_002373,u_00885,bot_start,cmp_2,pl_02,cr_2,2026-09-05 20:19:31.336044806,c_cmp_2_p_pl_02_cr_cr_2,synthetic
t_005120,u_01902,bot_start,cmp_2,pl_00,cr_0,2026-09-05 20:25:19.825572512,c_cmp_2_p_pl_00_cr_cr_0,synthetic
t_000278,u_00097,click,cmp_2,pl_02,cr_2,2026-09-05 20:32:02.687286318,c_cmp_2_p_pl_02_cr_cr_2,synthetic
t_000193,u_00060,lead,cmp_3,pl_07,cr_3,2026-09-05 20:47:03.214751031,c_cmp_3_p_pl_07_cr_cr_3,synthetic
t_005250,u_01950,bot_start,cmp_3,pl_09,cr_0,2026-09-05 20:59:00.701117958,c_cmp_3_p_pl_09_cr_cr_0,synthetic
t_003035,u_01130,lead,cmp_0,pl_04,cr_3,2026-09-05 21:03:19.377161134,c_cmp_0_p_pl_04_cr_cr_3,synthetic
t_001050,u_00384,click,cmp_3,pl_07,cr_3,2026-09-05 21:15:01.435799206,c_cmp_3_p_pl_07_cr_cr_3,synthetic
t_003631,u_01344,click,cmp_2,pl_00,cr_0,2026-09-05 21:15:58.403805337,c_cmp_2_p_pl_00_cr_cr_0,synthetic
t_003710,u_01367,click,cmp_2,pl_02,cr_2,2026-09-05 21:41:14.531565249,c_cmp_2_p_pl_02_cr_cr_2,synthetic
t_002683,u_01000,click,cmp_0,pl_04,cr_3,2026-09-05 22:04:52.021974385,c_cmp_0_p_pl_04_cr_cr_3,synthetic
t_004099,u_01520,click,cmp_1,pl_06,cr_2,2026-09-05 22:49:59.153474215,c_cmp_1_p_pl_06_cr_cr_2,synthetic
t_004653,u_01718,click,cmp_2,pl_08,cr_1,2026-09-05 22:59:54.474942235,c_cmp_2_p_pl_08_cr_cr_1,synthetic
t_000045,u_00013,click,cmp_3,pl_09,cr_0,2026-09-05 23:01:25.434840468,c_cmp_3_p_pl_09_cr_cr_0,synthetic
t_004100,u_01520,bot_start,cmp_1,pl_06,cr_2,2026-09-05 23:22:09.153474215,c_cmp_1_p_pl_06_cr_cr_2,synthetic
t_002954,u_01100,click,cmp_1,pl_06,cr_2,2026-09-05 23:27:46.990511051,c_cmp_1_p_pl_06_cr_cr_2,synthetic
t_001843,u_00688,click,cmp_0,pl_01,cr_4,2026-09-05 23:43:09.441798378,c_cmp_0_p_pl_01_cr_cr_4,synthetic
t_003783,u_01393,click,cmp_0,pl_01,cr_4,2026-09-05 23:46:49.241942244,c_cmp_0_p_pl_01_cr_cr_4,synthetic
t_000044,u_00013,click,cmp_3,pl_09,cr_0,2026-09-05 23:48:33.884763709,c_cmp_3_p_pl_09_cr_cr_0,synthetic
t_001995,u_00748,click,cmp_4,pl_03,cr_0,2026-09-05 23:49:52.350124732,c_cmp_4_p_pl_03_cr_cr_0,synthetic
t_003067,u_01143,click,cmp_4,pl_03,cr_0,2026-09-05 23:50:41.110213511,c_cmp_4_p_pl_03_cr_cr_0,synthetic
t_002906,u_01079,click,cmp_1,pl_06,cr_2,2026-09-05 23:52:01.792049928,c_cmp_1_p_pl_06_cr_cr_2,synthetic
t_004538,u_01671,click,cmp_1,pl_06,cr_2,2026-09-05 23:59:43.730236213,c_cmp_1_p_pl_06_cr_cr_2,synthetic
t_001996,u_00748,bot_start,cmp_4,pl_03,cr_0,2026-09-06 00:16:17.350124732,c_cmp_4_p_pl_03_cr_cr_0,synthetic
t_005051,u_01871,click,cmp_2,pl_05,cr_4,2026-09-06 00:17:50.751588893,c_cmp_2_p_pl_05_cr_cr_4,synthetic
t_000806,u_00290,click,cmp_4,pl_03,cr_0,2026-09-06 00:31:33.929191840,c_cmp_4_p_pl_03_cr_cr_0,synthetic
t_002517,u_00942,click,cmp_4,pl_03,cr_0,2026-09-06 00:38:56.278718910,c_cmp_4_p_pl_03_cr_cr_0,synthetic
t_000996,u_00369,click,cmp_2,pl_05,cr_4,2026-09-06 00:43:22.792422015,c_cmp_2_p_pl_05_cr_cr_4,synthetic
t_003168,u_01182,click,cmp_2,pl_02,cr_2,2026-09-06 00:47:28.341341318,c_cmp_2_p_pl_02_cr_cr_2,synthetic
t_005052,u_01871,bot_start,cmp_2,pl_05,cr_4,2026-09-06 00:50:20.751588893,c_cmp_2_p_pl_05_cr_cr_4,synthetic
t_004064,u_01503,click,cmp_1,pl_06,cr_2,2026-09-06 00:51:39.275315232,c_cmp_1_p_pl_06_cr_cr_2,synthetic
t_003961,u_01463,click,cmp_2,pl_05,cr_4,2026-09-06 00:54:51.723066973,c_cmp_2_p_pl_05_cr_cr_4,synthetic
t_004462,u_01640,click,cmp_0,pl_04,cr_3,2026-09-06 00:57:06.579606816,c_cmp_0_p_pl_04_cr_cr_3,synthetic
t_000562,u_00198,click,cmp_2,pl_08,cr_1,2026-09-06 01:01:50.183259198,c_cmp_2_p_pl_08_cr_cr_1,synthetic
t_004518,u_01664,click,cmp_1,pl_06,cr_2,2026-09-06 01:14:52.846401167,c_cmp_1_p_pl_06_cr_cr_2,synthetic
t_004928,u_01820,click,cmp_3,pl_09,cr_0,2026-09-06 01:32:06.940973954,c_cmp_3_p_pl_09_cr_cr_0,synthetic
t_000997,u_00369,bot_start,cmp_2,pl_05,cr_4,2026-09-06 01:35:30.792422015,c_cmp_2_p_pl_05_cr_cr_4,synthetic
t_000563,u_00198,bot_start,cmp_2,pl_08,cr_1,2026-09-06 01:50:05.183259198,c_cmp_2_p_pl_08_cr_cr_1,synthetic
t_001531,u_00566,click,cmp_4,pl_03,cr_0,2026-09-06 02:07:43.936676038,c_cmp_4_p_pl_03_cr_cr_0,synthetic
t_004992,u_01846,click,cmp_2,pl_05,cr_4,2026-09-06 02:10:17.612868551,c_cmp_2_p_pl_05_cr_cr_4,synthetic
t_004134,u_01534,click,cmp_0,pl_01,cr_4,2026-09-06 02:16:28.635571555,c_cmp_0_p_pl_01_cr_cr_4,synthetic
t_004589,u_01691,click,cmp_2,pl_02,cr_2,2026-09-06 02:16:57.661025188,c_cmp_2_p_pl_02_cr_cr_2,synthetic
t_000564,u_00198,lead,cmp_2,pl_08,cr_1,2026-09-06 02:26:05.183259198,c_cmp_2_p_pl_08_cr_cr_1,synthetic
t_000998,u_00369,lead,cmp_2,pl_05,cr_4,2026-09-06 02:26:30.792422015,c_cmp_2_p_pl_05_cr_cr_4,synthetic
t_000447,u_00156,click,cmp_4,pl_03,cr_0,2026-09-06 02:28:58.236739031,c_cmp_4_p_pl_03_cr_cr_0,synthetic
t_003773,u_01391,click,cmp_2,pl_05,cr_4,2026-09-06 02:40:45.992427684,c_cmp_2_p_pl_05_cr_cr_4,synthetic
t_005121,u_01903,click,cmp_1,pl_06,cr_2,2026-09-06 02:55:44.406907142,c_cmp_1_p_pl_06_cr_cr_2,synthetic
t_003114,u_01163,click,cmp_1,pl_06,cr_2,2026-09-06 03:00:59.747342067,c_cmp_1_p_pl_06_cr_cr_2,synthetic
t_000641,u_00221,click,cmp_2,pl_00,cr_0,2026-09-06 03:12:29.032383000,c_cmp_2_p_pl_00_cr_cr_0,synthetic
t_003774,u_01391,bot_start,cmp_2,pl_05,cr_4,2026-09-06 03:20:57.992427684,c_cmp_2_p_pl_05_cr_cr_4,synthetic
t_001714,u_00636,click,cmp_2,pl_02,cr_2,2026-09-06 03:21:24.520398507,c_cmp_2_p_pl_02_cr_cr_2,synthetic
t_004996,u_01849,click,cmp_3,pl_09,cr_0,2026-09-06 03:26:50.845305736,c_cmp_3_p_pl_09_cr_cr_0,synthetic
t_001530,u_00566,click,cmp_2,pl_08,cr_1,2026-09-06 03:33:44.366265306,c_cmp_2_p_pl_08_cr_cr_1,synthetic
t_003232,u_01200,click,cmp_3,pl_07,cr_3,2026-09-06 03:37:38.045148275,c_cmp_3_p_pl_07_cr_cr_3,synthetic
t_003775,u_01391,lead,cmp_2,pl_05,cr_4,2026-09-06 03:40:57.992427684,c_cmp_2_p_pl_05_cr_cr_4,synthetic
t_000274,u_00095,click,cmp_0,pl_04,cr_3,2026-09-06 03:45:23.073091861,c_cmp_0_p_pl_04_cr_cr_3,synthetic
t_000035,u_00011,click,cmp_4,pl_03,cr_0,2026-09-06 03:47:26.755417366,c_cmp_4_p_pl_03_cr_cr_0,synthetic
t_005122,u_01903,bot_start,cmp_1,pl_06,cr_2,2026-09-06 03:47:39.406907142,c_cmp_1_p_pl_06_cr_cr_2,synthetic
t_001715,u_00636,bot_start,cmp_2,pl_02,cr_2,2026-09-06 03:50:59.520398507,c_cmp_2_p_pl_02_cr_cr_2,synthetic
t_002128,u_00793,click,cmp_1,pl_06,cr_2,2026-09-06 03:59:07.742395434,c_cmp_1_p_pl_06_cr_cr_2,synthetic
t_000036,u_00011,bot_start,cmp_4,pl_03,cr_0,2026-09-06 04:05:54.755417366,c_cmp_4_p_pl_03_cr_cr_0,synthetic
t_000275,u_00095,bot_start,cmp_0,pl_04,cr_3,2026-09-06 04:08:47.073091861,c_cmp_0_p_pl_04_cr_cr_3,synthetic
t_002993,u_01113,click,cmp_1,pl_06,cr_2,2026-09-06 04:10:25.186876973,c_cmp_1_p_pl_06_cr_cr_2,synthetic
t_000116,u_00037,click,cmp_2,pl_08,cr_1,2026-09-06 04:33:56.369592732,c_cmp_2_p_pl_08_cr_cr_1,synthetic
t_000037,u_00011,lead,cmp_4,pl_03,cr_0,2026-09-06 04:38:54.755417366,c_cmp_4_p_pl_03_cr_cr_0,synthetic
t_000242,u_00077,click,cmp_2,pl_00,cr_0,2026-09-06 04:48:15.672173886,c_cmp_2_p_pl_00_cr_cr_0,synthetic
t_000117,u_00037,bot_start,cmp_2,pl_08,cr_1,2026-09-06 04:49:03.369592732,c_cmp_2_p_pl_08_cr_cr_1,synthetic
t_000118,u_00037,lead,cmp_2,pl_08,cr_1,2026-09-06 05:04:03.369592732,c_cmp_2_p_pl_08_cr_cr_1,synthetic
t_003623,u_01340,click,cmp_2,pl_08,cr_1,2026-09-06 05:06:47.490370965,c_cmp_2_p_pl_08_cr_cr_1,synthetic
t_003157,u_01178,click,cmp_4,pl_03,cr_0,2026-09-06 05:18:02.395295194,c_cmp_4_p_pl_03_cr_cr_0,synthetic
t_004285,u_01586,click,cmp_1,pl_06,cr_2,2026-09-06 05:28:39.064689778,c_cmp_1_p_pl_06_cr_cr_2,synthetic
t_001236,u_00453,click,cmp_3,pl_07,cr_3,2026-09-06 06:08:57.841422659,c_cmp_3_p_pl_07_cr_cr_3,synthetic
t_003691,u_01362,click,cmp_2,pl_02,cr_2,2026-09-06 06:41:20.905184235,c_cmp_2_p_pl_02_cr_cr_2,synthetic
t_004569,u_01683,click,cmp_2,pl_02,cr_2,2026-09-06 06:52:35.757258483,c_cmp_2_p_pl_02_cr_cr_2,synthetic
t_002758,u_01027,click,cmp_1,pl_06,cr_2,2026-09-06 07:12:35.479765629,c_cmp_1_p_pl_06_cr_cr_2,synthetic
t_001601,u_00589,click,cmp_2,pl_08,cr_1,2026-09-06 07:21:54.269471172,c_cmp_2_p_pl_08_cr_cr_1,synthetic
t_005170,u_01922,click,cmp_3,pl_07,cr_3,2026-09-06 07:23:29.863945760,c_cmp_3_p_pl_07_cr_cr_3,synthetic
t_003692,u_01362,bot_start,cmp_2,pl_02,cr_2,2026-09-06 07:24:59.905184235,c_cmp_2_p_pl_02_cr_cr_2,synthetic
t_000726,u_00258,click,cmp_0,pl_01,cr_4,2026-09-06 07:26:49.028850540,c_cmp_0_p_pl_01_cr_cr_4,synthetic
t_003693,u_01362,lead,cmp_2,pl_02,cr_2,2026-09-06 07:34:59.905184235,c_cmp_2_p_pl_02_cr_cr_2,synthetic
t_004223,u_01564,click,cmp_0,pl_01,cr_4,2026-09-06 07:35:36.153071093,c_cmp_0_p_pl_01_cr_cr_4,synthetic
t_002363,u_00879,click,cmp_0,pl_04,cr_3,2026-09-06 07:37:36.850430128,c_cmp_0_p_pl_04_cr_cr_3,synthetic
t_002691,u_01001,click,cmp_2,pl_05,cr_4,2026-09-06 07:46:22.521214185,c_cmp_2_p_pl_05_cr_cr_4,synthetic
t_005144,u_01911,click,cmp_3,pl_09,cr_0,2026-09-06 07:48:12.821301829,c_cmp_3_p_pl_09_cr_cr_0,synthetic
t_004719,u_01746,click,cmp_2,pl_05,cr_4,2026-09-06 08:16:49.641215123,c_cmp_2_p_pl_05_cr_cr_4,synthetic
t_004474,u_01645,click,cmp_2,pl_08,cr_1,2026-09-06 08:21:46.406121132,c_cmp_2_p_pl_08_cr_cr_1,synthetic
t_004934,u_01824,click,cmp_2,pl_05,cr_4,2026-09-06 08:43:46.343803494,c_cmp_2_p_pl_05_cr_cr_4,synthetic
t_005145,u_01911,bot_start,cmp_3,pl_09,cr_0,2026-09-06 08:45:27.821301829,c_cmp_3_p_pl_09_cr_cr_0,synthetic
t_002281,u_00847,click,cmp_4,pl_03,cr_0,2026-09-06 08:53:00.527036323,c_cmp_4_p_pl_03_cr_cr_0,synthetic
t_003602,u_01333,click,cmp_2,pl_00,cr_0,2026-09-06 08:56:41.616250955,c_cmp_2_p_pl_00_cr_cr_0,synthetic
t_002282,u_00847,bot_start,cmp_4,pl_03,cr_0,2026-09-06 09:01:42.527036323,c_cmp_4_p_pl_03_cr_cr_0,synthetic
t_004448,u_01637,click,cmp_0,pl_01,cr_4,2026-09-06 09:05:21.906010541,c_cmp_0_p_pl_01_cr_cr_4,synthetic
t_000782,u_00281,click,cmp_0,pl_04,cr_3,2026-09-06 09:06:32.059969895,c_cmp_0_p_pl_04_cr_cr_3,synthetic
t_004449,u_01637,bot_start,cmp_0,pl_01,cr_4,2026-09-06 09:10:43.906010541,c_cmp_0_p_pl_01_cr_cr_4,synthetic
t_001026,u_00375,click,cmp_2,pl_08,cr_1,2026-09-06 09:14:42.885481950,c_cmp_2_p_pl_08_cr_cr_1,synthetic
t_004935,u_01824,bot_start,cmp_2,pl_05,cr_4,2026-09-06 09:21:31.343803494,c_cmp_2_p_pl_05_cr_cr_4,synthetic
t_004450,u_01637,lead,cmp_0,pl_01,cr_4,2026-09-06 09:41:43.906010541,c_cmp_0_p_pl_01_cr_cr_4,synthetic
t_002424,u_00905,click,cmp_1,pl_06,cr_2,2026-09-06 09:42:41.533646312,c_cmp_1_p_pl_06_cr_cr_2,synthetic
t_000517,u_00182,click,cmp_2,pl_08,cr_1,2026-09-06 09:46:07.343816490,c_cmp_2_p_pl_08_cr_cr_1,synthetic
t_002918,u_01084,click,cmp_1,pl_06,cr_2,2026-09-06 09:48:47.876877344,c_cmp_1_p_pl_06_cr_cr_2,synthetic
t_004636,u_01710,click,cmp_1,pl_06,cr_2,2026-09-06 09:49:28.640435721,c_cmp_1_p_pl_06_cr_cr_2,synthetic
t_001027,u_00375,bot_start,cmp_2,pl_08,cr_1,2026-09-06 10:14:09.885481950,c_cmp_2_p_pl_08_cr_cr_1,synthetic
t_002441,u_00911,click,cmp_2,pl_08,cr_1,2026-09-06 10:40:57.633532719,c_cmp_2_p_pl_08_cr_cr_1,synthetic
t_003965,u_01464,click,cmp_2,pl_00,cr_0,2026-09-06 10:41:34.961086797,c_cmp_2_p_pl_00_cr_cr_0,synthetic
t_001598,u_00588,click,cmp_2,pl_08,cr_1,2026-09-06 11:04:10.695652958,c_cmp_2_p_pl_08_cr_cr_1,synthetic
t_004276,u_01582,click,cmp_2,pl_08,cr_1,2026-09-06 12:09:23.993361728,c_cmp_2_p_pl_08_cr_cr_1,synthetic
t_001896,u_00712,click,cmp_0,pl_01,cr_4,2026-09-06 12:09:58.581099273,c_cmp_0_p_pl_01_cr_cr_4,synthetic
t_005316,u_01973,click,cmp_1,pl_06,cr_2,2026-09-06 12:16:34.774238630,c_cmp_1_p_pl_06_cr_cr_2,synthetic
t_004598,u_01697,click,cmp_4,pl_03,cr_0,2026-09-06 12:59:00.019306967,c_cmp_4_p_pl_03_cr_cr_0,synthetic
t_001105,u_00401,click,cmp_1,pl_06,cr_2,2026-09-06 13:19:45.650039921,c_cmp_1_p_pl_06_cr_cr_2,synthetic
t_000159,u_00050,click,cmp_4,pl_03,cr_0,2026-09-06 13:30:28.859308988,c_cmp_4_p_pl_03_cr_cr_0,synthetic
t_004936,u_01825,click,cmp_1,pl_06,cr_2,2026-09-06 13:39:48.010187348,c_cmp_1_p_pl_06_cr_cr_2,synthetic
t_000160,u_00050,bot_start,cmp_4,pl_03,cr_0,2026-09-06 13:41:43.859308988,c_cmp_4_p_pl_03_cr_cr_0,synthetic
t_000161,u_00050,lead,cmp_4,pl_03,cr_0,2026-09-06 13:53:43.859308988,c_cmp_4_p_pl_03_cr_cr_0,synthetic
t_001230,u_00451,click,cmp_2,pl_05,cr_4,2026-09-06 14:02:02.264431629,c_cmp_2_p_pl_05_cr_cr_4,synthetic
t_004241,u_01570,click,cmp_2,pl_05,cr_4,2026-09-06 14:18:39.348832695,c_cmp_2_p_pl_05_cr_cr_4,synthetic
t_002168,u_00809,click,cmp_2,pl_05,cr_4,2026-09-06 14:20:27.265547079,c_cmp_2_p_pl_05_cr_cr_4,synthetic
t_004810,u_01776,click,cmp_2,pl_02,cr_2,2026-09-06 14:24:47.026272875,c_cmp_2_p_pl_02_cr_cr_2,synthetic
t_005008,u_01854,click,cmp_3,pl_09,cr_0,2026-09-06 14:40:24.454280665,c_cmp_3_p_pl_09_cr_cr_0,synthetic
t_001231,u_00451,bot_start,cmp_2,pl_05,cr_4,2026-09-06 14:42:56.264431629,c_cmp_2_p_pl_05_cr_cr_4,synthetic
t_000462,u_00161,click,cmp_1,pl_06,cr_2,2026-09-06 14:50:38.842589076,c_cmp_1_p_pl_06_cr_cr_2,synthetic
t_005009,u_01854,bot_start,cmp_3,pl_09,cr_0,2026-09-06 14:58:56.454280665,c_cmp_3_p_pl_09_cr_cr_0,synthetic
t_002401,u_00895,click,cmp_2,pl_02,cr_2,2026-09-06 15:04:48.583895057,c_cmp_2_p_pl_02_cr_cr_2,synthetic
t_001232,u_00451,lead,cmp_2,pl_05,cr_4,2026-09-06 15:09:56.264431629,c_cmp_2_p_pl_05_cr_cr_4,synthetic
t_002317,u_00860,click,cmp_0,pl_04,cr_3,2026-09-06 15:11:31.846050089,c_cmp_0_p_pl_04_cr_cr_3,synthetic
t_003274,u_01215,click,cmp_2,pl_08,cr_1,2026-09-06 15:14:08.292542414,c_cmp_2_p_pl_08_cr_cr_1,synthetic
t_000202,u_00063,click,cmp_2,pl_05,cr_4,2026-09-06 15:14:58.398747281,c_cmp_2_p_pl_05_cr_cr_4,synthetic
t_003922,u_01447,click,cmp_3,pl_09,cr_0,2026-09-06 15:15:26.435078204,c_cmp_3_p_pl_09_cr_cr_0,synthetic
t_002749,u_01025,click,cmp_1,pl_06,cr_2,2026-09-06 15:29:33.921385479,c_cmp_1_p_pl_06_cr_cr_2,synthetic
t_002623,u_00978,click,cmp_0,pl_04,cr_3,2026-09-06 15:36:28.568107395,c_cmp_0_p_pl_04_cr_cr_3,synthetic
t_004038,u_01491,click,cmp_2,pl_02,cr_2,2026-09-06 15:41:29.006867569,c_cmp_2_p_pl_02_cr_cr_2,synthetic
t_004210,u_01561,click,cmp_2,pl_05,cr_4,2026-09-06 15:44:24.941850896,c_cmp_2_p_pl_05_cr_cr_4,synthetic
t_002750,u_01025,bot_start,cmp_1,pl_06,cr_2,2026-09-06 15:44:36.921385479,c_cmp_1_p_pl_06_cr_cr_2,synthetic
t_001278,u_00463,click,cmp_4,pl_03,cr_0,2026-09-06 15:53:48.004668770,c_cmp_4_p_pl_03_cr_cr_0,synthetic
t_000529,u_00186,click,cmp_0,pl_04,cr_3,2026-09-06 15:53:57.843553602,c_cmp_0_p_pl_04_cr_cr_3,synthetic
t_002318,u_00860,bot_start,cmp_0,pl_04,cr_3,2026-09-06 16:02:59.846050089,c_cmp_0_p_pl_04_cr_cr_3,synthetic
t_002319,u_00860,lead,cmp_0,pl_04,cr_3,2026-09-06 16:20:59.846050089,c_cmp_0_p_pl_04_cr_cr_3,synthetic
t_001677,u_00617,click,cmp_3,pl_09,cr_0,2026-09-06 16:26:46.167973741,c_cmp_3_p_pl_09_cr_cr_0,synthetic
t_004211,u_01561,bot_start,cmp_2,pl_05,cr_4,2026-09-06 16:40:35.941850896,c_cmp_2_p_pl_05_cr_cr_4,synthetic
t_005233,u_01946,click,cmp_2,pl_05,cr_4,2026-09-06 16:40:47.921445470,c_cmp_2_p_pl_05_cr_cr_4,synthetic
t_002314,u_00859,click,cmp_2,pl_00,cr_0,2026-09-06 16:50:09.592620756,c_cmp_2_p_pl_00_cr_cr_0,synthetic
t_003284,u_01220,click,cmp_3,pl_09,cr_0,2026-09-06 17:01:07.541942360,c_cmp_3_p_pl_09_cr_cr_0,synthetic
t_003706,u_01366,click,cmp_1,pl_06,cr_2,2026-09-06 17:20:35.125125014,c_cmp_1_p_pl_06_cr_cr_2,synthetic
t_001691,u_00626,click,cmp_3,pl_09,cr_0,2026-09-06 17:44:31.075469928,c_cmp_3_p_pl_09_cr_cr_0,synthetic
t_003707,u_01366,bot_start,cmp_1,pl_06,cr_2,2026-09-06 17:56:17.125125014,c_cmp_1_p_pl_06_cr_cr_2,synthetic
t_002070,u_00774,click,cmp_2,pl_02,cr_2,2026-09-06 17:58:39.577263758,c_cmp_2_p_pl_02_cr_cr_2,synthetic
t_003267,u_01211,click,cmp_2,pl_02,cr_2,2026-09-06 18:36:34.599917415,c_cmp_2_p_pl_02_cr_cr_2,synthetic
t_004129,u_01533,click,cmp_2,pl_00,cr_0,2026-09-06 18:46:07.991386069,c_cmp_2_p_pl_00_cr_cr_0,synthetic
t_000774,u_00279,click,cmp_2,pl_00,cr_0,2026-09-06 19:01:35.931313432,c_cmp_2_p_pl_00_cr_cr_0,synthetic
t_000877,u_00322,click,cmp_0,pl_01,cr_4,2026-09-06 19:04:56.721457726,c_cmp_0_p_pl_01_cr_cr_4,synthetic
t_000775,u_00279,bot_start,cmp_2,pl_00,cr_0,2026-09-06 19:19:39.931313432,c_cmp_2_p_pl_00_cr_cr_0,synthetic
t_001484,u_00546,click,cmp_4,pl_03,cr_0,2026-09-06 19:38:10.242385653,c_cmp_4_p_pl_03_cr_cr_0,synthetic
t_002261,u_00840,click,cmp_1,pl_06,cr_2,2026-09-06 19:39:52.096841436,c_cmp_1_p_pl_06_cr_cr_2,synthetic
t_003674,u_01355,click,cmp_4,pl_03,cr_0,2026-09-06 19:46:27.523154936,c_cmp_4_p_pl_03_cr_cr_0,synthetic
t_002468,u_00922,click,cmp_2,pl_05,cr_4,2026-09-06 20:27:57.032828102,c_cmp_2_p_pl_05_cr_cr_4,synthetic
t_003704,u_01366,click,cmp_2,pl_02,cr_2,2026-09-06 20:33:50.621949586,c_cmp_2_p_pl_02_cr_cr_2,synthetic
t_004982,u_01841,click,cmp_0,pl_01,cr_4,2026-09-06 20:34:56.862025346,c_cmp_0_p_pl_01_cr_cr_4,synthetic
t_004818,u_01777,click,cmp_3,pl_09,cr_0,2026-09-06 20:41:32.683634244,c_cmp_3_p_pl_09_cr_cr_0,synthetic
t_000196,u_00061,click,cmp_0,pl_01,cr_4,2026-09-06 20:47:07.076880861,c_cmp_0_p_pl_01_cr_cr_4,synthetic
t_004723,u_01747,click,cmp_3,pl_09,cr_0,2026-09-06 20:51:30.665366208,c_cmp_3_p_pl_09_cr_cr_0,synthetic
t_004983,u_01841,bot_start,cmp_0,pl_01,cr_4,2026-09-06 21:03:47.862025346,c_cmp_0_p_pl_01_cr_cr_4,synthetic
t_000412,u_00145,click,cmp_2,pl_08,cr_1,2026-09-06 21:10:53.161666658,c_cmp_2_p_pl_08_cr_cr_1,synthetic
t_001413,u_00515,click,cmp_0,pl_01,cr_4,2026-09-06 21:31:29.779910774,c_cmp_0_p_pl_01_cr_cr_4,synthetic
t_001427,u_00522,click,cmp_1,pl_06,cr_2,2026-09-06 21:40:34.342019411,c_cmp_1_p_pl_06_cr_cr_2,synthetic
t_004369,u_01611,click,cmp_2,pl_08,cr_1,2026-09-06 21:53:21.884681012,c_cmp_2_p_pl_08_cr_cr_1,synthetic
t_001572,u_00579,click,cmp_0,pl_01,cr_4,2026-09-06 22:15:26.813682953,c_cmp_0_p_pl_01_cr_cr_4,synthetic
t_000169,u_00053,click,cmp_2,pl_00,cr_0,2026-09-06 22:35:45.071613198,c_cmp_2_p_pl_00_cr_cr_0,synthetic
t_004370,u_01611,bot_start,cmp_2,pl_08,cr_1,2026-09-06 22:39:28.884681012,c_cmp_2_p_pl_08_cr_cr_1,synthetic
t_004275,u_01582,click,cmp_2,pl_00,cr_0,2026-09-06 22:49:56.265123171,c_cmp_2_p_pl_00_cr_cr_0,synthetic
t_005267,u_01954,click,cmp_0,pl_04,cr_3,2026-09-06 23:04:26.217725510,c_cmp_0_p_pl_04_cr_cr_3,synthetic
t_001588,u_00584,click,cmp_0,pl_04,cr_3,2026-09-06 23:07:58.589187990,c_cmp_0_p_pl_04_cr_cr_3,synthetic
t_003110,u_01162,click,cmp_1,pl_06,cr_2,2026-09-06 23:09:15.728633878,c_cmp_1_p_pl_06_cr_cr_2,synthetic
t_004371,u_01611,lead,cmp_2,pl_08,cr_1,2026-09-06 23:22:28.884681012,c_cmp_2_p_pl_08_cr_cr_1,synthetic
t_002477,u_00925,click,cmp_0,pl_01,cr_4,2026-09-06 23:50:42.165635111,c_cmp_0_p_pl_01_cr_cr_4,synthetic
t_003258,u_01208,click,cmp_0,pl_01,cr_4,2026-09-06 23:53:01.401890345,c_cmp_0_p_pl_01_cr_cr_4,synthetic
t_003730,u_01376,click,cmp_3,pl_07,cr_3,2026-09-07 00:07:42.097562299,c_cmp_3_p_pl_07_cr_cr_3,synthetic
t_003758,u_01387,click,cmp_2,pl_05,cr_4,2026-09-07 00:16:21.727052337,c_cmp_2_p_pl_05_cr_cr_4,synthetic
t_003255,u_01207,click,cmp_2,pl_08,cr_1,2026-09-07 00:20:29.212223582,c_cmp_2_p_pl_08_cr_cr_1,synthetic
t_002695,u_01004,click,cmp_4,pl_03,cr_0,2026-09-07 00:38:25.384171723,c_cmp_4_p_pl_03_cr_cr_0,synthetic
t_001869,u_00701,click,cmp_0,pl_04,cr_3,2026-09-07 00:45:44.441430116,c_cmp_0_p_pl_04_cr_cr_3,synthetic
t_005085,u_01890,click,cmp_0,pl_01,cr_4,2026-09-07 00:49:08.112158444,c_cmp_0_p_pl_01_cr_cr_4,synthetic
t_004966,u_01836,click,cmp_3,pl_07,cr_3,2026-09-07 00:56:18.784178815,c_cmp_3_p_pl_07_cr_cr_3,synthetic
t_005343,u_01986,click,cmp_1,pl_06,cr_2,2026-09-07 00:59:30.776494124,c_cmp_1_p_pl_06_cr_cr_2,synthetic
t_003759,u_01387,bot_start,cmp_2,pl_05,cr_4,2026-09-07 01:11:06.727052337,c_cmp_2_p_pl_05_cr_cr_4,synthetic
t_003025,u_01127,click,cmp_1,pl_06,cr_2,2026-09-07 01:41:59.879773968,c_cmp_1_p_pl_06_cr_cr_2,synthetic
t_004234,u_01567,click,cmp_3,pl_09,cr_0,2026-09-07 01:48:52.377752123,c_cmp_3_p_pl_09_cr_cr_0,synthetic
t_004220,u_01563,click,cmp_2,pl_00,cr_0,2026-09-07 01:49:19.926516077,c_cmp_2_p_pl_00_cr_cr_0,synthetic
t_004221,u_01563,bot_start,cmp_2,pl_00,cr_0,2026-09-07 02:04:48.926516077,c_cmp_2_p_pl_00_cr_cr_0,synthetic
t_005200,u_01936,click,cmp_0,pl_01,cr_4,2026-09-07 02:05:17.729412514,c_cmp_0_p_pl_01_cr_cr_4,synthetic
t_003760,u_01387,lead,cmp_2,pl_05,cr_4,2026-09-07 02:06:06.727052337,c_cmp_2_p_pl_05_cr_cr_4,synthetic
t_005191,u_01931,click,cmp_4,pl_03,cr_0,2026-09-07 02:13:14.264682737,c_cmp_4_p_pl_03_cr_cr_0,synthetic
t_003026,u_01127,bot_start,cmp_1,pl_06,cr_2,2026-09-07 02:13:20.879773968,c_cmp_1_p_pl_06_cr_cr_2,synthetic
t_004657,u_01720,click,cmp_4,pl_03,cr_0,2026-09-07 02:25:43.936303359,c_cmp_4_p_pl_03_cr_cr_0,synthetic
t_005280,u_01958,click,cmp_0,pl_01,cr_4,2026-09-07 02:33:01.811012098,c_cmp_0_p_pl_01_cr_cr_4,synthetic
t_003685,u_01360,click,cmp_0,pl_04,cr_3,2026-09-07 02:33:48.655942574,c_cmp_0_p_pl_04_cr_cr_3,synthetic
t_003027,u_01127,lead,cmp_1,pl_06,cr_2,2026-09-07 02:38:20.879773968,c_cmp_1_p_pl_06_cr_cr_2,synthetic
t_001421,u_00519,click,cmp_1,pl_06,cr_2,2026-09-07 02:42:15.583580819,c_cmp_1_p_pl_06_cr_cr_2,synthetic
t_001001,u_00370,click,cmp_0,pl_01,cr_4,2026-09-07 03:04:54.990149231,c_cmp_0_p_pl_01_cr_cr_4,synthetic
t_000949,u_00348,click,cmp_2,pl_05,cr_4,2026-09-07 03:23:32.341533895,c_cmp_2_p_pl_05_cr_cr_4,synthetic
t_004819,u_01778,click,cmp_0,pl_01,cr_4,2026-09-07 03:25:32.420998958,c_cmp_0_p_pl_01_cr_cr_4,synthetic
t_003590,u_01329,click,cmp_0,pl_01,cr_4,2026-09-07 03:28:42.243875901,c_cmp_0_p_pl_01_cr_cr_4,synthetic
t_003261,u_01209,click,cmp_2,pl_00,cr_0,2026-09-07 03:37:40.309568053,c_cmp_2_p_pl_00_cr_cr_0,synthetic
t_001374,u_00497,click,cmp_2,pl_08,cr_1,2026-09-07 03:38:13.262043855,c_cmp_2_p_pl_08_cr_cr_1,synthetic
t_001209,u_00444,click,cmp_0,pl_04,cr_3,2026-09-07 03:49:20.997549910,c_cmp_0_p_pl_04_cr_cr_3,synthetic
t_000746,u_00266,click,cmp_1,pl_06,cr_2,2026-09-07 03:53:34.040216386,c_cmp_1_p_pl_06_cr_cr_2,synthetic
t_003389,u_01257,click,cmp_0,pl_04,cr_3,2026-09-07 03:54:08.770391560,c_cmp_0_p_pl_04_cr_cr_3,synthetic
t_003390,u_01257,bot_start,cmp_0,pl_04,cr_3,2026-09-07 04:05:55.770391560,c_cmp_0_p_pl_04_cr_cr_3,synthetic
t_003591,u_01329,bot_start,cmp_0,pl_01,cr_4,2026-09-07 04:06:52.243875901,c_cmp_0_p_pl_01_cr_cr_4,synthetic
t_004600,u_01697,click,cmp_2,pl_02,cr_2,2026-09-07 04:11:03.175762841,c_cmp_2_p_pl_02_cr_cr_2,synthetic
t_001797,u_00672,click,cmp_3,pl_07,cr_3,2026-09-07 04:20:32.226254392,c_cmp_3_p_pl_07_cr_cr_3,synthetic
t_000317,u_00109,click,cmp_3,pl_07,cr_3,2026-09-07 04:24:01.999996825,c_cmp_3_p_pl_07_cr_cr_3,synthetic
t_004317,u_01595,click,cmp_1,pl_06,cr_2,2026-09-07 04:27:22.584086678,c_cmp_1_p_pl_06_cr_cr_2,synthetic
t_002895,u_01076,click,cmp_0,pl_04,cr_3,2026-09-07 04:38:19.735606703,c_cmp_0_p_pl_04_cr_cr_3,synthetic
t_001016,u_00373,click,cmp_2,pl_05,cr_4,2026-09-07 04:46:09.502880636,c_cmp_2_p_pl_05_cr_cr_4,synthetic
t_001798,u_00672,bot_start,cmp_3,pl_07,cr_3,2026-09-07 04:46:11.226254392,c_cmp_3_p_pl_07_cr_cr_3,synthetic
t_001151,u_00421,click,cmp_2,pl_00,cr_0,2026-09-07 05:03:42.589775150,c_cmp_2_p_pl_00_cr_cr_0,synthetic
t_000180,u_00057,click,cmp_3,pl_07,cr_3,2026-09-07 05:08:06.289768540,c_cmp_3_p_pl_07_cr_cr_3,synthetic
t_005076,u_01884,click,cmp_2,pl_05,cr_4,2026-09-07 05:46:59.297299967,c_cmp_2_p_pl_05_cr_cr_4,synthetic
t_002202,u_00821,click,cmp_0,pl_01,cr_4,2026-09-07 05:47:54.940275691,c_cmp_0_p_pl_01_cr_cr_4,synthetic
t_005168,u_01922,click,cmp_1,pl_06,cr_2,2026-09-07 06:06:59.559633762,c_cmp_1_p_pl_06_cr_cr_2,synthetic
t_002764,u_01031,click,cmp_2,pl_08,cr_1,2026-09-07 06:09:59.047110170,c_cmp_2_p_pl_08_cr_cr_1,synthetic
t_005326,u_01978,click,cmp_3,pl_07,cr_3,2026-09-07 06:15:16.481418621,c_cmp_3_p_pl_07_cr_cr_3,synthetic
t_005369,u_01995,click,cmp_2,pl_08,cr_1,2026-09-07 06:26:55.289558810,c_cmp_2_p_pl_08_cr_cr_1,synthetic
t_004343,u_01601,click,cmp_1,pl_06,cr_2,2026-09-07 06:35:32.194355790,c_cmp_1_p_pl_06_cr_cr_2,synthetic
t_004586,u_01690,click,cmp_0,pl_04,cr_3,2026-09-07 06:42:05.398621067,c_cmp_0_p_pl_04_cr_cr_3,synthetic
t_001005,u_00371,click,cmp_0,pl_01,cr_4,2026-09-07 07:06:50.983030742,c_cmp_0_p_pl_01_cr_cr_4,synthetic
t_004390,u_01617,click,cmp_3,pl_09,cr_0,2026-09-07 07:32:47.662666781,c_cmp_3_p_pl_09_cr_cr_0,synthetic
t_001006,u_00371,bot_start,cmp_0,pl_01,cr_4,2026-09-07 07:50:44.983030742,c_cmp_0_p_pl_01_cr_cr_4,synthetic
t_001112,u_00405,click,cmp_2,pl_05,cr_4,2026-09-07 07:55:44.172563155,c_cmp_2_p_pl_05_cr_cr_4,synthetic
t_002795,u_01042,click,cmp_2,pl_05,cr_4,2026-09-07 08:02:57.333297197,c_cmp_2_p_pl_05_cr_cr_4,synthetic
t_005329,u_01979,click,cmp_2,pl_08,cr_1,2026-09-07 08:03:34.102060620,c_cmp_2_p_pl_08_cr_cr_1,synthetic
t_001113,u_00405,bot_start,cmp_2,pl_05,cr_4,2026-09-07 08:12:46.172563155,c_cmp_2_p_pl_05_cr_cr_4,synthetic
t_003818,u_01412,click,cmp_0,pl_01,cr_4,2026-09-07 08:20:06.942087715,c_cmp_0_p_pl_01_cr_cr_4,synthetic
t_001879,u_00707,click,cmp_4,pl_03,cr_0,2026-09-07 08:31:58.744692437,c_cmp_4_p_pl_03_cr_cr_0,synthetic
t_001148,u_00421,click,cmp_3,pl_09,cr_0,2026-09-07 08:53:23.478749545,c_cmp_3_p_pl_09_cr_cr_0,synthetic
t_002220,u_00827,click,cmp_0,pl_01,cr_4,2026-09-07 08:53:56.785393499,c_cmp_0_p_pl_01_cr_cr_4,synthetic
t_004464,u_01640,click,cmp_2,pl_08,cr_1,2026-09-07 08:58:25.541431794,c_cmp_2_p_pl_08_cr_cr_1,synthetic
t_005182,u_01927,click,cmp_2,pl_00,cr_0,2026-09-07 09:08:01.888107607,c_cmp_2_p_pl_00_cr_cr_0,synthetic
t_003259,u_01208,click,cmp_3,pl_09,cr_0,2026-09-07 09:09:50.809526088,c_cmp_3_p_pl_09_cr_cr_0,synthetic
t_004596,u_01695,click,cmp_3,pl_07,cr_3,2026-09-07 09:12:55.805336826,c_cmp_3_p_pl_07_cr_cr_3,synthetic
t_004797,u_01771,click,cmp_3,pl_07,cr_3,2026-09-07 09:27:16.619595331,c_cmp_3_p_pl_07_cr_cr_3,synthetic
t_000576,u_00202,click,cmp_2,pl_02,cr_2,2026-09-07 09:27:38.696485294,c_cmp_2_p_pl_02_cr_cr_2,synthetic
t_000365,u_00129,click,cmp_2,pl_08,cr_1,2026-09-07 09:32:38.253755633,c_cmp_2_p_pl_08_cr_cr_1,synthetic
t_002364,u_00880,click,cmp_2,pl_08,cr_1,2026-09-07 09:37:57.546009154,c_cmp_2_p_pl_08_cr_cr_1,synthetic
t_000577,u_00202,bot_start,cmp_2,pl_02,cr_2,2026-09-07 09:40:06.696485294,c_cmp_2_p_pl_02_cr_cr_2,synthetic
t_002187,u_00817,click,cmp_3,pl_07,cr_3,2026-09-07 10:03:17.684104527,c_cmp_3_p_pl_07_cr_cr_3,synthetic
t_005356,u_01991,click,cmp_2,pl_02,cr_2,2026-09-07 10:03:41.223778324,c_cmp_2_p_pl_02_cr_cr_2,synthetic
t_000221,u_00070,click,cmp_3,pl_07,cr_3,2026-09-07 10:10:53.545508996,c_cmp_3_p_pl_07_cr_cr_3,synthetic
t_000366,u_00129,bot_start,cmp_2,pl_08,cr_1,2026-09-07 10:17:56.253755633,c_cmp_2_p_pl_08_cr_cr_1,synthetic
t_000882,u_00325,click,cmp_2,pl_02,cr_2,2026-09-07 10:22:03.765139287,c_cmp_2_p_pl_02_cr_cr_2,synthetic
t_000367,u_00129,lead,cmp_2,pl_08,cr_1,2026-09-07 10:24:56.253755633,c_cmp_2_p_pl_08_cr_cr_1,synthetic
t_000850,u_00311,click,cmp_2,pl_05,cr_4,2026-09-07 10:28:17.504078211,c_cmp_2_p_pl_05_cr_cr_4,synthetic
t_000222,u_00070,bot_start,cmp_3,pl_07,cr_3,2026-09-07 10:40:49.545508996,c_cmp_3_p_pl_07_cr_cr_3,synthetic
t_000862,u_00315,click,cmp_3,pl_09,cr_0,2026-09-07 10:56:38.672483145,c_cmp_3_p_pl_09_cr_cr_0,synthetic
t_003326,u_01232,click,cmp_0,pl_01,cr_4,2026-09-07 11:07:38.584387596,c_cmp_0_p_pl_01_cr_cr_4,synthetic
t_000724,u_00257,click,cmp_2,pl_05,cr_4,2026-09-07 11:08:17.495614657,c_cmp_2_p_pl_05_cr_cr_4,synthetic
t_000851,u_00311,bot_start,cmp_2,pl_05,cr_4,2026-09-07 11:13:24.504078211,c_cmp_2_p_pl_05_cr_cr_4,synthetic
t_004726,u_01749,click,cmp_0,pl_04,cr_3,2026-09-07 11:13:26.813219515,c_cmp_0_p_pl_04_cr_cr_3,synthetic
t_000725,u_00257,bot_start,cmp_2,pl_05,cr_4,2026-09-07 11:14:37.495614657,c_cmp_2_p_pl_05_cr_cr_4,synthetic
t_004864,u_01799,click,cmp_2,pl_00,cr_0,2026-09-07 11:20:03.619702246,c_cmp_2_p_pl_00_cr_cr_0,synthetic
t_000863,u_00315,bot_start,cmp_3,pl_09,cr_0,2026-09-07 11:22:34.672483145,c_cmp_3_p_pl_09_cr_cr_0,synthetic
t_000948,u_00348,click,cmp_2,pl_05,cr_4,2026-09-07 11:26:01.039786977,c_cmp_2_p_pl_05_cr_cr_4,synthetic
t_000784,u_00281,click,cmp_0,pl_01,cr_4,2026-09-07 11:27:35.892814464,c_cmp_0_p_pl_01_cr_cr_4,synthetic
t_004727,u_01749,bot_start,cmp_0,pl_04,cr_3,2026-09-07 12:02:58.813219515,c_cmp_0_p_pl_04_cr_cr_3,synthetic
t_000377,u_00132,click,cmp_4,pl_03,cr_0,2026-09-07 12:18:29.888119442,c_cmp_4_p_pl_03_cr_cr_0,synthetic
t_001121,u_00408,click,cmp_0,pl_04,cr_3,2026-09-07 12:29:10.549192390,c_cmp_0_p_pl_04_cr_cr_3,synthetic
t_005276,u_01957,click,cmp_3,pl_07,cr_3,2026-09-07 12:32:47.400369935,c_cmp_3_p_pl_07_cr_cr_3,synthetic
t_004995,u_01848,click,cmp_1,pl_06,cr_2,2026-09-07 12:42:26.001943399,c_cmp_1_p_pl_06_cr_cr_2,synthetic
t_004195,u_01553,click,cmp_2,pl_02,cr_2,2026-09-07 12:53:34.286933713,c_cmp_2_p_pl_02_cr_cr_2,synthetic
t_003913,u_01444,click,cmp_0,pl_04,cr_3,2026-09-07 13:19:19.342611233,c_cmp_0_p_pl_04_cr_cr_3,synthetic
t_003827,u_01415,click,cmp_2,pl_05,cr_4,2026-09-07 13:28:38.962989205,c_cmp_2_p_pl_05_cr_cr_4,synthetic
t_003280,u_01218,click,cmp_3,pl_07,cr_3,2026-09-07 13:56:09.273104917,c_cmp_3_p_pl_07_cr_cr_3,synthetic
t_003914,u_01444,bot_start,cmp_0,pl_04,cr_3,2026-09-07 14:10:43.342611233,c_cmp_0_p_pl_04_cr_cr_3,synthetic
t_003220,u_01195,click,cmp_2,pl_02,cr_2,2026-09-07 14:52:50.220242709,c_cmp_2_p_pl_02_cr_cr_2,synthetic
t_004975,u_01837,click,cmp_3,pl_07,cr_3,2026-09-07 14:54:57.422158058,c_cmp_3_p_pl_07_cr_cr_3,synthetic
t_005103,u_01896,click,cmp_2,pl_08,cr_1,2026-09-07 14:59:16.601467116,c_cmp_2_p_pl_08_cr_cr_1,synthetic
t_003290,u_01222,click,cmp_3,pl_07,cr_3,2026-09-07 15:05:12.767007885,c_cmp_3_p_pl_07_cr_cr_3,synthetic
t_000094,u_00031,click,cmp_1,pl_06,cr_2,2026-09-07 15:06:52.425209361,c_cmp_1_p_pl_06_cr_cr_2,synthetic
t_003291,u_01222,bot_start,cmp_3,pl_07,cr_3,2026-09-07 15:08:31.767007885,c_cmp_3_p_pl_07_cr_cr_3,synthetic
t_002564,u_00958,click,cmp_0,pl_01,cr_4,2026-09-07 15:15:13.186762301,c_cmp_0_p_pl_01_cr_cr_4,synthetic
t_000424,u_00148,click,cmp_0,pl_01,cr_4,2026-09-07 15:19:30.415067379,c_cmp_0_p_pl_01_cr_cr_4,synthetic
t_004224,u_01565,click,cmp_3,pl_07,cr_3,2026-09-07 15:27:06.813278878,c_cmp_3_p_pl_07_cr_cr_3,synthetic
t_005083,u_01889,click,cmp_1,pl_06,cr_2,2026-09-07 15:30:45.971391048,c_cmp_1_p_pl_06_cr_cr_2,synthetic
t_004849,u_01792,click,cmp_0,pl_01,cr_4,2026-09-07 15:33:22.565406325,c_cmp_0_p_pl_01_cr_cr_4,synthetic
t_000434,u_00152,click,cmp_4,pl_03,cr_0,2026-09-07 15:45:45.670954436,c_cmp_4_p_pl_03_cr_cr_0,synthetic
t_000941,u_00346,click,cmp_0,pl_01,cr_4,2026-09-07 16:04:09.554801239,c_cmp_0_p_pl_01_cr_cr_4,synthetic
t_000095,u_00031,bot_start,cmp_1,pl_06,cr_2,2026-09-07 16:04:28.425209361,c_cmp_1_p_pl_06_cr_cr_2,synthetic
t_000660,u_00227,click,cmp_2,pl_05,cr_4,2026-09-07 16:06:06.013567476,c_cmp_2_p_pl_05_cr_cr_4,synthetic
t_000435,u_00152,bot_start,cmp_4,pl_03,cr_0,2026-09-07 16:35:10.670954436,c_cmp_4_p_pl_03_cr_cr_0,synthetic
t_000919,u_00338,click,cmp_3,pl_07,cr_3,2026-09-07 16:40:56.726731019,c_cmp_3_p_pl_07_cr_cr_3,synthetic
t_000466,u_00164,click,cmp_2,pl_08,cr_1,2026-09-07 17:39:32.956329060,c_cmp_2_p_pl_08_cr_cr_1,synthetic
t_004101,u_01520,click,cmp_0,pl_04,cr_3,2026-09-07 18:11:56.479069386,c_cmp_0_p_pl_04_cr_cr_3,synthetic
t_000845,u_00310,click,cmp_4,pl_03,cr_0,2026-09-07 18:18:56.947004044,c_cmp_4_p_pl_03_cr_cr_0,synthetic
t_000750,u_00268,click,cmp_1,pl_06,cr_2,2026-09-07 19:01:55.395602056,c_cmp_1_p_pl_06_cr_cr_2,synthetic
t_003571,u_01320,click,cmp_3,pl_07,cr_3,2026-09-07 19:27:39.729748305,c_cmp_3_p_pl_07_cr_cr_3,synthetic
t_003199,u_01189,click,cmp_3,pl_09,cr_0,2026-09-07 19:40:57.732266457,c_cmp_3_p_pl_09_cr_cr_0,synthetic
t_002814,u_01047,click,cmp_2,pl_05,cr_4,2026-09-07 20:39:25.674660031,c_cmp_2_p_pl_05_cr_cr_4,synthetic
t_000607,u_00212,click,cmp_2,pl_00,cr_0,2026-09-07 20:51:17.908984685,c_cmp_2_p_pl_00_cr_cr_0,synthetic
t_000776,u_00279,click,cmp_2,pl_08,cr_1,2026-09-07 20:56:38.766765593,c_cmp_2_p_pl_08_cr_cr_1,synthetic
t_004718,u_01745,click,cmp_3,pl_09,cr_0,2026-09-07 20:59:49.993097636,c_cmp_3_p_pl_09_cr_cr_0,synthetic
t_000608,u_00212,bot_start,cmp_2,pl_00,cr_0,2026-09-07 21:38:21.908984685,c_cmp_2_p_pl_00_cr_cr_0,synthetic
t_004805,u_01773,click,cmp_2,pl_02,cr_2,2026-09-07 22:04:45.391528073,c_cmp_2_p_pl_02_cr_cr_2,synthetic
t_004624,u_01708,click,cmp_1,pl_06,cr_2,2026-09-07 22:18:39.979878787,c_cmp_1_p_pl_06_cr_cr_2,synthetic
t_005098,u_01894,click,cmp_3,pl_09,cr_0,2026-09-07 22:53:09.684894723,c_cmp_3_p_pl_09_cr_cr_0,synthetic
t_003800,u_01403,click,cmp_2,pl_02,cr_2,2026-09-07 23:03:32.834372501,c_cmp_2_p_pl_02_cr_cr_2,synthetic
t_004235,u_01568,click,cmp_0,pl_04,cr_3,2026-09-07 23:06:26.072774407,c_cmp_0_p_pl_04_cr_cr_3,synthetic
t_002205,u_00822,click,cmp_3,pl_09,cr_0,2026-09-07 23:09:25.859412620,c_cmp_3_p_pl_09_cr_cr_0,synthetic
t_002334,u_00866,click,cmp_1,pl_06,cr_2,2026-09-07 23:13:49.779155298,c_cmp_1_p_pl_06_cr_cr_2,synthetic
t_005022,u_01860,click,cmp_0,pl_01,cr_4,2026-09-07 23:14:01.825394587,c_cmp_0_p_pl_01_cr_cr_4,synthetic
t_004625,u_01708,bot_start,cmp_1,pl_06,cr_2,2026-09-07 23:15:53.979878787,c_cmp_1_p_pl_06_cr_cr_2,synthetic
t_000509,u_00180,click,cmp_2,pl_08,cr_1,2026-09-07 23:17:30.046025926,c_cmp_2_p_pl_08_cr_cr_1,synthetic
t_002743,u_01022,click,cmp_2,pl_02,cr_2,2026-09-07 23:34:53.123730961,c_cmp_2_p_pl_02_cr_cr_2,synthetic
t_002206,u_00822,bot_start,cmp_3,pl_09,cr_0,2026-09-07 23:41:15.859412620,c_cmp_3_p_pl_09_cr_cr_0,synthetic
t_000510,u_00180,bot_start,cmp_2,pl_08,cr_1,2026-09-07 23:41:35.046025926,c_cmp_2_p_pl_08_cr_cr_1,synthetic
t_005099,u_01894,bot_start,cmp_3,pl_09,cr_0,2026-09-07 23:43:33.684894723,c_cmp_3_p_pl_09_cr_cr_0,synthetic
t_000431,u_00150,click,cmp_2,pl_08,cr_1,2026-09-07 23:46:33.466152476,c_cmp_2_p_pl_08_cr_cr_1,synthetic
t_002335,u_00866,bot_start,cmp_1,pl_06,cr_2,2026-09-08 00:01:21.779155298,c_cmp_1_p_pl_06_cr_cr_2,synthetic
t_002531,u_00947,click,cmp_1,pl_06,cr_2,2026-09-08 00:19:41.158209864,c_cmp_1_p_pl_06_cr_cr_2,synthetic
t_002418,u_00903,click,cmp_2,pl_08,cr_1,2026-09-08 00:32:26.666016756,c_cmp_2_p_pl_08_cr_cr_1,synthetic
t_004672,u_01727,click,cmp_2,pl_08,cr_1,2026-09-08 00:44:35.660366118,c_cmp_2_p_pl_08_cr_cr_1,synthetic
t_001916,u_00718,click,cmp_0,pl_04,cr_3,2026-09-08 00:44:48.238890043,c_cmp_0_p_pl_04_cr_cr_3,synthetic
t_001169,u_00428,click,cmp_2,pl_00,cr_0,2026-09-08 00:51:41.799025781,c_cmp_2_p_pl_00_cr_cr_0,synthetic
t_005140,u_01910,click,cmp_2,pl_02,cr_2,2026-09-08 00:51:47.526850847,c_cmp_2_p_pl_02_cr_cr_2,synthetic
t_004908,u_01814,click,cmp_3,pl_09,cr_0,2026-09-08 00:55:05.248976232,c_cmp_3_p_pl_09_cr_cr_0,synthetic
t_001170,u_00428,bot_start,cmp_2,pl_00,cr_0,2026-09-08 00:55:39.799025781,c_cmp_2_p_pl_00_cr_cr_0,synthetic
t_002382,u_00889,click,cmp_2,pl_08,cr_1,2026-09-08 01:03:41.841118091,c_cmp_2_p_pl_08_cr_cr_1,synthetic
t_002392,u_00893,click,cmp_2,pl_00,cr_0,2026-09-08 01:17:54.194587501,c_cmp_2_p_pl_00_cr_cr_0,synthetic
t_000663,u_00230,click,cmp_2,pl_08,cr_1,2026-09-08 01:22:25.766399168,c_cmp_2_p_pl_08_cr_cr_1,synthetic
t_003262,u_01209,click,cmp_4,pl_03,cr_0,2026-09-08 01:32:04.712731138,c_cmp_4_p_pl_03_cr_cr_0,synthetic
t_004769,u_01763,click,cmp_3,pl_09,cr_0,2026-09-08 01:47:42.262202480,c_cmp_3_p_pl_09_cr_cr_0,synthetic
t_004782,u_01765,click,cmp_2,pl_08,cr_1,2026-09-08 02:01:35.913398169,c_cmp_2_p_pl_08_cr_cr_1,synthetic
t_004715,u_01744,click,cmp_2,pl_08,cr_1,2026-09-08 02:07:02.327199503,c_cmp_2_p_pl_08_cr_cr_1,synthetic
t_004783,u_01765,bot_start,cmp_2,pl_08,cr_1,2026-09-08 02:15:30.913398169,c_cmp_2_p_pl_08_cr_cr_1,synthetic
t_000801,u_00288,click,cmp_1,pl_06,cr_2,2026-09-08 02:23:53.028634483,c_cmp_1_p_pl_06_cr_cr_2,synthetic
t_004733,u_01750,click,cmp_2,pl_00,cr_0,2026-09-08 02:24:32.908079891,c_cmp_2_p_pl_00_cr_cr_0,synthetic
t_002574,u_00962,click,cmp_0,pl_04,cr_3,2026-09-08 02:30:36.185352804,c_cmp_0_p_pl_04_cr_cr_3,synthetic
t_005248,u_01950,click,cmp_2,pl_02,cr_2,2026-09-08 02:49:04.429957746,c_cmp_2_p_pl_02_cr_cr_2,synthetic
t_002283,u_00848,click,cmp_3,pl_07,cr_3,2026-09-08 02:55:05.279975154,c_cmp_3_p_pl_07_cr_cr_3,synthetic
t_004784,u_01765,lead,cmp_2,pl_08,cr_1,2026-09-08 03:04:30.913398169,c_cmp_2_p_pl_08_cr_cr_1,synthetic
t_005055,u_01871,click,cmp_0,pl_01,cr_4,2026-09-08 03:24:25.993981326,c_cmp_0_p_pl_01_cr_cr_4,synthetic
t_005322,u_01977,click,cmp_0,pl_04,cr_3,2026-09-08 03:31:54.117521288,c_cmp_0_p_pl_04_cr_cr_3,synthetic
t_000761,u_00275,click,cmp_0,pl_01,cr_4,2026-09-08 03:36:05.660171627,c_cmp_0_p_pl_01_cr_cr_4,synthetic
t_003126,u_01168,click,cmp_2,pl_00,cr_0,2026-09-08 03:40:41.901169736,c_cmp_2_p_pl_00_cr_cr_0,synthetic
t_005323,u_01977,bot_start,cmp_0,pl_04,cr_3,2026-09-08 03:42:52.117521288,c_cmp_0_p_pl_04_cr_cr_3,synthetic
t_003664,u_01353,click,cmp_0,pl_01,cr_4,2026-09-08 04:11:10.719579397,c_cmp_0_p_pl_01_cr_cr_4,synthetic
t_004181,u_01550,click,cmp_0,pl_01,cr_4,2026-09-08 04:22:22.557053871,c_cmp_0_p_pl_01_cr_cr_4,synthetic
t_001219,u_00447,click,cmp_2,pl_08,cr_1,2026-09-08 04:31:40.189819893,c_cmp_2_p_pl_08_cr_cr_1,synthetic
t_001066,u_00389,click,cmp_3,pl_07,cr_3,2026-09-08 04:44:11.736508834,c_cmp_3_p_pl_07_cr_cr_3,synthetic
t_004827,u_01781,click,cmp_2,pl_02,cr_2,2026-09-08 04:44:55.914630903,c_cmp_2_p_pl_02_cr_cr_2,synthetic
t_003552,u_01312,click,cmp_0,pl_01,cr_4,2026-09-08 05:15:32.580856430,c_cmp_0_p_pl_01_cr_cr_4,synthetic
t_000578,u_00202,click,cmp_0,pl_04,cr_3,2026-09-08 05:18:45.956130646,c_cmp_0_p_pl_04_cr_cr_3,synthetic
t_001887,u_00709,click,cmp_4,pl_03,cr_0,2026-09-08 05:24:14.933934948,c_cmp_4_p_pl_03_cr_cr_0,synthetic
t_001888,u_00709,bot_start,cmp_4,pl_03,cr_0,2026-09-08 05:32:59.933934948,c_cmp_4_p_pl_03_cr_cr_0,synthetic
t_000281,u_00098,click,cmp_4,pl_03,cr_0,2026-09-08 05:35:51.891615480,c_cmp_4_p_pl_03_cr_cr_0,synthetic
t_003553,u_01312,bot_start,cmp_0,pl_01,cr_4,2026-09-08 05:57:46.580856430,c_cmp_0_p_pl_01_cr_cr_4,synthetic
t_000579,u_00202,bot_start,cmp_0,pl_04,cr_3,2026-09-08 06:11:11.956130646,c_cmp_0_p_pl_04_cr_cr_3,synthetic
t_003820,u_01413,click,cmp_2,pl_00,cr_0,2026-09-08 06:18:42.121051775,c_cmp_2_p_pl_00_cr_cr_0,synthetic
t_001199,u_00441,click,cmp_4,pl_03,cr_0,2026-09-08 06:38:13.850895285,c_cmp_4_p_pl_03_cr_cr_0,synthetic
t_002047,u_00766,click,cmp_3,pl_07,cr_3,2026-09-08 06:42:32.044202696,c_cmp_3_p_pl_07_cr_cr_3,synthetic
t_004471,u_01643,click,cmp_3,pl_09,cr_0,2026-09-08 06:46:48.634860584,c_cmp_3_p_pl_09_cr_cr_0,synthetic
t_002840,u_01058,click,cmp_2,pl_08,cr_1,2026-09-08 07:05:43.883080018,c_cmp_2_p_pl_08_cr_cr_1,synthetic
t_001655,u_00609,click,cmp_0,pl_01,cr_4,2026-09-08 07:39:22.492883013,c_cmp_0_p_pl_01_cr_cr_4,synthetic
t_001897,u_00713,click,cmp_2,pl_08,cr_1,2026-09-08 07:46:40.662381202,c_cmp_2_p_pl_08_cr_cr_1,synthetic
t_000208,u_00065,click,cmp_3,pl_09,cr_0,2026-09-08 08:21:01.052030794,c_cmp_3_p_pl_09_cr_cr_0,synthetic
t_002227,u_00831,click,cmp_0,pl_01,cr_4,2026-09-08 08:46:02.837796400,c_cmp_0_p_pl_01_cr_cr_4,synthetic
t_000448,u_00157,click,cmp_0,pl_01,cr_4,2026-09-08 08:58:09.961161941,c_cmp_0_p_pl_01_cr_cr_4,synthetic
t_001269,u_00460,click,cmp_0,pl_04,cr_3,2026-09-08 09:05:39.928443459,c_cmp_0_p_pl_04_cr_cr_3,synthetic
t_001573,u_00579,click,cmp_3,pl_09,cr_0,2026-09-08 09:13:47.520426702,c_cmp_3_p_pl_09_cr_cr_0,synthetic
t_000449,u_00157,bot_start,cmp_0,pl_01,cr_4,2026-09-08 09:15:28.961161941,c_cmp_0_p_pl_01_cr_cr_4,synthetic
t_002826,u_01051,click,cmp_3,pl_07,cr_3,2026-09-08 09:17:07.977062267,c_cmp_3_p_pl_07_cr_cr_3,synthetic
t_003294,u_01224,click,cmp_3,pl_09,cr_0,2026-09-08 09:22:56.256363673,c_cmp_3_p_pl_09_cr_cr_0,synthetic
t_000450,u_00157,lead,cmp_0,pl_01,cr_4,2026-09-08 09:27:28.961161941,c_cmp_0_p_pl_01_cr_cr_4,synthetic
t_005060,u_01876,click,cmp_3,pl_09,cr_0,2026-09-08 09:33:19.391831437,c_cmp_3_p_pl_09_cr_cr_0,synthetic
t_002638,u_00982,click,cmp_0,pl_01,cr_4,2026-09-08 09:35:33.184274349,c_cmp_0_p_pl_01_cr_cr_4,synthetic
t_001833,u_00685,click,cmp_2,pl_08,cr_1,2026-09-08 09:43:01.477490802,c_cmp_2_p_pl_08_cr_cr_1,synthetic
t_002628,u_00979,click,cmp_2,pl_08,cr_1,2026-09-08 09:43:14.832139843,c_cmp_2_p_pl_08_cr_cr_1,synthetic
t_000728,u_00260,click,cmp_1,pl_06,cr_2,2026-09-08 09:47:26.761747676,c_cmp_1_p_pl_06_cr_cr_2,synthetic
t_003007,u_01118,click,cmp_1,pl_06,cr_2,2026-09-08 10:02:32.938916254,c_cmp_1_p_pl_06_cr_cr_2,synthetic
t_004254,u_01573,click,cmp_0,pl_04,cr_3,2026-09-08 10:03:59.290711662,c_cmp_0_p_pl_04_cr_cr_3,synthetic
t_002629,u_00979,bot_start,cmp_2,pl_08,cr_1,2026-09-08 10:06:35.832139843,c_cmp_2_p_pl_08_cr_cr_1,synthetic
t_004205,u_01559,click,cmp_4,pl_03,cr_0,2026-09-08 10:18:32.132139070,c_cmp_4_p_pl_03_cr_cr_0,synthetic
t_001893,u_00711,click,cmp_0,pl_04,cr_3,2026-09-08 10:21:35.083506625,c_cmp_0_p_pl_04_cr_cr_3,synthetic
t_000876,u_00321,click,cmp_0,pl_04,cr_3,2026-09-08 10:25:54.286743704,c_cmp_0_p_pl_04_cr_cr_3,synthetic
t_001834,u_00685,bot_start,cmp_2,pl_08,cr_1,2026-09-08 10:35:10.477490802,c_cmp_2_p_pl_08_cr_cr_1,synthetic
t_002660,u_00992,click,cmp_2,pl_08,cr_1,2026-09-08 11:08:51.371107531,c_cmp_2_p_pl_08_cr_cr_1,synthetic
t_000406,u_00143,click,cmp_3,pl_09,cr_0,2026-09-08 11:19:56.219027078,c_cmp_3_p_pl_09_cr_cr_0,synthetic
t_004843,u_01790,click,cmp_1,pl_06,cr_2,2026-09-08 11:44:05.327521672,c_cmp_1_p_pl_06_cr_cr_2,synthetic
t_000407,u_00143,bot_start,cmp_3,pl_09,cr_0,2026-09-08 11:52:14.219027078,c_cmp_3_p_pl_09_cr_cr_0,synthetic
t_004571,u_01684,click,cmp_3,pl_09,cr_0,2026-09-08 11:54:07.069327603,c_cmp_3_p_pl_09_cr_cr_0,synthetic
t_003163,u_01180,click,cmp_0,pl_01,cr_4,2026-09-08 12:05:50.424240914,c_cmp_0_p_pl_01_cr_cr_4,synthetic
t_000783,u_00281,click,cmp_2,pl_02,cr_2,2026-09-08 12:07:17.330551793,c_cmp_2_p_pl_02_cr_cr_2,synthetic
t_004171,u_01547,click,cmp_2,pl_08,cr_1,2026-09-08 12:13:25.906172645,c_cmp_2_p_pl_08_cr_cr_1,synthetic
t_004844,u_01790,bot_start,cmp_1,pl_06,cr_2,2026-09-08 12:37:25.327521672,c_cmp_1_p_pl_06_cr_cr_2,synthetic
t_004008,u_01478,click,cmp_0,pl_04,cr_3,2026-09-08 13:15:47.980394744,c_cmp_0_p_pl_04_cr_cr_3,synthetic
t_002445,u_00913,click,cmp_3,pl_07,cr_3,2026-09-08 13:18:41.069497976,c_cmp_3_p_pl_07_cr_cr_3,synthetic
t_002752,u_01025,click,cmp_3,pl_07,cr_3,2026-09-08 13:23:10.042162675,c_cmp_3_p_pl_07_cr_cr_3,synthetic
t_001117,u_00406,click,cmp_2,pl_02,cr_2,2026-09-08 13:35:57.619941220,c_cmp_2_p_pl_02_cr_cr_2,synthetic
t_002253,u_00838,click,cmp_0,pl_01,cr_4,2026-09-08 13:50:29.469755508,c_cmp_0_p_pl_01_cr_cr_4,synthetic
t_004854,u_01796,click,cmp_2,pl_02,cr_2,2026-09-08 14:08:05.454961194,c_cmp_2_p_pl_02_cr_cr_2,synthetic
t_002803,u_01044,click,cmp_3,pl_07,cr_3,2026-09-08 14:10:50.691547692,c_cmp_3_p_pl_07_cr_cr_3,synthetic
t_002107,u_00786,click,cmp_0,pl_04,cr_3,2026-09-08 14:13:04.731517624,c_cmp_0_p_pl_04_cr_cr_3,synthetic
t_005320,u_01977,click,cmp_4,pl_03,cr_0,2026-09-08 15:11:49.037731464,c_cmp_4_p_pl_03_cr_cr_0,synthetic
t_004770,u_01763,click,cmp_3,pl_07,cr_3,2026-09-08 15:16:07.743710768,c_cmp_3_p_pl_07_cr_cr_3,synthetic
t_004685,u_01732,click,cmp_2,pl_05,cr_4,2026-09-08 15:22:42.405434322,c_cmp_2_p_pl_05_cr_cr_4,synthetic
t_003952,u_01458,click,cmp_0,pl_01,cr_4,2026-09-08 15:25:03.216248518,c_cmp_0_p_pl_01_cr_cr_4,synthetic
t_004686,u_01732,bot_start,cmp_2,pl_05,cr_4,2026-09-08 15:25:44.405434322,c_cmp_2_p_pl_05_cr_cr_4,synthetic
t_001787,u_00668,click,cmp_0,pl_04,cr_3,2026-09-08 15:28:51.105180168,c_cmp_0_p_pl_04_cr_cr_3,synthetic
t_001867,u_00700,click,cmp_0,pl_04,cr_3,2026-09-08 15:36:25.096624376,c_cmp_0_p_pl_04_cr_cr_3,synthetic
t_004856,u_01798,click,cmp_3,pl_07,cr_3,2026-09-08 16:18:22.230767574,c_cmp_3_p_pl_07_cr_cr_3,synthetic
t_004321,u_01596,click,cmp_4,pl_03,cr_0,2026-09-08 16:19:25.360694109,c_cmp_4_p_pl_03_cr_cr_0,synthetic
t_000936,u_00344,click,cmp_2,pl_05,cr_4,2026-09-08 16:21:28.452230622,c_cmp_2_p_pl_05_cr_cr_4,synthetic
t_000937,u_00344,bot_start,cmp_2,pl_05,cr_4,2026-09-08 16:25:13.452230622,c_cmp_2_p_pl_05_cr_cr_4,synthetic
t_004857,u_01798,bot_start,cmp_3,pl_07,cr_3,2026-09-08 16:48:08.230767574,c_cmp_3_p_pl_07_cr_cr_3,synthetic
t_003105,u_01157,click,cmp_2,pl_05,cr_4,2026-09-08 17:30:53.078846784,c_cmp_2_p_pl_05_cr_cr_4,synthetic
t_002824,u_01050,click,cmp_4,pl_03,cr_0,2026-09-08 17:58:08.054157552,c_cmp_4_p_pl_03_cr_cr_0,synthetic
t_000062,u_00019,click,cmp_0,pl_04,cr_3,2026-09-08 18:00:50.176739323,c_cmp_0_p_pl_04_cr_cr_3,synthetic
t_003969,u_01465,click,cmp_3,pl_09,cr_0,2026-09-08 18:05:28.887637525,c_cmp_3_p_pl_09_cr_cr_0,synthetic
t_002506,u_00939,click,cmp_2,pl_02,cr_2,2026-09-08 18:25:28.159548269,c_cmp_2_p_pl_02_cr_cr_2,synthetic
t_001428,u_00522,click,cmp_3,pl_09,cr_0,2026-09-08 18:38:56.612788145,c_cmp_3_p_pl_09_cr_cr_0,synthetic
t_002100,u_00782,click,cmp_2,pl_05,cr_4,2026-09-08 19:11:10.250453709,c_cmp_2_p_pl_05_cr_cr_4,synthetic
t_000653,u_00225,click,cmp_1,pl_06,cr_2,2026-09-08 19:13:21.385508719,c_cmp_1_p_pl_06_cr_cr_2,synthetic
t_003862,u_01429,click,cmp_2,pl_02,cr_2,2026-09-08 19:21:57.516204334,c_cmp_2_p_pl_02_cr_cr_2,synthetic
t_005087,u_01891,click,cmp_2,pl_05,cr_4,2026-09-08 19:41:43.991895003,c_cmp_2_p_pl_05_cr_cr_4,synthetic
t_003275,u_01216,click,cmp_3,pl_07,cr_3,2026-09-08 20:05:13.124993636,c_cmp_3_p_pl_07_cr_cr_3,synthetic
t_001718,u_00637,click,cmp_3,pl_09,cr_0,2026-09-08 20:09:41.833292316,c_cmp_3_p_pl_09_cr_cr_0,synthetic
t_002871,u_01067,click,cmp_2,pl_02,cr_2,2026-09-08 20:12:02.957522664,c_cmp_2_p_pl_02_cr_cr_2,synthetic
t_000175,u_00056,click,cmp_2,pl_05,cr_4,2026-09-08 21:11:44.965084364,c_cmp_2_p_pl_05_cr_cr_4,synthetic
t_005115,u_01900,click,cmp_3,pl_07,cr_3,2026-09-08 21:37:56.130419238,c_cmp_3_p_pl_07_cr_cr_3,synthetic
t_005116,u_01900,bot_start,cmp_3,pl_07,cr_3,2026-09-08 21:56:07.130419238,c_cmp_3_p_pl_07_cr_cr_3,synthetic
t_003473,u_01286,click,cmp_2,pl_00,cr_0,2026-09-08 22:07:27.044242380,c_cmp_2_p_pl_00_cr_cr_0,synthetic
t_004373,u_01612,click,cmp_0,pl_01,cr_4,2026-09-08 22:36:23.519327754,c_cmp_0_p_pl_01_cr_cr_4,synthetic
t_000417,u_00147,click,cmp_3,pl_09,cr_0,2026-09-08 22:57:42.447449806,c_cmp_3_p_pl_09_cr_cr_0,synthetic
t_004163,u_01544,click,cmp_0,pl_04,cr_3,2026-09-08 22:57:58.886770599,c_cmp_0_p_pl_04_cr_cr_3,synthetic
t_000051,u_00016,click,cmp_3,pl_09,cr_0,2026-09-08 22:58:54.718831700,c_cmp_3_p_pl_09_cr_cr_0,synthetic
t_000808,u_00290,click,cmp_0,pl_04,cr_3,2026-09-08 23:07:51.514749019,c_cmp_0_p_pl_04_cr_cr_3,synthetic
t_002726,u_01015,click,cmp_4,pl_03,cr_0,2026-09-08 23:26:53.380502551,c_cmp_4_p_pl_03_cr_cr_0,synthetic
t_002337,u_00867,click,cmp_2,pl_05,cr_4,2026-09-08 23:51:12.785649562,c_cmp_2_p_pl_05_cr_cr_4,synthetic
t_002380,u_00889,click,cmp_2,pl_00,cr_0,2026-09-08 23:52:41.959583101,c_cmp_2_p_pl_00_cr_cr_0,synthetic
t_002296,u_00851,click,cmp_3,pl_07,cr_3,2026-09-08 23:56:23.024355684,c_cmp_3_p_pl_07_cr_cr_3,synthetic
t_003964,u_01464,click,cmp_4,pl_03,cr_0,2026-09-09 00:06:52.426404783,c_cmp_4_p_pl_03_cr_cr_0,synthetic
t_001375,u_00498,click,cmp_2,pl_08,cr_1,2026-09-09 00:15:04.749144170,c_cmp_2_p_pl_08_cr_cr_1,synthetic
t_004006,u_01478,click,cmp_2,pl_02,cr_2,2026-09-09 00:19:29.259321176,c_cmp_2_p_pl_02_cr_cr_2,synthetic
t_001003,u_00371,click,cmp_2,pl_08,cr_1,2026-09-09 01:00:33.629957125,c_cmp_2_p_pl_08_cr_cr_1,synthetic
t_003122,u_01166,click,cmp_0,pl_04,cr_3,2026-09-09 01:02:37.135256538,c_cmp_0_p_pl_04_cr_cr_3,synthetic
t_002684,u_01000,click,cmp_2,pl_00,cr_0,2026-09-09 01:06:15.402094867,c_cmp_2_p_pl_00_cr_cr_0,synthetic
t_003123,u_01166,bot_start,cmp_0,pl_04,cr_3,2026-09-09 01:28:55.135256538,c_cmp_0_p_pl_04_cr_cr_3,synthetic
t_001004,u_00371,bot_start,cmp_2,pl_08,cr_1,2026-09-09 01:42:37.629957125,c_cmp_2_p_pl_08_cr_cr_1,synthetic
t_001106,u_00402,click,cmp_2,pl_08,cr_1,2026-09-09 01:46:00.767108311,c_cmp_2_p_pl_08_cr_cr_1,synthetic
t_003012,u_01120,click,cmp_0,pl_01,cr_4,2026-09-09 01:46:15.406793022,c_cmp_0_p_pl_01_cr_cr_4,synthetic
t_003886,u_01438,click,cmp_0,pl_01,cr_4,2026-09-09 02:19:10.674258038,c_cmp_0_p_pl_01_cr_cr_4,synthetic
t_002819,u_01048,click,cmp_0,pl_01,cr_4,2026-09-09 02:24:06.924979212,c_cmp_0_p_pl_01_cr_cr_4,synthetic
t_004486,u_01649,click,cmp_2,pl_08,cr_1,2026-09-09 02:47:19.745342892,c_cmp_2_p_pl_08_cr_cr_1,synthetic
t_000311,u_00108,click,cmp_4,pl_03,cr_0,2026-09-09 02:48:07.239363251,c_cmp_4_p_pl_03_cr_cr_0,synthetic
t_001907,u_00716,click,cmp_0,pl_01,cr_4,2026-09-09 02:54:17.747361051,c_cmp_0_p_pl_01_cr_cr_4,synthetic
t_004551,u_01676,click,cmp_1,pl_06,cr_2,2026-09-09 03:07:04.472064272,c_cmp_1_p_pl_06_cr_cr_2,synthetic
t_002097,u_00782,click,cmp_2,pl_05,cr_4,2026-09-09 03:10:12.705406754,c_cmp_2_p_pl_05_cr_cr_4,synthetic
t_002674,u_00999,click,cmp_2,pl_08,cr_1,2026-09-09 03:21:51.923451698,c_cmp_2_p_pl_08_cr_cr_1,synthetic
t_002675,u_00999,bot_start,cmp_2,pl_08,cr_1,2026-09-09 03:29:11.923451698,c_cmp_2_p_pl_08_cr_cr_1,synthetic
t_002098,u_00782,bot_start,cmp_2,pl_05,cr_4,2026-09-09 03:34:15.705406754,c_cmp_2_p_pl_05_cr_cr_4,synthetic
t_004933,u_01823,click,cmp_3,pl_09,cr_0,2026-09-09 03:45:40.814192774,c_cmp_3_p_pl_09_cr_cr_0,synthetic
t_004269,u_01578,click,cmp_4,pl_03,cr_0,2026-09-09 03:53:02.242083974,c_cmp_4_p_pl_03_cr_cr_0,synthetic
t_002322,u_00861,click,cmp_1,pl_06,cr_2,2026-09-09 04:14:24.383282088,c_cmp_1_p_pl_06_cr_cr_2,synthetic
t_002099,u_00782,lead,cmp_2,pl_05,cr_4,2026-09-09 04:17:15.705406754,c_cmp_2_p_pl_05_cr_cr_4,synthetic
t_002894,u_01075,click,cmp_2,pl_00,cr_0,2026-09-09 04:22:14.168308787,c_cmp_2_p_pl_00_cr_cr_0,synthetic
t_003470,u_01285,click,cmp_2,pl_08,cr_1,2026-09-09 04:51:59.745222757,c_cmp_2_p_pl_08_cr_cr_1,synthetic
t_005154,u_01914,click,cmp_3,pl_09,cr_0,2026-09-09 05:09:22.935610018,c_cmp_3_p_pl_09_cr_cr_0,synthetic
t_001301,u_00472,click,cmp_3,pl_07,cr_3,2026-09-09 05:10:55.506536301,c_cmp_3_p_pl_07_cr_cr_3,synthetic
t_001795,u_00671,click,cmp_1,pl_06,cr_2,2026-09-09 05:19:51.303653632,c_cmp_1_p_pl_06_cr_cr_2,synthetic
t_005155,u_01914,bot_start,cmp_3,pl_09,cr_0,2026-09-09 05:54:02.935610018,c_cmp_3_p_pl_09_cr_cr_0,synthetic
t_004089,u_01516,click,cmp_2,pl_08,cr_1,2026-09-09 06:06:37.496075981,c_cmp_2_p_pl_08_cr_cr_1,synthetic
t_001477,u_00541,click,cmp_2,pl_02,cr_2,2026-09-09 06:48:30.831575826,c_cmp_2_p_pl_02_cr_cr_2,synthetic
t_004957,u_01830,click,cmp_1,pl_06,cr_2,2026-09-09 06:54:15.598297801,c_cmp_1_p_pl_06_cr_cr_2,synthetic
t_000837,u_00306,click,cmp_1,pl_06,cr_2,2026-09-09 06:54:45.473409420,c_cmp_1_p_pl_06_cr_cr_2,synthetic
t_000326,u_00112,click,cmp_0,pl_04,cr_3,2026-09-09 06:58:09.038040003,c_cmp_0_p_pl_04_cr_cr_3,synthetic
t_002443,u_00912,click,cmp_4,pl_03,cr_0,2026-09-09 07:02:30.928188561,c_cmp_4_p_pl_03_cr_cr_0,synthetic
t_002265,u_00842,click,cmp_2,pl_02,cr_2,2026-09-09 07:17:28.282939608,c_cmp_2_p_pl_02_cr_cr_2,synthetic
t_004939,u_01827,click,cmp_0,pl_01,cr_4,2026-09-09 07:18:40.840416955,c_cmp_0_p_pl_01_cr_cr_4,synthetic
t_000173,u_00055,click,cmp_0,pl_04,cr_3,2026-09-09 07:50:37.253103977,c_cmp_0_p_pl_04_cr_cr_3,synthetic
t_000327,u_00112,bot_start,cmp_0,pl_04,cr_3,2026-09-09 07:54:29.038040003,c_cmp_0_p_pl_04_cr_cr_3,synthetic
t_004940,u_01827,bot_start,cmp_0,pl_01,cr_4,2026-09-09 08:07:21.840416955,c_cmp_0_p_pl_01_cr_cr_4,synthetic
t_000394,u_00138,click,cmp_2,pl_08,cr_1,2026-09-09 08:08:38.886468885,c_cmp_2_p_pl_08_cr_cr_1,synthetic
t_002500,u_00935,click,cmp_3,pl_07,cr_3,2026-09-09 08:35:18.744269828,c_cmp_3_p_pl_07_cr_cr_3,synthetic
t_002045,u_00765,click,cmp_3,pl_07,cr_3,2026-09-09 09:14:28.708240893,c_cmp_3_p_pl_07_cr_cr_3,synthetic
t_001475,u_00540,click,cmp_2,pl_02,cr_2,2026-09-09 09:37:57.375140398,c_cmp_2_p_pl_02_cr_cr_2,synthetic
t_003066,u_01142,click,cmp_3,pl_07,cr_3,2026-09-09 09:38:58.135794168,c_cmp_3_p_pl_07_cr_cr_3,synthetic
t_004909,u_01814,click,cmp_2,pl_08,cr_1,2026-09-09 09:41:10.783296768,c_cmp_2_p_pl_08_cr_cr_1,synthetic
t_002180,u_00814,click,cmp_2,pl_05,cr_4,2026-09-09 09:41:54.461159650,c_cmp_2_p_pl_05_cr_cr_4,synthetic
t_004835,u_01784,click,cmp_3,pl_09,cr_0,2026-09-09 09:43:20.670838628,c_cmp_3_p_pl_09_cr_cr_0,synthetic
t_004850,u_01793,click,cmp_0,pl_01,cr_4,2026-09-09 09:59:46.713817429,c_cmp_0_p_pl_01_cr_cr_4,synthetic
t_004042,u_01492,click,cmp_3,pl_09,cr_0,2026-09-09 09:59:53.055934839,c_cmp_3_p_pl_09_cr_cr_0,synthetic
t_004833,u_01783,click,cmp_4,pl_03,cr_0,2026-09-09 10:09:04.213771333,c_cmp_4_p_pl_03_cr_cr_0,synthetic
t_002609,u_00975,click,cmp_0,pl_01,cr_4,2026-09-09 10:14:46.533560625,c_cmp_0_p_pl_01_cr_cr_4,synthetic
t_004332,u_01599,click,cmp_2,pl_00,cr_0,2026-09-09 10:21:46.306027480,c_cmp_2_p_pl_00_cr_cr_0,synthetic
t_002406,u_00898,click,cmp_0,pl_04,cr_3,2026-09-09 10:24:29.570964347,c_cmp_0_p_pl_04_cr_cr_3,synthetic
t_004836,u_01784,bot_start,cmp_3,pl_09,cr_0,2026-09-09 10:34:36.670838628,c_cmp_3_p_pl_09_cr_cr_0,synthetic
t_000550,u_00194,click,cmp_2,pl_05,cr_4,2026-09-09 10:43:17.280077280,c_cmp_2_p_pl_05_cr_cr_4,synthetic
t_001235,u_00453,click,cmp_3,pl_07,cr_3,2026-09-09 11:26:15.511174033,c_cmp_3_p_pl_07_cr_cr_3,synthetic
t_000695,u_00243,click,cmp_2,pl_02,cr_2,2026-09-09 11:35:39.882667350,c_cmp_2_p_pl_02_cr_cr_2,synthetic
t_000874,u_00320,click,cmp_2,pl_05,cr_4,2026-09-09 12:07:25.733143806,c_cmp_2_p_pl_05_cr_cr_4,synthetic
t_003195,u_01188,click,cmp_2,pl_08,cr_1,2026-09-09 12:07:36.844460367,c_cmp_2_p_pl_08_cr_cr_1,synthetic
t_000675,u_00235,click,cmp_3,pl_07,cr_3,2026-09-09 12:12:00.641714405,c_cmp_3_p_pl_07_cr_cr_3,synthetic
t_000713,u_00252,click,cmp_2,pl_05,cr_4,2026-09-09 12:37:17.266270886,c_cmp_2_p_pl_05_cr_cr_4,synthetic
t_000714,u_00252,bot_start,cmp_2,pl_05,cr_4,2026-09-09 12:38:17.266270886,c_cmp_2_p_pl_05_cr_cr_4,synthetic
t_000588,u_00206,click,cmp_1,pl_06,cr_2,2026-09-09 12:44:00.983478997,c_cmp_1_p_pl_06_cr_cr_2,synthetic
t_003090,u_01152,click,cmp_2,pl_05,cr_4,2026-09-09 12:48:30.469008149,c_cmp_2_p_pl_05_cr_cr_4,synthetic
t_000612,u_00213,click,cmp_3,pl_09,cr_0,2026-09-09 13:01:51.360987857,c_cmp_3_p_pl_09_cr_cr_0,synthetic
t_000613,u_00213,bot_start,cmp_3,pl_09,cr_0,2026-09-09 13:06:58.360987857,c_cmp_3_p_pl_09_cr_cr_0,synthetic
t_002338,u_00868,click,cmp_4,pl_03,cr_0,2026-09-09 13:13:45.123273533,c_cmp_4_p_pl_03_cr_cr_0,synthetic
t_005349,u_01989,click,cmp_4,pl_03,cr_0,2026-09-09 13:30:32.764567938,c_cmp_4_p_pl_03_cr_cr_0,synthetic
t_002898,u_01077,click,cmp_0,pl_04,cr_3,2026-09-09 13:30:52.572403804,c_cmp_0_p_pl_04_cr_cr_3,synthetic
t_005372,u_01996,click,cmp_0,pl_04,cr_3,2026-09-09 13:39:01.504917883,c_cmp_0_p_pl_04_cr_cr_3,synthetic
t_000589,u_00206,bot_start,cmp_1,pl_06,cr_2,2026-09-09 13:39:38.983478997,c_cmp_1_p_pl_06_cr_cr_2,synthetic
t_000286,u_00100,click,cmp_3,pl_09,cr_0,2026-09-09 13:52:48.942787382,c_cmp_3_p_pl_09_cr_cr_0,synthetic
t_004823,u_01779,click,cmp_0,pl_01,cr_4,2026-09-09 14:16:25.983084795,c_cmp_0_p_pl_01_cr_cr_4,synthetic
t_000704,u_00248,click,cmp_2,pl_00,cr_0,2026-09-09 14:18:49.112193288,c_cmp_2_p_pl_00_cr_cr_0,synthetic
t_000590,u_00206,lead,cmp_1,pl_06,cr_2,2026-09-09 14:19:38.983478997,c_cmp_1_p_pl_06_cr_cr_2,synthetic
t_000155,u_00048,click,cmp_4,pl_03,cr_0,2026-09-09 14:21:00.382978950,c_cmp_4_p_pl_03_cr_cr_0,synthetic
t_003211,u_01193,click,cmp_3,pl_09,cr_0,2026-09-09 14:32:46.403317495,c_cmp_3_p_pl_09_cr_cr_0,synthetic
t_000705,u_00248,bot_start,cmp_2,pl_00,cr_0,2026-09-09 14:53:21.112193288,c_cmp_2_p_pl_00_cr_cr_0,synthetic
t_001853,u_00692,click,cmp_0,pl_01,cr_4,2026-09-09 14:54:54.285276999,c_cmp_0_p_pl_01_cr_cr_4,synthetic
t_003749,u_01384,click,cmp_2,pl_00,cr_0,2026-09-09 15:08:31.645468969,c_cmp_2_p_pl_00_cr_cr_0,synthetic
t_005337,u_01984,click,cmp_2,pl_02,cr_2,2026-09-09 15:34:08.563418326,c_cmp_2_p_pl_02_cr_cr_2,synthetic
t_000706,u_00248,lead,cmp_2,pl_00,cr_0,2026-09-09 15:43:21.112193288,c_cmp_2_p_pl_00_cr_cr_0,synthetic
t_000639,u_00220,click,cmp_4,pl_03,cr_0,2026-09-09 15:50:20.658513827,c_cmp_4_p_pl_03_cr_cr_0,synthetic
t_001880,u_00707,click,cmp_2,pl_08,cr_1,2026-09-09 16:02:04.080707339,c_cmp_2_p_pl_08_cr_cr_1,synthetic
t_004639,u_01711,click,cmp_1,pl_06,cr_2,2026-09-09 16:05:27.537642938,c_cmp_1_p_pl_06_cr_cr_2,synthetic
t_004198,u_01555,click,cmp_2,pl_00,cr_0,2026-09-09 16:24:58.532555632,c_cmp_2_p_pl_00_cr_cr_0,synthetic
t_000240,u_00076,click,cmp_3,pl_07,cr_3,2026-09-09 16:41:44.644648902,c_cmp_3_p_pl_07_cr_cr_3,synthetic
t_003949,u_01458,click,cmp_1,pl_06,cr_2,2026-09-09 16:42:24.835203827,c_cmp_1_p_pl_06_cr_cr_2,synthetic
t_001881,u_00707,bot_start,cmp_2,pl_08,cr_1,2026-09-09 16:45:23.080707339,c_cmp_2_p_pl_08_cr_cr_1,synthetic
t_001334,u_00484,click,cmp_0,pl_01,cr_4,2026-09-09 16:48:10.954914780,c_cmp_0_p_pl_01_cr_cr_4,synthetic
t_004025,u_01485,click,cmp_2,pl_08,cr_1,2026-09-09 16:50:45.993099136,c_cmp_2_p_pl_08_cr_cr_1,synthetic
t_004993,u_01847,click,cmp_3,pl_07,cr_3,2026-09-09 16:54:24.766102433,c_cmp_3_p_pl_07_cr_cr_3,synthetic
t_002577,u_00964,click,cmp_4,pl_03,cr_0,2026-09-09 17:00:35.290190048,c_cmp_4_p_pl_03_cr_cr_0,synthetic
t_003950,u_01458,bot_start,cmp_1,pl_06,cr_2,2026-09-09 17:01:30.835203827,c_cmp_1_p_pl_06_cr_cr_2,synthetic
t_004640,u_01711,bot_start,cmp_1,pl_06,cr_2,2026-09-09 17:02:34.537642938,c_cmp_1_p_pl_06_cr_cr_2,synthetic
t_003566,u_01317,click,cmp_1,pl_06,cr_2,2026-09-09 17:04:23.493220719,c_cmp_1_p_pl_06_cr_cr_2,synthetic
t_004026,u_01485,bot_start,cmp_2,pl_08,cr_1,2026-09-09 17:06:57.993099136,c_cmp_2_p_pl_08_cr_cr_1,synthetic
t_001953,u_00729,click,cmp_2,pl_00,cr_0,2026-09-09 17:14:10.537337104,c_cmp_2_p_pl_00_cr_cr_0,synthetic
t_004846,u_01791,click,cmp_2,pl_08,cr_1,2026-09-09 17:22:10.971867718,c_cmp_2_p_pl_08_cr_cr_1,synthetic
t_000241,u_00076,bot_start,cmp_3,pl_07,cr_3,2026-09-09 17:37:13.644648902,c_cmp_3_p_pl_07_cr_cr_3,synthetic
t_004045,u_01494,click,cmp_0,pl_04,cr_3,2026-09-09 17:39:07.223314216,c_cmp_0_p_pl_04_cr_cr_3,synthetic
t_003951,u_01458,lead,cmp_1,pl_06,cr_2,2026-09-09 17:40:30.835203827,c_cmp_1_p_pl_06_cr_cr_2,synthetic
t_004847,u_01791,bot_start,cmp_2,pl_08,cr_1,2026-09-09 17:49:18.971867718,c_cmp_2_p_pl_08_cr_cr_1,synthetic
t_004994,u_01847,bot_start,cmp_3,pl_07,cr_3,2026-09-09 17:49:57.766102433,c_cmp_3_p_pl_07_cr_cr_3,synthetic
t_000790,u_00284,click,cmp_2,pl_08,cr_1,2026-09-09 17:52:18.444335738,c_cmp_2_p_pl_08_cr_cr_1,synthetic
t_003125,u_01167,click,cmp_2,pl_02,cr_2,2026-09-09 18:13:05.875127066,c_cmp_2_p_pl_02_cr_cr_2,synthetic
t_004060,u_01502,click,cmp_3,pl_09,cr_0,2026-09-09 18:24:54.635361294,c_cmp_3_p_pl_09_cr_cr_0,synthetic
t_004848,u_01791,lead,cmp_2,pl_08,cr_1,2026-09-09 18:28:18.971867718,c_cmp_2_p_pl_08_cr_cr_1,synthetic
t_004061,u_01502,bot_start,cmp_3,pl_09,cr_0,2026-09-09 18:30:15.635361294,c_cmp_3_p_pl_09_cr_cr_0,synthetic
t_003688,u_01361,click,cmp_2,pl_02,cr_2,2026-09-09 18:51:29.558120222,c_cmp_2_p_pl_02_cr_cr_2,synthetic
t_005146,u_01912,click,cmp_2,pl_05,cr_4,2026-09-09 18:53:59.567885109,c_cmp_2_p_pl_05_cr_cr_4,synthetic
t_003799,u_01403,click,cmp_4,pl_03,cr_0,2026-09-09 18:53:59.887474027,c_cmp_4_p_pl_03_cr_cr_0,synthetic
t_003689,u_01361,bot_start,cmp_2,pl_02,cr_2,2026-09-09 19:10:15.558120222,c_cmp_2_p_pl_02_cr_cr_2,synthetic
t_001746,u_00650,click,cmp_2,pl_05,cr_4,2026-09-09 19:26:12.935151905,c_cmp_2_p_pl_05_cr_cr_4,synthetic
t_000690,u_00240,click,cmp_4,pl_03,cr_0,2026-09-09 19:34:06.105300756,c_cmp_4_p_pl_03_cr_cr_0,synthetic
t_003690,u_01361,lead,cmp_2,pl_02,cr_2,2026-09-09 19:42:15.558120222,c_cmp_2_p_pl_02_cr_cr_2,synthetic
t_000691,u_00240,bot_start,cmp_4,pl_03,cr_0,2026-09-09 19:57:56.105300756,c_cmp_4_p_pl_03_cr_cr_0,synthetic
t_001728,u_00641,click,cmp_2,pl_00,cr_0,2026-09-09 20:01:38.089225216,c_cmp_2_p_pl_00_cr_cr_0,synthetic
t_000692,u_00240,lead,cmp_4,pl_03,cr_0,2026-09-09 20:20:56.105300756,c_cmp_4_p_pl_03_cr_cr_0,synthetic
t_000929,u_00343,click,cmp_2,pl_05,cr_4,2026-09-09 20:27:43.165911758,c_cmp_2_p_pl_05_cr_cr_4,synthetic
t_000930,u_00343,bot_start,cmp_2,pl_05,cr_4,2026-09-09 20:38:30.165911758,c_cmp_2_p_pl_05_cr_cr_4,synthetic
t_001221,u_00447,click,cmp_4,pl_03,cr_0,2026-09-09 20:53:48.013999758,c_cmp_4_p_pl_03_cr_cr_0,synthetic
t_001802,u_00673,click,cmp_0,pl_04,cr_3,2026-09-09 21:02:25.187532400,c_cmp_0_p_pl_04_cr_cr_3,synthetic
t_001708,u_00635,click,cmp_2,pl_05,cr_4,2026-09-09 21:07:11.732707698,c_cmp_2_p_pl_05_cr_cr_4,synthetic
t_001709,u_00635,bot_start,cmp_2,pl_05,cr_4,2026-09-09 21:19:28.732707698,c_cmp_2_p_pl_05_cr_cr_4,synthetic
t_003963,u_01464,click,cmp_2,pl_02,cr_2,2026-09-09 21:36:34.535504680,c_cmp_2_p_pl_02_cr_cr_2,synthetic
t_001281,u_00465,click,cmp_2,pl_08,cr_1,2026-09-09 21:36:42.981773080,c_cmp_2_p_pl_08_cr_cr_1,synthetic
t_001222,u_00447,bot_start,cmp_4,pl_03,cr_0,2026-09-09 21:45:46.013999758,c_cmp_4_p_pl_03_cr_cr_0,synthetic
t_000194,u_00061,click,cmp_4,pl_03,cr_0,2026-09-09 21:51:03.863122094,c_cmp_4_p_pl_03_cr_cr_0,synthetic
t_001710,u_00635,lead,cmp_2,pl_05,cr_4,2026-09-09 22:03:28.732707698,c_cmp_2_p_pl_05_cr_cr_4,synthetic
t_005007,u_01854,click,cmp_2,pl_08,cr_1,2026-09-09 22:03:30.283691901,c_cmp_2_p_pl_08_cr_cr_1,synthetic
t_003524,u_01305,click,cmp_0,pl_01,cr_4,2026-09-09 22:13:08.938193792,c_cmp_0_p_pl_01_cr_cr_4,synthetic
t_004620,u_01704,click,cmp_4,pl_03,cr_0,2026-09-09 22:21:22.113119271,c_cmp_4_p_pl_03_cr_cr_0,synthetic
t_002273,u_00845,click,cmp_0,pl_04,cr_3,2026-09-09 22:21:35.512358656,c_cmp_0_p_pl_04_cr_cr_3,synthetic
t_004878,u_01804,click,cmp_0,pl_01,cr_4,2026-09-09 22:57:19.867149565,c_cmp_0_p_pl_01_cr_cr_4,synthetic
t_005163,u_01919,click,cmp_3,pl_09,cr_0,2026-09-09 23:02:41.452309919,c_cmp_3_p_pl_09_cr_cr_0,synthetic
t_003562,u_01315,click,cmp_1,pl_06,cr_2,2026-09-09 23:09:32.688380040,c_cmp_1_p_pl_06_cr_cr_2,synthetic
t_002825,u_01050,click,cmp_3,pl_09,cr_0,2026-09-09 23:09:53.200960928,c_cmp_3_p_pl_09_cr_cr_0,synthetic
t_002137,u_00798,click,cmp_2,pl_02,cr_2,2026-09-09 23:20:34.053771997,c_cmp_2_p_pl_02_cr_cr_2,synthetic
t_000868,u_00317,click,cmp_2,pl_08,cr_1,2026-09-09 23:27:30.068729639,c_cmp_2_p_pl_08_cr_cr_1,synthetic
t_004701,u_01739,click,cmp_3,pl_07,cr_3,2026-09-09 23:32:10.036527248,c_cmp_3_p_pl_07_cr_cr_3,synthetic
t_001971,u_00735,click,cmp_3,pl_07,cr_3,2026-09-09 23:34:19.494626459,c_cmp_3_p_pl_07_cr_cr_3,synthetic
t_000662,u_00229,click,cmp_2,pl_05,cr_4,2026-09-09 23:47:29.829047774,c_cmp_2_p_pl_05_cr_cr_4,synthetic
t_003669,u_01354,click,cmp_2,pl_08,cr_1,2026-09-09 23:57:11.392630653,c_cmp_2_p_pl_08_cr_cr_1,synthetic
t_002238,u_00835,click,cmp_3,pl_07,cr_3,2026-09-09 23:58:46.538871285,c_cmp_3_p_pl_07_cr_cr_3,synthetic
t_000869,u_00317,bot_start,cmp_2,pl_08,cr_1,2026-09-10 00:19:58.068729639,c_cmp_2_p_pl_08_cr_cr_1,synthetic
t_003670,u_01354,bot_start,cmp_2,pl_08,cr_1,2026-09-10 00:22:08.392630653,c_cmp_2_p_pl_08_cr_cr_1,synthetic
t_003671,u_01354,lead,cmp_2,pl_08,cr_1,2026-09-10 00:34:08.392630653,c_cmp_2_p_pl_08_cr_cr_1,synthetic
